smiles,gene_a,gene_b,pic50_a,pic50_b,relation_a,relation_b
C=CC(=O)Nc1cc2c(Nc3ccc(F)c(Cl)c3)ncnc2cc1OCCCN1CCOCC1,ABL2,DYRK2,6.06,5.17,=,=
CC(=O)c1cnc2ccc(-c3cc(Cl)c(O)c(Cl)c3)nc2c1N[C@H]1CC[C@H](CN(C)C)CC1,ACVR1,TAOK1,6.65,7.77,=,=
CC(C)n1nc(-c2cc3cc(O)ccc3[nH]2)c2c(N)ncnc21,ACVR1,PIM2,8.4,6.62,=,=
CC(C)(C)c1nc(-c2cccc(NS(=O)(=O)c3c(F)cccc3F)c2F)c(-c2ccnc(N)n2)s1,ABL2,TGFBR1,6.52,5.53,=,=
CN1CCN(c2ccc3nc(-c4c(N)c5c(F)cccc5[nH]c4=O)[nH]c3c2)CC1,AAK1,MAP3K20,6.77,5.1,=,=
CN(C)C1CCC(Nc2nc(Cl)cc(-c3c[nH]c4ncccc34)n2)CC1,ACVR1,HIPK2,5.6,7.2,=,=
CC(C)c1cc(CNc2nc(Nc3cc(C4CC4)[nH]n3)cc(N3CCN(C)CC3)n2)on1,AAK1,FYN,6.86,7.64,=,=
CC(=O)NCC(=O)N1C2CCC1c1cc(Nc3ncc(C(F)(F)F)c(NC4CCC4)n3)ccc12,ABL1,JAK2,6.6,8.4,=,=
COC(=O)c1ccc2c(c1)NC(=O)/C2=C(\Nc1ccc(N(C)C(=O)CN2CCN(C)CC2)cc1)c1ccccc1,ACVR1,PAK2,6.04,5.48,=,=
CCS(=O)(=O)N1CCN(c2ccc(Nc3ncc(C(N)=O)c(NC4CC4)n3)cc2)CC1.Cl,AAK1,MAP3K2,9.0,6.13,=,=
C=CC(=O)N1CCC[C@@H](n2nc(-c3ccc(Oc4ccccc4)cc3)c3c(N)ncnc32)C1,ABL1,ERBB4,7.07,8.62,=,=
CC(C)(C)c1nc(-c2cccc(NS(=O)(=O)c3c(F)cccc3F)c2F)c(-c2ccnc(N)n2)s1,ABL1,PRKD3,5.81,6.92,=,=
CN[C@@H]1C[C@H]2O[C@@](C)([C@@H]1OC)n1c3ccccc3c3c4c(c5c6ccccc6n2c5c31)C(=O)NC4,ACVR1,RAF1,6.33,6.85,=,=
CC(C)c1cc(CNc2nc(Nc3cc(C4CC4)[nH]n3)cc(N3CCN(C)CC3)n2)on1,ABL2,MAP4K2,8.1,6.45,=,=
CCOc1cc2ncc(C#N)c(Nc3ccc(F)c(Cl)c3)c2cc1NC(=O)/C=C/CN(C)C,AAK1,AXL,5.46,6.04,=,=
CC(C)c1cc(CNc2nc(Nc3cc(C4CC4)[nH]n3)cc(N3CCN(C)CC3)n2)on1,ACVR1,EIF2AK1,8.3,5.48,=,=
CC(C)c1cc(CNc2nc(Nc3cc(C4CC4)[nH]n3)cc(N3CCN(C)CC3)n2)on1,AAK1,ULK3,6.86,6.31,=,=
CC(=O)c1cnc2ccc(-c3cc(Cl)c(O)c(Cl)c3)nc2c1N[C@H]1CC[C@H](CN(C)C)CC1,AAK1,RET,6.76,7.55,=,=
CC(C)n1nc(-c2cc3cc(O)ccc3[nH]2)c2c(N)ncnc21,AAK1,PIP5K1C,5.8,7.75,=,=
C[C@]12O[C@H](C[C@]1(O)CO)n1c3ccccc3c3c4c(c5c6ccccc6n2c5c31)CNC4=O,ACVR1B,AKT3,7.07,5.21,=,=
CC1(C)C(=O)N([C@H]2CCc3c(O)cccc32)c2nc(Nc3ccccc3)ncc21,ABL1,EPHA8,5.94,5.0,=,=
CCOc1cc2ncc(C#N)c(Nc3ccc(F)c(Cl)c3)c2cc1NC(=O)/C=C/CN(C)C,ABL2,PIP4K2B,6.62,5.58,=,=
CNC(=O)c1nn(C)c2c1C(C)(C)Cc1cnc(Nc3ccc(N4CCN(C)CC4)cc3)nc1-2,ABL2,CSNK1A1,5.43,6.3,=,=
CC(C)n1nc(-c2cc3cc(O)ccc3[nH]2)c2c(N)ncnc21,ABL2,TGFBR2,5.92,6.6,=,=
CCc1nc(C(N)=O)c(Nc2ccc(N3CCC(N4CCN(C)CC4)CC3)c(OC)c2)nc1NC1CCOCC1,AAK1,MST1R,7.6,6.09,=,=
COC(=O)c1ccc2c(c1)NC(=O)/C2=C(\Nc1ccc(N(C)C(=O)CN2CCN(C)CC2)cc1)c1ccccc1,AAK1,PRKG1,7.2,7.85,=,=
CC(C)n1nc(-c2cc3cc(O)ccc3[nH]2)c2c(N)ncnc21,AAK1,RET,5.8,7.39,=,=
C#CCO[C@@H]1[C@H](C)[C@@H](COS(=O)(=O)C=C)O[C@H]1n1nc(-c2ccc(C)cc2)c2c(N)ncnc21,ABL1,FGFR3,7.46,6.58,=,=
CN[C@@H]1C[C@H]2O[C@@](C)([C@@H]1OC)n1c3ccccc3c3c4c(c5c6ccccc6n2c5c31)C(=O)NC4,ABL2,MAPK3,7.46,5.18,=,=
CNC1CC2OC(C)(C1OC)n1c3ccccc3c3c4c(c5c6ccccc6n2c5c31)C(=O)NC4,ABL1,PRKCG,7.0,8.5,=,=
CC(C)n1nc(-c2cc3cc(O)ccc3[nH]2)c2c(N)ncnc21,ACVR1,TYK2,8.4,6.01,=,=
CCN(CC)CCNC(=O)c1c(C)[nH]c(/C=C2\C(=O)Nc3ccc(F)cc32)c1C,AAK1,ERN1,7.96,6.22,=,=
CC(=O)NCC(=O)N1C2CCC1c1cc(Nc3ncc(C(F)(F)F)c(NC4CCC4)n3)ccc12,ACVR1,CAMK2B,6.4,5.3,=,=
C#Cc1cn(C2CCCC2)c2ncnc(N)c12,ACVR1,PRKAA1,6.1,5.5,=,=
CC(C)n1nc(-c2cc3cc(O)ccc3[nH]2)c2c(N)ncnc21,AAK1,PIK3CA,5.8,6.7,=,=
CC(C)c1cc(CNc2nc(Nc3cc(C4CC4)[nH]n3)cc(N3CCN(C)CC3)n2)on1,AAK1,NTRK1,6.86,8.22,=,=
CC(=O)NCC(=O)N1C2CCC1c1cc(Nc3ncc(C(F)(F)F)c(NC4CCC4)n3)ccc12,ACVR1,CSNK2A1,6.4,5.8,=,=
CC(=O)NCC(=O)N1[C@@H]2CC[C@H]1c1ccc(Nc3ncc(C(F)(F)F)c(NC4CCC4)n3)cc12,AAK1,CDK5,8.05,6.32,=,=
CCOc1cc2ncc(C#N)c(Nc3ccc(F)c(Cl)c3)c2cc1NC(=O)/C=C/CN(C)C,ABL2,CAMK1D,6.62,5.33,=,=
CNC(=O)c1nn(C)c2c1C(C)(C)Cc1cnc(Nc3ccc(N4CCN(C)CC4)cc3)nc1-2,AAK1,CDK1,5.13,7.35,=,=
CCN(CC)CCNC(=O)c1c(C)[nH]c(/C=C2\C(=O)Nc3ccc(F)cc32)c1C,ABL2,DYRK1A,6.0,6.7,=,=
CCS(=O)(=O)N1CC(CC#N)(n2cc(-c3ncnc4[nH]ccc34)cn2)C1,AAK1,PRKACA,8.09,5.44,=,=
CN1CCN(c2ccc3nc(-c4c(N)c5c(F)cccc5[nH]c4=O)[nH]c3c2)CC1,AAK1,CSF1R,6.77,7.4,=,=
CC(=O)c1cnc2ccc(-c3cc(Cl)c(O)c(Cl)c3)nc2c1N[C@H]1CC[C@H](CN(C)C)CC1,ABL1,RIPK2,6.55,8.3,=,=
CC(C)n1nc(-c2cc3cc(O)ccc3[nH]2)c2c(N)ncnc21,ABL1,MAP4K1,6.82,5.68,=,=
C#Cc1cccc(Nc2ncnc3cc(OCCOC)c(OCCOC)cc23)c1,ABL1,CSNK1D,6.51,5.46,=,=
CCOc1cc2ncc(C#N)c(Nc3ccc(OCc4ccccn4)c(Cl)c3)c2cc1NC(=O)/C=C/CN(C)C,ABL1,NUAK1,5.19,5.82,=,=
C#Cc1cccc(Nc2ncnc3cc(OCCOC)c(OCCOC)cc23)c1,ABL1,FGFR2,6.51,5.72,=,=
C#CCO[C@@H]1[C@H](C)[C@@H](COS(=O)(=O)C=C)O[C@H]1n1nc(-c2ccc(C)cc2)c2c(N)ncnc21,ABL1,YES1,7.46,8.64,=,=
CCN(CC)CCNC(=O)c1c(C)[nH]c(/C=C2\C(=O)Nc3ccc(F)cc32)c1C,AAK1,CSNK1A1,7.96,6.26,=,=
CCN(CC)CCNC(=O)c1c(C)[nH]c(/C=C2\C(=O)Nc3ccc(F)cc32)c1C,ABL2,CSNK1G2,6.0,6.96,=,=
CC(C)n1nc(-c2cc3cc(O)ccc3[nH]2)c2c(N)ncnc21,AAK1,CDK7,5.8,5.26,=,=
C#Cc1cccc(Nc2ncnc3cc(OCCOC)c(OCCOC)cc23)c1,ABL1,AURKB,6.51,5.85,=,=
CC(=O)c1c(C)c2cnc(Nc3ccc(N4CCNCC4)cn3)nc2n(C2CCCC2)c1=O,AAK1,TAOK1,5.38,6.3,=,=
CNS(=O)(=O)c1ccccc1Nc1nc(Nc2cc(OC)c(OC)c(OC)c2)ncc1Cl,ACVR1,MAP3K10,6.8,9.1,=,=
CC(=O)c1cnc2ccc(-c3cc(Cl)c(O)c(Cl)c3)nc2c1N[C@H]1CC[C@H](CN(C)C)CC1,ABL2,MAP2K6,6.73,5.34,=,=
CCN1CCN(Cc2ccc(NC(=O)Nc3ccc(Oc4cc(NC)ncn4)cc3)cc2C(F)(F)F)CC1,ABL2,CSNK1G2,8.47,6.02,=,=
CN[C@@H]1C[C@H]2O[C@@](C)([C@@H]1OC)n1c3ccccc3c3c4c(c5c6ccccc6n2c5c31)C(=O)NC4,ABL2,MAP2K4,7.46,6.0,=,=
CC(=O)c1cnc2ccc(-c3cc(Cl)c(O)c(Cl)c3)nc2c1N[C@H]1CC[C@H](CN(C)C)CC1,ACVR1,STK3,6.65,7.16,=,=
CCN1CCN(Cc2ccc(NC(=O)Nc3ccc(Oc4cc(NC)ncn4)cc3)cc2C(F)(F)F)CC1,ABL1,CHUK,8.0,7.39,=,=
CC(=O)NCC(=O)N1C2CCC1c1cc(Nc3ncc(C(F)(F)F)c(NC4CCC4)n3)ccc12,ABL1,AURKA,6.6,8.4,=,=
C=Cc1ccc(-c2cccc3nnc(N)n23)cc1,ABL1,PDGFRB,4.4,5.2,=,=
COc1cc(Nc2ncc(F)c(Nc3ccc4c(n3)NC(=O)C(C)(C)O4)n2)cc(OC)c1OC,AAK1,NEK4,6.39,5.75,=,=
COC(=O)c1ccc2c(c1)NC(=O)/C2=C(\Nc1ccc(N(C)C(=O)CN2CCN(C)CC2)cc1)c1ccccc1,ACVR1,CDK17,6.04,7.03,=,=
CC(C)COC(=O)Nc1ccc(-c2cnc3c(-c4ccc(N5CCN(C)CC5)cc4)cnn3c2N)cc1,ABL1,TEK,7.4,6.0,=,=
CN[C@@H]1C[C@H]2O[C@@](C)([C@@H]1OC)n1c3ccccc3c3c4c(c5c6ccccc6n2c5c31)C(=O)NC4,ACVR1,PRKAA2,6.33,7.92,=,=
CCN1CCN(Cc2ccc(NC(=O)Nc3ccc(Oc4cc(NC)ncn4)cc3)cc2C(F)(F)F)CC1,ABL2,NTRK1,8.47,6.5,=,=
CC(=O)NCC(=O)N1[C@@H]2CC[C@H]1c1ccc(Nc3ncc(C(F)(F)F)c(NC4CCC4)n3)cc12,AAK1,RPS6KA1,8.05,5.62,=,=
CCN(CC)CCNC(=O)c1c(C)[nH]c(/C=C2\C(=O)Nc3ccc(F)cc32)c1C,ABL2,DAPK2,6.0,6.82,=,=
CC(Oc1cc(-c2cnn(C3CCNCC3)c2)cnc1N)c1c(Cl)ccc(F)c1Cl,ACVR1,CDK2,6.35,5.2,=,=
CN[C@@H]1C[C@H]2O[C@@](C)([C@@H]1OC)n1c3ccccc3c3c4c(c5c6ccccc6n2c5c31)C(=O)NC4,ACVR1B,CSNK1D,6.17,5.62,=,=
CN(C)CC(=O)N1CCC(c2ccc(NC(=O)c3nc(C#N)c[nH]3)c(C3=CCCCC3)c2)CC1.Cl,ACVR1,HIPK3,6.41,5.4,=,=
CC(=O)NCC(=O)N1C2CCC1c1cc(Nc3ncc(C(F)(F)F)c(NC4CCC4)n3)ccc12,ACVR1,PTK2,6.4,8.1,=,=
CC(=O)NCC(=O)N1C2CCC1c1cc(Nc3ncc(C(F)(F)F)c(NC4CCC4)n3)ccc12,ABL1,CHEK1,6.6,7.8,=,=
CN1CCN(c2nc(C3=C(c4c[nH]c5ccccc45)C(=O)NC3=O)c3ccccc3n2)CC1,ABL1,PRKCZ,5.48,6.23,=,=
CN(C)CC(=O)N1CCC(c2ccc(NC(=O)c3nc(C#N)c[nH]3)c(C3=CCCCC3)c2)CC1.Cl,AAK1,ACVR1B,6.28,8.0,=,=
COc1ccc(NC(=O)Nc2ccc(-c3csc4c(-c5cnn(CC(C)(C)O)c5)cnc(N)c34)cc2)cc1,ABL1,PBK,8.5,5.1,=,=
CNC(=O)c1cc(Oc2ccc(NC(=O)Nc3cc(C(C)(C)C)nn3-c3ccc4ncccc4c3)c(F)c2)ccn1,ABL2,HIPK4,6.87,6.35,=,=
COC(=O)c1ccc2c(c1)NC(=O)/C2=C(\Nc1ccc(N(C)C(=O)CN2CCN(C)CC2)cc1)c1ccccc1,ACVR1B,CDK17,5.31,7.03,=,=
CN[C@@H]1C[C@H]2O[C@@](C)([C@@H]1OC)n1c3ccccc3c3c4c(c5c6ccccc6n2c5c31)C(=O)NC4,ACVR1B,CDK16,6.17,7.62,=,=
CN[C@@H]1C[C@H]2O[C@@](C)([C@@H]1OC)n1c3ccccc3c3c4c(c5c6ccccc6n2c5c31)C(=O)NC4,AAK1,AKT3,8.92,8.0,=,=
O=C(Nc1c[nH]nc1-c1nc2ccc(CN3CCOCC3)cc2[nH]1)NC1CC1,AAK1,GRK6,7.77,4.87,=,=
C1=N/C2=N/c3ccc(OCCN4CCCC4)c(c3)COC/C=C/COCc3cccc(c3)C(=C1)N2,ACVR1,AURKB,7.66,6.19,=,=
CN(C)C[C@@H]1CCn2cc(c3ccccc32)C2=C(C(=O)NC2=O)c2cn(c3ccccc23)CCO1,AAK1,STK33,6.05,5.54,=,=
CC(C)n1nc(-c2cc3cc(O)ccc3[nH]2)c2c(N)ncnc21,AAK1,FLT4,5.8,6.62,=,=
CN1CCN(c2ccc3nc(-c4c(N)c5c(F)cccc5[nH]c4=O)[nH]c3c2)CC1,ACVR1,FGFR4,5.9,5.37,=,=
CC(C)(C)c1cc(NC(=O)Nc2ccc(-c3cn4c(n3)sc3cc(OCCN5CCOCC5)ccc34)cc2)no1,ABL1,HIPK3,6.04,4.7,=,=
CN1CCN(CCOc2cc(OC3CCOCC3)c3c(Nc4c(Cl)ccc5c4OCO5)ncnc3c2)CC1,ABL1,PKMYT1,7.52,5.55,=,=
CS(=O)(=O)N1CCN(Cc2cc3nc(-c4cccc5[nH]ncc45)nc(N4CCOCC4)c3s2)CC1,AAK1,AKT1,5.04,7.43,=,=
CC(C)c1cc(CNc2nc(Nc3cc(C4CC4)[nH]n3)cc(N3CCN(C)CC3)n2)on1,AAK1,MAP4K3,6.86,6.28,=,=
CCN(CC)CCNC(=O)c1c(C)[nH]c(/C=C2\C(=O)Nc3ccc(F)cc32)c1C,AAK1,AURKA,7.96,5.77,=,=
CN[C@@H]1C[C@H]2O[C@@](C)([C@@H]1OC)n1c3ccccc3c3c4c(c5c6ccccc6n2c5c31)C(=O)NC4,ABL2,STK26,7.46,6.85,=,=
CC(=O)c1cnc2ccc(-c3cc(Cl)c(O)c(Cl)c3)nc2c1N[C@H]1CC[C@H](CN(C)C)CC1,ABL2,DDR2,6.73,5.64,=,=
CC(=O)NCC(=O)N1C2CCC1c1cc(Nc3ncc(C(F)(F)F)c(NC4CCC4)n3)ccc12,ACVR1,IRAK1,6.4,7.2,=,=
CN1CC[C@H](c2c(O)cc(O)c3c(=O)cc(-c4ccccc4Cl)oc23)[C@H](O)C1,AAK1,MAPK7,5.28,6.21,=,=
CN[C@@H]1C[C@H]2O[C@@](C)([C@@H]1OC)n1c3ccccc3c3c4c(c5c6ccccc6n2c5c31)C(=O)NC4,ABL2,PIM1,7.46,8.0,=,=
CC(C)n1nc(-c2cc3cc(O)ccc3[nH]2)c2c(N)ncnc21,ACVR1,CAMKK2,8.4,5.42,=,=
COc1cc2c(Oc3ccc(NC(=O)C4(C(=O)Nc5ccc(F)cc5)CC4)cc3F)ccnc2cc1OCCCN1CCOCC1,ABL1,CDK11A,7.33,6.32,=,=
CN[C@@H]1C[C@H]2O[C@@](C)([C@@H]1OC)n1c3ccccc3c3c4c(c5c6ccccc6n2c5c31)C(=O)NC4,ACVR1,GRK1,6.33,7.18,=,=
CN(C)CC(=O)N1CCC(c2ccc(NC(=O)c3nc(C#N)c[nH]3)c(C3=CCCCC3)c2)CC1.Cl,ABL2,MYLK,5.28,6.23,=,=
CCN(CC)CCNC(=O)c1c(C)[nH]c(/C=C2\C(=O)Nc3ccc(F)cc32)c1C,AAK1,ABL2,7.96,6.0,=,=
CCN(CC)CCNC(=O)c1c(C)[nH]c(/C=C2\C(=O)Nc3ccc(F)cc32)c1C,AAK1,DYRK1B,7.96,5.64,=,=
CC(C)n1nc(-c2cc3cc(O)ccc3[nH]2)c2c(N)ncnc21,ABL1,ACVRL1,6.82,8.54,=,=
C=CC(=O)N1CCC[C@H]1C(=O)Nc1cc2c(Nc3cccc(Cl)c3F)ncnc2cc1OCCOC,ABL1,FGFR2,6.3,5.39,=,=
CC(=O)NCC(=O)N1[C@@H]2CC[C@H]1c1ccc(Nc3ncc(C(F)(F)F)c(NC4CCC4)n3)cc12,AAK1,STK10,8.05,6.51,=,=
CCOc1cc2ncc(C#N)c(Nc3ccc(F)c(Cl)c3)c2cc1NC(=O)/C=C/CN(C)C,AAK1,CSNK1E,5.46,7.0,=,=
C=CC(=O)Nc1cc2c(Nc3ccc(F)c(Cl)c3)ncnc2cc1OCCCN1CCOCC1,ABL1,FRK,6.47,5.47,=,=
CC(C)c1cc(CNc2nc(Nc3cc(C4CC4)[nH]n3)cc(N3CCN(C)CC3)n2)on1,ACVR1,TBK1,8.3,5.95,=,=
Cc1ccc(C(=O)Nc2cccc(C(F)(F)F)c2)cc1Nc1nc(-c2cccnc2)nc2c1cnn2C,ACVR1,ATR,8.82,5.35,=,=
CC(C)n1nc(-c2cc3cc(O)ccc3[nH]2)c2c(N)ncnc21,ABL1,GRK1,6.82,6.03,=,=
CC(=O)c1cnc2ccc(-c3cc(Cl)c(O)c(Cl)c3)nc2c1N[C@H]1CC[C@H](CN(C)C)CC1,AAK1,CSNK1G2,6.76,7.34,=,=
CCN1CCN(Cc2ccc(NC(=O)Nc3ccc(Oc4cc(NC)ncn4)cc3)cc2C(F)(F)F)CC1,ABL2,PRKD1,8.47,5.92,=,=
C#Cc1cccc(Nc2ncnc3cc(OCCOC)c(OCCOC)cc23)c1,ABL1,FGR,6.51,5.96,=,=
CC(C)n1nc(-c2cc3cc(O)ccc3[nH]2)c2c(N)ncnc21,ACVR1,GRK1,8.4,6.03,=,=
CC1(C)C(=O)N([C@H]2CCc3c(O)cccc32)c2nc(Nc3ccccc3)ncc21,ABL1,DAPK1,5.94,5.0,=,=
CCN(CC)CCNC(=O)c1c(C)[nH]c(/C=C2\C(=O)Nc3ccc(F)cc32)c1C,ABL2,PRKAA1,6.0,7.5,=,=
Cc1ccc(C(=O)Nc2cccc(C(F)(F)F)c2)cc1Nc1nc(-c2cccnc2)nc2nn(C)cc12,ABL1,ATR,6.14,7.98,=,=
C#Cc1cccc(Nc2ncnc3cc(OCCOC)c(OCCOC)cc23)c1,ABL2,LRRK2,6.7,5.43,=,=
CN[C@@H]1C[C@H]2O[C@@](C)([C@@H]1OC)n1c3ccccc3c3c4c(c5c6ccccc6n2c5c31)C(=O)NC4,AAK1,SRPK2,8.92,6.77,=,=
CC(C)n1nc(-c2cc3cc(O)ccc3[nH]2)c2c(N)ncnc21,ACVR1B,CDK19,7.24,5.6,=,=
CN[C@@H]1C[C@H]2O[C@@](C)([C@@H]1OC)n1c3ccccc3c3c4c(c5c6ccccc6n2c5c31)C(=O)NC4,ABL2,MAPK1,7.46,5.35,=,=
CO[C@@H]1[C@H](N(C)CCOCCOCCOCCNC(=O)CCC2=[N+]3C(=Cc4c(C)cc(C)n4[B-]3(F)F)C=C2)C[C@H]2O[C@]1(C)n1c3ccccc3c3c4c(c5c6ccccc6n2c5c31)C(=O)NC4,ABL2,ROCK1,6.02,7.58,=,=
CCOc1cc2ncc(C#N)c(Nc3ccc(F)c(Cl)c3)c2cc1NC(=O)/C=C/CN(C)C,ABL2,RPS6KA2,6.62,5.07,=,=
C=CC(=O)Nc1cc2c(Nc3ccc(F)c(Cl)c3)ncnc2cc1OCCCN1CCOCC1,ACVR1,BLK,5.77,7.35,=,=
CC1(C)C(=O)N([C@H]2CCc3c(O)cccc32)c2nc(Nc3ccccc3)ncc21,ACVR1B,CHEK2,5.0,5.66,=,=
CN[C@@H]1C[C@H]2O[C@@](C)([C@@H]1OC)n1c3ccccc3c3c4c(c5c6ccccc6n2c5c31)C(=O)NC4,ACVR1,NEK7,6.33,5.35,=,=
CCN1CCN(Cc2ccc(NC(=O)Nc3ccc(Oc4cc(NC)ncn4)cc3)cc2C(F)(F)F)CC1,ABL2,NEK4,8.47,6.34,=,=
CN[C@@H]1C[C@H]2O[C@@](C)([C@@H]1OC)n1c3ccccc3c3c4c(c5c6ccccc6n2c5c31)C(=O)NC4,ACVR1,DYRK3,6.33,7.75,=,=
CO[C@@H]1[C@H](N(C)C(=O)c2ccccc2)C[C@H]2O[C@]1(C)n1c3ccccc3c3c4c(c5c6ccccc6n2c5c31)C(=O)NC4,AAK1,PIK3C2B,7.32,5.85,=,=
CC(C)C[C@@H](N)C(=O)Nc1ccc(-c2cnco2)c(OC(F)F)c1,AAK1,MKNK1,7.92,6.29,=,=
CC(N)C1CCC(C(=O)Nc2ccnc3[nH]ccc23)CC1,ACVR1,PRKCI,6.0,5.4,=,=
C1=N/C2=N/c3ccc(OCCN4CCCC4)c(c3)COC/C=C/COCc3cccc(c3)C(=C1)N2,AAK1,MAP4K2,7.38,5.43,=,=
CN[C@@H]1C[C@H]2O[C@@](C)([C@@H]1OC)n1c3ccccc3c3c4c(c5c6ccccc6n2c5c31)C(=O)NC4,AAK1,TEC,8.92,7.37,=,=
CCN(CC)CCNC(=O)c1c(C)[nH]c(/C=C2\C(=O)Nc3ccc(F)cc32)c1C,ABL2,STK24,6.0,7.2,=,=
CN(C)CC(=O)N1CCC(c2ccc(NC(=O)c3nc(C#N)c[nH]3)c(C3=CCCCC3)c2)CC1.Cl,ACVR1,PIP4K2B,6.41,5.43,=,=
CN1CCN(c2ccc3nc(-c4c(N)c5c(F)cccc5[nH]c4=O)[nH]c3c2)CC1,ACVR1,MAP4K1,5.9,7.36,=,=
CC(C)n1nc(-c2cc3cc(O)ccc3[nH]2)c2c(N)ncnc21,ACVR1,PLK4,8.4,7.16,=,=
CC(c1ccc(-c2cnc3c(-c4ccc(S(N)(=O)=O)c5ccccc45)cnn3c2)cc1)N1CCCC1,ACVR1,TGFBR2,8.05,6.16,=,=
CCNc1nc(C)c(-c2ccnc(Nc3ccc(N4CCN(C(C)=O)CC4)cc3)n2)s1,ACVR1,NEK2,7.4,6.5,=,=
CC(C)(C)n1nc(Cc2cccc3ccccc23)c2c(N)ncnc21,ABL1,PRKD3,5.11,6.21,=,=
CC(C)c1cc(CNc2nc(Nc3cc(C4CC4)[nH]n3)cc(N3CCN(C)CC3)n2)on1,AAK1,HCK,6.86,5.19,=,=
CC(C)n1nc(-c2cc3cc(O)ccc3[nH]2)c2c(N)ncnc21,ACVR1,KIT,8.4,6.44,=,=
CCC(F)(F)c1cc(N2CCC(S(C)(=O)=O)CC2)nc2sc(C(N)=O)c(N)c12,AAK1,IKBKB,5.87,6.73,=,=
Nc1nc(Nc2ccc(S(N)(=O)=O)cc2)nn1C(=O)c1c(F)cccc1F,AAK1,GRK5,6.7,6.0,=,=
CC(C)(C)c1nc(-c2cccc(NS(=O)(=O)c3c(F)cccc3F)c2F)c(-c2ccnc(N)n2)s1,ABL1,LIMK2,5.81,7.09,=,=
CN1CCN(c2ccc3nc(-c4c(N)c5c(F)cccc5[nH]c4=O)[nH]c3c2)CC1,ACVR1,MAP3K13,5.9,6.77,=,=
CC(C)c1cc(CNc2nc(Nc3cc(C4CC4)[nH]n3)cc(N3CCN(C)CC3)n2)on1,ACVR1,MST1R,8.3,5.63,=,=
CN[C@@H]1C[C@H]2O[C@@](C)([C@@H]1OC)n1c3ccccc3c3c4c(c5c6ccccc6n2c5c31)C(=O)NC4,AAK1,GRK6,8.92,7.29,=,=
CN[C@@H]1C[C@H]2O[C@@](C)([C@@H]1OC)n1c3ccccc3c3c4c(c5c6ccccc6n2c5c31)C(=O)NC4,ACVR1,MAP3K7,6.33,7.17,=,=
CC(C)n1nc(-c2cc3cc(O)ccc3[nH]2)c2c(N)ncnc21,ABL2,LATS2,5.92,5.4,=,=
CCN(CC)CCNC(=O)c1c(C)[nH]c(/C=C2\C(=O)Nc3ccc(F)cc32)c1C,AAK1,NUAK2,7.96,6.82,=,=
CN(C)CC(=O)N1CCC(c2ccc(NC(=O)c3nc(C#N)c[nH]3)c(C3=CCCCC3)c2)CC1.Cl,ACVR1,ULK1,6.41,5.72,=,=
CN1CCN(c2ccc3nc(-c4c(N)c5c(F)cccc5[nH]c4=O)[nH]c3c2)CC1,AAK1,PHKG2,6.77,5.05,=,=
CN1CC[C@H](c2c(O)cc(O)c3c(=O)cc(-c4ccccc4Cl)oc23)[C@H](O)C1,ACVR1,CDK6,5.72,7.22,=,=
Cc1ccc(C(=O)Nc2cccc(C(F)(F)F)c2)cc1Nc1nc(-c2cccnc2)nc2c1cnn2C,ACVR1,MAPK11,8.82,7.73,=,=
CN(C)C[C@@H]1CCn2cc(c3ccccc32)C2=C(C(=O)NC2=O)c2cn(c3ccccc23)CCO1,AAK1,PRKCE,6.05,7.09,=,=
COC(=O)c1ccc2c(c1)NC(=O)/C2=C(\Nc1ccc(N(C)C(=O)CN2CCN(C)CC2)cc1)c1ccccc1,ACVR1,SRPK2,6.04,7.44,=,=
CC(C)n1nc(-c2cc3cc(O)ccc3[nH]2)c2c(N)ncnc21,ACVR1,NUAK2,8.4,5.44,=,=
C=CC(=O)N1CCC[C@@H](n2nc(-c3ccc(Oc4ccccc4)cc3)c3c(N)ncnc32)C1,ABL2,FGR,6.04,8.64,=,=
COCCN1CCN(Cc2ccc(-c3n[nH]c4c3C(=O)c3c(NC(=O)NN5CCOCC5)cccc3-4)cc2)CC1,AAK1,CDC42BPA,7.66,5.96,=,=
CCN(CC)CCNC(=O)c1c(C)[nH]c(/C=C2\C(=O)Nc3ccc(F)cc32)c1C,AAK1,PIM2,7.96,5.3,=,=
CN[C@@H]1C[C@H]2O[C@@](C)([C@@H]1OC)n1c3ccccc3c3c4c(c5c6ccccc6n2c5c31)C(=O)NC4,ACVR1,TEC,6.33,7.37,=,=
CCN(CC)CCNC(=O)c1c(C)[nH]c(/C=C2\C(=O)Nc3ccc(F)cc32)c1C,ABL1,PLK2,6.14,5.33,=,=
C=CC(=O)N1CCC[C@@H](n2nc(-c3ccc(Oc4ccccc4)cc3)c3c(N)ncnc32)C1,ABL2,RET,6.04,7.43,=,=
CN[C@@H]1C[C@H]2O[C@@](C)([C@@H]1OC)n1c3ccccc3c3c4c(c5c6ccccc6n2c5c31)C(=O)NC4,AAK1,PBK,8.92,7.26,=,=
CC(C)(C)c1nc(-c2cccc(NS(=O)(=O)c3c(F)cccc3F)c2F)c(-c2ccnc(N)n2)s1,ABL1,CDK17,5.81,7.44,=,=
CCN(CCO)CCCOc1ccc2c(Nc3cc(CC(=O)Nc4cccc(F)c4)[nH]n3)ncnc2c1,AAK1,AURKA,5.52,6.32,=,=
CCn1cc(-c2ccc3c(c2)CCN3C(=O)Cc2cccc(OC(F)(F)F)c2)c2c(N)ncnc21,ABL2,MAP3K10,6.51,7.3,=,=
CC(C)(C)c1cc(NC(=O)Nc2ccc(-c3cn4c(n3)sc3cc(OCCN5CCOCC5)ccc34)cc2)no1,ABL1,MAPK15,6.04,6.57,=,=
CC(C)n1nc(-c2cc3cc(O)ccc3[nH]2)c2c(N)ncnc21,ACVR1,AKT3,8.4,5.58,=,=
CCN(CC)CCNC(=O)c1c(C)[nH]c(/C=C2\C(=O)Nc3ccc(F)cc32)c1C,AAK1,FGFR4,7.96,5.68,=,=
CCn1cc(-c2ccc3c(c2)CCN3C(=O)Cc2cccc(OC(F)(F)F)c2)c2c(N)ncnc21,ABL1,MAP3K10,6.47,7.3,=,=
C#Cc1cccc(Nc2ncnc3cc(OCCOC)c(OCCOC)cc23)c1,ABL2,EPHA6,6.7,6.2,=,=
COc1cc(Nc2ncc(F)c(Nc3ccc4c(n3)NC(=O)C(C)(C)O4)n2)cc(OC)c1OC,ACVR1,RAF1,5.32,6.08,=,=
CC(C)NC1=NNC(=O)C1=Cc1cc2ccccc2[nH]1,ABL1,ACVR1,6.6,5.4,=,=
CNC(=O)c1cc(Oc2ccc(NC(=O)Nc3cc(C(C)(C)C)nn3-c3ccc4ncccc4c3)c(F)c2)ccn1,ABL2,CDK3,6.87,5.58,=,=
CC(C)n1nc(-c2cc3cc(O)ccc3[nH]2)c2c(N)ncnc21,ABL2,EPHA6,5.92,6.68,=,=
CN[C@@H]1C[C@H]2O[C@@](C)([C@@H]1OC)n1c3ccccc3c3c4c(c5c6ccccc6n2c5c31)C(=O)NC4,ABL2,ACVRL1,7.46,6.07,=,=
CCN(CC)CCNC(=O)c1c(C)[nH]c(/C=C2\C(=O)Nc3ccc(F)cc32)c1C,ABL1,AURKC,6.14,6.66,=,=
CC(=O)c1cnc2ccc(-c3cc(Cl)c(O)c(Cl)c3)nc2c1N[C@H]1CC[C@H](CN(C)C)CC1,ACVR1,DYRK1A,6.65,8.3,=,=
CC(C)n1nc(-c2cc3cc(O)ccc3[nH]2)c2c(N)ncnc21,ACVR1,FLT4,8.4,6.62,=,=
C1=N/C2=N/c3ccc(OCCN4CCCC4)c(c3)COC/C=C/COCc3cccc(c3)C(=C1)N2,ACVR1,CDK16,7.66,5.51,=,=
CCN(CC)CCNC(=O)c1c(C)[nH]c(/C=C2\C(=O)Nc3ccc(F)cc32)c1C,ABL2,RPS6KA1,6.0,6.54,=,=
CN1CC[C@H](c2c(O)cc(O)c3c(=O)cc(-c4ccccc4Cl)oc23)[C@H](O)C1,AAK1,CDK12,5.28,6.8,=,=
CN[C@@H]1C[C@H]2O[C@@](C)([C@@H]1OC)n1c3ccccc3c3c4c(c5c6ccccc6n2c5c31)C(=O)NC4,ABL1,PAK2,7.04,8.57,=,=
CN(C)CC(=O)N1CCC(c2ccc(NC(=O)c3nc(C#N)c[nH]3)c(C3=CCCCC3)c2)CC1.Cl,AAK1,PIP4K2B,6.28,5.43,=,=
CC(=O)c1cccc(-c2cnc3[nH]ccc3c2)c1,ACVR1,CDK8,5.4,6.48,=,=
CC(C)n1nc(-c2cc3cc(O)ccc3[nH]2)c2c(N)ncnc21,AAK1,JAK2,5.8,7.96,=,=
CN[C@@H]1C[C@H]2O[C@@](C)([C@@H]1OC)n1c3ccccc3c3c4c(c5c6ccccc6n2c5c31)C(=O)NC4,ACVR1,EPHA1,6.33,6.89,=,=
CC(C)c1cc(CNc2nc(Nc3cc(C4CC4)[nH]n3)cc(N3CCN(C)CC3)n2)on1,ABL1,MARK2,7.85,6.71,=,=
CN(C)CC(=O)N1CCC(c2ccc(NC(=O)c3nc(C#N)c[nH]3)c(C3=CCCCC3)c2)CC1.Cl,AAK1,ACVRL1,6.28,5.72,=,=
CO[C@@H]1[C@H](N(C)CCOCCOCCOCCNC(=O)CCC2=[N+]3C(=Cc4c(C)cc(C)n4[B-]3(F)F)C=C2)C[C@H]2O[C@]1(C)n1c3ccccc3c3c4c(c5c6ccccc6n2c5c31)C(=O)NC4,AAK1,SGK2,8.3,5.75,=,=
CN[C@@H]1C[C@H]2O[C@@](C)([C@@H]1OC)n1c3ccccc3c3c4c(c5c6ccccc6n2c5c31)C(=O)NC4,AAK1,CDK8,8.92,6.29,=,=
CCOc1cc2ncc(C#N)c(Nc3ccc(F)c(Cl)c3)c2cc1NC(=O)/C=C/CN(C)C,AAK1,LYN,5.46,6.08,=,=
CCN(CC)CCNC(=O)c1c(C)[nH]c(/C=C2\C(=O)Nc3ccc(F)cc32)c1C,ABL1,RPS6KA2,6.14,7.24,=,=
COc1cc(N2CCC(N3CCN(C)CC3)CC2)ccc1Nc1ncc(Cl)c(Nc2ccccc2S(=O)(=O)C(C)C)n1,ACVR1,PRKD1,7.77,7.1,=,=
CC(C)n1nc(-c2cc3cc(O)ccc3[nH]2)c2c(N)ncnc21,ABL2,MERTK,5.92,5.33,=,=
C=CC(=O)Nc1cc2c(Nc3ccc(F)c(Cl)c3)ncnc2cc1OCCCN1CCOCC1,ABL2,MAP2K7,6.06,6.96,=,=
CC(C)n1nc(-c2cc3cc(O)ccc3[nH]2)c2c(N)ncnc21,ACVR1B,CSNK1A1,7.24,5.7,=,=
CN[C@@H]1C[C@H]2O[C@@](C)([C@@H]1OC)n1c3ccccc3c3c4c(c5c6ccccc6n2c5c31)C(=O)NC4,ACVR1B,AKT3,6.17,8.0,=,=
CC(C)c1cc(CNc2nc(Nc3cc(C4CC4)[nH]n3)cc(N3CCN(C)CC3)n2)on1,ABL1,CDK9,7.85,5.45,=,=
CC(=O)NCC(=O)N1[C@@H]2CC[C@H]1c1ccc(Nc3ncc(C(F)(F)F)c(NC4CCC4)n3)cc12,AAK1,NTRK1,8.05,6.58,=,=
CC(C)(C)c1nc(-c2cccc(NS(=O)(=O)c3c(F)cccc3F)c2F)c(-c2ccnc(N)n2)s1,ABL1,EPHB6,5.81,6.38,=,=
C=CCn1nc(-c2ccc(OCC)c(OC)c2)c2c(N)ncnc21,ABL1,PIK3CA,4.84,5.72,=,=
CC(C)C[C@](C)(N)COc1ccc(-c2ccnc(C(F)F)c2)cc1C(F)F,AAK1,CIT,9.29,7.25,=,=
CCS(=O)(=O)c1cccc(-c2cc(C(=O)NC3CCN(C)CC3)c(C)c3[nH]c4ncc(C)cc4c23)c1,ABL2,PRKCA,6.38,5.79,=,=
CC(O)Cn1cc(-c2cnc(N)c3c(-c4ccc(NC(=O)Nc5cccc(F)c5)cc4)csc23)cn1,ABL1,RPS6KB1,9.1,6.7,=,=
CCOc1cc2ncc(C#N)c(Nc3ccc(F)c(Cl)c3)c2cc1NC(=O)/C=C/CN(C)C,AAK1,FGR,5.46,6.02,=,=
CC(=O)NCC(=O)N1C2CCC1c1cc(Nc3ncc(C(F)(F)F)c(NC4CCC4)n3)ccc12,ABL1,CHEK2,6.6,7.3,=,=
CC[C@@H]1C(=O)N(C)c2cnc(Nc3ccc(C(=O)NC4CCN(C)CC4)cc3OC)nc2N1C1CCCC1,AAK1,DAPK1,5.55,6.27,=,=
COc1ccc(C(=O)Nc2n[nH]c3ccc(-c4cn(Cc5ccccc5)nn4)cc23)cc1OC,ACVR1,DYRK4,6.0,5.2,=,=
CCN1CCN(Cc2ccc(NC(=O)Nc3ccc(Oc4cc(NC)ncn4)cc3)cc2C(F)(F)F)CC1,ABL2,TEK,8.47,7.72,=,=
CC(O)Cn1cc(-c2cnc(N)c3c(-c4ccc(NC(=O)Nc5cccc(F)c5)cc4)csc23)cn1,ABL1,PRKCI,9.1,5.4,=,=
CC(=O)NCC(=O)N1[C@@H]2CC[C@H]1c1ccc(Nc3ncc(C(F)(F)F)c(NC4CCC4)n3)cc12,ABL1,PLK4,5.6,6.56,=,=
CCc1nc(C(N)=O)c(Nc2ccc(N3CCC(N4CCN(C)CC4)CC3)c(OC)c2)nc1NC1CCOCC1,ACVR1,MAPK9,7.41,6.37,=,=
CC(=O)c1cnc2ccc(-c3cc(Cl)c(O)c(Cl)c3)nc2c1N[C@H]1CC[C@H](CN(C)C)CC1,ABL2,MAPK14,6.73,7.4,=,=
CC(=O)c1cnc2ccc(-c3cc(Cl)c(O)c(Cl)c3)nc2c1N[C@H]1CC[C@H](CN(C)C)CC1,ABL1,PTK2B,6.55,7.52,=,=
C=CC(=O)Nc1cc2c(Nc3ccc(F)c(Cl)c3)ncnc2cc1OCCCN1CCOCC1,ACVR1,EGFR,5.77,9.34,=,=
CN1CCN(CCOc2cc(OC3CCOCC3)c3c(Nc4c(Cl)ccc5c4OCO5)ncnc3c2)CC1,ACVR1B,CSK,6.85,6.08,=,=
CC(C)(C)c1cc(NC(=O)Nc2ccc(-c3cn4c(n3)sc3cc(OCCN5CCOCC5)ccc34)cc2)no1,ABL1,CAMKK1,6.04,5.32,=,=
CCN1CCN(Cc2ccc(NC(=O)Nc3ccc(Oc4cc(NC)ncn4)cc3)cc2C(F)(F)F)CC1,ABL2,CLK2,8.47,5.75,=,=
CC(=O)NCC(=O)N1C2CCC1c1cc(Nc3ncc(C(F)(F)F)c(NC4CCC4)n3)ccc12,ACVR1,ALK,6.4,7.0,=,=
CN[C@@H]1C[C@H]2O[C@@](C)([C@@H]1OC)n1c3ccccc3c3c4c(c5c6ccccc6n2c5c31)C(=O)NC4,ACVR1,PRKCH,6.33,8.32,=,=
CCOc1cc2ncc(C#N)c(Nc3ccc(F)c(Cl)c3)c2cc1NC(=O)/C=C/CN(C)C,ABL1,RPS6KA2,6.65,5.07,=,=
CC(C)n1nc(-c2cc3cc(O)ccc3[nH]2)c2c(N)ncnc21,ACVR1,PLK3,8.4,5.6,=,=
CC1(C)C(=O)N([C@H]2CCc3c(O)cccc32)c2nc(Nc3ccccc3)ncc21,ABL1,GRK6,5.94,5.0,=,=
C[C@]12O[C@H](C[C@]1(O)CO)n1c3ccccc3c3c4c(c5c6ccccc6n2c5c31)CNC4=O,ACVR1,PIK3CG,7.12,6.46,=,=
CN[C@@H]1C[C@H]2O[C@@](C)([C@@H]1OC)n1c3ccccc3c3c4c(c5c6ccccc6n2c5c31)C(=O)NC4,AAK1,PRKCI,8.92,7.58,=,=
C[C@]12O[C@H](C[C@]1(O)CO)n1c3ccccc3c3c4c(c5c6ccccc6n2c5c31)CNC4=O,ACVR1,PIK3CD,7.12,5.4,=,=
CC(=O)NCC(=O)N1C2CCC1c1cc(Nc3ncc(C(F)(F)F)c(NC4CCC4)n3)ccc12,ACVR1,TSSK1A,6.4,7.3,=,=
CCOc1cc2ncc(C#N)c(Nc3ccc(F)c(Cl)c3)c2cc1NC(=O)/C=C/CN(C)C,ABL1,MARK1,6.65,5.4,=,=
C#Cc1cccc(Nc2ncnc3cc(OCCOC)c(OCCOC)cc23)c1,ABL2,DAPK3,6.7,5.22,=,=
CCN1CCN(Cc2ccc(NC(=O)Nc3ccc(Oc4cc(NC)ncn4)cc3)cc2C(F)(F)F)CC1,ABL1,HIPK1,8.0,6.77,=,=
CCN(CC)CCOc1ccc(Nc2ncc3cc(-c4c(Cl)cccc4Cl)c(=O)n(C)c3n2)cc1,ACVR1,WEE1,8.24,7.62,=,=
CN1CCN(c2ccc3nc(-c4c(N)c5c(F)cccc5[nH]c4=O)[nH]c3c2)CC1,AAK1,PLK2,6.77,6.24,=,=
CCN(CC)CCNC(=O)c1c(C)[nH]c(/C=C2\C(=O)Nc3ccc(F)cc32)c1C,ABL1,STK33,6.14,7.77,=,=
CC(=O)c1ccc(-c2nn(C(C)C)c3ncnc(N)c23)cc1,ABL1,PIK3CD,5.7,6.39,=,=
CCN(CC)CCNC(=O)c1c(C)[nH]c(/C=C2\C(=O)Nc3ccc(F)cc32)c1C,AAK1,EPHA5,7.96,5.58,=,=
COc1cc(N2CCC(N3CCN(C)CC3)CC2)ccc1Nc1ncc(Cl)c(Nc2ccccc2S(=O)(=O)C(C)C)n1,AAK1,PAK1,6.33,5.79,=,=
CC(C)Nc1nccc(Nc2ncc(-c3ccccc3)s2)n1,ABL1,MAP2K2,7.1,5.9,=,=
CC(C)n1nc(-c2cc3cc(O)ccc3[nH]2)c2c(N)ncnc21,ACVR1,FGR,8.4,6.8,=,=
CN(C)CC(=O)N1CCC(c2ccc(NC(=O)c3nc(C#N)c[nH]3)c(C3=CCCCC3)c2)CC1.Cl,AAK1,TGFBR2,6.28,5.7,=,=
CCN(CC)CCNC(=O)c1c(C)[nH]c(/C=C2\C(=O)Nc3ccc(F)cc32)c1C,ABL1,NEK7,6.14,5.39,=,=
C1=N/C2=N/c3ccc(OCCN4CCCC4)c(c3)COC/C=C/COCc3cccc(c3)C(=C1)N2,AAK1,CDK16,7.38,5.51,=,=
CC(C)(C)n1nc(Cc2cccc3ccccc23)c2c(N)ncnc21,ABL1,CSNK1E,5.11,7.85,=,=
C#Cc1cccc(Nc2ncnc3cc(OCCOC)c(OCCOC)cc23)c1,ABL2,STK17B,6.7,5.03,=,=
COc1cc(N2CCC(N3CCN(C)CC3)CC2)ccc1Nc1ncc(Cl)c(Nc2ccccc2S(=O)(=O)C(C)C)n1,ACVR1B,CDK5,7.01,6.45,=,=
CCN1CCN(Cc2ccc(NC(=O)Nc3ccc(Oc4cc(NC)ncn4)cc3)cc2C(F)(F)F)CC1,ABL2,MAP3K13,8.47,6.13,=,=
CO[C@@H]1[C@H](N(C)CCOCCOCCOCCNC(=O)CCC2=[N+]3C(=Cc4c(C)cc(C)n4[B-]3(F)F)C=C2)C[C@H]2O[C@]1(C)n1c3ccccc3c3c4c(c5c6ccccc6n2c5c31)C(=O)NC4,ABL2,PRKCG,6.02,7.34,=,=
CO[C@@H]1[C@H](N(C)C(=O)c2ccccc2)C[C@H]2O[C@]1(C)n1c3ccccc3c3c4c(c5c6ccccc6n2c5c31)C(=O)N[C@H]4O,AAK1,NUAK1,6.02,6.96,=,=
CCS(=O)(=O)N1CCN(c2ccc(Nc3ncc(C(N)=O)c(NC4CC4)n3)cc2)CC1.Cl,AAK1,PRKCD,9.0,5.42,=,=
C=CS(=O)(=O)N1CCC[C@@H]1Cn1cc(-c2ccc3c(c2)OCO3)c2c(N)ncnc21,ABL1,BTK,6.1,7.05,=,=
CC(=O)c1c(C)c2cnc(Nc3ccc(N4CCNCC4)cn3)nc2n(C2CCCC2)c1=O,AAK1,CLK2,5.38,6.5,=,=
CC(=O)NCC(=O)N1[C@@H]2CC[C@H]1c1ccc(Nc3ncc(C(F)(F)F)c(NC4CCC4)n3)cc12,AAK1,PTK2,8.05,7.24,=,=
CC(=O)c1cnc2ccc(-c3cc(Cl)c(O)c(Cl)c3)nc2c1N[C@H]1CC[C@H](CN(C)C)CC1,ACVR1B,CSNK1G1,6.71,6.18,=,=
CC(C)(C)NS(=O)(=O)c1cncc(-c2ccn3nc(N)nc3c2)c1,AAK1,PIP4K2C,5.23,5.97,=,=
CCCS(=O)(=O)Nc1ccc(F)c(C(=O)c2c[nH]c3ncc(Cl)cc23)c1F,ABL1,MAP2K4,5.64,6.72,=,=
CCN(CC)CCNC(=O)c1c(C)[nH]c(/C=C2\C(=O)Nc3ccc(F)cc32)c1C,AAK1,CAMK2B,7.96,5.85,=,=
C#Cc1cn(C2CCCC2)c2ncnc(N)c12,ACVR1,PTK2,6.1,5.5,=,=
CC(C)n1nc(-c2cc3cc(O)ccc3[nH]2)c2c(N)ncnc21,ACVR1,PIM3,8.4,5.52,=,=
CC(=O)NCC(=O)N1[C@@H]2CC[C@H]1c1ccc(Nc3ncc(C(F)(F)F)c(NC4CCC4)n3)cc12,AAK1,ULK1,8.05,7.55,=,=
CN[C@@H]1C[C@H]2O[C@@](C)([C@@H]1OC)n1c3ccccc3c3c4c(c5c6ccccc6n2c5c31)C(=O)NC4,ABL2,CDK6,7.46,6.4,=,=
CCc1nc(C(N)=O)c(Nc2ccc(N3CCC(N4CCN(C)CC4)CC3)c(OC)c2)nc1NC1CCOCC1,AAK1,RIPK3,7.6,5.88,=,=
CC(=O)NCC(=O)N1C2CCC1c1cc(Nc3ncc(C(F)(F)F)c(NC4CCC4)n3)ccc12,ACVR1,CHEK1,6.4,7.8,=,=
C=CC(=O)N[C@H]1CC[C@@H](n2nc(-c3ccc(Oc4ccccc4)cc3)c3c(N)ncnc32)CC1,ABL1,ERBB4,7.49,8.49,=,=
C#CCN1C[C@@H]2C[C@]2(c2ccc(-c3cnc(N)c(C(=O)N[C@H]4CC[C@H](O)CC4)c3)cc2)C1,ACVR1,TGFBR1,7.79,5.7,=,=
CN(C)CC(=O)N1CCC(c2ccc(NC(=O)c3nc(C#N)c[nH]3)c(C3=CCCCC3)c2)CC1.Cl,ACVR1B,AURKC,8.0,5.52,=,=
C#Cc1cccc(Nc2ncnc3cc(OCCOC)c(OCCOC)cc23)c1,ABL2,MAP3K19,6.7,7.6,=,=
CC(Oc1cc(-c2cnn(C3CCNCC3)c2)cnc1N)c1c(Cl)ccc(F)c1Cl,ACVR1,CDK1,6.35,5.3,=,=
C#Cc1cccc(Nc2ncnc3cc(OCCOC)c(OCCOC)cc23)c1,ABL2,EPHB4,6.7,5.66,=,=
CN[C@@H]1C[C@H]2O[C@@](C)([C@@H]1OC)n1c3ccccc3c3c4c(c5c6ccccc6n2c5c31)C(=O)NC4,ACVR1,AKT1,6.33,7.94,=,=
CC(C)(C)c1nc(-c2cccc(NS(=O)(=O)c3c(F)cccc3F)c2F)c(-c2ccnc(N)n2)s1,ABL1,CDK1,5.81,6.44,=,=
CC(=O)c1cnc2ccc(-c3cc(Cl)c(O)c(Cl)c3)nc2c1N[C@H]1CC[C@H](CN(C)C)CC1,ABL1,MAPK14,6.55,7.4,=,=
COc1cc(Nc2ncc(F)c(Nc3ccc4c(n3)NC(=O)C(C)(C)O4)n2)cc(OC)c1OC,ACVR1B,CDC7,5.96,8.1,=,=
CCOc1cc(N2CCN(C)CC2)ccc1Nc1ncc2cc(-c3cccc(NC(=O)c4cccc(C(F)(F)F)c4)c3)c(=O)n(C[C@H]3CCCO3)c2n1,ABL1,MAPK11,5.78,8.03,=,=
CC(C)(C)n1nc(-c2ccc3ccccc3c2)c2c(N)ncnc21,ABL1,PIK3CG,5.22,4.0,=,=
CN[C@@H]1C[C@H]2O[C@@](C)([C@@H]1OC)n1c3ccccc3c3c4c(c5c6ccccc6n2c5c31)C(=O)NC4,AAK1,TSSK1A,8.92,10.22,=,=
CC(C)c1cc(CNc2nc(Nc3cc(C4CC4)[nH]n3)cc(N3CCN(C)CC3)n2)on1,AAK1,PTK2,6.86,7.66,=,=
CN(C)CC(=O)N1CCC(c2ccc(NC(=O)c3nc(C#N)c[nH]3)c(C3=CCCCC3)c2)CC1.Cl,AAK1,ROS1,6.28,5.35,=,=
CCN1CCN(Cc2ccc(NC(=O)c3cccc(-c4ccc5nc(NC(=O)C6CC6)sc5n4)c3)cc2C(F)(F)F)CC1,ABL1,HIPK1,8.92,7.47,=,=
CC(=O)NCC(=O)N1C2CCC1c1cc(Nc3ncc(C(F)(F)F)c(NC4CCC4)n3)ccc12,ABL1,LTK,6.6,7.4,=,=
C=CCn1c(=O)c2cnc(Nc3ccc(N4CCN(C)CC4)cc3)nc2n1-c1cccc(C(C)(C)O)n1,ABL1,WEE1,6.5,8.06,=,=
Cc1ccc(C(=O)Nc2cccc(C(F)(F)F)c2)cc1Nc1nc(-c2cccnc2)nc2c1cnn2C,ABL2,ATR,6.46,5.35,=,=
CC(=O)NCC(=O)N1C2CCC1c1cc(Nc3ncc(C(F)(F)F)c(NC4CCC4)n3)ccc12,ABL1,PIM3,6.6,5.1,=,=
CCN(CC)CCNC(=O)c1c(C)[nH]c(/C=C2\C(=O)Nc3ccc(F)cc32)c1C,AAK1,FRK,7.96,6.28,=,=
Cc1nc(Nc2ncc(C(=O)Nc3c(C)cccc3Cl)s2)cc(N2CCN(CCO)CC2)n1.O,ACVR1,PIK3CD,6.21,4.52,=,=
COc1cc(Nc2c(C#N)cnc3cc(OCCCN4CCN(C)CC4)c(OC)cc23)c(Cl)cc1Cl,AAK1,PKMYT1,5.73,6.52,=,=
CCS(=O)(=O)c1cccc(-c2cc(C(=O)NC3CCN(C)CC3)c(C)c3[nH]c4ncc(C)cc4c23)c1,ABL2,CSNK2A2,6.38,4.54,=,=
CN[C@@H]1C[C@H]2O[C@@](C)([C@@H]1OC)n1c3ccccc3c3c4c(c5c6ccccc6n2c5c31)C(=O)NC4,ACVR1,TSSK2,6.33,8.46,=,=
CCCS(=O)(=O)Nc1ccc(F)c(C(=O)c2c[nH]c3ncc(Cl)cc23)c1F,ABL2,CDK19,5.57,6.16,=,=
CC(C)n1nc(-c2cc3cc(O)ccc3[nH]2)c2c(N)ncnc21,ABL2,TAOK1,5.92,6.89,=,=
CC(=O)NCC(=O)N1C2CCC1c1cc(Nc3ncc(C(F)(F)F)c(NC4CCC4)n3)ccc12,ABL1,PRKAA1,6.6,7.7,=,=
C#Cc1cccc(Nc2ncnc3cc(OCCOC)c(OCCOC)cc23)c1,ABL2,CDK2,6.7,5.94,=,=
C[C@]12O[C@H](C[C@]1(O)CO)n1c3ccccc3c3c4c(c5c6ccccc6n2c5c31)CNC4=O,ACVR1,MAP3K12,7.12,6.08,=,=
CN1C[C@@H]2C[C@H]1CN2c1ccc(-c2ccnc3c(-c4cccc(O)c4)c(-c4ccncc4)nn23)cc1,ABL1,PRKCB,6.25,6.92,=,=
CN[C@@H]1C[C@H]2O[C@@](C)([C@@H]1OC)n1c3ccccc3c3c4c(c5c6ccccc6n2c5c31)C(=O)NC4,ACVR1,INSR,6.33,7.76,=,=
C#Cc1cn(C2CCCC2)c2ncnc(N)c12,ACVR1,GSK3A,6.1,5.4,=,=
CC(=O)NCC(=O)N1[C@@H]2CC[C@H]1c1ccc(Nc3ncc(C(F)(F)F)c(NC4CCC4)n3)cc12,AAK1,MAP3K5,8.05,5.89,=,=
CC(C)n1nc(-c2cc3cc(O)ccc3[nH]2)c2c(N)ncnc21,ACVR1,BMPR2,8.4,7.05,=,=
CCc1nc(C(N)=O)c(Nc2ccc(N3CCC(N4CCN(C)CC4)CC3)c(OC)c2)nc1NC1CCOCC1,ACVR1,CAMK2D,7.41,6.68,=,=
CN[C@@H]1C[C@H]2O[C@@](C)([C@@H]1OC)n1c3ccccc3c3c4c(c5c6ccccc6n2c5c31)C(=O)NC4,ABL2,HIPK2,7.46,6.47,=,=
C#Cc1cccc(Nc2ncnc3cc(OCCOC)c(OCCOC)cc23)c1,ABL1,EPHB6,6.51,5.77,=,=
CN[C@@H]1C[C@H]2O[C@@](C)([C@@H]1OC)n1c3ccccc3c3c4c(c5c6ccccc6n2c5c31)C(=O)NC4,AAK1,CAMK2B,8.92,10.02,=,=
C=CC(=O)Nc1cc2c(Nc3ccc(F)c(Cl)c3)ncnc2cc1OCCCN1CCOCC1,ABL1,MINK1,6.47,5.68,=,=
CN1CCN(c2ccc3nc(-c4c(N)c5c(F)cccc5[nH]c4=O)[nH]c3c2)CC1,AAK1,TYRO3,6.77,5.03,=,=
CC(C)c1cc(CNc2nc(Nc3cc(C4CC4)[nH]n3)cc(N3CCN(C)CC3)n2)on1,ACVR1,CDK16,8.3,5.98,=,=
Cc1ccc(C(=O)Nc2cccc(C(F)(F)F)c2)cc1Nc1nc(-c2cccnc2)nc2nn(C)cc12,ABL2,AKT3,6.17,5.55,=,=
CN1CCN(c2ccc3nc(-c4c(N)c5c(F)cccc5[nH]c4=O)[nH]c3c2)CC1,ABL1,PRKAA2,6.64,6.09,=,=
CC(C)(C)c1ccc2nc(-c3n[nH]c4ccccc34)[nH]c2c1,ABL1,CSNK1G1,6.8,5.8,=,=
CN[C@@H]1C[C@H]2O[C@@](C)([C@@H]1OC)n1c3ccccc3c3c4c(c5c6ccccc6n2c5c31)C(=O)NC4,ABL2,MAPK7,7.46,5.26,=,=
CCN(CC)CCNC(=O)c1c(C)[nH]c(/C=C2\C(=O)Nc3ccc(F)cc32)c1C,ABL2,CIT,6.0,5.41,=,=
Cc1ccc(C(=O)Nc2cccc(C(F)(F)F)c2)cc1Nc1nc(-c2cccnc2)nc2c1cnn2C,ACVR1B,CDK12,7.12,8.99,=,=
C=CC(=O)Nc1cc2c(Nc3ccc(F)c(Cl)c3)ncnc2cc1OCCCN1CCOCC1,ACVR1,KDR,5.77,4.6,=,=
CC1(C)OCC(=O)Nc2cc(Nc3nc(NCC(F)(F)F)c4occc4n3)ccc21,ABL1,WEE1,6.39,5.0,=,=
CN[C@@H]1C[C@H]2O[C@@](C)([C@@H]1OC)n1c3ccccc3c3c4c(c5c6ccccc6n2c5c31)C(=O)NC4,ACVR1,TTK,6.33,7.0,=,=
CN(CCc1ccc(-c2ccccc2)cc1)Cc1cn(C)c2ccc(C(=O)Nc3ccc(F)cc3)cc12,ABL1,MAP3K10,4.16,4.75,=,=
CC(=O)NCC(=O)N1[C@@H]2CC[C@H]1c1ccc(Nc3ncc(C(F)(F)F)c(NC4CCC4)n3)cc12,AAK1,FGFR1,8.05,5.89,=,=
CCCNc1ccc2ncc(-c3ccc4[nH]ncc4c3)n2n1,ABL1,GSG2,6.79,8.7,=,=
CC(=O)NCC(=O)N1C2CCC1c1cc(Nc3ncc(C(F)(F)F)c(NC4CCC4)n3)ccc12,ABL1,CAMK2B,6.6,5.3,=,=
CN(C[C@@H]1COCCO1)S(=O)(=O)Nc1ccc2ccc3ncc(-c4cnn(C)c4)cc3c(=O)c2c1,AAK1,FLT4,5.44,7.11,=,=
Cc1ccc(C(=O)Nc2cccc(C(F)(F)F)c2)cc1Nc1nc(-c2cccnc2)nc2c1cnn2C,ACVR1,CDK13,8.82,4.75,=,=
CCN(CC)CCNC(=O)c1c(C)[nH]c(/C=C2\C(=O)Nc3ccc(F)cc32)c1C,AAK1,FGFR2,7.96,6.24,=,=
CC(=O)c1cnc2ccc(-c3cc(Cl)c(O)c(Cl)c3)nc2c1N[C@H]1CC[C@H](CN(C)C)CC1,ABL2,TNK1,6.73,5.75,=,=
CCN(CC)CCNC(=O)c1c(C)[nH]c(/C=C2\C(=O)Nc3ccc(F)cc32)c1C,AAK1,RPS6KA2,7.96,7.24,=,=
CCN(CC)CCNC(=O)c1c(C)[nH]c(/C=C2\C(=O)Nc3ccc(F)cc32)c1C,ABL2,IRAK1,6.0,7.85,=,=
CCCC(=O)Nc1cccc(-c2nc(Nc3ccc4[nH]ncc4c3)c3cc(OCCN4CCCC4)ccc3n2)c1,ACVR1,ROCK2,5.4,7.81,=,=
CC(C)n1nc(-c2cc3cc(O)ccc3[nH]2)c2c(N)ncnc21,ACVR1,CDK19,8.4,5.6,=,=
CCN1CCN(Cc2ccc(NC(=O)Nc3ccc(Oc4cc(NC)ncn4)cc3)cc2C(F)(F)F)CC1,ABL1,NLK,8.0,6.8,=,=
CC1(C)CNc2cc(NC(=O)c3cccnc3NCc3ccncc3)ccc21,ABL1,MAP4K1,5.41,9.0,=,=
CC(C)(C)c1cc(NC(=O)Nc2ccc(-c3cn4c(n3)sc3cc(OCCN5CCOCC5)ccc34)cc2)no1,ABL1,CSNK1A1,6.04,4.77,=,=
CN[C@@H]1C[C@H]2O[C@@](C)([C@@H]1OC)n1c3ccccc3c3c4c(c5c6ccccc6n2c5c31)C(=O)NC4,AAK1,PLK1,8.92,6.58,=,=
CC(C)n1nc(-c2cc3cc(O)ccc3[nH]2)c2c(N)ncnc21,ABL2,MAP2K1,5.92,7.29,=,=
CC(=O)c1cnc2ccc(-c3cc(Cl)c(O)c(Cl)c3)nc2c1N[C@H]1CC[C@H](CN(C)C)CC1,ACVR1,MAPK14,6.65,7.4,=,=
C#Cc1cccc(Nc2ncnc3cc(OCCOC)c(OCCOC)cc23)c1,ABL1,EIF2AK2,6.51,5.89,=,=
CCN(CC)CCNC(=O)c1c(C)[nH]c(/C=C2\C(=O)Nc3ccc(F)cc32)c1C,ABL2,PRKAA2,6.0,7.05,=,=
CCN(CC)CCNC(=O)c1c(C)[nH]c(/C=C2\C(=O)Nc3ccc(F)cc32)c1C,AAK1,EPHA6,7.96,6.02,=,=
CN[C@@H]1C[C@H]2O[C@@](C)([C@@H]1OC)n1c3ccccc3c3c4c(c5c6ccccc6n2c5c31)C(=O)NC4,ACVR1B,CSNK1E,6.17,7.14,=,=
CCN(CC)CCNC(=O)c1c(C)[nH]c(/C=C2\C(=O)Nc3ccc(F)cc32)c1C,ABL2,TNK2,6.0,5.08,=,=
CC(C)c1cc(CNc2nc(Nc3cc(C4CC4)[nH]n3)cc(N3CCN(C)CC3)n2)on1,ACVR1,EPHA4,8.3,6.78,=,=
CC[C@@H]1C(=O)N(C)c2cnc(Nc3ccc(C(=O)NC4CCN(C)CC4)cc3OC)nc2N1C1CCCC1,AAK1,EIF2AK2,5.55,6.34,=,=
CN[C@@H]1C[C@H]2O[C@@](C)([C@@H]1OC)n1c3ccccc3c3c4c(c5c6ccccc6n2c5c31)C(=O)NC4,ABL1,CDC42BPB,7.04,8.32,=,=
Cc1ccc(C(=O)Nc2cccc(C(F)(F)F)c2)cc1Nc1nc(-c2cccnc2)nc2c1cnn2C,AAK1,MAPK11,5.38,7.73,=,=
C=CC(=O)Nc1cc2c(Nc3ccc(F)c(Cl)c3)ncnc2cc1OCCCN1CCOCC1,ACVR1,ALK,5.77,5.11,=,=
CCN(CC)CCNC(=O)c1c(C)[nH]c(/C=C2\C(=O)Nc3ccc(F)cc32)c1C,AAK1,MELK,7.96,6.46,=,=
CCN1CCN(Cc2ccc(NC(=O)Nc3ccc(Oc4cc(NC)ncn4)cc3)cc2C(F)(F)F)CC1,ABL2,INSR,8.47,5.66,=,=
C=CC(=O)N1CCC[C@@H](n2nc(-c3ccc(Oc4ccccc4)cc3)c3c(N)ncnc32)C1,ABL1,PTK6,7.07,8.12,=,=
CC(C)(C)c1cc(NC(=O)Nc2ccc(-c3cn4c(n3)sc3cc(OCCN5CCOCC5)ccc34)cc2)no1,ABL1,DDR1,6.04,7.09,=,=
CCN(CC)CCNC(=O)c1c(C)[nH]c(/C=C2\C(=O)Nc3ccc(F)cc32)c1C,AAK1,SIK1,7.96,5.5,=,=
CN[C@@H]1C[C@H]2O[C@@](C)([C@@H]1OC)n1c3ccccc3c3c4c(c5c6ccccc6n2c5c31)C(=O)NC4,AAK1,PIP4K2B,8.92,7.11,=,=
CN[C@@H]1C[C@H]2O[C@@](C)([C@@H]1OC)n1c3ccccc3c3c4c(c5c6ccccc6n2c5c31)C(=O)NC4,AAK1,PIK3C2G,8.92,6.37,=,=
C#Cc1cccc(Nc2ncnc3cc(OCCOC)c(OCCOC)cc23)c1,ABL1,STK17A,6.51,5.2,=,=
CN[C@@H]1C[C@H]2O[C@@](C)([C@@H]1OC)n1c3ccccc3c3c4c(c5c6ccccc6n2c5c31)C(=O)NC4,ACVR1,MAPK6,6.33,5.51,=,=
CC(C)n1nc(-c2cc3cc(O)ccc3[nH]2)c2c(N)ncnc21,AAK1,NTRK1,5.8,5.07,=,=
CCN1CCN(Cc2ccc(NC(=O)Nc3ccc(Oc4cc(NC)ncn4)cc3)cc2C(F)(F)F)CC1,ABL1,LATS2,8.0,5.52,=,=
CCS(=O)(=O)c1cccc(-c2cc(C(=O)NC3CCN(C)CC3)c(C)c3[nH]c4ncc(C)cc4c23)c1,ABL2,EPHB3,6.38,5.63,=,=
CC(C)(C)c1nc(-c2cccc(NS(=O)(=O)c3c(F)cccc3F)c2F)c(-c2ccnc(N)n2)s1,ABL2,LIMK1,6.52,7.48,=,=
CC(C)Oc1cc(Nc2nc(NC(C)c3ccc(F)cn3)ncc2Cl)n[nH]1,ACVR1,NTRK3,5.8,8.8,=,=
C#Cc1cccc(Nc2ncnc3cc(OCCOC)c(OCCOC)cc23)c1,ABL1,EPHB4,6.51,5.66,=,=
C=CC(=O)Nc1cc2c(Nc3ccc(F)c(Cl)c3)ncnc2cc1OCCCN1CCOCC1,ABL2,AURKC,6.06,5.55,=,=
CC(C)c1cc(CNc2nc(Nc3cc(C4CC4)[nH]n3)cc(N3CCN(C)CC3)n2)on1,ABL2,SRC,8.1,6.34,=,=
CC1(C)C(=O)N([C@H]2CCc3c(O)cccc32)c2nc(Nc3ccccc3)ncc21,ABL1,PKN1,5.94,5.0,=,=
CC(=O)NCC(=O)N1C2CCC1c1cc(Nc3ncc(C(F)(F)F)c(NC4CCC4)n3)ccc12,ACVR1,MET,6.4,7.5,=,=
CCN(CC)CCNC(=O)c1c(C)[nH]c(/C=C2\C(=O)Nc3ccc(F)cc32)c1C,AAK1,PAK4,7.96,5.95,=,=
CN1CCN(c2ccc3nc(-c4c(N)c5c(F)cccc5[nH]c4=O)[nH]c3c2)CC1,ABL2,NEK7,5.98,5.25,=,=
CC(C)(C)c1nc(-c2cccc(NS(=O)(=O)c3c(F)cccc3F)c2F)c(-c2ccnc(N)n2)s1,ABL2,PRKD2,6.52,7.47,=,=
C#Cc1cccc(Nc2ncnc3cc(OCCOC)c(OCCOC)cc23)c1,ABL1,MAPK9,6.51,5.55,=,=
CO[C@@H]1[C@H](N(C)CCOCCOCCOCCNC(=O)CCC2=[N+]3C(=Cc4c(C)cc(C)n4[B-]3(F)F)C=C2)C[C@H]2O[C@]1(C)n1c3ccccc3c3c4c(c5c6ccccc6n2c5c31)C(=O)NC4,ABL2,PDPK1,6.02,8.1,=,=
CC(C)n1nc(-c2cc3cc(O)ccc3[nH]2)c2c(N)ncnc21,AAK1,CSNK1D,5.8,6.5,=,=
CC(C)n1nc(-c2cc3cc(O)ccc3[nH]2)c2c(N)ncnc21,ABL2,LCK,5.92,6.7,=,=
O=C(Nc1c[nH]nc1-c1nc2ccc(CN3CCOCC3)cc2[nH]1)NC1CC1,ACVR1,GRK6,7.11,4.87,=,=
COC(=O)c1ccc2c(c1)NC(=O)/C2=C(\Nc1ccc(N(C)C(=O)CN2CCN(C)CC2)cc1)c1ccccc1,ABL2,DCLK1,5.7,6.27,=,=
CN[C@@H]1C[C@H]2O[C@@](C)([C@@H]1OC)n1c3ccccc3c3c4c(c5c6ccccc6n2c5c31)C(=O)NC4,ACVR1B,CHUK,6.17,7.13,=,=
CN[C@@H]1C[C@H]2O[C@@](C)([C@@H]1OC)n1c3ccccc3c3c4c(c5c6ccccc6n2c5c31)C(=O)NC4,ACVR1,PBK,6.33,7.26,=,=
CC(C)c1cc(CNc2nc(Nc3cc(C4CC4)[nH]n3)cc(N3CCN(C)CC3)n2)on1,AAK1,PRKD2,6.86,5.86,=,=
CN(C)CC(=O)N1CCC(c2ccc(NC(=O)c3nc(C#N)c[nH]3)c(C3=CCCCC3)c2)CC1.Cl,ABL1,GRK1,6.41,5.77,=,=
CCn1cc(-c2ccc3c(c2)CCN3C(=O)Cc2cccc(OC(F)(F)F)c2)c2c(N)ncnc21,ABL1,RIPK1,6.47,8.16,=,=
CCN(CC)CCNC(=O)c1c(C)[nH]c(/C=C2\C(=O)Nc3ccc(F)cc32)c1C,ABL2,MAP2K2,6.0,6.96,=,=
Cc1ccc(C(=O)Nc2cccc(C(F)(F)F)c2)cc1Nc1nc(-c2cccnc2)nc2c1cnn2C,ABL1,PGK1,6.04,5.28,=,=
CN1CCN(c2ccc3nc(-c4c(N)c5c(F)cccc5[nH]c4=O)[nH]c3c2)CC1,ACVR1,RPS6KB1,5.9,6.62,=,=
CCN1CCN(Cc2ccc(NC(=O)c3ccc(C)c(Oc4ccnc5[nH]ccc45)c3)cc2C(F)(F)F)CC1,ABL2,EPHB4,7.12,6.0,=,=
CN1CC[C@H](c2c(O)cc(O)c3c(=O)cc(-c4ccccc4Cl)oc23)[C@H](O)C1,ABL1,EIF2AK1,5.79,6.65,=,=
CCN1CCN(Cc2ccc(-c3cc4c(N[C@H](C)c5ccccc5)ncnc4[nH]3)cc2)CC1,ACVR1,ERBB2,4.79,8.22,=,=
Cc1ccc(C(=O)Nc2cccc(C(F)(F)F)c2)cc1Nc1nc(-c2cccnc2)nc2c1cnn2C,ACVR1B,CDK6,7.12,5.14,=,=
C#Cc1cccc(Nc2ncnc3cc(OCCOC)c(OCCOC)cc23)c1,ABL2,BRAF,6.7,7.22,=,=
CN(C)CC(=O)N1CCC(c2ccc(NC(=O)c3nc(C#N)c[nH]3)c(C3=CCCCC3)c2)CC1.Cl,ACVR1,MAP2K4,6.41,5.47,=,=
CC[C@@H]1C(=O)N(C)c2cnc(Nc3ccc(C(=O)NC4CCN(C)CC4)cc3OC)nc2N1C1CCCC1,AAK1,PLK2,5.55,8.46,=,=
CC(C)(C)c1ccc2nc(-c3n[nH]c4ccccc34)[nH]c2c1,ABL1,RPS6KA3,6.8,6.1,=,=
Cc1[nH]c(/C=C2\C(=O)Nc3ccc(F)cc32)c(C)c1C(=O)NC[C@H](O)CN1CCOCC1,ABL1,MAPKAPK5,6.06,5.55,=,=
CCOc1cc2ncc(C#N)c(Nc3ccc(F)c(Cl)c3)c2cc1NC(=O)/C=C/CN(C)C,AAK1,WEE1,5.46,6.11,=,=
C[C@]12O[C@H](C[C@]1(O)CO)n1c3ccccc3c3c4c(c5c6ccccc6n2c5c31)CNC4=O,ACVR1,PIK3CB,7.12,5.17,=,=
CC(O)Cn1cc(-c2cnc(N)c3c(-c4ccc(NC(=O)Nc5cccc(F)c5)cc4)csc23)cn1,ABL1,MELK,9.1,5.9,=,=
CC(C)n1nc(-c2cc3cc(O)ccc3[nH]2)c2c(N)ncnc21,ABL2,ACVR1,5.92,8.4,=,=
CCN(CC)CCNC(=O)c1c(C)[nH]c(/C=C2\C(=O)Nc3ccc(F)cc32)c1C,ABL2,MAP4K5,6.0,7.25,=,=
CCN(CC)CCNC(=O)c1c(C)[nH]c(/C=C2\C(=O)Nc3ccc(F)cc32)c1C,ABL2,NUAK1,6.0,7.32,=,=
CCOc1cc2ncc(C#N)c(Nc3ccc(F)c(Cl)c3)c2cc1NC(=O)/C=C/CN(C)C,ABL2,FES,6.62,5.24,=,=
CN[C@@H]1C[C@H]2O[C@@](C)([C@@H]1OC)n1c3ccccc3c3c4c(c5c6ccccc6n2c5c31)C(=O)NC4,ACVR1,CSNK1G1,6.33,5.13,=,=
C1=N/C2=N/c3ccc(OCCN4CCCC4)c(c3)COC/C=C/COCc3cccc(c3)C(=C1)N2,ACVR1,CDK9,7.66,6.0,=,=
CC(C)n1nc(-c2cc3cc(O)ccc3[nH]2)c2c(N)ncnc21,ABL2,FLT4,5.92,6.62,=,=
CC(=O)NCC(=O)N1C2CCC1c1cc(Nc3ncc(C(F)(F)F)c(NC4CCC4)n3)ccc12,ABL1,TYK2,6.6,7.9,=,=
C1=N/C2=N/c3ccc(OCCN4CCCC4)c(c3)COC/C=C/COCc3cccc(c3)C(=C1)N2,AAK1,TBK1,7.38,4.3,=,=
CC(C)n1nc(-c2cc3cc(O)ccc3[nH]2)c2c(N)ncnc21,AAK1,EPHB6,5.8,5.05,=,=
CC(=O)NCC(=O)N1C2CCC1c1cc(Nc3ncc(C(F)(F)F)c(NC4CCC4)n3)ccc12,ACVR1,CHEK2,6.4,7.3,=,=
CC[C@@](C)(Nc1ccnc(-c2c[nH]c3ncccc23)n1)C(=O)NCC(F)(F)F,ABL2,PKN1,5.15,4.3,=,=
CN1CCN(c2ccc3nc(-c4c(N)c5c(F)cccc5[nH]c4=O)[nH]c3c2)CC1,ABL2,FGFR4,5.98,5.37,=,=
CCN(CC)CCNC(=O)c1c(C)[nH]c(/C=C2\C(=O)Nc3ccc(F)cc32)c1C,AAK1,PLK2,7.96,5.33,=,=
CCN1CCN(Cc2ccc(NC(=O)Nc3ccc(Oc4cc(NC)ncn4)cc3)cc2C(F)(F)F)CC1,ABL1,CSNK1G3,8.0,7.01,=,=
CC(=O)NCC(=O)N1C2CCC1c1cc(Nc3ncc(C(F)(F)F)c(NC4CCC4)n3)ccc12,ACVR1,LTK,6.4,7.4,=,=
CC(C)n1nc(-c2cc(F)c(C=O)c(F)c2)c2c(N)ncnc21,ABL1,MTOR,5.89,4.52,=,=
CC(=O)c1cnc2ccc(-c3cc(Cl)c(O)c(Cl)c3)nc2c1N[C@H]1CC[C@H](CN(C)C)CC1,AAK1,TAOK1,6.76,7.77,=,=
CC[C@@](C)(Nc1ccnc(-c2c[nH]c3ncccc23)n1)C(=O)NCC(F)(F)F,AAK1,CDC42BPB,5.37,6.94,=,=
CC(=O)NCC(=O)N1C2CCC1c1cc(Nc3ncc(C(F)(F)F)c(NC4CCC4)n3)ccc12,ABL1,INSR,6.6,7.6,=,=
COC(=O)c1ccc2c(c1)NC(=O)/C2=C(\Nc1ccc(N(C)C(=O)CN2CCN(C)CC2)cc1)c1ccccc1,ACVR1,CHUK,6.04,5.35,=,=
C#Cc1cccc(Nc2ncnc3cc(OCCOC)c(OCCOC)cc23)c1,AAK1,BUB1,5.92,6.95,=,=
C=CC(=O)N1CCC[C@@H](n2nc(-c3ccc(Oc4ccccc4)cc3)c3c(N)ncnc32)C1,ABL1,CSK,7.07,8.64,=,=
CCN(CC)CCNC(=O)c1c(C)[nH]c(/C=C2\C(=O)Nc3ccc(F)cc32)c1C,ABL2,AURKC,6.0,6.66,=,=
CC(=O)c1c(C)c2cnc(Nc3ccc(N4CCNCC4)cn3)nc2n(C2CCCC2)c1=O,AAK1,CSNK2B,5.38,6.35,=,=
CNC(=O)c1nn(C)c2c1C(C)(C)Cc1cnc(Nc3ccc(N4CCN(C)CC4)cc3)nc1-2,AAK1,CSNK1E,5.13,6.41,=,=
C=CCn1nc(-c2ccc(OCC)c(OC)c2)c2c(N)ncnc21,ABL1,PIK3CB,4.84,5.61,=,=
CC(=O)c1cccc(-c2nn(C(C)C)c3ncnc(N)c23)c1,ABL1,PIK3CG,4.8,5.92,=,=
CC(N)C1CCC(C(=O)Nc2ccnc3[nH]ccc23)CC1,ACVR1,PBK,6.0,5.3,=,=
CCN1CCN(Cc2ccc(NC(=O)Nc3ccc(Oc4cc(NC)ncn4)cc3)cc2C(F)(F)F)CC1,ABL2,STK33,8.47,5.92,=,=
CC(C)n1nc(-c2cc3cc(O)ccc3[nH]2)c2c(N)ncnc21,ABL2,MKNK1,5.92,5.17,=,=
CCOc1cc2ncc(C#N)c(Nc3ccc(F)c(Cl)c3)c2cc1NC(=O)/C=C/CN(C)C,ABL2,CLK3,6.62,5.46,=,=
CC(=O)NCC(=O)N1[C@@H]2CC[C@H]1c1ccc(Nc3ncc(C(F)(F)F)c(NC4CCC4)n3)cc12,AAK1,STK16,8.05,5.91,=,=
CC(=O)Nc1ccc(-c2ccc(NCC(=O)Nc3ccc(CN4CCNCC4)c(C(F)(F)F)c3)cc2)cn1,ABL1,MKNK2,6.62,7.5,=,=
CC(C)n1nc(-c2cc3cc(O)ccc3[nH]2)c2c(N)ncnc21,ACVR1,JAK3,8.4,7.07,=,=
CNC1CC2OC(C)(C1OC)n1c3ccccc3c3c4c(c5c6ccccc6n2c5c31)C(=O)NC4,ACVR1,MAPK1,7.2,6.3,=,=
C#Cc1cccc(Nc2ncnc3cc(OCCOC)c(OCCOC)cc23)c1,ABL1,TYRO3,6.51,5.41,=,=
CN(C)CC(=O)N1CCC(c2ccc(NC(=O)c3nc(C#N)c[nH]3)c(C3=CCCCC3)c2)CC1.Cl,AAK1,DCLK1,6.28,5.08,=,=
COC(=O)[C@@]1(O)C[C@H]2O[C@]1(C)n1c3ccccc3c3c4c(c5c6ccccc6n2c5c31)C(=O)NC4,ACVR1B,CHEK1,4.82,6.91,=,=
COc1ccc(NC(=O)Nc2ccc(-c3csc4c(-c5cnn(CC(C)(C)O)c5)cnc(N)c34)cc2)cc1,ACVR1,PBK,6.7,5.1,=,=
CC(O)Cn1cc(-c2cnc(N)c3c(-c4ccc(NC(=O)Nc5cccc(F)c5)cc4)csc23)cn1,ABL1,FES,9.1,6.3,=,=
CCc1nc(C(N)=O)c(Nc2ccc(N3CCC(N4CCN(C)CC4)CC3)c(OC)c2)nc1NC1CCOCC1,AAK1,RPS6KA1,7.6,5.46,=,=
CC1(C)CNc2cc(NC(=O)c3cccnc3NCc3ccncc3)ccc21,ABL2,MAP3K20,5.35,8.1,=,=
CCS(=O)(=O)N1CC(CC#N)(n2cc(-c3ncnc4[nH]ccc34)cn2)C1,AAK1,CAMK2G,8.09,6.61,=,=
CC(C)(C)c1nc(-c2cccc(NS(=O)(=O)c3c(F)cccc3F)c2F)c(-c2ccnc(N)n2)s1,ABL1,RIPK3,5.81,6.6,=,=
CCc1c(-c2ccc(C(C)(C)O)cc2)[nH]c2nccnc12,ACVR1,CDK2,7.4,6.6,=,=
C#Cc1cccc(Nc2ncnc3cc(OCCOC)c(OCCOC)cc23)c1,AAK1,PDGFRB,5.92,4.91,=,=
C=CC(=O)Nc1cc2c(Nc3ccc(F)c(Cl)c3)ncnc2cc1OCCCN1CCOCC1,ABL1,MET,6.47,5.51,=,=
CN1CCC(NC(=O)c2cnc(NCc3cc(Cl)ccc3Cl)nc2NC2CCCC2)CC1,ABL1,IKBKB,5.5,4.52,=,=
Cc1ccc(C(=O)Nc2cccc(C(F)(F)F)c2)cc1Nc1nc(-c2cccnc2)nc2c1cnn2C,ACVR1,DCK,8.82,5.3,=,=
CN1CCN(c2ccc3nc(-c4c(N)c5c(F)cccc5[nH]c4=O)[nH]c3c2)CC1,ABL2,SRPK2,5.98,6.54,=,=
CC(C)(C)c1cc(NC(=O)Nc2ccc(-c3cn4c(n3)sc3cc(OCCN5CCOCC5)ccc34)cc2)no1,ABL1,RIPK2,6.04,5.29,=,=
O=C(c1ccc(/C=C/c2n[nH]c3ccccc23)cc1)N1CCNCC1,ACVR1,EIF2AK2,6.85,5.44,=,=
Cc1ccc(C(=O)Nc2cccc(C(F)(F)F)c2)cc1Nc1nc(-c2cccnc2)nc2c1cnn2C,ACVR1B,CIT,7.12,6.11,=,=
CC[C@@H]1C(=O)N(C)c2cnc(Nc3ccc(C(=O)NC4CCN(C)CC4)cc3OC)nc2N1C1CCCC1,AAK1,RPS6KA2,5.55,6.16,=,=
CC(C)(C)c1ccc2nc(-c3n[nH]c4ccccc34)[nH]c2c1,ABL1,PDPK1,6.8,5.8,=,=
CC(Oc1cc(-c2cnn(C3CCNCC3)c2)cnc1N)c1c(Cl)ccc(F)c1Cl,ACVR1,FES,6.35,7.3,=,=
CN1CCN(c2ccc3nc(-c4c(N)c5c(F)cccc5[nH]c4=O)[nH]c3c2)CC1,ABL2,MAP3K9,5.98,5.0,=,=
CN[C@@H]1C[C@H]2O[C@@](C)([C@@H]1OC)n1c3ccccc3c3c4c(c5c6ccccc6n2c5c31)C(=O)NC4,AAK1,EPHA8,8.92,6.79,=,=
CC(C)(C)n1nc(-c2ccc(Cl)cc2)c2c(N)ncnc21,ACVR1,MAP2K2,7.2,6.4,=,=
CC(=O)c1c(C)c2cnc(Nc3ccc(N4CCNCC4)cn3)nc2n(C2CCCC2)c1=O,AAK1,CDK9,5.38,6.05,=,=
CC(C)n1nc(-c2cc3cc(O)ccc3[nH]2)c2c(N)ncnc21,AAK1,MAP3K19,5.8,8.29,=,=
CC(=O)NCC(=O)N1C2CCC1c1cc(Nc3ncc(C(F)(F)F)c(NC4CCC4)n3)ccc12,ABL1,NTRK3,6.6,7.4,=,=
CC(C)n1nc(-c2cc3cc(O)ccc3[nH]2)c2c(N)ncnc21,ABL2,RPS6KA3,5.92,6.7,=,=
CCN(CC)CCNC(=O)c1c(C)[nH]c(/C=C2\C(=O)Nc3ccc(F)cc32)c1C,AAK1,MAP3K13,7.96,7.02,=,=
CC(N)C1CCC(C(=O)Nc2ccnc3[nH]ccc23)CC1,ACVR1,PRKCQ,6.0,8.1,=,=
CC(C)(C)n1nc(-c2ccc(Cl)cc2)c2c(N)ncnc21,ACVR1,LCK,7.2,5.02,=,=
CNC(=O)c1cc(Oc2ccc(NC(=O)Nc3cc(C(C)(C)C)nn3-c3ccc4ncccc4c3)c(F)c2)ccn1,ABL2,TAOK3,6.87,4.85,=,=
C#CCN1C[C@H]2C[C@@]2(c2ccc(-c3cnc(N)c(C(=O)N[C@H]4CC[C@H](O)CC4)c3)cc2)C1,ACVR1,ACVRL1,7.86,6.85,=,=
CCN1CCN(Cc2ccc(NC(=O)Nc3ccc(Oc4cc(NC)ncn4)cc3)cc2C(F)(F)F)CC1,ABL2,FGFR4,8.47,5.85,=,=
CCN(CC)CCNC(=O)c1c(C)[nH]c(/C=C2\C(=O)Nc3ccc(F)cc32)c1C,AAK1,RPS6KB1,7.96,7.01,=,=
CN(C)CC(=O)N1CCC(c2ccc(NC(=O)c3nc(C#N)c[nH]3)c(C3=CCCCC3)c2)CC1.Cl,ACVR1B,CLK2,8.0,6.03,=,=
CN(C)CC(=O)N1CCC(c2ccc(NC(=O)c3nc(C#N)c[nH]3)c(C3=CCCCC3)c2)CC1.Cl,AAK1,TTK,6.28,7.47,=,=
CCN(CC)CCNC(=O)c1c(C)[nH]c(/C=C2\C(=O)Nc3ccc(F)cc32)c1C,AAK1,STK24,7.96,7.2,=,=
CC(C)(C)n1nc(-c2ccc(Cl)cc2)c2c(N)ncnc21,ACVR1,BTK,7.2,6.2,=,=
C#Cc1cccc(Nc2ncnc3cc(OCCOC)c(OCCOC)cc23)c1,ABL1,EIF2AK4,6.51,5.36,=,=
CC1(C)OCC(=O)Nc2cc(Nc3nc(NCC(F)(F)F)c4occc4n3)ccc21,ABL1,TAOK2,6.39,5.07,=,=
CN[C@@H]1C[C@H]2O[C@@](C)([C@@H]1OC)n1c3ccccc3c3c4c(c5c6ccccc6n2c5c31)C(=O)NC4,AAK1,CHEK2,8.92,8.04,=,=
CC(C)n1nc(-c2cc3cc(O)ccc3[nH]2)c2c(N)ncnc21,ABL1,STK17B,6.82,5.5,=,=
C#Cc1cccc(Nc2ncnc3cc(OCCOC)c(OCCOC)cc23)c1,ABL1,TTK,6.51,5.43,=,=
COc1cc(N2CCC(N3CCN(C)CC3)CC2)ccc1Nc1ncc(Cl)c(Nc2ccccc2S(=O)(=O)C(C)C)n1,ACVR1B,CAMK2B,7.01,5.91,=,=
CCN(CC)CCNC(=O)c1c(C)[nH]c(/C=C2\C(=O)Nc3ccc(F)cc32)c1C,ABL2,MATK,6.0,5.11,=,=
CCN(CC)CCNC(=O)c1c(C)[nH]c(/C=C2\C(=O)Nc3ccc(F)cc32)c1C,AAK1,MARK3,7.96,6.39,=,=
CCOc1cc2ncc(C#N)c(Nc3ccc(F)c(Cl)c3)c2cc1NC(=O)/C=C/CN(C)C,ABL2,PHKG2,6.62,5.6,=,=
CC(C)C[C@@H](N)C(=O)Nc1ccc(-c2cnco2)c(OC(F)F)c1,AAK1,GSG2,7.92,6.04,=,=
Cc1ccc(C(=O)Nc2cccc(C(F)(F)F)c2)cc1Nc1nc(-c2cccnc2)nc2nn(C)cc12,ABL2,GRK6,6.17,5.62,=,=
CCN1CCN(Cc2ccc(NC(=O)Nc3ccc(Oc4cc(NC)ncn4)cc3)cc2C(F)(F)F)CC1,ABL2,MST1R,8.47,6.32,=,=
C#CCN1C[C@H]2C[C@@]2(c2ccc(-c3cnc(N)c(C(=O)N[C@H]4CC[C@H](O)CC4)c3)cc2)C1,ACVR1,BMPR1B,7.86,5.46,=,=
COc1cc(Nc2c(C#N)cnc3cc(OCCCN4CCN(C)CC4)c(OC)cc23)c(Cl)cc1Cl,ABL1,NLK,9.0,5.66,=,=
CC(C)n1nc(-c2cc3cc(O)ccc3[nH]2)c2c(N)ncnc21,ACVR1,ERBB2,8.4,5.54,=,=
CC(C)n1nc(-c2cc3cc(O)ccc3[nH]2)c2c(N)ncnc21,ABL1,STK16,6.82,5.4,=,=
CN[C@@H]1C[C@H]2O[C@@](C)([C@@H]1OC)n1c3ccccc3c3c4c(c5c6ccccc6n2c5c31)C(=O)NC4,AAK1,CSK,8.92,7.16,=,=
CC(=O)c1cnc2ccc(-c3cc(Cl)c(O)c(Cl)c3)nc2c1N[C@H]1CC[C@H](CN(C)C)CC1,ABL2,RET,6.73,7.55,=,=
C#Cc1cccc(Nc2ncnc3cc(OCCOC)c(OCCOC)cc23)c1,AAK1,BRAF,5.92,7.22,=,=
C1=N/C2=N/c3ccc(OCCN4CCCC4)c(c3)COC/C=C/COCc3cccc(c3)C(=C1)N2,AAK1,JAK1,7.38,5.89,=,=
Cc1ccc(C(=O)Nc2cccc(C(F)(F)F)c2)cc1Nc1nc(-c2cccnc2)nc2c1cnn2C,AAK1,CDC7,5.38,8.93,=,=
C#Cc1cccc(Nc2ncnc3cc(OCCOC)c(OCCOC)cc23)c1,ABL2,SIK2,6.7,5.58,=,=
CCS(=O)(=O)N1CCN(c2ccc(Nc3ncc(C(N)=O)c(NC4CC4)n3)cc2)CC1.Cl,AAK1,SIK3,9.0,4.87,=,=
CN[C@@H]1C[C@H]2O[C@@](C)([C@@H]1OC)n1c3ccccc3c3c4c(c5c6ccccc6n2c5c31)C(=O)NC4,AAK1,NTRK3,8.92,9.66,=,=
CCc1nc(C(N)=O)c(Nc2ccc(N3CCC(N4CCN(C)CC4)CC3)c(OC)c2)nc1NC1CCOCC1,ACVR1,NEK2,7.41,6.61,=,=
CC(=O)c1cnc2ccc(-c3cc(Cl)c(O)c(Cl)c3)nc2c1N[C@H]1CC[C@H](CN(C)C)CC1,ABL2,MAP2K5,6.73,7.24,=,=
C=CCc1cccc2c(=NO)cc(-c3ccccc3)oc12,ACVR1,LRRK2,5.9,6.8,=,=
CN1CC[C@H](c2c(O)cc(O)c3c(=O)cc(-c4ccccc4Cl)oc23)[C@H](O)C1,ACVR1,CDK19,5.72,7.24,=,=
CCN1CCN(Cc2ccc(NC(=O)Nc3ccc(Oc4cc(NC)ncn4)cc3)cc2C(F)(F)F)CC1,ABL2,CDK13,8.47,9.03,=,=
CC(=O)NCC(=O)N1C2CCC1c1cc(Nc3ncc(C(F)(F)F)c(NC4CCC4)n3)ccc12,ABL1,FLT1,6.6,8.0,=,=
CCS(=O)(=O)N1CCN(c2ccc(Nc3ncc(C(N)=O)c(NC4CC4)n3)cc2)CC1.Cl,AAK1,MAP3K5,9.0,6.54,=,=
CC1(C)C(=O)N([C@H]2CCc3c(O)cccc32)c2nc(Nc3ccccc3)ncc21,ACVR1B,CSF1R,5.0,7.92,=,=
CC(=O)c1cnc2ccc(-c3cc(Cl)c(O)c(Cl)c3)nc2c1N[C@H]1CC[C@H](CN(C)C)CC1,ABL2,PIM1,6.73,7.85,=,=
CC(C)n1nc(-c2cc3cc(O)ccc3[nH]2)c2c(N)ncnc21,ACVR1,RIOK2,8.4,5.04,=,=
C#Cc1cccc(Nc2ncnc3ccc(OCc4ccc(C(=O)Nc5ccccc5N)cc4)cc23)c1,ABL1,EGFR,5.16,7.11,=,=
CCc1nc(C(N)=O)c(Nc2ccc(N3CCC(N4CCN(C)CC4)CC3)c(OC)c2)nc1NC1CCOCC1,AAK1,LTK,7.6,9.46,=,=
CC(=O)NCC(=O)N1C2CCC1c1cc(Nc3ncc(C(F)(F)F)c(NC4CCC4)n3)ccc12,ACVR1,PIM3,6.4,5.1,=,=
CC(C)n1nc(-c2cc3cc(O)ccc3[nH]2)c2c(N)ncnc21,AAK1,MINK1,5.8,6.75,=,=
CCN(CC)CCNC(=O)c1c(C)[nH]c(/C=C2\C(=O)Nc3ccc(F)cc32)c1C,AAK1,CSF1R,7.96,6.95,=,=
CCN1CCN(Cc2ccc(Nc3ncc(F)c(-c4cc(F)c5nc(C)n(C(C)C)c5c4)n3)nc2)CC1,AAK1,HIPK2,6.99,7.51,=,=
CCN(CC)CCNC(=O)c1c(C)[nH]c(/C=C2\C(=O)Nc3ccc(F)cc32)c1C,AAK1,RIOK2,7.96,7.31,=,=
CN(C[C@@H]1COCCO1)S(=O)(=O)Nc1ccc2ccc3ncc(-c4cnn(C)c4)cc3c(=O)c2c1,AAK1,NTRK2,5.44,7.21,=,=
CCN(CC)CCNC(=O)c1c(C)[nH]c(/C=C2\C(=O)Nc3ccc(F)cc32)c1C,ABL2,PIK3CD,6.0,4.92,=,=
CCN1CCN(Cc2ccc(NC(=O)Nc3ccc(Oc4cc(NC)ncn4)cc3)cc2C(F)(F)F)CC1,ABL2,ROCK2,8.47,6.36,=,=
C=CCn1c(=O)c2cnc(Nc3ccc(N4CCN(C)CC4)cc3)nc2n1-c1cccc(C(C)(C)O)n1,ABL1,MAP4K4,6.5,5.8,=,=
CC(C)c1cc(CNc2nc(Nc3cc(C4CC4)[nH]n3)cc(N3CCN(C)CC3)n2)on1,ABL1,PRKAA1,7.85,6.42,=,=
CCN(CC)CCNC(=O)c1c(C)[nH]c(/C=C2\C(=O)Nc3ccc(F)cc32)c1C,AAK1,LRRK2,7.96,7.4,=,=
CN[C@@H]1C[C@H]2O[C@@](C)([C@@H]1OC)n1c3ccccc3c3c4c(c5c6ccccc6n2c5c31)C(=O)NC4,ACVR1,STK39,6.33,7.61,=,=
C#Cc1cn(C2CCCC2)c2ncnc(N)c12,ACVR1,CLK4,6.1,8.2,=,=
CN(C)C[C@@H]1CCn2cc(c3ccccc32)C2=C(C(=O)NC2=O)c2cn(c3ccccc23)CCO1,AAK1,PIM3,6.05,7.92,=,=
CCOc1cc2ncc(C#N)c(Nc3ccc(OCc4ccccn4)c(Cl)c3)c2cc1NC(=O)/C=C/CN(C)C,ABL1,EIF2AK4,5.19,7.02,=,=
CO[C@@H]1[C@H](N(C)CCOCCOCCOCCNC(=O)CCC2=[N+]3C(=Cc4c(C)cc(C)n4[B-]3(F)F)C=C2)C[C@H]2O[C@]1(C)n1c3ccccc3c3c4c(c5c6ccccc6n2c5c31)C(=O)NC4,ABL2,CAMK2B,6.02,7.92,=,=
CC(C)n1nc(-c2cc3cc(O)ccc3[nH]2)c2c(N)ncnc21,AAK1,ULK3,5.8,5.0,=,=
CC(=O)NCC(=O)N1[C@@H]2CC[C@H]1c1ccc(Nc3ncc(C(F)(F)F)c(NC4CCC4)n3)cc12,AAK1,MET,8.05,5.98,=,=
CCN(CC)CCNC(=O)c1c(C)[nH]c(/C=C2\C(=O)Nc3ccc(F)cc32)c1C,AAK1,PRKD2,7.96,6.42,=,=
CC(C)(C)c1cc(NC(=O)Nc2ccc(-c3cn4c(n3)sc3cc(OCCN5CCOCC5)ccc34)cc2)no1,ABL1,MAPK12,6.04,5.1,=,=
CC(=O)NCC(=O)N1C2CCC1c1cc(Nc3ncc(C(F)(F)F)c(NC4CCC4)n3)ccc12,ABL1,FES,6.6,7.9,=,=
CCN(CC)CCNC(=O)c1c(C)[nH]c(/C=C2\C(=O)Nc3ccc(F)cc32)c1C,ABL2,CDK5,6.0,5.16,=,=
CN(C)CC(=O)N1CCC(c2ccc(NC(=O)c3nc(C#N)c[nH]3)c(C3=CCCCC3)c2)CC1.Cl,AAK1,MINK1,6.28,7.09,=,=
CC(C)c1cc(CNc2nc(Nc3cc(C4CC4)[nH]n3)cc(N3CCN(C)CC3)n2)on1,ACVR1,MARK2,8.3,6.71,=,=
CN[C@@H]1C[C@H]2O[C@@](C)([C@@H]1OC)n1c3ccccc3c3c4c(c5c6ccccc6n2c5c31)C(=O)NC4,ABL2,PLK2,7.46,6.44,=,=
CN(C)CC(=O)N1CCC(c2ccc(NC(=O)c3nc(C#N)c[nH]3)c(C3=CCCCC3)c2)CC1.Cl,AAK1,MERTK,6.28,7.07,=,=
C#Cc1cccc(Nc2ncnc3cc(OCCOC)c(OCCOC)cc23)c1,ABL2,MAPK10,6.7,5.37,=,=
C=CC(=O)Nc1cc2c(Nc3ccc(F)c(Cl)c3)ncnc2cc1OCCCN1CCOCC1,ABL1,MAP2K2,6.47,5.8,=,=
C=CC(=O)Nc1cc2c(Nc3ccc(F)c(Cl)c3)ncnc2cc1OCCCN1CCOCC1,ABL1,PDGFRA,6.47,5.28,=,=
CCN(CC)CCNC(=O)c1c(C)[nH]c(/C=C2\C(=O)Nc3ccc(F)cc32)c1C,AAK1,EPHB4,7.96,5.58,=,=
COc1ccc(F)c(F)c1C(=O)c1cnc(NC2CCN(S(C)(=O)=O)CC2)nc1N,ABL1,CDK13,5.55,6.96,=,=
CCN1CCN(Cc2ccc(-c3cc4c(N[C@H](C)c5ccccc5)ncnc4[nH]3)cc2)CC1,ABL1,LIMK2,5.96,4.66,=,=
CN[C@@H]1C[C@H]2O[C@@](C)([C@@H]1OC)n1c3ccccc3c3c4c(c5c6ccccc6n2c5c31)C(=O)NC4,ABL1,TLK2,7.04,8.12,=,=
CC(=O)NCC(=O)N1[C@@H]2CC[C@H]1c1ccc(Nc3ncc(C(F)(F)F)c(NC4CCC4)n3)cc12,ABL1,ULK3,5.6,7.72,=,=
COC(=O)[C@@]1(O)C[C@H]2O[C@]1(C)n1c3ccccc3c3c4c(c5c6ccccc6n2c5c31)C(=O)NC4,ACVR1B,CDK6,4.82,6.4,=,=
CC(C)n1nc(-c2cc3cc(O)ccc3[nH]2)c2c(N)ncnc21,ABL1,EPHB1,6.82,5.72,=,=
CCN(CC)CCNC(=O)c1c(C)[nH]c(/C=C2\C(=O)Nc3ccc(F)cc32)c1C,ABL1,SIK1,6.14,5.5,=,=
CNC1CC2OC(C)(C1OC)n1c3ccccc3c3c4c(c5c6ccccc6n2c5c31)C(=O)NC4,ACVR1,PAK1,7.2,8.3,=,=
CCN1CCN(c2ccc(Nc3ncc(Cl)c(Nc4ccc5[nH]ncc5c4)n3)cc2)CC1,ACVR1,CDK19,6.9,6.0,=,=
CC(C)(C)c1ccc2nc(-c3n[nH]c4ccccc34)[nH]c2c1,ABL1,CSNK2A1,6.8,5.9,=,=
CCc1nc(C(N)=O)c(Nc2ccc(N3CCC(N4CCN(C)CC4)CC3)c(OC)c2)nc1NC1CCOCC1,ACVR1,CIT,7.41,5.63,=,=
CC1(C)CNc2cc(NC(=O)c3cccnc3NCc3ccncc3)ccc21,ABL2,RAF1,5.35,6.06,=,=
CC(C)c1c2cc(-c3ccnc(Nc4ccc5c(N6CCN(C)CC6)ccnc5c4)n3)ccc2nn1C,ACVR1,PRKCA,6.73,8.2,=,=
C#Cc1cccc(Nc2ncnc3cc(OCCOC)c(OCCOC)cc23)c1,ABL2,JAK2,6.7,5.42,=,=
CC(=O)NCC(=O)N1[C@@H]2CC[C@H]1c1ccc(Nc3ncc(C(F)(F)F)c(NC4CCC4)n3)cc12,AAK1,RPS6KA3,8.05,5.86,=,=
C=CC(=O)N1CCC[C@@H](n2nc(-c3ccc(Oc4ccccc4)cc3)c3c(N)ncnc32)C1,ABL2,SRC,6.04,7.01,=,=
Cn1c(=O)n(-c2ccc(C(C)(C)C#N)cc2)c2c3cc(-c4cnc5ccccc5c4)ccc3ncc21,ACVR1,PIK3C2B,5.9,7.36,=,=
CC(C)(C)c1ccc2nc(-c3n[nH]c4ccccc34)[nH]c2c1,ABL1,NEK4,6.8,6.0,=,=
Cc1nc(N)sc1-c1ccnc(Nc2ccc(N3CCOCC3)cc2)n1,ACVR1B,BUB1,5.9,6.96,=,=
CC(C)n1nc(-c2cc3cc(O)ccc3[nH]2)c2c(N)ncnc21,ACVR1,FGFR2,8.4,6.68,=,=
CC(=O)c1cccc(-c2cnc3[nH]ccc3c2)c1,ACVR1,STK17A,5.4,6.2,=,=
COc1cc2ncnc(Oc3cccc(NC(=O)Nc4cc(C(C)(C)C(F)(F)F)on4)c3)c2cc1OC,ABL2,MAPKAPK2,7.52,6.31,=,=
CCN1CCN(Cc2ccc(NC(=O)Nc3ccc(Oc4cc(NC)ncn4)cc3)cc2C(F)(F)F)CC1,ABL2,RPS6KA6,8.47,5.4,=,=
O=C(Nc1c[nH]nc1-c1nc2ccc(CN3CCOCC3)cc2[nH]1)NC1CC1,ACVR1,MAPKAPK5,7.11,6.23,=,=
CC(=O)Nc1cc2ccccn2n1,ABL1,PIM2,4.2,6.7,=,=
CCN(CC)CCNC(=O)c1c(C)[nH]c(/C=C2\C(=O)Nc3ccc(F)cc32)c1C,AAK1,DAPK1,7.96,6.92,=,=
CCc1nc(C(N)=O)c(Nc2ccc(N3CCC(N4CCN(C)CC4)CC3)c(OC)c2)nc1NC1CCOCC1,ACVR1,EPHA7,7.41,5.53,=,=
CC(C)n1nc(-c2cc3cc(O)ccc3[nH]2)c2c(N)ncnc21,ABL2,PIK3CD,5.92,7.25,=,=
CC(=O)NCC(=O)N1[C@@H]2CC[C@H]1c1ccc(Nc3ncc(C(F)(F)F)c(NC4CCC4)n3)cc12,ABL1,MAP4K3,5.6,6.12,=,=
CSc1cccc(Nc2ncc3cc(-c4c(Cl)cccc4Cl)c(=O)n(C)c3n2)c1,ACVR1,PKMYT1,6.8,7.36,=,=
CN[C@@H]1C[C@H]2O[C@@](C)([C@@H]1OC)n1c3ccccc3c3c4c(c5c6ccccc6n2c5c31)C(=O)NC4,ACVR1,LIMK2,6.33,6.99,=,=
CC(=O)c1cnc2ccc(-c3cc(Cl)c(O)c(Cl)c3)nc2c1N[C@H]1CC[C@H](CN(C)C)CC1,AAK1,PLK4,6.76,7.48,=,=
Cc1ccc(C(=O)Nc2cccc(C(F)(F)F)c2)cc1Nc1nc(-c2cccnc2)nc2c1cnn2C,AAK1,MAPK1,5.38,7.9,=,=
CCOc1cc2ncc(C#N)c(Nc3ccc(F)c(Cl)c3)c2cc1NC(=O)/C=C/CN(C)C,AAK1,TIE1,5.46,6.0,=,=
C=CCn1c(=O)c2cnc(Nc3ccc(N4CCN(C)CC4)cc3)nc2n1-c1cccc(C(C)(C)O)n1,ABL1,MAP3K11,6.5,5.69,=,=
C#Cc1cccc(Nc2ncnc3cc(OC)c(OCCCCCCC(=O)NO)cc23)c1,ABL1,GAK,5.54,6.32,=,=
CC(C)c1cc(CNc2nc(Nc3cc(C4CC4)[nH]n3)cc(N3CCN(C)CC3)n2)on1,ABL2,EPHB4,8.1,6.54,=,=
CO[C@@H]1[C@H](NCCOCCOCCOCCNC(=O)CCC2=[N+]3C(=Cc4c(C)cc(C)n4[B-]3(F)F)C=C2)C[C@H]2O[C@]1(C)n1c3ccccc3c3c4c(c5c6ccccc6n2c5c31)C(=O)NC4,AAK1,SGK1,8.22,6.48,=,=
CC(C)NC1=NNC(=O)C1=Cc1cc2ccccc2[nH]1,ABL1,MAP2K2,6.6,6.0,=,=
CCS(=O)(=O)c1cccc(-c2cc(C(=O)NC3CCN(C)CC3)c(C)c3[nH]c4ncc(C)cc4c23)c1,ABL2,CHEK1,6.38,5.76,=,=
CO[C@@H]1[C@H](NCCOCCOCCOCCNC(=O)CCC2=[N+]3C(=Cc4c(C)cc(C)n4[B-]3(F)F)C=C2)C[C@H]2O[C@]1(C)n1c3ccccc3c3c4c(c5c6ccccc6n2c5c31)C(=O)NC4,ABL2,MAP3K5,6.28,6.87,=,=
Cc1ccc(C(=O)Nc2cccc(C(F)(F)F)c2)cc1Nc1nc(-c2cccnc2)nc2nn(C)cc12,ABL1,DCK,6.14,8.51,=,=
CCN(CC)CCOc1ccc(Nc2ncc3cc(-c4c(Cl)cccc4Cl)c(=O)n(C)c3n2)cc1,ACVR1,SYK,8.24,7.1,=,=
CN1CC[C@H](c2c(O)cc(O)c3c(=O)cc(-c4ccccc4Cl)oc23)[C@H](O)C1,ACVR1,HIPK1,5.72,5.17,=,=
CC(=O)c1cnc2ccc(-c3cc(Cl)c(O)c(Cl)c3)nc2c1N[C@H]1CC[C@H](CN(C)C)CC1,ABL1,LATS1,6.55,7.85,=,=
C#Cc1cn(C2CCCC2)c2ncnc(N)c12,ACVR1,CDK5,6.1,7.0,=,=
CC(=O)NCC(=O)N1C2CCC1c1cc(Nc3ncc(C(F)(F)F)c(NC4CCC4)n3)ccc12,ACVR1,MAP4K4,6.4,7.0,=,=
CCOc1ccn(-c2ccc(F)cc2)c(=O)c1C(=O)Nc1ccc(Oc2ccnc(N)c2Cl)c(F)c1,ABL2,MST1R,5.82,8.74,=,=
CCN(CC)CCNC(=O)c1c(C)[nH]c(/C=C2\C(=O)Nc3ccc(F)cc32)c1C,AAK1,DYRK1A,7.96,6.7,=,=
CN[C@@H]1C[C@H]2O[C@@](C)([C@@H]1OC)n1c3ccccc3c3c4c(c5c6ccccc6n2c5c31)C(=O)NC4,ACVR1,PRKCZ,6.33,7.16,=,=
CC(C)c1ccc(C(=O)Nc2cc(CN3CCN(C)CC3)cc(C(F)(F)F)c2)cc1C#Cc1cnc2cnccn12,ABL1,EPHA8,6.31,7.1,=,=
CC(C)n1nc(-c2cc3cc(O)ccc3[nH]2)c2c(N)ncnc21,AAK1,KIT,5.8,6.44,=,=
Cc1ccc(C(=O)Nc2cccc(C(F)(F)F)c2)cc1Nc1nc(-c2cccnc2)nc2nn(C)cc12,ACVR1B,CDC7,7.6,6.1,=,=
CCN1CCN(Cc2ccc(NC(=O)Nc3ccc(Oc4cc(NC)ncn4)cc3)cc2C(F)(F)F)CC1,ABL2,PRKD3,8.47,5.82,=,=
CC(=O)NCC(=O)N1C2CCC1c1cc(Nc3ncc(C(F)(F)F)c(NC4CCC4)n3)ccc12,ACVR1,STK17A,6.4,8.5,=,=
C#CCO[C@@H]1[C@H](C)[C@@H](COS(=O)(=O)C=C)O[C@H]1n1nc(-c2ccc(C)cc2)c2c(N)ncnc21,ABL1,SRC,7.46,8.17,=,=
CC(C)n1nc(-c2cc(C=O)co2)c2c(N)ncnc21,ABL1,MTOR,5.35,6.12,=,=
CNC1CC2OC(C)(C1OC)n1c3ccccc3c3c4c(c5c6ccccc6n2c5c31)C(=O)NC4,ACVR1,SGK2,7.2,8.1,=,=
CN[C@@H]1C[C@H]2O[C@@](C)([C@@H]1OC)n1c3ccccc3c3c4c(c5c6ccccc6n2c5c31)C(=O)NC4,ABL1,PRKG1,7.04,8.48,=,=
CC(C)(C)c1cc(NC(=O)Nc2ccc(-c3cn4c(n3)sc3cc(OCCN5CCOCC5)ccc34)cc2)no1,ABL1,SRPK1,6.04,4.66,=,=
CC(C)n1nc(-c2cc3cc(O)ccc3[nH]2)c2c(N)ncnc21,ACVR1,EPHB1,8.4,5.72,=,=
CC(C)c1cc(CNc2nc(Nc3cc(C4CC4)[nH]n3)cc(N3CCN(C)CC3)n2)on1,ABL1,EPHA4,7.85,6.78,=,=
CCc1c(-c2ccc(C(C)(C)O)cc2)[nH]c2nccnc12,ACVR1,ITK,7.4,6.7,=,=
COC(=O)[C@@]1(O)C[C@H]2O[C@]1(C)n1c3ccccc3c3c4c(c5c6ccccc6n2c5c31)C(=O)NC4,ACVR1B,CAMK2G,4.82,6.76,=,=
CN1CC[C@H](c2c(O)cc(O)c3c(=O)cc(-c4ccccc4Cl)oc23)[C@H](O)C1,AAK1,PRKD1,5.28,6.28,=,=
CN1CCN(c2ccc3nc(-c4c(N)c5c(F)cccc5[nH]c4=O)[nH]c3c2)CC1,ACVR1,HIPK3,5.9,5.29,=,=
Cc1ccc(C(=O)Nc2cccc(C(F)(F)F)c2)cc1Nc1nc(-c2cccnc2)nc2nn(C)cc12,ABL2,ATR,6.17,7.98,=,=
CC(C)n1nc(-c2cc3cc(O)ccc3[nH]2)c2c(N)ncnc21,ABL1,EPHB6,6.82,5.05,=,=
C=CC(=O)Nc1cc2c(Nc3ccc(F)c(Cl)c3)ncnc2cc1OCCCN1CCOCC1,ABL1,EPHA3,6.47,5.68,=,=
C=CC(=O)Nc1cc2c(Nc3ccc(F)c(Cl)c3)ncnc2cc1OCCCN1CCOCC1,ABL1,MAP4K5,6.47,5.58,=,=
CN[C@@H]1C[C@H]2O[C@@](C)([C@@H]1OC)n1c3ccccc3c3c4c(c5c6ccccc6n2c5c31)C(=O)NC4,ABL2,PRKCG,7.46,7.96,=,=
CCN1CCN(Cc2ccc(NC(=O)Nc3ccc(Oc4cc(NC)ncn4)cc3)cc2C(F)(F)F)CC1,ABL2,FGFR1,8.47,6.21,=,=
C#Cc1cccc(Nc2ncnc3cc(OCCOC)c(OCCOC)cc23)c1,ABL1,RET,6.51,5.89,=,=
CC(C)c1cc(CNc2nc(Nc3cc(C4CC4)[nH]n3)cc(N3CCN(C)CC3)n2)on1,ACVR1,YES1,8.3,6.77,=,=
C=CC(=O)Nc1cc2c(Nc3ccc(F)c(Cl)c3)ncnc2cc1OCCCN1CCOCC1,ABL2,EPHA6,6.06,6.57,=,=
CC1(C)CC(NC(=O)c2cccc(-c3cc4nccc(Nc5cccc(O)c5)n4n3)c2)CC(C)(C)N1[O],ABL1,PRKCA,8.3,5.89,=,=
Cc1ccc(C(=O)Nc2cccc(C(F)(F)F)c2)cc1Nc1nc(-c2cccnc2)nc2c1cnn2C,ACVR1B,CDK1,7.12,5.58,=,=
COc1cc(Nc2c(C#N)cnc3cc(OCCCN4CCN(C)CC4)c(OC)cc23)c(Cl)cc1Cl,ABL2,TLK2,8.82,5.68,=,=
CCS(=O)(=O)N1CCN(c2ccc(Nc3ncc(C(N)=O)c(NC4CC4)n3)cc2)CC1.Cl,AAK1,PRKAA1,9.0,4.97,=,=
C[C@]12O[C@H](C[C@]1(O)CO)n1c3ccccc3c3c4c(c5c6ccccc6n2c5c31)CNC4=O,ACVR1,STK39,7.12,5.96,=,=
CC(C)(C)c1cc(NC(=O)Nc2ccc(-c3cn4c(n3)sc3cc(OCCN5CCOCC5)ccc34)cc2)no1,ABL1,MERTK,6.04,4.62,=,=
CN[C@@H]1C[C@H]2O[C@@](C)([C@@H]1OC)n1c3ccccc3c3c4c(c5c6ccccc6n2c5c31)C(=O)NC4,ACVR1,NEK1,6.33,7.86,=,=
CC(C)c1cc(CNc2nc(Nc3cc(C4CC4)[nH]n3)cc(N3CCN(C)CC3)n2)on1,ABL2,CAMKK2,8.1,5.63,=,=
CCc1nc(C(N)=O)c(Nc2ccc(N3CCC(N4CCN(C)CC4)CC3)c(OC)c2)nc1NC1CCOCC1,ACVR1,BUB1,7.41,6.72,=,=
CC(C)n1nc(-c2cc3cc(O)ccc3[nH]2)c2c(N)ncnc21,ABL2,HIPK3,5.92,6.89,=,=
CCN(CC)CCNC(=O)c1c(C)[nH]c(/C=C2\C(=O)Nc3ccc(F)cc32)c1C,AAK1,RPS6KA5,7.96,6.6,=,=
CCN(CC)CCNC(=O)c1c(C)[nH]c(/C=C2\C(=O)Nc3ccc(F)cc32)c1C,AAK1,KDR,7.96,7.42,=,=
CN1CC[C@H](c2c(O)cc(O)c3c(=O)cc(-c4ccccc4Cl)oc23)[C@H](O)C1,AAK1,CDK13,5.28,6.05,=,=
CN(C)CC(=O)N1CCC(c2ccc(NC(=O)c3nc(C#N)c[nH]3)c(C3=CCCCC3)c2)CC1.Cl,AAK1,FRK,6.28,5.26,=,=
CCN(CC)CCNC(=O)c1c(C)[nH]c(/C=C2\C(=O)Nc3ccc(F)cc32)c1C,AAK1,PIK3CA,7.96,4.96,=,=
CCN1CCN(Cc2ccc(-c3cc4c(N[C@H](C)c5ccccc5)ncnc4[nH]3)cc2)CC1,ABL2,WEE1,4.83,4.19,=,=
CC(C)n1nc(-c2cc3cc(O)ccc3[nH]2)c2c(N)ncnc21,ACVR1,CSNK2A1,8.4,5.92,=,=
C=CC(=O)Nc1cc2c(Nc3ccc(F)c(Cl)c3)ncnc2cc1OCCCN1CCOCC1,ABL2,FYN,6.06,5.28,=,=
CN[C@@H]1C[C@H]2O[C@@](C)([C@@H]1OC)n1c3ccccc3c3c4c(c5c6ccccc6n2c5c31)C(=O)N[C@H]4O,AAK1,CDC42BPB,6.21,6.96,=,=
CC(C)n1nc(-c2cc3cc(O)ccc3[nH]2)c2c(N)ncnc21,ACVR1,MAP4K1,8.4,5.68,=,=
CCN(CC)CCNC(=O)c1c(C)[nH]c(/C=C2\C(=O)Nc3ccc(F)cc32)c1C,AAK1,BLK,7.96,7.19,=,=
CCN(CC)CCNC(=O)c1c(C)[nH]c(/C=C2\C(=O)Nc3ccc(F)cc32)c1C,AAK1,BUB1,7.96,5.46,=,=
CC(C)n1nc(-c2cc3cc(O)ccc3[nH]2)c2c(N)ncnc21,ACVR1,JAK1,8.4,5.97,=,=
CCN1CCN(Cc2ccc(NC(=O)Nc3ccc(Oc4cc(NC)ncn4)cc3)cc2C(F)(F)F)CC1,ABL1,CAMK1D,8.0,5.36,=,=
CC(=O)NCC(=O)N1[C@@H]2CC[C@H]1c1ccc(Nc3ncc(C(F)(F)F)c(NC4CCC4)n3)cc12,AAK1,CAMKK2,8.05,5.66,=,=
CC(C)n1nc(-c2cc3cc(O)ccc3[nH]2)c2c(N)ncnc21,AAK1,PIK3CD,5.8,7.25,=,=
CCOc1cc2ncc(C#N)c(Nc3ccc(F)c(Cl)c3)c2cc1NC(=O)/C=C/CN(C)C,ABL2,SYK,6.62,5.53,=,=
CN[C@@H]1C[C@H]2O[C@@](C)([C@@H]1OC)n1c3ccccc3c3c4c(c5c6ccccc6n2c5c31)C(=O)NC4,AAK1,CDK19,8.92,6.72,=,=
C=CCn1c(=O)c2cnc(Nc3ccc(N4CCN(C)CC4)cc3)nc2n1-c1cccc(C(C)(C)O)n1,ABL1,IKBKE,6.5,5.75,=,=
CCN(CC)CCNC(=O)c1c(C)[nH]c(/C=C2\C(=O)Nc3ccc(F)cc32)c1C,AAK1,MARK1,7.96,5.92,=,=
CC(=O)NCC(=O)N1C2CCC1c1cc(Nc3ncc(C(F)(F)F)c(NC4CCC4)n3)ccc12,ACVR1,PRKD3,6.4,7.1,=,=
CC(C)n1nc(-c2cc3cc(O)ccc3[nH]2)c2c(N)ncnc21,ACVR1,STK26,8.4,5.43,=,=
CNS(=O)(=O)c1ccccc1Nc1nc(Nc2cc(OC)c(OC)c(OC)c2)ncc1Cl,ACVR1,CDC7,6.8,8.3,=,=
Cc1ccc(C(=O)Nc2cccc(C(F)(F)F)c2)cc1Nc1nc(-c2cccnc2)nc2c1cnn2C,ABL2,AKT2,6.46,8.31,=,=
CCOc1cc2ncc(C#N)c(Nc3ccc(F)c(Cl)c3)c2cc1NC(=O)/C=C/CN(C)C,ABL2,CLK2,6.62,5.96,=,=
CN[C@@H]1C[C@H]2O[C@@](C)([C@@H]1OC)n1c3ccccc3c3c4c(c5c6ccccc6n2c5c31)C(=O)NC4,ACVR1,NLK,6.33,7.11,=,=
CCn1cc(-c2ccnc3[nH]c(-c4cccc(CN(C)C)c4)cc23)c(-c2ccc(NC(=O)N(C)C)cc2)n1,ACVR1B,AURKB,5.92,8.3,=,=
CC(=O)c1cnc2ccc(-c3cc(Cl)c(O)c(Cl)c3)nc2c1N[C@H]1CC[C@H](CN(C)C)CC1,ACVR1,IRAK3,6.65,7.92,=,=
CCN1CCN(Cc2ccc(Nc3ncc(F)c(-c4cc(F)c5nc(C)n(C(C)C)c5c4)n3)nc2)CC1,AAK1,PRKCD,6.99,6.1,=,=
CC(C)NC1=NNC(=O)C1=Cc1cc2ccccc2[nH]1,ACVR1,AURKB,5.4,6.3,=,=
CC(=O)NCC(=O)N1C2CCC1c1cc(Nc3ncc(C(F)(F)F)c(NC4CCC4)n3)ccc12,ABL1,LRRK2,6.6,9.2,=,=
CC(C)n1nc(-c2cc3cc(O)ccc3[nH]2)c2c(N)ncnc21,ABL2,STK16,5.92,5.4,=,=
CC1(C)CNc2cc(NC(=O)c3cccnc3NCc3ccncc3)ccc21,ABL2,FLT1,5.35,8.7,=,=
CC(C)n1nc(-c2cc3cc(O)ccc3[nH]2)c2c(N)ncnc21,ACVR1,IRAK3,8.4,6.0,=,=
C=CC(=O)Nc1cc2c(Nc3ccc(F)c(Cl)c3)ncnc2cc1OCCCN1CCOCC1,ACVR1,MAPK10,5.77,5.26,=,=
CCN(CC)CCNC(=O)c1c(C)[nH]c(/C=C2\C(=O)Nc3ccc(F)cc32)c1C,ABL2,CDK4,6.0,5.46,=,=
Cc1ccc(C(=O)Nc2cccc(C(F)(F)F)c2)cc1Nc1nc(-c2cccnc2)nc2nn(C)cc12,ABL1,ILK,6.14,4.17,=,=
C#Cc1cccc(Nc2ncnc3cc(OCCOC)c(OCCOC)cc23)c1,ABL2,TYK2,6.7,5.62,=,=
CCc1nc(C(N)=O)c(Nc2ccc(N3CCC(N4CCN(C)CC4)CC3)c(OC)c2)nc1NC1CCOCC1,ACVR1,EPHB6,7.41,6.62,=,=
C=CS(=O)(=O)N1CCC[C@@H]1Cn1cc(-c2ccc3c(c2)OCO3)c2c(N)ncnc21,ABL1,FER,6.1,5.23,=,=
C=CC(=O)Nc1cc2c(Nc3ccc(F)c(Cl)c3)ncnc2cc1OCCCN1CCOCC1,ABL1,TIE1,6.47,5.66,=,=
CC(C)c1cc(CNc2nc(Nc3cc(C4CC4)[nH]n3)cc(N3CCN(C)CC3)n2)on1,ABL2,PRKD2,8.1,5.86,=,=
CCN(CC)CCNC(=O)c1c(C)[nH]c(/C=C2\C(=O)Nc3ccc(F)cc32)c1C,ABL2,MAP3K2,6.0,7.24,=,=
CC(=O)c1c(C)c2cnc(Nc3ccc(N4CCNCC4)cn3)nc2n(C2CCCC2)c1=O,AAK1,TAOK2,5.38,4.55,=,=
COc1cc(N2CCC(N3CCN(C)CC3)CC2)ccc1Nc1ncc(Cl)c(Nc2ccccc2S(=O)(=O)C(C)C)n1,ACVR1,TXK,7.77,6.32,=,=
CC(C)n1nc(-c2cc3cc(O)ccc3[nH]2)c2c(N)ncnc21,ABL1,PIM1,6.82,5.82,=,=
Cc1cc(Nc2cc(N3CCN(C)CC3)nc(Sc3ccc(NC(=O)C4CC4)cc3)n2)n[nH]1,ACVR1,MAP3K12,5.72,6.72,=,=
CCN1CCN(Cc2ccc(NC(=O)Nc3ccc(Oc4cc(NC)ncn4)cc3)cc2C(F)(F)F)CC1,ABL2,CAMKK1,8.47,6.66,=,=
CC(C)c1ccc(C(=O)Nc2cc(CN3CCN(C)CC3)cc(C(F)(F)F)c2)cc1C#Cc1cnc2cnccn12,ABL1,NTRK2,6.31,7.68,=,=
CC(C)n1nc(-c2cc3cc(O)ccc3[nH]2)c2c(N)ncnc21,ACVR1,NTRK1,8.4,5.07,=,=
Cc1ccc(C(=O)Nc2cccc(C(F)(F)F)c2)cc1Nc1nc(-c2cccnc2)nc2nn(C)cc12,ABL2,AKT2,6.17,5.21,=,=
CCN(CC)CCNC(=O)c1c(C)[nH]c(/C=C2\C(=O)Nc3ccc(F)cc32)c1C,ABL2,MAP3K9,6.0,5.47,=,=
CC[C@@H]1CN(C(=O)NCC(F)(F)F)C[C@@H]1c1cnc2cnc3[nH]ccc3n12,AAK1,ROCK1,5.0,6.04,=,=
CNC(=O)c1cc(Oc2ccc(NC(=O)Nc3ccc(Cl)c(C(F)(F)F)c3)cc2)ccn1,ABL2,CSNK1A1,5.54,6.6,=,=
CN(C)C[C@@H]1CCn2cc(c3ccccc32)C2=C(C(=O)NC2=O)c2cn(c3ccccc23)CCO1,AAK1,PRKACA,6.05,5.27,=,=
CCc1c(-c2ccc(C(C)(C)O)cc2)[nH]c2nccnc12,ACVR1,MAPK12,7.4,5.4,=,=
CN[C@@H]1C[C@H]2O[C@@](C)([C@@H]1OC)n1c3ccccc3c3c4c(c5c6ccccc6n2c5c31)C(=O)NC4,ABL2,CDK1,7.46,8.21,=,=
CCN(CC)CCNC(=O)c1c(C)[nH]c(/C=C2\C(=O)Nc3ccc(F)cc32)c1C,ABL2,CAMK2A,6.0,7.1,=,=
CC(=O)NCC(=O)N1C2CCC1c1cc(Nc3ncc(C(F)(F)F)c(NC4CCC4)n3)ccc12,ACVR1,HIPK4,6.4,5.2,=,=
CCNC(=O)[C@H](CCC1CCCCC1)NC(=O)c1ccc(CNC(=O)c2cnn(-c3ccccc3)c2N)cc1,ABL1,MAPK11,6.89,7.73,=,=
CC(C)(C)c1cc(NC(=O)Nc2ccc(-c3cn4c(n3)sc3cc(OCCN5CCOCC5)ccc34)cc2)no1,ABL1,RPS6KA3,6.04,4.57,=,=
CN1CCN(CCOc2cc(OC3CCOCC3)c3c(Nc4c(Cl)ccc5c4OCO5)ncnc3c2)CC1,ACVR1,PTK6,8.4,6.25,=,=
CCN(CC)CCNC(=O)c1c(C)[nH]c(/C=C2\C(=O)Nc3ccc(F)cc32)c1C,ABL2,SRPK2,6.0,6.72,=,=
C1=N/C2=N/c3ccc(OCCN4CCCC4)c(c3)COC/C=C/COCc3cccc(c3)C(=C1)N2,AAK1,TAOK1,7.38,5.66,=,=
CC(C)c1cc(CNc2nc(Nc3cc(C4CC4)[nH]n3)cc(N3CCN(C)CC3)n2)on1,ABL2,MARK3,8.1,6.88,=,=
CC(C)n1nc(-c2cc3cc(O)ccc3[nH]2)c2c(N)ncnc21,ACVR1,PAK4,8.4,6.0,=,=
CC(=O)NCC(=O)N1[C@@H]2CC[C@H]1c1ccc(Nc3ncc(C(F)(F)F)c(NC4CCC4)n3)cc12,ABL1,TNK1,5.6,6.43,=,=
CNS(=O)(=O)c1ccccc1Nc1nc(Nc2cc(OC)c(OC)c(OC)c2)ncc1Cl,ACVR1,MAPK13,6.8,5.7,=,=
COc1cc(Nc2ncc(F)c(Nc3ccc4c(n3)NC(=O)C(C)(C)O4)n2)cc(OC)c1OC,ABL2,CDC7,6.14,8.1,=,=
CCN(CC)CCNC(=O)c1c(C)[nH]c(/C=C2\C(=O)Nc3ccc(F)cc32)c1C,ABL2,EIF2AK4,6.0,6.75,=,=
CCc1c(-c2ccc(C(C)(C)O)cc2)[nH]c2nccnc12,ACVR1,PTK6,7.4,6.5,=,=
CO[C@@H]1[C@H](N(C)CCOCCOCCOCCNC(=O)CCC2=[N+]3C(=Cc4c(C)cc(C)n4[B-]3(F)F)C=C2)C[C@H]2O[C@]1(C)n1c3ccccc3c3c4c(c5c6ccccc6n2c5c31)C(=O)NC4,ABL2,PRKG1,6.02,7.07,=,=
CC(C)(C)n1nc(-c2cccc3ccccc23)c2c(N)ncnc21,ABL1,PRKD1,7.19,6.05,=,=
CC(C)n1nc(-c2cc3cc(O)ccc3[nH]2)c2c(N)ncnc21,ABL1,CSNK1G3,6.82,5.58,=,=
CNC(=O)c1cc(Oc2ccc(NC(=O)Nc3ccc(Cl)c(C(F)(F)F)c3)cc2)ccn1,ABL2,CDK8,5.54,6.7,=,=
CN(C)CC(=O)N1CCC(c2ccc(NC(=O)c3nc(C#N)c[nH]3)c(C3=CCCCC3)c2)CC1.Cl,AAK1,GRK1,6.28,5.77,=,=
C=CC(=O)N1CCC[C@@H](n2nc(-c3ccc(Oc4ccccc4)cc3)c3c(N)ncnc32)C1,ABL1,LATS1,7.07,5.72,=,=
CC(C)n1nc(-c2cc3cc(O)ccc3[nH]2)c2c(N)ncnc21,ABL1,PLK2,6.82,5.85,=,=
CCN1CCN(Cc2ccc(NC(=O)Nc3ccc(Oc4cc(NC)ncn4)cc3)cc2C(F)(F)F)CC1,ABL2,NLK,8.47,6.8,=,=
CCN(CC)CCNC(=O)c1c(C)[nH]c(/C=C2\C(=O)Nc3ccc(F)cc32)c1C,AAK1,HIPK3,7.96,7.39,=,=
CC(C)c1cc(CNc2nc(Nc3cc(C4CC4)[nH]n3)cc(N3CCN(C)CC3)n2)on1,AAK1,PAK4,6.86,4.3,=,=
CN[C@@H]1C[C@H]2O[C@@](C)([C@@H]1OC)n1c3ccccc3c3c4c(c5c6ccccc6n2c5c31)C(=O)NC4,ABL2,ROCK1,7.46,9.13,=,=
CN(C)CC(=O)N1CCC(c2ccc(NC(=O)c3nc(C#N)c[nH]3)c(C3=CCCCC3)c2)CC1.Cl,ABL2,GSK3A,5.28,6.42,=,=
CC(C)n1nc(-c2cc3cc(O)ccc3[nH]2)c2c(N)ncnc21,ABL1,TNNI3K,6.82,6.06,=,=
CC1(C)C(=O)N([C@H]2CCc3c(O)cccc32)c2nc(Nc3ccccc3)ncc21,ABL1,ACVR1B,5.94,5.0,=,=
CN(C)CC(=O)N1CCC(c2ccc(NC(=O)c3nc(C#N)c[nH]3)c(C3=CCCCC3)c2)CC1.Cl,ACVR1B,AURKB,8.0,5.54,=,=
CC(=O)c1cnc2ccc(-c3cc(Cl)c(O)c(Cl)c3)nc2c1N[C@H]1CC[C@H](CN(C)C)CC1,ACVR1,RPS6KA6,6.65,7.24,=,=
CC(C)c1cc(CNc2nc(Nc3cc(C4CC4)[nH]n3)cc(N3CCN(C)CC3)n2)on1,ABL1,PRKCA,7.85,5.64,=,=
CCN(CC)CCNC(=O)c1c(C)[nH]c(/C=C2\C(=O)Nc3ccc(F)cc32)c1C,AAK1,NTRK2,7.96,6.23,=,=
C#Cc1cccc(Nc2ncnc3cc(OCCOC)c(OCCOC)cc23)c1,ABL2,HCK,6.7,5.75,=,=
C=CC(=O)Nc1cc2c(Nc3ccc(F)c(Cl)c3)ncnc2cc1OCCCN1CCOCC1,ABL2,STK17B,6.06,5.14,=,=
C=CC(=O)N1CCC[C@@H](n2nc(-c3ccc(Oc4ccccc4)cc3)c3c(N)ncnc32)C1,ABL2,MAP2K5,6.04,6.61,=,=
CN(C)CC(=O)N1CCC(c2ccc(NC(=O)c3nc(C#N)c[nH]3)c(C3=CCCCC3)c2)CC1.Cl,ACVR1,MAP3K2,6.41,7.07,=,=
C1=N/C2=N/c3ccc(OCCN4CCCC4)c(c3)COC/C=C/COCc3cccc(c3)C(=C1)N2,ACVR1,MAP4K1,7.66,6.8,=,=
CCN(CC)CCNC(=O)c1c(C)[nH]c(/C=C2\C(=O)Nc3ccc(F)cc32)c1C,AAK1,AKT2,7.96,5.57,=,=
CCN1CCN(Cc2ccc(NC(=O)Nc3ccc(Oc4cc(NC)ncn4)cc3)cc2C(F)(F)F)CC1,ABL2,FES,8.47,6.44,=,=
C=CC(=O)Nc1cc2c(Nc3ccc(F)c(Cl)c3)ncnc2cc1OCCCN1CCOCC1,ABL2,MET,6.06,5.51,=,=
C#Cc1cccc(Nc2ncnc3cc(OCCOC)c(OCCOC)cc23)c1,ABL2,MERTK,6.7,6.01,=,=
CO[C@@H]1[C@H](NCCOCCOCCOCCNC(=O)CCC2=[N+]3C(=Cc4c(C)cc(C)n4[B-]3(F)F)C=C2)C[C@H]2O[C@]1(C)n1c3ccccc3c3c4c(c5c6ccccc6n2c5c31)C(=O)NC4,ABL2,PRKCH,6.28,7.21,=,=
CCS(=O)(=O)N1CCN(c2ccc(Nc3ncc(C(N)=O)c(NC4CC4)n3)cc2)CC1.Cl,AAK1,STK4,9.0,6.99,=,=
CC(C)NC1=NNC(=O)C1=Cc1cc2ccccc2[nH]1,ABL1,MST1R,6.6,5.8,=,=
CNC(=O)c1cc(Oc2ccc(NC(=O)Nc3ccc(Cl)c(C(F)(F)F)c3)cc2)ccn1,ABL2,NLK,5.54,6.19,=,=
CCN(CC)CCNC(=O)c1c(C)[nH]c(/C=C2\C(=O)Nc3ccc(F)cc32)c1C,AAK1,MARK2,7.96,6.51,=,=
CC(C)n1nc(-c2cc3cc(O)ccc3[nH]2)c2c(N)ncnc21,ACVR1B,CAMK2A,7.24,5.25,=,=
C=CC(=O)Nc1cc2c(Nc3ccc(F)c(Cl)c3)ncnc2cc1OCCCN1CCOCC1,ACVR1,PDGFRB,5.77,5.12,=,=
Nc1nc(N)c2nc(-c3cccc(O)c3)c(-c3cccc(O)c3)nc2n1,ABL1,PIK3C2B,5.28,8.14,=,=
CCN(CC)CCNC(=O)c1c(C)[nH]c(/C=C2\C(=O)Nc3ccc(F)cc32)c1C,AAK1,SRPK1,7.96,6.6,=,=
C[C@]12O[C@H](C[C@]1(O)CO)n1c3ccccc3c3c4c(c5c6ccccc6n2c5c31)CNC4=O,AAK1,MAPKAPK5,8.51,6.03,=,=
CCS(=O)(=O)N1CC(CC#N)(n2cc(-c3ncnc4[nH]ccc34)cn2)C1,AAK1,ROCK1,8.09,6.32,=,=
CC(C)n1nc(-c2cc3cc(O)ccc3[nH]2)c2c(N)ncnc21,AAK1,PDGFRB,5.8,7.11,=,=
C=CC(=O)Nc1cc2c(Nc3ccc(F)c(Cl)c3)ncnc2cc1OCCCN1CCOCC1,ABL1,FLT1,6.47,5.12,=,=
CC(C)(C)n1nc(-c2ccc(Cl)cc2)c2c(N)ncnc21,ABL1,MELK,6.76,6.2,=,=
C[C@]12O[C@H](C[C@]1(O)CO)n1c3ccccc3c3c4c(c5c6ccccc6n2c5c31)CNC4=O,ACVR1,PIK3CA,7.12,5.31,=,=
CCN(CC)CCNC(=O)c1c(C)[nH]c(/C=C2\C(=O)Nc3ccc(F)cc32)c1C,AAK1,ROCK1,7.96,6.34,=,=
CN(C)CC(=O)N1CCC(c2ccc(NC(=O)c3nc(C#N)c[nH]3)c(C3=CCCCC3)c2)CC1.Cl,AAK1,TSSK1A,6.28,5.5,=,=
C=CC(=O)Nc1cc2c(Nc3ccc(F)c(Cl)c3)ncnc2cc1OCCCN1CCOCC1,ABL1,PDGFRB,6.47,5.12,=,=
CCOc1cc2ncc(C#N)c(Nc3ccc(F)c(Cl)c3)c2cc1NC(=O)/C=C/CN(C)C,ABL2,PTK2,6.62,5.36,=,=
CCN1CCN(Cc2ccc(NC(=O)Nc3ccc(Oc4cc(NC)ncn4)cc3)cc2C(F)(F)F)CC1,ABL2,MAP2K4,8.47,6.0,=,=
CCCS(=O)(=O)Nc1ccc(F)c(C(=O)c2c[nH]c3ncc(Cl)cc23)c1F,ABL2,MAP2K4,5.57,6.72,=,=
Cc1ccc(C(=O)Nc2cccc(C(F)(F)F)c2)cc1Nc1nc(-c2cccnc2)nc2nn(C)cc12,ABL1,BUB1,6.14,7.08,=,=
CN(C)C[C@@H]1CCn2cc(c3ccccc32)C2=C(C(=O)NC2=O)c2cn(c3ccccc23)CCO1,AAK1,RPS6KB1,6.05,6.68,=,=
CCN(CC)CCNC(=O)c1c(C)[nH]c(/C=C2\C(=O)Nc3ccc(F)cc32)c1C,AAK1,CAMK1,7.96,6.01,=,=
CCn1cc(-c2ccc3c(c2)CCN3C(=O)Cc2cccc(OC(F)(F)F)c2)c2c(N)ncnc21,ABL2,MAP3K9,6.51,7.28,=,=
CNS(=O)(=O)c1ccccc1Nc1nc(Nc2cc(OC)c(OC)c(OC)c2)ncc1Cl,ACVR1,AKT1,6.8,5.4,=,=
C#Cc1cccc(Nc2ncnc3cc(OCCOC)c(OCCOC)cc23)c1,ABL2,MKNK2,6.7,5.9,=,=
CC(C)c1cc(CNc2nc(Nc3cc(C4CC4)[nH]n3)cc(N3CCN(C)CC3)n2)on1,AAK1,CDK9,6.86,5.45,=,=
CC(C)n1nc(-c2cc3cc(O)ccc3[nH]2)c2c(N)ncnc21,ACVR1,AXL,8.4,5.92,=,=
COc1cc(Nc2c(C#N)cnc3cc(OCCCN4CCN(C)CC4)c(OC)cc23)c(Cl)cc1Cl,ABL2,ZAP70,8.82,5.8,=,=
CCN1CCN(Cc2ccc(NC(=O)Nc3ccc(Oc4cc(NC)ncn4)cc3)cc2C(F)(F)F)CC1,ABL2,PRKX,8.47,5.36,=,=
CCN(CC)CCNC(=O)c1c(C)[nH]c(/C=C2\C(=O)Nc3ccc(F)cc32)c1C,AAK1,CAMKK1,7.96,6.38,=,=
CNC(=O)c1cc(Oc2ccc(NC(=O)Nc3ccc(Cl)c(C(F)(F)F)c3)cc2)ccn1,ABL2,TAOK2,5.54,6.27,=,=
C#Cc1cccc(Nc2ncnc3cc(OCCOC)c(OCCOC)cc23)c1,AAK1,CSK,5.92,5.02,=,=
CC(C)c1cc(CNc2nc(Nc3cc(C4CC4)[nH]n3)cc(N3CCN(C)CC3)n2)on1,AAK1,MAP3K11,6.86,5.54,=,=
CN1CCN(c2ccc3nc(-c4c(N)c5c(F)cccc5[nH]c4=O)[nH]c3c2)CC1,ABL1,PIP5K1C,6.64,5.37,=,=
CN(C)CC(=O)N1CCC(c2ccc(NC(=O)c3nc(C#N)c[nH]3)c(C3=CCCCC3)c2)CC1.Cl,ACVR1,EPHA1,6.41,5.17,=,=
CCN1CCN(Cc2ccc(NC(=O)Nc3ccc(Oc4cc(NC)ncn4)cc3)cc2C(F)(F)F)CC1,ABL1,NEK1,8.0,5.28,=,=
COc1cc(N2CCC(N3CCN(C)CC3)CC2)ccc1Nc1ncc(Cl)c(Nc2ccccc2S(=O)(=O)C(C)C)n1,AAK1,ERBB2,6.33,6.83,=,=
CN[C@@H]1C[C@H]2O[C@@](C)([C@@H]1OC)n1c3ccccc3c3c4c(c5c6ccccc6n2c5c31)C(=O)NC4,ABL2,CAMK2B,7.46,10.02,=,=
CC(=O)NCC(=O)N1C2CCC1c1cc(Nc3ncc(C(F)(F)F)c(NC4CCC4)n3)ccc12,ACVR1,ERBB4,6.4,5.6,=,=
CN[C@@H]1C[C@H]2O[C@@](C)([C@@H]1OC)n1c3ccccc3c3c4c(c5c6ccccc6n2c5c31)C(=O)NC4,ACVR1,TXK,6.33,7.63,=,=
CN(C)CC(=O)N1CCC(c2ccc(NC(=O)c3nc(C#N)c[nH]3)c(C3=CCCCC3)c2)CC1.Cl,ACVR1,RPS6KA4,6.41,5.5,=,=
CC(C)n1nc(-c2cc3cc(O)ccc3[nH]2)c2c(N)ncnc21,ABL2,DAPK3,5.92,7.39,=,=
CO[C@@H]1[C@H](NCCOCCOCCOCCNC(=O)CCC2=[N+]3C(=Cc4c(C)cc(C)n4[B-]3(F)F)C=C2)C[C@H]2O[C@]1(C)n1c3ccccc3c3c4c(c5c6ccccc6n2c5c31)C(=O)NC4,ABL2,ZAP70,6.28,6.96,=,=
C[C@@H](Oc1cc(-c2cnn(C3CCNCC3)c2)cnc1N)c1c(Cl)ccc(F)c1Cl,ACVR1,MAPK6,6.36,5.47,=,=
CC(C)(C)n1nc(-c2ccc(Cl)cc2)c2c(N)ncnc21,ACVR1,MAPK14,7.2,5.83,=,=
CN1CCN(c2ccc3nc(-c4c(N)c5c(F)cccc5[nH]c4=O)[nH]c3c2)CC1,ACVR1,HIPK1,5.9,5.38,=,=
CC(=O)c1cnc2ccc(-c3cc(Cl)c(O)c(Cl)c3)nc2c1N[C@H]1CC[C@H](CN(C)C)CC1,AAK1,MAP2K6,6.76,5.34,=,=
CC(=O)NCC(=O)N1[C@@H]2CC[C@H]1c1ccc(Nc3ncc(C(F)(F)F)c(NC4CCC4)n3)cc12,ABL1,FLT3,5.6,7.43,=,=
CCn1cc(-c2ccc3c(c2)CCN3C(=O)Cc2cccc(OC(F)(F)F)c2)c2c(N)ncnc21,ABL2,TEK,6.51,7.12,=,=
COc1cc(N2CCC(N3CCN(C)CC3)CC2)ccc1Nc1ncc(Cl)c(Nc2ccccc2S(=O)(=O)C(C)C)n1,ACVR1,PI4KB,7.77,6.11,=,=
CO[C@@H]1[C@H](NCCOCCOCCOCCNC(=O)CCC2=[N+]3C(=Cc4c(C)cc(C)n4[B-]3(F)F)C=C2)C[C@H]2O[C@]1(C)n1c3ccccc3c3c4c(c5c6ccccc6n2c5c31)C(=O)NC4,AAK1,PRKCI,8.22,6.59,=,=
CC(C)n1nc(-c2cc3cc(O)ccc3[nH]2)c2c(N)ncnc21,ACVR1B,BRSK1,7.24,7.85,=,=
CC(C)n1nc(-c2cc3cc(O)ccc3[nH]2)c2c(N)ncnc21,ABL2,PIK3C2G,5.92,6.82,=,=
Cc1cc(Nc2cc(N3CCN(C)CC3)nc(Sc3ccc(NC(=O)C4CC4)cc3)n2)n[nH]1,ACVR1,MAPK7,5.72,5.17,=,=
CCOc1ccc(NC(=O)Nc2ccc(-c3csc4c(-c5cnn(C)c5)cnc(N)c34)cc2)cc1,ABL1,PBK,9.2,5.4,=,=
CCN(CC)CCNC(=O)c1c(C)[nH]c(/C=C2\C(=O)Nc3ccc(F)cc32)c1C,AAK1,MAP3K7,7.96,7.03,=,=
CN[C@@H]1C[C@H]2O[C@@](C)([C@@H]1OC)n1c3ccccc3c3c4c(c5c6ccccc6n2c5c31)C(=O)NC4,ABL2,PIM3,7.46,9.96,=,=
CC(C)n1nc(-c2cc3cc(O)ccc3[nH]2)c2c(N)ncnc21,AAK1,RPS6KA3,5.8,6.7,=,=
CC(=O)NCC(=O)N1C2CCC1c1cc(Nc3ncc(C(F)(F)F)c(NC4CCC4)n3)ccc12,ABL1,IRAK1,6.6,7.2,=,=
CN(C)CC(=O)N1CCC(c2ccc(NC(=O)c3nc(C#N)c[nH]3)c(C3=CCCCC3)c2)CC1.Cl,ABL1,DAPK2,6.41,5.47,=,=
CN(C)CC(=O)N1CCC(c2ccc(NC(=O)c3nc(C#N)c[nH]3)c(C3=CCCCC3)c2)CC1.Cl,ACVR1,PRKAA2,6.41,8.39,=,=
Cc1ccc(C(=O)Nc2cccc(C(F)(F)F)c2)cc1Nc1nc(-c2cccnc2)nc2c1cnn2C,ACVR1,MTOR,8.82,4.94,=,=
CCN(CC)CCCNC(=O)c1cnc(N)c2c(-c3ccc(NC(=O)Nc4cccc(C)c4)cc3)csc12,ABL1,PRKX,8.1,5.5,=,=
CCN(CC)CCNC(=O)c1c(C)[nH]c(/C=C2\C(=O)Nc3ccc(F)cc32)c1C,ABL2,CSNK1G3,6.0,6.62,=,=
CC(C)(C)c1ccc2nc(-c3n[nH]c4ccccc34)[nH]c2c1,ABL1,ROS1,6.8,5.9,=,=
CC(=O)c1cnc2ccc(-c3cc(Cl)c(O)c(Cl)c3)nc2c1N[C@H]1CC[C@H](CN(C)C)CC1,ABL2,PIP4K2C,6.73,8.52,=,=
CC(C)n1nc(-c2cc3cc(O)ccc3[nH]2)c2c(N)ncnc21,ABL1,CAMK2A,6.82,5.25,=,=
C1=N/C2=N/c3ccc(OCCN4CCCC4)c(c3)COC/C=C/COCc3cccc(c3)C(=C1)N2,AAK1,STK16,7.38,5.73,=,=
CC(C)n1nc(-c2cc3cc(O)ccc3[nH]2)c2c(N)ncnc21,ABL2,DAPK1,5.92,7.01,=,=
CC(C)c1cc(CNc2nc(Nc3cc(C4CC4)[nH]n3)cc(N3CCN(C)CC3)n2)on1,ABL1,MAP4K3,7.85,6.28,=,=
C[C@]12O[C@H](C[C@]1(O)CO)n1c3ccccc3c3c4c(c5c6ccccc6n2c5c31)CNC4=O,ACVR1B,CAMK2D,7.07,8.06,=,=
CN1C(=O)c2sccc2N(C)c2nc(Nc3ccc(S(N)(=O)=O)cc3)ncc21,ABL1,PIP5K1C,7.75,6.74,=,=
CO[C@@H]1[C@H](N(C)C(=O)c2ccccc2)C[C@H]2O[C@]1(C)n1c3ccccc3c3c4c(c5c6ccccc6n2c5c31)C(=O)NC4,AAK1,RPS6KB1,7.32,5.89,=,=
C#Cc1cccc(Nc2ncnc3cc(OCCOC)c(OCCOC)cc23)c1,ABL1,LRRK2,6.51,5.43,=,=
C=CC(=O)N[C@H]1CC[C@@H](n2nc(-c3ccc(Oc4ccccc4)cc3)c3c(N)ncnc32)CC1,ABL1,FER,7.49,5.47,=,=
CC(C)n1nc(-c2cc3cc(O)ccc3[nH]2)c2c(N)ncnc21,ACVR1,MAP3K9,8.4,5.54,=,=
CC[C@@H]1C(=O)N(C)c2cnc(Nc3ccc(C(=O)NC4CCN(C)CC4)cc3OC)nc2N1C1CCCC1,AAK1,PLK1,5.55,9.08,=,=
C=CC(=O)N1CCC[C@@H](n2nc(-c3ccc(Oc4ccccc4)cc3)c3c(N)ncnc32)C1,ABL2,TXK,6.04,8.7,=,=
CN1CCN(c2ccc3nc(-c4c(N)c5c(F)cccc5[nH]c4=O)[nH]c3c2)CC1,ACVR1,RPS6KA2,5.9,6.51,=,=
CC(=O)c1cnc2ccc(-c3cc(Cl)c(O)c(Cl)c3)nc2c1N[C@H]1CC[C@H](CN(C)C)CC1,ABL2,RPS6KA6,6.73,7.24,=,=
CN[C@@H]1C[C@H]2O[C@@](C)([C@@H]1OC)n1c3ccccc3c3c4c(c5c6ccccc6n2c5c31)C(=O)NC4,ABL2,DCLK1,7.46,6.76,=,=
C=CCc1cccc2c(=NO)cc(-c3ccccc3)oc12,ACVR1,LTK,5.9,7.3,=,=
CC(=O)c1cnc2ccc(-c3cc(Cl)c(O)c(Cl)c3)nc2c1N[C@H]1CC[C@H](CN(C)C)CC1,ACVR1,PLK4,6.65,7.48,=,=
CC(C)n1nc(-c2cc3cc(O)ccc3[nH]2)c2c(N)ncnc21,ABL1,ROS1,6.82,5.92,=,=
CCN(CC)CCOc1ccc(Nc2ncc3cc(-c4c(Cl)cccc4Cl)c(=O)n(C)c3n2)cc1,ACVR1,MAPK9,8.24,6.4,=,=
CC(=O)NCC(=O)N1[C@@H]2CC[C@H]1c1ccc(Nc3ncc(C(F)(F)F)c(NC4CCC4)n3)cc12,AAK1,IGF1R,8.05,5.57,=,=
CCN(CC)CCNC(=O)c1c(C)[nH]c(/C=C2\C(=O)Nc3ccc(F)cc32)c1C,AAK1,PRKD1,7.96,6.51,=,=
C[C@]12O[C@H](C[C@]1(O)CO)n1c3ccccc3c3c4c(c5c6ccccc6n2c5c31)CNC4=O,ABL2,PIK3C2G,5.19,6.64,=,=
CN[C@@H]1C[C@H]2O[C@@](C)([C@@H]1OC)n1c3ccccc3c3c4c(c5c6ccccc6n2c5c31)C(=O)NC4,ABL2,FGFR4,7.46,6.87,=,=
CCN1CCN(Cc2ccc(NC(=O)Nc3ccc(Oc4cc(NC)ncn4)cc3)cc2C(F)(F)F)CC1,ABL2,SRMS,8.47,7.14,=,=
CC(=O)c1cnc2ccc(-c3cc(Cl)c(O)c(Cl)c3)nc2c1N[C@H]1CC[C@H](CN(C)C)CC1,AAK1,PIP4K2C,6.76,8.52,=,=
C(#Cc1cnc2c(-c3ccnc4ccccc34)cnn2c1)CN1CCNCC1,ACVR1,BMPR1B,7.17,4.46,=,=
C=CC(=O)Nc1cc2c(Nc3ccc(F)c(Cl)c3)ncnc2cc1OCCCN1CCOCC1,ABL1,CSNK1D,6.47,5.34,=,=
CCN(CC)CCNC(=O)c1c(C)[nH]c(/C=C2\C(=O)Nc3ccc(F)cc32)c1C,ABL1,AKT2,6.14,5.57,=,=
CC(C)n1nc(-c2cc3cc(O)ccc3[nH]2)c2c(N)ncnc21,ABL2,NTRK1,5.92,5.07,=,=
CN(C)CC(=O)N1CCC(c2ccc(NC(=O)c3nc(C#N)c[nH]3)c(C3=CCCCC3)c2)CC1.Cl,AAK1,MAP3K7,6.28,8.14,=,=
CCNc1nc(C)c(-c2ccnc(Nc3ccc(N4CCN(C(C)=O)CC4)cc3)n2)s1,ACVR1,CHEK1,7.4,6.4,=,=
CC(C)c1cc(CNc2nc(Nc3cc(C4CC4)[nH]n3)cc(N3CCN(C)CC3)n2)on1,ACVR1,PRKD3,8.3,5.73,=,=
CN(C)CC(=O)N1CCC(c2ccc(NC(=O)c3nc(C#N)c[nH]3)c(C3=CCCCC3)c2)CC1.Cl,AAK1,PHKG2,6.28,5.77,=,=
CCOc1cc2ncc(C#N)c(Nc3ccc(F)c(Cl)c3)c2cc1NC(=O)/C=C/CN(C)C,ABL2,MAP3K3,6.62,5.68,=,=
CN[C@@H]1C[C@H]2O[C@@](C)([C@@H]1OC)n1c3ccccc3c3c4c(c5c6ccccc6n2c5c31)C(=O)NC4,AAK1,EPHB3,8.92,5.88,=,=
CC(=O)c1cnc2ccc(-c3cc(Cl)c(O)c(Cl)c3)nc2c1N[C@H]1CC[C@H](CN(C)C)CC1,AAK1,MAPK14,6.76,7.4,=,=
CCN(CC)CCNC(=O)c1c(C)[nH]c(/C=C2\C(=O)Nc3ccc(F)cc32)c1C,AAK1,BRSK1,7.96,5.46,=,=
CC(=O)c1cccc(-c2nn(C(C)C)c3ncnc(N)c23)c1,ABL1,PIK3CD,4.8,6.1,=,=
COc1cc(N2CCC(N3CCN(C)CC3)CC2)ccc1Nc1ncc(Cl)c(Nc2ccccc2S(=O)(=O)C(C)C)n1,ABL2,PLK1,6.42,7.2,=,=
CC(C)n1nc(-c2cc3cc(O)ccc3[nH]2)c2c(N)ncnc21,ACVR1,CSNK1E,8.4,7.51,=,=
CC(C)(C)c1nc(-c2cccc(NS(=O)(=O)c3c(F)cccc3F)c2F)c(-c2ccnc(N)n2)s1,ACVR1B,CDK17,6.22,7.44,=,=
C[C@]12O[C@H](C[C@]1(O)CO)n1c3ccccc3c3c4c(c5c6ccccc6n2c5c31)CNC4=O,AAK1,PIK3CB,8.51,5.17,=,=
C=CC(=O)Nc1cc2c(Nc3ccc(F)c(Cl)c3)ncnc2cc1OCCCN1CCOCC1,ABL1,MAPK9,6.47,5.96,=,=
C#Cc1cccc(Nc2ncnc3cc(OCCOC)c(OCCOC)cc23)c1,ABL2,YES1,6.7,5.66,=,=
CN1CCN(CCOc2cc(OC3CCOCC3)c3c(Nc4c(Cl)ccc5c4OCO5)ncnc3c2)CC1,ACVR1,RIPK3,8.4,5.75,=,=
CC(=O)NCC(=O)N1[C@@H]2CC[C@H]1c1ccc(Nc3ncc(C(F)(F)F)c(NC4CCC4)n3)cc12,AAK1,MAP4K5,8.05,6.05,=,=
C=CC(=O)Nc1cc2c(Nc3ccc(F)c(Cl)c3)ncnc2cc1OCCCN1CCOCC1,ACVR1,ERBB3,5.77,6.68,=,=
CN(C)CC(=O)N1CCC(c2ccc(NC(=O)c3nc(C#N)c[nH]3)c(C3=CCCCC3)c2)CC1.Cl,ABL2,MYLK4,5.28,6.06,=,=
CCN(CCO)CCCOc1ccc2c(Nc3cc(CC(=O)Nc4cccc(F)c4)[nH]n3)ncnc2c1,AAK1,AXL,5.52,6.41,=,=
CCC(=O)Nc1ccc(C(=O)N2CCNCC2)c(O)c1,ABL1,GSK3B,6.0,7.0,=,=
CN(C)CC(=O)N1CCC(c2ccc(NC(=O)c3nc(C#N)c[nH]3)c(C3=CCCCC3)c2)CC1.Cl,ACVR1B,BTK,8.0,7.11,=,=
Nc1nc(N)c2nc(-c3cccc(O)c3)c(-c3cccc(O)c3)nc2n1,ABL1,DCK,5.28,7.92,=,=
CCN1CCN(Cc2ccc(-c3cc4c(N[C@H](C)c5ccccc5)ncnc4[nH]3)cc2)CC1,ABL2,MAP4K5,4.83,4.3,=,=
CC(C)(C)n1nc(Cc2cccc3ccccc23)c2c(N)ncnc21,ABL1,CDK12,5.11,7.0,=,=
C=CC(=O)Nc1cc2c(Nc3ccc(F)c(Cl)c3)ncnc2cc1OCCCN1CCOCC1,ABL1,BLK,6.47,7.35,=,=
C=C(C)c1cnc(-c2cc(Cl)ccc2F)cc1Nc1ccncc1C(=O)N[C@@H](O)CC,ACVR1,TGFBR1,4.96,7.79,=,=
CC(C)n1nc(-c2cc3cc(O)ccc3[nH]2)c2c(N)ncnc21,ABL1,MAP3K9,6.82,5.54,=,=
CN[C@@H]1C[C@H]2O[C@@](C)([C@@H]1OC)n1c3ccccc3c3c4c(c5c6ccccc6n2c5c31)C(=O)NC4,ABL2,CSNK1G3,7.46,5.68,=,=
CCN(CC)CCNC(=O)c1c(C)[nH]c(/C=C2\C(=O)Nc3ccc(F)cc32)c1C,AAK1,CAMK2D,7.96,6.38,=,=
C=CC(=O)N1CCC(n2nc(C#Cc3cc(C(=O)Nc4ccc(CN5CCN(C)CC5)c(C(F)(F)F)c4)ccc3C)c3c(N)ncnc32)CC1,ABL1,BMX,6.88,7.66,=,=
CC(C)(C)c1cc(NC(=O)Nc2ccc(-c3cn4c(n3)sc3cc(OCCN5CCOCC5)ccc34)cc2)no1,ABL1,CDK8,6.04,4.68,=,=
CCN1CCN(Cc2ccc(NC(=O)c3ccc(C)c(Oc4ccnc5[nH]ccc45)c3)cc2C(F)(F)F)CC1,ABL2,EPHB2,7.12,6.17,=,=
COc1cc(N2CCC(N3CCN(C)CC3)CC2)ccc1Nc1ncc(Cl)c(Nc2ccccc2S(=O)(=O)C(C)C)n1,ACVR1,CDC42BPB,7.77,5.32,=,=
CC(C)c1cc(CNc2nc(Nc3cc(C4CC4)[nH]n3)cc(N3CCN(C)CC3)n2)on1,ACVR1,INSR,8.3,6.84,=,=
CC(=O)c1cccc(-c2ccc3nccn3n2)c1,ACVR1,CLK4,4.2,5.3,=,=
CO[C@@H]1[C@H](N(C)C(=O)c2ccccc2)C[C@H]2O[C@]1(C)n1c3ccccc3c3c4c(c5c6ccccc6n2c5c31)C(=O)NC4,AAK1,PRKX,7.32,6.02,=,=
C=CCn1c(=O)c2cnc(Nc3ccc(N4CCN(C)CC4)cc3)nc2n1-c1cccc(C(C)(C)O)n1,ABL1,PTK2,6.5,5.3,=,=
CC(C)n1nc(-c2cc3cc(O)ccc3[nH]2)c2c(N)ncnc21,AAK1,SIK1,5.8,6.5,=,=
C#Cc1cccc(Nc2ncnc3cc(OCCOC)c(OCCOC)cc23)c1,ABL2,EIF2AK4,6.7,5.36,=,=
CC(=O)c1cccc(-c2nn(C(C)C)c3ncnc(N)c23)c1,ABL1,PRKDC,4.8,5.93,=,=
Cc1ccc(C(=O)Nc2cccc(C(F)(F)F)c2)cc1Nc1nc(-c2cccnc2)nc2c1cnn2C,ACVR1B,AKT1,7.12,4.52,=,=
C#CCO[C@@H]1[C@H](C)[C@@H](COC(=O)c2ccc(S(=O)(=O)F)cc2)O[C@H]1n1nc(-c2ccc(C)cc2)c2c(N)ncnc21,ABL1,YES1,6.74,8.89,=,=
C=CC(=O)Nc1cc2c(Nc3ccc(F)c(Cl)c3)ncnc2cc1OCCCN1CCOCC1,ABL2,RPS6KA1,6.06,5.21,=,=
CC(C)c1cc(CNc2nc(Nc3cc(C4CC4)[nH]n3)cc(N3CCN(C)CC3)n2)on1,ABL1,CAMKK2,7.85,5.63,=,=
CCN(CC)CCNC(=O)c1c(C)[nH]c(/C=C2\C(=O)Nc3ccc(F)cc32)c1C,AAK1,FLT1,7.96,8.74,=,=
C1=N/C2=N/c3ccc(OCCN4CCCC4)c(c3)COC/C=C/COCc3cccc(c3)C(=C1)N2,AAK1,CDK9,7.38,6.0,=,=
CN(C)CC(=O)N1CCC(c2ccc(NC(=O)c3nc(C#N)c[nH]3)c(C3=CCCCC3)c2)CC1.Cl,AAK1,SIK1,6.28,5.52,=,=
CC(=O)c1cnc2ccc(-c3cc(Cl)c(O)c(Cl)c3)nc2c1N[C@H]1CC[C@H](CN(C)C)CC1,ACVR1,TAOK3,6.65,7.68,=,=
CN[C@@H]1C[C@H]2O[C@@](C)([C@@H]1OC)n1c3ccccc3c3c4c(c5c6ccccc6n2c5c31)C(=O)NC4,ACVR1,EPHA3,6.33,7.51,=,=
C#Cc1cccc(Nc2ncnc3cc(OCCOC)c(OCCOC)cc23)c1,ABL1,PRKD2,6.51,5.6,=,=
CCN1CCN(Cc2ccc(NC(=O)Nc3ccc(Oc4cc(NC)ncn4)cc3)cc2C(F)(F)F)CC1,ABL2,CDK5,8.47,6.13,=,=
CNC(=O)c1nn(C)c2c1C(C)(C)Cc1cnc(Nc3ccc(N4CCN(C)CC4)cc3)nc1-2,AAK1,PKMYT1,5.13,6.0,=,=
CO[C@@H]1[C@H](NCCOCCOCCOCCNC(=O)CCC2=[N+]3C(=Cc4c(C)cc(C)n4[B-]3(F)F)C=C2)C[C@H]2O[C@]1(C)n1c3ccccc3c3c4c(c5c6ccccc6n2c5c31)C(=O)NC4,ABL1,MAP3K5,6.04,6.87,=,=
CCN(CC)CCNC(=O)c1c(C)[nH]c(/C=C2\C(=O)Nc3ccc(F)cc32)c1C,ABL2,MAP3K12,6.0,7.0,=,=
CCN(CC)CCNC(=O)c1c(C)[nH]c(/C=C2\C(=O)Nc3ccc(F)cc32)c1C,AAK1,CDK4,7.96,5.46,=,=
C[C@@H](Oc1cc(-c2cnn(C3CCNCC3)c2)cnc1N)c1c(Cl)ccc(F)c1Cl,ACVR1,PIK3CA,6.36,7.96,=,=
CC(=O)NCC(=O)N1C2CCC1c1cc(Nc3ncc(C(F)(F)F)c(NC4CCC4)n3)ccc12,ACVR1,RET,6.4,8.5,=,=
Cc1ccc(-n2nc(C(C)(C)C)cc2NC(=O)Nc2ccc(OCCN3CCOCC3)c3ccccc23)cc1,ACVR1B,CIT,4.36,5.68,=,=
CCN1CCN(Cc2ccc(NC(=O)Nc3ccc(Oc4cc(NC)ncn4)cc3)cc2C(F)(F)F)CC1,ABL2,RPS6KA4,8.47,5.72,=,=
C#Cc1cn(C2CCCC2)c2ncnc(N)c12,ACVR1,CLK2,6.1,6.9,=,=
COc1cc(N2CCC(N3CCN(C)CC3)CC2)ccc1Nc1ncc(Cl)c(Nc2ccccc2S(=O)(=O)C(C)C)n1,ACVR1B,CAMK1,7.01,5.96,=,=
CN1CCN(CCOc2cc(OC3CCOCC3)c3c(Nc4c(Cl)ccc5c4OCO5)ncnc3c2)CC1,ACVR1,PKMYT1,8.4,5.55,=,=
CCN(CC)CCNC(=O)c1c(C)[nH]c(/C=C2\C(=O)Nc3ccc(F)cc32)c1C,AAK1,MAP3K2,7.96,7.24,=,=
CC(C)n1nc(-c2cc(O)cc(Br)c2)c2c(N)ncnc21,ABL1,PI4KB,7.58,5.39,=,=
CC(C)C[C@](C)(N)COc1ccc(-c2ccnc(C(F)F)c2)cc1C(F)F,AAK1,MKNK1,9.29,6.75,=,=
CC(=O)NCC(=O)N1C2CCC1c1cc(Nc3ncc(C(F)(F)F)c(NC4CCC4)n3)ccc12,ACVR1,FGFR3,6.4,8.3,=,=
CCN(CC)CCNC(=O)c1c(C)[nH]c(/C=C2\C(=O)Nc3ccc(F)cc32)c1C,AAK1,TYRO3,7.96,7.31,=,=
CN1CCC(NC(=O)c2cnc(Nc3cc(Cl)cc(Cl)c3)nc2NC2CCC(N(C)C)CC2)CC1,ABL1,STK26,5.12,4.52,=,=
CN[C@@H]1C[C@H]2O[C@@](C)([C@@H]1OC)n1c3ccccc3c3c4c(c5c6ccccc6n2c5c31)C(=O)NC4,ABL1,NEK7,7.04,5.35,=,=
CNC1CC2OC(C)(C1OC)n1c3ccccc3c3c4c(c5c6ccccc6n2c5c31)C(=O)NC4,ACVR1,IKBKB,7.2,6.6,=,=
CC(N)C1CCC(C(=O)Nc2ccnc3[nH]ccc23)CC1,ACVR1,BRSK1,6.0,5.4,=,=
CNC(=O)c1ccccc1Sc1ccc2c(/C=C/c3ccccn3)n[nH]c2c1,AAK1,ULK2,5.79,5.0,=,=
C1=N/C2=N/c3ccc(OCCN4CCCC4)c(c3)COC/C=C/COCc3cccc(c3)C(=C1)N2,AAK1,TNK1,7.38,6.05,=,=
CCN1CCN(Cc2ccc(NC(=O)Nc3ccc(Oc4cc(NC)ncn4)cc3)cc2C(F)(F)F)CC1,ABL2,CDK11A,8.47,5.96,=,=
CC(=O)NCC(=O)N1C2CCC1c1cc(Nc3ncc(C(F)(F)F)c(NC4CCC4)n3)ccc12,ACVR1,INSR,6.4,7.6,=,=
C#Cc1cn(C2CCCC2)c2ncnc(N)c12,ABL1,KDR,6.0,6.7,=,=
COC(=O)c1ccc2c(c1)NC(=O)/C2=C(\Nc1ccc(N(C)C(=O)CN2CCN(C)CC2)cc1)c1ccccc1,AAK1,MYLK4,7.2,6.36,=,=
CC(=O)c1cnc2ccc(-c3cc(Cl)c(O)c(Cl)c3)nc2c1N[C@H]1CC[C@H](CN(C)C)CC1,ABL2,PTK2B,6.73,7.52,=,=
CCn1cc(-c2ccc3c(c2)CCN3C(=O)Cc2cccc(OC(F)(F)F)c2)c2c(N)ncnc21,ABL1,EIF2AK1,6.47,7.58,=,=
CC(=O)c1c(C)c2cnc(Nc3ccc(N4CCNCC4)cn3)nc2n(C2CCCC2)c1=O,AAK1,CDK5,5.38,6.5,=,=
CCN1CCN(Cc2ccc(Nc3ncc(F)c(-c4cc(F)c5nc(C)n(C(C)C)c5c4)n3)nc2)CC1,AAK1,PRKCB,6.99,5.79,=,=
CCN(CC)CCNC(=O)c1c(C)[nH]c(/C=C2\C(=O)Nc3ccc(F)cc32)c1C,ABL2,CLK1,6.0,7.66,=,=
CN[C@@H]1C[C@H]2O[C@@](C)([C@@H]1OC)n1c3ccccc3c3c4c(c5c6ccccc6n2c5c31)C(=O)NC4,AAK1,MAPK3,8.92,5.18,=,=
CCCC(=O)Nc1cccc(-c2nc(Nc3ccc4[nH]ncc4c3)c3cc(OCCN4CCCC4)ccc3n2)c1,ACVR1,CAMK2D,5.4,6.0,=,=
Cc1ccc(C(=O)Nc2cccc(C(F)(F)F)c2)cc1Nc1nc(-c2cccnc2)nc2c1cnn2C,ABL1,ATR,6.04,5.35,=,=
CCS(=O)(=O)N1CCN(c2ccc(Nc3ncc(C(N)=O)c(NC4CC4)n3)cc2)CC1.Cl,AAK1,MAP3K3,9.0,5.96,=,=
CCN(CC)CCNC(=O)c1c(C)[nH]c(/C=C2\C(=O)Nc3ccc(F)cc32)c1C,ABL2,HIPK4,6.0,6.8,=,=
C=CC(=O)N1CCC[C@@H](n2nc(-c3ccc(Oc4ccccc4)cc3)c3c(N)ncnc32)C1,ABL2,FER,6.04,5.09,=,=
CCCNC(=O)c1ccc(Nc2nc(NCC(F)(F)F)c3cc[nH]c3n2)cc1,ABL1,GRK5,6.11,5.5,=,=
CN[C@@H]1C[C@H]2O[C@@](C)([C@@H]1OC)n1c3ccccc3c3c4c(c5c6ccccc6n2c5c31)C(=O)NC4,ACVR1B,CDK7,6.17,7.35,=,=
C=CC(=O)Nc1cc2c(Nc3ccc(F)c(Cl)c3)ncnc2cc1OCCCN1CCOCC1,ABL2,MAP2K5,6.06,7.22,=,=
CCc1nc(C(N)=O)c(Nc2ccc(N3CCC(N4CCN(C)CC4)CC3)c(OC)c2)nc1NC1CCOCC1,AAK1,BMPR1A,7.6,6.92,=,=
CCN(CC)CCNC(=O)c1c(C)[nH]c(/C=C2\C(=O)Nc3ccc(F)cc32)c1C,ABL2,MAPK7,6.0,5.0,=,=
CC(C)n1nc(-c2cc3cc(O)ccc3[nH]2)c2c(N)ncnc21,ACVR1,MKNK1,8.4,5.17,=,=
C=CC(=O)N1CCC[C@@H](n2nc(-c3ccc(Oc4ccccc4)cc3)c3c(N)ncnc32)C1,ABL1,TEC,7.07,8.15,=,=
CC1(C)C(=O)N([C@H]2CCc3c(O)cccc32)c2nc(Nc3ccccc3)ncc21,ABL1,PLK1,5.94,5.0,=,=
C#Cc1nc(Nc2ccccc2)nc2[nH]cnc12,ABL1,CDK7,4.88,4.12,=,=
CC(C)(C)c1nc(-c2cccc(NS(=O)(=O)c3c(F)cccc3F)c2F)c(-c2ccnc(N)n2)s1,ABL2,ERN1,6.52,5.84,=,=
CC(C)Oc1cc(-n2cnc3ccc(N[C@@H](C)c4ccc(F)cn4)nc32)n[nH]1,ABL1,TSSK2,8.92,7.51,=,=
Cc1ccc(C(=O)Nc2cccc(C(F)(F)F)c2)cc1Nc1nc(-c2cccnc2)nc2c1cnn2C,ACVR1,PRKDC,8.82,6.54,=,=
CC(C)c1cc(CNc2nc(Nc3cc(C4CC4)[nH]n3)cc(N3CCN(C)CC3)n2)on1,AAK1,EPHA1,6.86,8.3,=,=
COc1cc(N2CCC(N3CCN(C)CC3)CC2)ccc1Nc1ncc(Cl)c(Nc2ccccc2S(=O)(=O)C(C)C)n1,ABL2,MAPK12,6.42,5.03,=,=
CC(C)n1nc(-c2cc3cc(O)ccc3[nH]2)c2c(N)ncnc21,ABL2,TXK,5.92,6.48,=,=
CC(C)n1nc(-c2cc3cc(O)ccc3[nH]2)c2c(N)ncnc21,ABL2,FGFR2,5.92,6.68,=,=
CC(C)Oc1cc(Nc2nc(NC(C)c3ccc(F)cn3)ncc2Cl)n[nH]1,ACVR1,NTRK2,5.8,9.0,=,=
CN1CC[C@H](c2c(O)cc(O)c3c(=O)cc(-c4ccccc4Cl)oc23)[C@H](O)C1,ACVR1,MERTK,5.72,5.17,=,=
Cc1ccc(C(=O)Nc2cccc(C(F)(F)F)c2)cc1Nc1nc(-c2cccnc2)nc2c1cnn2C,ABL1,CSNK2B,6.04,6.96,=,=
CC(C)n1nc(-c2cc3cc(O)ccc3[nH]2)c2c(N)ncnc21,ACVR1,EIF2AK2,8.4,5.66,=,=
CC(N)C1CCC(C(=O)Nc2ccnc3[nH]ccc23)CC1,ACVR1,CDC42BPA,6.0,5.4,=,=
CN(C)CC(=O)N1CCC(c2ccc(NC(=O)c3nc(C#N)c[nH]3)c(C3=CCCCC3)c2)CC1.Cl,ABL2,IRAK4,5.28,6.07,=,=
COC(=O)c1ccc2c(c1)NC(=O)/C2=C(\Nc1ccc(N(C)C(=O)CN2CCN(C)CC2)cc1)c1ccccc1,ACVR1B,CDK7,5.31,6.52,=,=
CC(C)n1nc(-c2cc3cc(O)ccc3[nH]2)c2c(N)ncnc21,ACVR1B,BMP2K,7.24,5.22,=,=
CC(C)(C)n1nc(-c2ccc3ccccc3c2)c2c(N)ncnc21,ABL1,PIK3CB,5.22,4.0,=,=
CN(C)C[C@@H]1CCn2cc(c3ccccc32)C2=C(C(=O)NC2=O)c2cn(c3ccccc23)CCO1,AAK1,CHEK2,6.05,5.43,=,=
CCN(CC)CCNC(=O)c1c(C)[nH]c(/C=C2\C(=O)Nc3ccc(F)cc32)c1C,AAK1,GRK6,7.96,5.79,=,=
CC(Oc1cc(-c2cnn(C3CCNCC3)c2)cnc1N)c1c(Cl)ccc(F)c1Cl,ACVR1,PHKG2,6.35,5.5,=,=
CN[C@@H]1C[C@H]2O[C@@](C)([C@@H]1OC)n1c3ccccc3c3c4c(c5c6ccccc6n2c5c31)C(=O)NC4,AAK1,IKBKB,8.92,6.54,=,=
C#Cc1cccc(Nc2ncnc3cc(OCCOC)c(OCCOC)cc23)c1,ABL1,SYK,6.51,5.8,=,=
CN[C@@H]1C[C@H]2O[C@@](C)([C@@H]1OC)n1c3ccccc3c3c4c(c5c6ccccc6n2c5c31)C(=O)NC4,ACVR1,ZAP70,6.33,7.91,=,=
C#Cc1cn(C2CCCC2)c2ncnc(N)c12,ABL1,LTK,6.0,7.0,=,=
CC(=O)c1cnc2ccc(-c3cc(Cl)c(O)c(Cl)c3)nc2c1N[C@H]1CC[C@H](CN(C)C)CC1,AAK1,PTK2B,6.76,7.52,=,=
CCN(CC)CCNC(=O)c1c(C)[nH]c(/C=C2\C(=O)Nc3ccc(F)cc32)c1C,ABL2,TBK1,6.0,6.92,=,=
CN[C@@H]1C[C@H]2O[C@@](C)([C@@H]1OC)n1c3ccccc3c3c4c(c5c6ccccc6n2c5c31)C(=O)NC4,ACVR1,CAMK1,6.33,8.03,=,=
C#Cc1cccc(Nc2ncnc3cc(OCCOC)c(OCCOC)cc23)c1,AAK1,STK17A,5.92,5.2,=,=
CCN(CC)CCNC(=O)c1c(C)[nH]c(/C=C2\C(=O)Nc3ccc(F)cc32)c1C,ABL2,ITK,6.0,7.89,=,=
CC(C)(C)n1nc(-c2ccc(Cl)cc2)c2c(N)ncnc21,ACVR1,CDK8,7.2,6.1,=,=
C1=N/C2=N/c3ccc(OCCN4CCCC4)c(c3)COC/C=C/COCc3cccc(c3)C(=C1)N2,ACVR1,FER,7.66,5.44,=,=
CC(C)c1cc(CNc2nc(Nc3cc(C4CC4)[nH]n3)cc(N3CCN(C)CC3)n2)on1,AAK1,LIMK1,6.86,5.68,=,=
CC(C)(C)c1ccc2nc(-c3n[nH]c4ccccc34)[nH]c2c1,ABL1,IRAK4,6.8,6.0,=,=
CC(C)c1cc(CNc2nc(Nc3cc(C4CC4)[nH]n3)cc(N3CCN(C)CC3)n2)on1,AAK1,FLT3,6.86,8.3,=,=
CN[C@@H]1C[C@H]2O[C@@](C)([C@@H]1OC)n1c3ccccc3c3c4c(c5c6ccccc6n2c5c31)C(=O)NC4,ABL2,SRPK2,7.46,6.77,=,=
CCN(CC)CCNC(=O)c1c(C)[nH]c(/C=C2\C(=O)Nc3ccc(F)cc32)c1C,ABL2,AXL,6.0,8.05,=,=
CC(C)c1cc(CNc2nc(Nc3cc(C4CC4)[nH]n3)cc(N3CCN(C)CC3)n2)on1,ACVR1,DDR1,8.3,6.66,=,=
CN(C)CC(=O)N1CCC(c2ccc(NC(=O)c3nc(C#N)c[nH]3)c(C3=CCCCC3)c2)CC1.Cl,AAK1,NUAK2,6.28,6.89,=,=
CC(=O)NCC(=O)N1C2CCC1c1cc(Nc3ncc(C(F)(F)F)c(NC4CCC4)n3)ccc12,ACVR1,FES,6.4,7.9,=,=
C1=N/C2=N/c3ccc(OCCN4CCCC4)c(c3)COC/C=C/COCc3cccc(c3)C(=C1)N2,ACVR1,LIMK2,7.66,4.28,=,=
CC(C)c1cc(CNc2nc(Nc3cc(C4CC4)[nH]n3)cc(N3CCN(C)CC3)n2)on1,AAK1,AURKA,6.86,8.52,=,=
CCN1CCN(Cc2ccc(NC(=O)Nc3ccc(Oc4cc(NC)ncn4)cc3)cc2C(F)(F)F)CC1,ABL2,ROS1,8.47,5.77,=,=
CC(C)c1cc(CNc2nc(Nc3cc(C4CC4)[nH]n3)cc(N3CCN(C)CC3)n2)on1,AAK1,ABL1,6.86,7.85,=,=
CN(C)CC(=O)N1CCC(c2ccc(NC(=O)c3nc(C#N)c[nH]3)c(C3=CCCCC3)c2)CC1.Cl,ABL1,MARK1,6.41,5.38,=,=
CN[C@@H]1C[C@H]2O[C@@](C)([C@@H]1OC)n1c3ccccc3c3c4c(c5c6ccccc6n2c5c31)C(=O)NC4,ACVR1,RPS6KA5,6.33,7.7,=,=
CC(=O)NCC(=O)N1C2CCC1c1cc(Nc3ncc(C(F)(F)F)c(NC4CCC4)n3)ccc12,ACVR1,MST1R,6.4,7.7,=,=
CN1CCN(c2ccc3nc(-c4c(N)c5c(F)cccc5[nH]c4=O)[nH]c3c2)CC1,ACVR1,NUAK1,5.9,6.62,=,=
CC(=O)NCC(=O)N1C2CCC1c1cc(Nc3ncc(C(F)(F)F)c(NC4CCC4)n3)ccc12,ACVR1,PRKD2,6.4,7.2,=,=
CC(C)n1nc(-c2cc3cc(O)ccc3[nH]2)c2c(N)ncnc21,ACVR1,FGFR3,8.4,6.14,=,=
CN[C@@H]1C[C@H]2O[C@@](C)([C@@H]1OC)n1c3ccccc3c3c4c(c5c6ccccc6n2c5c31)C(=O)NC4,ABL2,PLK1,7.46,6.58,=,=
COC(=O)c1ccc2c(c1)NC(=O)/C2=C(\Nc1ccc(N(C)C(=O)CN2CCN(C)CC2)cc1)c1ccccc1,ABL2,PRKAA2,5.7,7.08,=,=
CNC(=O)c1ccccc1Sc1ccc2c(/C=C/c3ccccn3)n[nH]c2c1,ABL2,PKN2,6.57,5.57,=,=
CC(=O)NCC(=O)N1C2CCC1c1cc(Nc3ncc(C(F)(F)F)c(NC4CCC4)n3)ccc12,ACVR1,TBK1,6.4,7.9,=,=
COC(=O)[C@@]1(O)C[C@H]2O[C@]1(C)n1c3ccccc3c3c4c(c5c6ccccc6n2c5c31)C(=O)NC4,ACVR1B,CAMK2D,4.82,6.72,=,=
CC(C)C[C@](C)(N)COc1ccc(-c2ccnc(C(F)F)c2)cc1C(F)(F)F,AAK1,GSK3A,9.11,5.77,=,=
CC(=O)NCC(=O)N1[C@@H]2CC[C@H]1c1ccc(Nc3ncc(C(F)(F)F)c(NC4CCC4)n3)cc12,ABL1,SIK2,5.6,7.96,=,=
CC(C)(C)c1ccc2nc(-c3n[nH]c4ccccc34)[nH]c2c1,ABL1,HIPK2,6.8,5.9,=,=
CN1CC[C@H](c2c(O)cc(O)c3c(=O)cc(-c4ccccc4Cl)oc23)[C@H](O)C1,ABL1,MAPK3,5.79,4.8,=,=
CCN1CCN(Cc2ccc(NC(=O)c3ccc(C)c(Oc4ccnc5[nH]ccc45)c3)cc2C(F)(F)F)CC1,ABL2,EPHA2,7.12,6.11,=,=
CC(=O)c1cnc2ccc(-c3cc(Cl)c(O)c(Cl)c3)nc2c1N[C@H]1CC[C@H](CN(C)C)CC1,ACVR1B,CLK1,6.71,7.96,=,=
C#CCN1C[C@@H]2C[C@]2(c2ccc(-c3cnc(N)c(C(=O)N[C@H]4CC[C@H](O)CC4)c3)cc2)C1,ACVR1,BMPR1A,7.79,5.92,=,=
CC(=O)c1cnc2ccc(-c3cc(Cl)c(O)c(Cl)c3)nc2c1N[C@H]1CC[C@H](CN(C)C)CC1,ACVR1,NLK,6.65,7.62,=,=
COc1cc2c(Nc3ccc(Cl)c(Cl)c3F)ncnc2cc1OC[C@@H]1C[C@@H]2CN(C)C[C@@H]2C1,ABL2,MAPKAPK3,6.2,8.7,=,=
C=CC(=O)Nc1cccc(CNc2nc(Nc3cnn(C4CCN(C(=O)CC5C6CC7CC(C6)CC5C7)CC4)c3)ncc2Cl)c1,ABL1,JAK1,8.41,5.68,=,=
CC1(C)C(=O)N([C@H]2CCc3c(O)cccc32)c2nc(Nc3ccccc3)ncc21,ABL1,IKBKB,5.94,5.0,=,=
CC(C)(C)c1cc(NC(=O)Nc2ccc(-c3cn4c(n3)sc3cc(OCCN5CCOCC5)ccc34)cc2)no1,ABL1,CDK7,6.04,5.0,=,=
CCOc1cc2ncc(C#N)c(Nc3ccc(F)c(Cl)c3)c2cc1NC(=O)/C=C/CN(C)C,AAK1,MAP3K20,5.46,5.99,=,=
CC(=O)c1cnc2ccc(-c3cc(Cl)c(O)c(Cl)c3)nc2c1N[C@H]1CC[C@H](CN(C)C)CC1,AAK1,IRAK3,6.76,7.92,=,=
C=CC(=O)Nc1cc2c(Nc3ccc(F)c(Cl)c3)ncnc2cc1OCCCN1CCOCC1,ABL1,MAP2K5,6.47,7.22,=,=
CC(C)n1nc(-c2cc3cc(O)ccc3[nH]2)c2c(N)ncnc21,ACVR1B,BLK,7.24,6.62,=,=
C=CC(=O)Nc1cc2c(Nc3ccc(F)c(Cl)c3)ncnc2cc1OCCCN1CCOCC1,ABL1,SLK,6.47,5.75,=,=
CN(C)CC(=O)N1CCC(c2ccc(NC(=O)c3nc(C#N)c[nH]3)c(C3=CCCCC3)c2)CC1.Cl,ABL2,PRKAA2,5.28,8.39,=,=
CO[C@@H]1[C@H](N(C)C(=O)c2ccccc2)C[C@H]2O[C@]1(C)n1c3ccccc3c3c4c(c5c6ccccc6n2c5c31)C(=O)NC4,AAK1,PRKG1,7.32,6.6,=,=
Cc1ccc(C(=O)Nc2cccc(C(F)(F)F)c2)cc1Nc1nc(-c2cccnc2)nc2c1cnn2C,AAK1,MAPK14,5.38,6.29,=,=
C#Cc1cccc(Nc2ncnc3ccc(OCc4ccc(C(=O)Nc5ccccc5N)cc4)cc23)c1,ABL1,INSR,5.16,4.44,=,=
C1=N/C2=N/c3ccc(OCCN4CCCC4)c(c3)COC/C=C/COCc3cccc(c3)C(=C1)N2,AAK1,CLK1,7.38,6.86,=,=
C=CC(=O)Nc1cc2c(Nc3ccc(F)c(Cl)c3)ncnc2cc1OCCCN1CCOCC1,ABL1,STK17B,6.47,5.14,=,=
C[C@]12O[C@H](C[C@]1(O)CO)n1c3ccccc3c3c4c(c5c6ccccc6n2c5c31)CNC4=O,ACVR1B,AKT1,7.07,5.36,=,=
CC(Oc1cc(-c2cnn(C3CCNCC3)c2)cnc1N)c1c(Cl)ccc(F)c1Cl,ACVR1,MAP3K20,6.35,5.1,=,=
CC(C)n1nc(-c2cc3cc(O)ccc3[nH]2)c2c(N)ncnc21,ABL2,STK33,5.92,5.35,=,=
CN[C@@H]1C[C@H]2O[C@@](C)([C@@H]1OC)n1c3ccccc3c3c4c(c5c6ccccc6n2c5c31)C(=O)NC4,ACVR1,MARK1,6.33,9.38,=,=
CO[C@@H]1[C@H](NCCOCCOCCOCCNC(=O)CCC2=[N+]3C(=Cc4c(C)cc(C)n4[B-]3(F)F)C=C2)C[C@H]2O[C@]1(C)n1c3ccccc3c3c4c(c5c6ccccc6n2c5c31)C(=O)NC4,ABL2,GRK1,6.28,6.91,=,=
CC(C)n1nc(-c2cc3cc(O)ccc3[nH]2)c2c(N)ncnc21,AAK1,CSNK1E,5.8,7.51,=,=
C[C@]12O[C@H](C[C@]1(O)CO)n1c3ccccc3c3c4c(c5c6ccccc6n2c5c31)CNC4=O,ACVR1,PIK3C2B,7.12,5.28,=,=
CN[C@@H]1C[C@H]2O[C@@](C)([C@@H]1OC)n1c3ccccc3c3c4c(c5c6ccccc6n2c5c31)C(=O)NC4,ABL2,IKBKB,7.46,6.54,=,=
CC(C)n1nc(-c2cc3cc(O)ccc3[nH]2)c2c(N)ncnc21,ABL2,PIK3CA,5.92,6.7,=,=
COC(=O)c1ccc2c(c1)NC(=O)/C2=C(\Nc1ccc(N(C)C(=O)CN2CCN(C)CC2)cc1)c1ccccc1,AAK1,STK33,7.2,5.96,=,=
CC1(C)CNc2cc(NC(=O)c3cccnc3NCc3ccncc3)ccc21,ABL1,CIT,5.41,6.52,=,=
CN(C)CC(=O)N1CCC(c2ccc(NC(=O)c3nc(C#N)c[nH]3)c(C3=CCCCC3)c2)CC1.Cl,ABL2,PIM2,5.28,6.21,=,=
C#Cc1cccc(Nc2ncnc3cc(OCCOC)c(OCCOC)cc23)c1,AAK1,BLK,5.92,6.72,=,=
CCS(=O)(=O)c1cccc(-c2cc(C(=O)NC3CCN(C)CC3)c(C)c3[nH]c4ncc(C)cc4c23)c1,ABL1,RPS6KA1,6.51,5.47,=,=
CC(C)(C)c1cc(NC(=O)Nc2cccc(Nc3ncnc4ccccc34)c2)n(-c2cccc(N)c2)n1,ABL1,DDR1,7.64,6.63,=,=
CO[C@@H]1[C@H](N(C)CCOCCOCCOCCNC(=O)CCC2=[N+]3C(=Cc4c(C)cc(C)n4[B-]3(F)F)C=C2)C[C@H]2O[C@]1(C)n1c3ccccc3c3c4c(c5c6ccccc6n2c5c31)C(=O)NC4,ABL2,PIM1,6.02,6.54,=,=
CC(=O)c1cnc2ccc(-c3cc(Cl)c(O)c(Cl)c3)nc2c1N[C@H]1CC[C@H](CN(C)C)CC1,ABL1,TAOK2,6.55,8.0,=,=
CO[C@@H]1[C@H](N(C)CCOCCOCCOCCNC(=O)CCC2=[N+]3C(=Cc4c(C)cc(C)n4[B-]3(F)F)C=C2)C[C@H]2O[C@]1(C)n1c3ccccc3c3c4c(c5c6ccccc6n2c5c31)C(=O)NC4,ABL2,DYRK1B,6.02,7.4,=,=
C[S+]([O-])c1ccc(-c2nc(-c3ccc(F)cc3)c(-c3ccncc3)[nH]2)cc1,ACVR1B,CSNK1E,5.52,7.0,=,=
COc1cc(Nc2c(C#N)cnc3cc(OCCCN4CCN(C)CC4)c(OC)cc23)c(Cl)cc1Cl,ABL2,PLK2,8.82,6.02,=,=
CO[C@@H]1[C@H](N(C)CCOCCOCCOCCNC(=O)CCC2=[N+]3C(=Cc4c(C)cc(C)n4[B-]3(F)F)C=C2)C[C@H]2O[C@]1(C)n1c3ccccc3c3c4c(c5c6ccccc6n2c5c31)C(=O)NC4,AAK1,TNNI3K,8.3,5.92,=,=
CC(=O)NCC(=O)N1C2CCC1c1cc(Nc3ncc(C(F)(F)F)c(NC4CCC4)n3)ccc12,ABL1,CDK1,6.6,7.4,=,=
CN(C)CC(=O)N1CCC(c2ccc(NC(=O)c3nc(C#N)c[nH]3)c(C3=CCCCC3)c2)CC1.Cl,ABL2,MAP3K12,5.28,6.48,=,=
CC(C)n1nc(-c2cc3cc(O)ccc3[nH]2)c2c(N)ncnc21,ACVR1,EPHA8,8.4,6.6,=,=
C1=N/C2=N/c3ccc(OCCN4CCCC4)c(c3)COC/C=C/COCc3cccc(c3)C(=C1)N2,AAK1,JAK3,7.38,6.28,=,=
CC(=O)NCC(=O)N1C2CCC1c1cc(Nc3ncc(C(F)(F)F)c(NC4CCC4)n3)ccc12,ACVR1,FRK,6.4,7.1,=,=
CCS(=O)(=O)N1CCN(c2ccc(Nc3ncc(C(N)=O)c(NC4CC4)n3)cc2)CC1.Cl,AAK1,ULK1,9.0,5.55,=,=
CCC(N)(C#Cc1cnc(N)c2c(-c3ccc(NC(=O)Nc4cccc(C)c4)cc3)csc12)CC,ABL1,RPS6KA5,6.3,7.1,=,=
CC(C)C(=O)N1CCC(n2cc(-c3n[nH]c4cnc(N5C6CCC5C(=O)N(C)C6)nc34)cn2)CC1,ACVR1,FGFR1,5.9,6.52,=,=
CC(C)n1nc(-c2cc3cc(O)ccc3[nH]2)c2c(N)ncnc21,AAK1,PIK3C2G,5.8,6.82,=,=
CN(C)CC(=O)N1CCC(c2ccc(NC(=O)c3nc(C#N)c[nH]3)c(C3=CCCCC3)c2)CC1.Cl,ACVR1,DAPK2,6.41,5.47,=,=
CN1CC[C@H](c2c(O)cc(O)c3c(=O)cc(-c4ccccc4Cl)oc23)[C@H](O)C1,ACVR1,TNNI3K,5.72,7.26,=,=
C#Cc1cccc(Nc2ncnc3cc(OCCOC)c(OCCOC)cc23)c1,AAK1,DAPK3,5.92,5.22,=,=
CC(C)(C)c1ccc2nc(-c3n[nH]c4ccccc34)[nH]c2c1,ABL1,MARK3,6.8,6.0,=,=
CC(=O)c1cnc2ccc(-c3cc(Cl)c(O)c(Cl)c3)nc2c1N[C@H]1CC[C@H](CN(C)C)CC1,ABL1,CDK16,6.55,7.47,=,=
CC(=O)NCC(=O)N1C2CCC1c1cc(Nc3ncc(C(F)(F)F)c(NC4CCC4)n3)ccc12,ACVR1,CDK1,6.4,7.4,=,=
C(#Cc1cnc2c(-c3ccnc4ccccc34)cnn2c1)CN1CCNCC1,ACVR1,ACVR1B,7.17,4.22,=,=
CC(C)NC1=NNC(=O)C1=Cc1cc2ccccc2[nH]1,ACVR1,PDGFRA,5.4,6.2,=,=
CC(C)(C)c1cc(NC(=O)Nc2ccc(-c3cn4c(n3)sc3cc(OCCN5CCOCC5)ccc34)cc2)no1,ABL1,CDK17,6.04,4.68,=,=
CC(=O)c1c(C)c2cnc(Nc3ccc(N4CCNCC4)cn3)nc2n(C2CCCC2)c1=O,AAK1,DYRK1A,5.38,6.1,=,=
CC1(C)CNc2cc(NC(=O)c3cccnc3NCc3ccncc3)ccc21,ABL1,MAP3K19,5.41,6.7,=,=
C=CC(=O)Nc1cc2c(Nc3ccc(F)c(Cl)c3)ncnc2cc1OCCCN1CCOCC1,ABL1,MAP3K7,6.47,5.48,=,=
CCN(CC)CCNC(=O)c1c(C)[nH]c(/C=C2\C(=O)Nc3ccc(F)cc32)c1C,AAK1,WEE1,7.96,5.96,=,=
Cc1ccc(C(=O)Nc2cccc(C(F)(F)F)c2)cc1Nc1nc(-c2cccnc2)nc2c1cnn2C,ABL2,DCK,6.46,5.3,=,=
CN[C@@H]1C[C@H]2O[C@@](C)([C@@H]1OC)n1c3ccccc3c3c4c(c5c6ccccc6n2c5c31)C(=O)NC4,ACVR1,CAMKK1,6.33,8.92,=,=
C#Cc1cccc(Nc2ncnc3cc(OCCOC)c(OCCOC)cc23)c1,ABL1,HCK,6.51,5.75,=,=
Cc1ccc(C(=O)Nc2cccc(C(F)(F)F)c2)cc1Nc1nc(-c2cccnc2)nc2nn(C)cc12,ABL1,PI4KA,6.14,4.3,=,=
Cc1nc(Nc2n[nH]c3c2CN(C(=O)N[C@H](CN(C)C)c2ccccc2)C3(C)C)c2sccc2n1,AAK1,GRK2,5.52,4.65,=,=
CC(=O)NCC(=O)N1C2CCC1c1cc(Nc3ncc(C(F)(F)F)c(NC4CCC4)n3)ccc12,ABL1,MAP4K5,6.6,7.6,=,=
CO[C@@H]1[C@H](N(C)C(=O)c2ccccc2)C[C@H]2O[C@]1(C)n1c3ccccc3c3c4c(c5c6ccccc6n2c5c31)C(=O)NC4,ABL1,PRKG2,5.5,7.13,=,=
CC(C)n1nc(-c2cc3cc(O)ccc3[nH]2)c2c(N)ncnc21,ACVR1B,CAMK1D,7.24,5.82,=,=
CN[C@@H]1C[C@H]2O[C@@](C)([C@@H]1OC)n1c3ccccc3c3c4c(c5c6ccccc6n2c5c31)C(=O)NC4,ACVR1,STK33,6.33,7.44,=,=
CN[C@@H]1C[C@H]2O[C@@](C)([C@@H]1OC)n1c3ccccc3c3c4c(c5c6ccccc6n2c5c31)C(=O)NC4,ACVR1B,CAMK1,6.17,8.03,=,=
C1=N/C2=N/c3ccc(OCCN4CCCC4)c(c3)COC/C=C/COCc3cccc(c3)C(=C1)N2,ACVR1,PRKCA,7.66,6.03,=,=
CC(C)(C)c1ccc2nc(-c3n[nH]c4ccccc34)[nH]c2c1,ABL1,BRSK1,6.8,5.3,=,=
CN[C@@H]1C[C@H]2O[C@@](C)([C@@H]1OC)n1c3ccccc3c3c4c(c5c6ccccc6n2c5c31)C(=O)NC4,ABL2,PRKCQ,7.46,8.3,=,=
CC(=O)NCC(=O)N1[C@@H]2CC[C@H]1c1ccc(Nc3ncc(C(F)(F)F)c(NC4CCC4)n3)cc12,AAK1,PLK4,8.05,6.56,=,=
CN[C@@H]1C[C@H]2O[C@@](C)([C@@H]1OC)n1c3ccccc3c3c4c(c5c6ccccc6n2c5c31)C(=O)NC4,ACVR1,DAPK2,6.33,8.4,=,=
C=CC(=O)Nc1cc2c(Nc3ccc(F)c(Cl)c3)ncnc2cc1OCCCN1CCOCC1,ABL2,ULK3,6.06,5.33,=,=
CC[C@@](C)(Nc1ccnc(-c2c[nH]c3ncccc23)n1)C(=O)NCC(F)(F)F,ABL2,MARK3,5.15,6.25,=,=
C=CC(=O)N1CCC[C@@H](n2nc(-c3ccc(Oc4ccccc4)cc3)c3c(N)ncnc32)C1,ABL2,BMX,6.04,9.1,=,=
C[C@]12O[C@H](C[C@]1(O)CO)n1c3ccccc3c3c4c(c5c6ccccc6n2c5c31)CNC4=O,ABL2,CDK13,5.19,6.0,=,=
C[C@]12O[C@H](C[C@]1(O)CO)n1c3ccccc3c3c4c(c5c6ccccc6n2c5c31)CNC4=O,AAK1,MAP2K7,8.51,7.1,=,=
C#Cc1cccc(Nc2ncnc3cc(OCCOC)c(OCCOC)cc23)c1,ABL2,SLK,6.7,7.3,=,=
C=CC(=O)Nc1cc2c(Nc3ccc(F)c(Cl)c3)ncnc2cc1OCCCN1CCOCC1,ABL2,TGFBR1,6.06,5.02,=,=
CN(C)CC(=O)N1CCC(c2ccc(NC(=O)c3nc(C#N)c[nH]3)c(C3=CCCCC3)c2)CC1.Cl,AAK1,DAPK2,6.28,5.47,=,=
CC(C)(O)c1cn(-c2ccc3[nH]ncc3c2)nn1,ACVR1,ROCK1,4.1,6.1,=,=
CC1(C)OCC(=O)Nc2cc(Nc3nc(NCC(F)(F)F)c4occc4n3)ccc21,ABL1,ROCK1,6.39,5.24,=,=
CCN1CCN(Cc2ccc(NC(=O)Nc3ccc(Oc4cc(NC)ncn4)cc3)cc2C(F)(F)F)CC1,ABL2,CDK17,8.47,7.82,=,=
CCN(CC)CCNC(=O)c1c(C)[nH]c(/C=C2\C(=O)Nc3ccc(F)cc32)c1C,AAK1,CHEK1,7.96,6.52,=,=
CN(C)CC(=O)N1CCC(c2ccc(NC(=O)c3nc(C#N)c[nH]3)c(C3=CCCCC3)c2)CC1.Cl,ACVR1,TAOK3,6.41,5.66,=,=
CN1CCN(c2ccc3nc(-c4c(N)c5c(F)cccc5[nH]c4=O)[nH]c3c2)CC1,AAK1,NEK7,6.77,5.25,=,=
C#Cc1cccc(Nc2ncnc3cc(OC)c(OCCCCCCC(=O)NO)cc23)c1,ABL1,LYN,5.54,6.08,=,=
CCN(CC)CCNC(=O)c1c(C)[nH]c(/C=C2\C(=O)Nc3ccc(F)cc32)c1C,ABL2,FLT3,6.0,8.37,=,=
CC(C)c1cc(CNc2nc(Nc3cc(C4CC4)[nH]n3)cc(N3CCN(C)CC3)n2)on1,AAK1,EPHA2,6.86,7.5,=,=
CC(=O)c1cnc2ccc(-c3cc(Cl)c(O)c(Cl)c3)nc2c1N[C@H]1CC[C@H](CN(C)C)CC1,AAK1,MAP2K1,6.76,6.01,=,=
C[C@]12O[C@H](C[C@]1(O)CO)n1c3ccccc3c3c4c(c5c6ccccc6n2c5c31)CNC4=O,AAK1,PI4KB,8.51,6.54,=,=
CN(C)CC(=O)N1CCC(c2ccc(NC(=O)c3nc(C#N)c[nH]3)c(C3=CCCCC3)c2)CC1.Cl,ABL1,EPHA1,6.41,5.17,=,=
CN[C@@H]1C[C@H]2O[C@@](C)([C@@H]1OC)n1c3ccccc3c3c4c(c5c6ccccc6n2c5c31)C(=O)NC4,ACVR1,PAK2,6.33,8.57,=,=
CC(=O)c1cnc2ccc(-c3cc(Cl)c(O)c(Cl)c3)nc2c1N[C@H]1CC[C@H](CN(C)C)CC1,AAK1,FER,6.76,7.33,=,=
C1=N/C2=N/c3ccc(OCCN4CCCC4)c(c3)COC/C=C/COCc3cccc(c3)C(=C1)N2,ACVR1,TNIK,7.66,7.05,=,=
C=CC(=O)Nc1cc2c(Nc3ccc(F)c(Cl)c3)ncnc2cc1OCCCN1CCOCC1,ABL2,LTK,6.06,5.29,=,=
CC(O)Cn1cc(-c2cnc(N)c3c(-c4ccc(NC(=O)Nc5cccc(F)c5)cc4)csc23)cn1,ABL1,MAPK13,9.1,5.2,=,=
CC(=O)c1cnc2ccc(-c3cc(Cl)c(O)c(Cl)c3)nc2c1N[C@H]1CC[C@H](CN(C)C)CC1,AAK1,TNK1,6.76,5.75,=,=
CC(C)(C)OC(=O)n1ccc2cc(-c3nn(C4CCCC4)c4ncnc(N)c34)ccc21,ABL1,PIK3CA,6.04,4.0,=,=
CN1CCN(c2ccc3nc(-c4c(N)c5c(F)cccc5[nH]c4=O)[nH]c3c2)CC1,ACVR1,TYRO3,5.9,5.03,=,=
CNS(=O)(=O)c1ccccc1Nc1nc(Nc2cc(OC)c(OC)c(OC)c2)ncc1Cl,ABL1,DYRK4,8.1,5.9,=,=
CC[C@@](C)(Nc1ccnc(-c2c[nH]c3ncccc23)n1)C(=O)NCC(F)(F)F,AAK1,STK26,5.37,5.95,=,=
CC1(C)OCC(=O)Nc2cc(Nc3nc(NCC(F)(F)F)c4occc4n3)ccc21,ABL1,MAP3K10,6.39,5.34,=,=
CC(=O)NCC(=O)N1[C@@H]2CC[C@H]1c1ccc(Nc3ncc(C(F)(F)F)c(NC4CCC4)n3)cc12,AAK1,LATS1,8.05,6.39,=,=
CC(=O)NCC(=O)N1[C@@H]2CC[C@H]1c1ccc(Nc3ncc(C(F)(F)F)c(NC4CCC4)n3)cc12,AAK1,GAK,8.05,5.75,=,=
CC(=O)c1cnc2ccc(-c3cc(Cl)c(O)c(Cl)c3)nc2c1N[C@H]1CC[C@H](CN(C)C)CC1,ABL1,MAP2K1,6.55,6.01,=,=
CC(=O)NCC(=O)N1[C@@H]2CC[C@H]1c1ccc(Nc3ncc(C(F)(F)F)c(NC4CCC4)n3)cc12,AAK1,CSNK2A2,8.05,5.58,=,=
CC(C)n1nc(-c2cc3cc(O)ccc3[nH]2)c2c(N)ncnc21,AAK1,ACVR2A,5.8,7.75,=,=
CN[C@@H]1C[C@H]2O[C@@](C)([C@@H]1OC)n1c3ccccc3c3c4c(c5c6ccccc6n2c5c31)C(=O)NC4,ABL1,PDK1,7.04,9.29,=,=
CCN(CC)CCNC(=O)c1c(C)[nH]c(/C=C2\C(=O)Nc3ccc(F)cc32)c1C,AAK1,NUAK1,7.96,7.32,=,=
CC(=O)NCC(=O)N1[C@@H]2CC[C@H]1c1ccc(Nc3ncc(C(F)(F)F)c(NC4CCC4)n3)cc12,AAK1,SLK,8.05,6.16,=,=
CN1CCN(c2nc(C3=C(c4c[nH]c5ccccc45)C(=O)NC3=O)c3ccccc3n2)CC1,ABL1,PRKCE,5.48,8.21,=,=
CC(=O)NCC(=O)N1C2CCC1c1cc(Nc3ncc(C(F)(F)F)c(NC4CCC4)n3)ccc12,ABL1,CSNK1D,6.6,5.5,=,=
CC(C)n1nc(-c2cc3cc(O)ccc3[nH]2)c2c(N)ncnc21,AAK1,HIPK3,5.8,6.89,=,=
CC(=O)c1cnc2ccc(-c3cc(Cl)c(O)c(Cl)c3)nc2c1N[C@H]1CC[C@H](CN(C)C)CC1,ABL2,MAP3K11,6.73,7.28,=,=
CC(C)n1nc(-c2cc3cc(O)ccc3[nH]2)c2c(N)ncnc21,ABL1,CDK4,6.82,5.11,=,=
CN[C@@H]1C[C@H]2O[C@@](C)([C@@H]1OC)n1c3ccccc3c3c4c(c5c6ccccc6n2c5c31)C(=O)NC4,ACVR1,NEK4,6.33,7.13,=,=
CNC(=O)c1nn(C)c2c1C(C)(C)Cc1cnc(Nc3ccc(N4CCN(C)CC4)cc3)nc1-2,ABL2,LATS1,5.43,6.17,=,=
CCN(CC)CCNC(=O)c1c(C)[nH]c(/C=C2\C(=O)Nc3ccc(F)cc32)c1C,ABL1,TSSK1A,6.14,5.2,=,=
CN(C)CC(=O)N1CCC(c2ccc(NC(=O)c3nc(C#N)c[nH]3)c(C3=CCCCC3)c2)CC1.Cl,ABL1,TSSK1A,6.41,5.5,=,=
Cc1cc(C(=O)Nc2cc(Oc3ccc4nc(NC(=O)C5CC5)cn4n3)ccc2C)n(C)n1,AAK1,NEK1,5.61,6.44,=,=
C=CC(=O)N1CCC[C@@H](n2nc(-c3ccc(Oc4ccccc4)cc3)c3c(N)ncnc32)C1,ABL2,LCK,6.04,8.37,=,=
CC1(C)C(=O)N([C@H]2CCc3c(O)cccc32)c2nc(Nc3ccccc3)ncc21,ABL1,MAPKAPK2,5.94,5.0,=,=
Cc1ccc(C(=O)Nc2cccc(C(F)(F)F)c2)cc1Nc1nc(-c2cccnc2)nc2c1cnn2C,AAK1,PIP4K2A,5.38,7.02,=,=
C1=N/C2=N/c3ccc(OCCN4CCCC4)c(c3)COC/C=C/COCc3cccc(c3)C(=C1)N2,ACVR1,MAP4K4,7.66,6.53,=,=
CCN(CC)CCNC(=O)c1c(C)[nH]c(/C=C2\C(=O)Nc3ccc(F)cc32)c1C,ABL1,ULK1,6.14,7.64,=,=
CN[C@@H]1C[C@H]2O[C@@](C)([C@@H]1OC)n1c3ccccc3c3c4c(c5c6ccccc6n2c5c31)C(=O)NC4,ACVR1,MKNK2,6.33,7.71,=,=
CC(C)c1cc(=O)[nH]c2[nH][nH]c(=O)c12,ABL1,DYRK1B,4.2,4.8,=,=
C#Cc1cccc(Nc2ncnc3cc(OCCOC)c(OCCOC)cc23)c1,ABL1,JAK2,6.51,5.42,=,=
C#Cc1cccc(Nc2ncnc3cc(OCCOC)c(OCCOC)cc23)c1,ABL1,STK10,6.51,7.08,=,=
CCN1CCN(Cc2ccc(NC(=O)Nc3ccc(Oc4cc(NC)ncn4)cc3)cc2C(F)(F)F)CC1,ABL2,PLK3,8.47,5.09,=,=
C=CC(=O)N1CCC[C@@H](n2nc(-c3ccc(Oc4ccccc4)cc3)c3c(N)ncnc32)C1,ABL1,FER,7.07,5.09,=,=
CN1CCN(c2ccc3nc(-c4c(N)c5c(F)cccc5[nH]c4=O)[nH]c3c2)CC1,AAK1,CHEK2,6.77,5.8,=,=
CC(=O)NCC(=O)N1C2CCC1c1cc(Nc3ncc(C(F)(F)F)c(NC4CCC4)n3)ccc12,ACVR1,MAPK12,6.4,5.8,=,=
CC(=O)NCC(=O)N1C2CCC1c1cc(Nc3ncc(C(F)(F)F)c(NC4CCC4)n3)ccc12,ABL1,TBK1,6.6,7.9,=,=
C=CCn1nc(-c2ccc(OCC)c(OC)c2)c2c(N)ncnc21,ABL1,PRKDC,4.84,6.25,=,=
CC(=O)c1cnc2ccc(-c3cc(Cl)c(O)c(Cl)c3)nc2c1N[C@H]1CC[C@H](CN(C)C)CC1,AAK1,NLK,6.76,7.62,=,=
C=C(C)c1c(Nc2ccncc2C(=O)NC[C@H](C)O)cc(-c2cc(Cl)ccc2F)nc1N,ACVR1B,ACVRL1,7.48,5.25,=,=
CC(C)c1cc(CNc2nc(Nc3cc(C4CC4)[nH]n3)cc(N3CCN(C)CC3)n2)on1,ABL1,IGF1R,7.85,6.71,=,=
CN[C@@H]1C[C@H]2O[C@@](C)([C@@H]1OC)n1c3ccccc3c3c4c(c5c6ccccc6n2c5c31)C(=O)NC4,ACVR1,EIF2AK4,6.33,7.8,=,=
CN1CCN(c2ccc3nc(-c4c(N)c5c(F)cccc5[nH]c4=O)[nH]c3c2)CC1,ABL1,BMPR2,6.64,5.51,=,=
CCN(CC)CCNC(=O)c1c(C)[nH]c(/C=C2\C(=O)Nc3ccc(F)cc32)c1C,ABL2,CLK4,6.0,7.54,=,=
CN1CCN(c2ccc3nc(-c4c(N)c5c(F)cccc5[nH]c4=O)[nH]c3c2)CC1,ACVR1,MAP3K9,5.9,5.0,=,=
CCN(CC)CCNC(=O)c1c(C)[nH]c(/C=C2\C(=O)Nc3ccc(F)cc32)c1C,ABL1,MAP4K1,6.14,7.8,=,=
Cc1cc(Nc2ncc(F)c(NC3C4C=CC(C4)C3C(N)=O)n2)ccc1N1CCN(C)CC1,ACVR1,PRKCZ,7.4,5.3,=,=
CC(O)Cn1cc(-c2cnc(N)c3c(-c4ccc(NC(=O)Nc5cccc(F)c5)cc4)csc23)cn1,ABL1,CAMK1,9.1,5.8,=,=
CC(C)c1cc(CNc2nc(Nc3cc(C4CC4)[nH]n3)cc(N3CCN(C)CC3)n2)on1,ACVR1,SRC,8.3,6.34,=,=
CC(C)n1nc(-c2cc3cc(O)ccc3[nH]2)c2c(N)ncnc21,ACVR1,PRKG2,8.4,6.28,=,=
CC(C)(O)c1cn(-c2ccc3[nH]ncc3c2)nn1,ACVR1,GSK3B,4.1,4.9,=,=
C=C(C)c1c(Nc2ccncc2C(=O)OC)cc(-c2cc(Cl)ccc2F)nc1NC(=O)OC(C)(C)C,ACVR1B,ACVRL1,7.48,5.25,=,=
CC(C)(C)c1ccc2nc(-c3n[nH]c4ccccc34)[nH]c2c1,ABL1,CDK2,6.8,6.1,=,=
CN(C)C/C=C/C(=O)Nc1cc2c(Nc3ccc(F)c(Cl)c3)ncnc2cc1O[C@H]1CCOC1,ABL1,ADK,6.1,5.46,=,=
CN[C@@H]1C[C@H]2O[C@@](C)([C@@H]1OC)n1c3ccccc3c3c4c(c5c6ccccc6n2c5c31)C(=O)NC4,ABL1,PIK3C2G,7.04,6.37,=,=
CC(N)C1CCC(C(=O)Nc2ccnc3[nH]ccc23)CC1,ACVR1,MARK2,6.0,5.2,=,=
CC(C)c1cc(CNc2nc(Nc3cc(C4CC4)[nH]n3)cc(N3CCN(C)CC3)n2)on1,AAK1,IKBKE,6.86,5.86,=,=
CN1CCN(c2ccc3nc(-c4c(N)c5c(F)cccc5[nH]c4=O)[nH]c3c2)CC1,ACVR1,NUAK2,5.9,6.89,=,=
C#Cc1cccc(Nc2ncnc3cc(OCCOC)c(OCCOC)cc23)c1,ABL2,TYRO3,6.7,5.41,=,=
CC(=O)NCC(=O)N1C2CCC1c1cc(Nc3ncc(C(F)(F)F)c(NC4CCC4)n3)ccc12,ACVR1,NTRK2,6.4,7.5,=,=
CC(C)c1ccc(C(=O)Nc2cc(CN3CCN(C)CC3)cc(C(F)(F)F)c2)cc1C#Cc1cnc2cnccn12,ABL1,NTRK1,6.31,7.0,=,=
CCS(=O)(=O)N1CCN(c2ccc(Nc3ncc(C(N)=O)c(NC4CC4)n3)cc2)CC1.Cl,AAK1,BMPR2,9.0,5.31,=,=
CC[C@@](C)(Nc1ccnc(-c2c[nH]c3ncccc23)n1)C(=O)NCC(F)(F)F,ABL1,PKN1,6.08,4.3,=,=
CC(=O)NCC(=O)N1C2CCC1c1cc(Nc3ncc(C(F)(F)F)c(NC4CCC4)n3)ccc12,ACVR1,IKBKE,6.4,7.4,=,=
CN[C@@H]1C[C@H]2O[C@@](C)([C@@H]1OC)n1c3ccccc3c3c4c(c5c6ccccc6n2c5c31)C(=O)NC4,AAK1,NEK7,8.92,5.35,=,=
C#Cc1cccc(Nc2ncnc3cc(OCCOC)c(OCCOC)cc23)c1,AAK1,EGFR,5.92,7.64,=,=
CCc1nc(C(N)=O)c(Nc2ccc(N3CCC(N4CCN(C)CC4)CC3)c(OC)c2)nc1NC1CCOCC1,AAK1,ALK,7.6,8.92,=,=
CCS(=O)(=O)N1CC(CC#N)(n2cc(-c3ncnc4[nH]ccc34)cn2)C1,AAK1,CSNK1G1,8.09,5.76,=,=
COc1cc(N2CCC(N3CCN(C)CC3)CC2)ccc1Nc1ncc(Cl)c(Nc2ccccc2S(=O)(=O)C(C)C)n1,ACVR1B,CAMK2A,7.01,6.11,=,=
CC(=O)NCC(=O)N1[C@@H]2CC[C@H]1c1ccc(Nc3ncc(C(F)(F)F)c(NC4CCC4)n3)cc12,ABL1,MARK2,5.6,6.24,=,=
CN1CC[C@H](c2c(O)cc(O)c3c(=O)cc(-c4ccccc4Cl)oc23)[C@H](O)C1,AAK1,NUAK2,5.28,5.85,=,=
CC(C)n1nc(-c2cc3cc(O)ccc3[nH]2)c2c(N)ncnc21,ACVR1,PIK3CG,8.4,6.63,=,=
CCN1CCN(Cc2ccc(NC(=O)Nc3ccc(Oc4cc(NC)ncn4)cc3)cc2C(F)(F)F)CC1,ABL2,TIE1,8.47,9.54,=,=
CN1CC[C@H](c2c(O)cc(O)c3c(=O)cc(-c4ccccc4Cl)oc23)[C@H](O)C1,ACVR1,CIT,5.72,6.96,=,=
C1=N/C2=N/c3ccc(OCCN4CCCC4)c(c3)COC/C=C/COCc3cccc(c3)C(=C1)N2,AAK1,MAPK8,7.38,5.71,=,=
CCc1nc(C(N)=O)c(Nc2ccc(N3CCC(N4CCN(C)CC4)CC3)c(OC)c2)nc1NC1CCOCC1,ACVR1,PTK2B,7.41,6.29,=,=
CCCS(=O)(=O)Nc1ccc(F)c(C(=O)c2c[nH]c3ncc(Cl)cc23)c1F,ABL1,DCLK1,5.64,5.09,=,=
CC(C)n1nc(-c2cc3cc(O)ccc3[nH]2)c2c(N)ncnc21,ABL1,EPHA2,6.82,6.21,=,=
C1=N/C2=N/c3ccc(OCCN4CCCC4)c(c3)COC/C=C/COCc3cccc(c3)C(=C1)N2,ACVR1,IRAK1,7.66,7.0,=,=
CCN(CC)CCNC(=O)c1c(C)[nH]c(/C=C2\C(=O)Nc3ccc(F)cc32)c1C,ABL2,MAP3K3,6.0,6.66,=,=
C=CC(=O)Nc1cc2c(Nc3ccc(F)c(Cl)c3)ncnc2cc1OCCCN1CCOCC1,ABL1,EPHA1,6.47,5.6,=,=
C=CC(=O)Nc1cc2c(Nc3ccc(F)c(Cl)c3)ncnc2cc1OCCCN1CCOCC1,ACVR1,GAK,5.77,7.0,=,=
CC(C)c1cc(CNc2nc(Nc3cc(C4CC4)[nH]n3)cc(N3CCN(C)CC3)n2)on1,ACVR1,PRKCA,8.3,5.64,=,=
CCN1CCN(c2ccc(Nc3ncc(Cl)c(Nc4ccc5[nH]ncc5c4)n3)cc2)CC1,ACVR1,CAMK1D,6.9,5.9,=,=
C=CC(=O)Nc1cc2c(Nc3ccc(F)c(Cl)c3)ncnc2cc1OCCCN1CCOCC1,ABL2,PDGFRA,6.06,5.28,=,=
CN1CC[C@H](c2c(O)cc(O)c3c(=O)cc(-c4ccccc4Cl)oc23)[C@H](O)C1,AAK1,PRKCH,5.28,6.46,=,=
CN[C@@H]1C[C@H]2O[C@@](C)([C@@H]1OC)n1c3ccccc3c3c4c(c5c6ccccc6n2c5c31)C(=O)NC4,ABL2,ACVR1B,7.46,6.17,=,=
CCN(CC)CCNC(=O)c1c(C)[nH]c(/C=C2\C(=O)Nc3ccc(F)cc32)c1C,ABL2,MARK4,6.0,5.44,=,=
CC(=O)NCC(=O)N1C2CCC1c1cc(Nc3ncc(C(F)(F)F)c(NC4CCC4)n3)ccc12,ABL1,NTRK2,6.6,7.5,=,=
CNC1CC2OC(C)(C1OC)n1c3ccccc3c3c4c(c5c6ccccc6n2c5c31)C(=O)NC4,ACVR1,MARK4,7.2,9.1,=,=
CC(C)(C)n1nc(-c2ccc(Cl)cc2)c2c(N)ncnc21,ACVR1,SRC,7.2,6.3,=,=
C1=N/C2=N/c3ccc(OCCN4CCCC4)c(c3)COC/C=C/COCc3cccc(c3)C(=C1)N2,AAK1,PRKCA,7.38,6.03,=,=
CC1(C)C(=O)N([C@H]2CCc3c(O)cccc32)c2nc(Nc3ccccc3)ncc21,ACVR1B,BRAF,5.0,5.69,=,=
CCNC(=O)c1c(OC)cc(-n2cnc3cc(-c4cnn(C)c4)ccc32)cc1OC,ABL1,TGFBR1,7.13,6.17,=,=
CN[C@@H]1C[C@H]2O[C@@](C)([C@@H]1OC)n1c3ccccc3c3c4c(c5c6ccccc6n2c5c31)C(=O)NC4,ACVR1,CSNK1G3,6.33,5.68,=,=
CC(=O)c1cnc2ccc(-c3cc(Cl)c(O)c(Cl)c3)nc2c1N[C@H]1CC[C@H](CN(C)C)CC1,ABL1,PIP4K2C,6.55,8.52,=,=
CC(C)(C)c1ccc2nc(-c3n[nH]c4ccccc34)[nH]c2c1,ABL1,MAP4K2,6.8,7.4,=,=
C[C@]12O[C@H](C[C@]1(O)CO)n1c3ccccc3c3c4c(c5c6ccccc6n2c5c31)CNC4=O,AAK1,NEK1,8.51,5.6,=,=
CC[C@@H]1CN(C(=O)NCC(F)(F)F)C[C@@H]1c1cnc2cnc3[nH]ccc3n12,AAK1,CAMK1D,5.0,5.64,=,=
CO[C@@H]1[C@H](N(C)CCOCCOCCOCCNC(=O)CCC2=[N+]3C(=Cc4c(C)cc(C)n4[B-]3(F)F)C=C2)C[C@H]2O[C@]1(C)n1c3ccccc3c3c4c(c5c6ccccc6n2c5c31)C(=O)NC4,ABL2,PRKCB,6.02,7.77,=,=
CN(C)CC(=O)N1CCC(c2ccc(NC(=O)c3nc(C#N)c[nH]3)c(C3=CCCCC3)c2)CC1.Cl,ACVR1,EPHA3,6.41,5.8,=,=
CC(=O)c1cccc(-c2ccc3nccn3n2)c1,ABL1,CLK4,4.3,5.3,=,=
CCOc1cc2ncc(C#N)c(Nc3ccc(F)c(Cl)c3)c2cc1NC(=O)/C=C/CN(C)C,ABL2,CLK4,6.62,5.47,=,=
COc1cc(N2CCC(N3CCN(C)CC3)CC2)ccc1Nc1ncc(Cl)c(Nc2ccccc2S(=O)(=O)C(C)C)n1,AAK1,MATK,6.33,5.55,=,=
CC(C)C[C@](C)(N)COc1cnc(-c2ccnc(C(F)F)c2)cc1C(F)F,AAK1,MKNK2,8.92,5.8,=,=
CS(=O)(=O)N1CCN(Cc2cc3nc(-c4cccc5[nH]ncc45)nc(N4CCOCC4)c3s2)CC1,AAK1,PIK3CB,5.04,7.48,=,=
CN(C)C[C@@H]1CCn2cc(c3ccccc32)C2=C(C(=O)NC2=O)c2cn(c3ccccc23)CCO1,AAK1,CSNK2A1,6.05,5.44,=,=
C#Cc1cccc(Nc2ncnc3cc(OCCOC)c(OCCOC)cc23)c1,ABL1,DAPK3,6.51,5.22,=,=
CN(C)CC(=O)N1CCC(c2ccc(NC(=O)c3nc(C#N)c[nH]3)c(C3=CCCCC3)c2)CC1.Cl,ACVR1,MAP3K19,6.41,7.41,=,=
C=CC(=O)Nc1cc2c(Nc3ccc(F)c(Cl)c3)ncnc2cc1OCCCN1CCOCC1,ABL1,AXL,6.47,5.24,=,=
CN1CCN(c2ccc3nc(-c4c(N)c5c(F)cccc5[nH]c4=O)[nH]c3c2)CC1,ACVR1,JAK1,5.9,6.42,=,=
CCOc1cc2ncc(C#N)c(Nc3ccc(F)c(Cl)c3)c2cc1NC(=O)/C=C/CN(C)C,ABL2,EIF2AK2,6.62,5.72,=,=
CC(C)c1cc(CNc2nc(Nc3cc(C4CC4)[nH]n3)cc(N3CCN(C)CC3)n2)on1,ABL1,MAP4K2,7.85,6.45,=,=
C=CC(=O)Nc1cc2c(Nc3ccc(F)c(Cl)c3)ncnc2cc1OCCCN1CCOCC1,ABL2,ERBB4,6.06,8.07,=,=
CN[C@@H]1C[C@H]2O[C@@](C)([C@@H]1OC)n1c3ccccc3c3c4c(c5c6ccccc6n2c5c31)C(=O)NC4,AAK1,CDK13,8.92,7.16,=,=
CC(=O)c1c(C)c2cnc(Nc3ccc(N4CCNCC4)cn3)nc2n(C2CCCC2)c1=O,AAK1,ROCK2,5.38,6.9,=,=
CCN(CC)CCOc1ccc(Nc2ncc3cc(-c4c(Cl)cccc4Cl)c(=O)n(C)c3n2)cc1,ACVR1,CHEK1,8.24,7.14,=,=
CC(C)n1nc(-c2cc3cc(O)ccc3[nH]2)c2c(N)ncnc21,ACVR1,CDK4,8.4,5.11,=,=
CC(C)n1nc(-c2cc3cc(O)ccc3[nH]2)c2c(N)ncnc21,ACVR1,SIK3,8.4,5.54,=,=
C#Cc1cn(C2CCCC2)c2ncnc(N)c12,ACVR1,LRRK2,6.1,7.0,=,=
CCn1cc(-c2ccc3c(c2)CCN3C(=O)Cc2cccc(OC(F)(F)F)c2)c2c(N)ncnc21,ABL2,NTRK2,6.51,8.1,=,=
CCN(CCO)CCCOc1ccc2c(Nc3cc(CC(=O)Nc4cccc(F)c4)[nH]n3)ncnc2c1,AAK1,PDGFRA,5.52,7.42,=,=
CCN(CCO)CCCOc1ccc2c(Nc3cc(CC(=O)Nc4cccc(F)c4)[nH]n3)ncnc2c1,AAK1,AURKC,5.52,8.06,=,=
Cc1ccc(C(=O)Nc2cccc(C(F)(F)F)c2)cc1Nc1nc(-c2cccnc2)nc2c1cnn2C,ACVR1B,AKT2,7.12,8.31,=,=
CC(C)n1nc(-c2cc3cc(O)ccc3[nH]2)c2c(N)ncnc21,AAK1,SLK,5.8,7.08,=,=
CC(C)n1nc(-c2cc3cc(O)ccc3[nH]2)c2c(N)ncnc21,ABL1,BRSK1,6.82,7.85,=,=
CN(C)CC(=O)N1CCC(c2ccc(NC(=O)c3nc(C#N)c[nH]3)c(C3=CCCCC3)c2)CC1.Cl,ACVR1B,CAMK1D,8.0,5.18,=,=
COc1cc(Nc2ncc(F)c(Nc3ccc4c(n3)NC(=O)C(C)(C)O4)n2)cc(OC)c1OC,ACVR1,PI4KB,5.32,6.03,=,=
CN(C)CC(=O)N1CCC(c2ccc(NC(=O)c3nc(C#N)c[nH]3)c(C3=CCCCC3)c2)CC1.Cl,ABL1,PRKAA2,6.41,8.39,=,=
CC(C)c1cc(CNc2nc(Nc3cc(C4CC4)[nH]n3)cc(N3CCN(C)CC3)n2)on1,ACVR1,STK4,8.3,6.64,=,=
CSc1cccc(Nc2ncc3cc(-c4c(Cl)cccc4Cl)c(=O)n(C)c3n2)c1,ABL1,BMPR1A,8.89,6.77,=,=
C#Cc1cccc(Nc2ncnc3cc(OCCOC)c(OCCOC)cc23)c1,ABL2,EPHA5,6.7,6.15,=,=
CC(C)(C)c1nc(-c2cccc(NS(=O)(=O)c3c(F)cccc3F)c2F)c(-c2ccnc(N)n2)s1,ABL1,ABL2,5.81,6.52,=,=
CCN(CC)CCNC(=O)c1c(C)[nH]c(/C=C2\C(=O)Nc3ccc(F)cc32)c1C,AAK1,CAMK2G,7.96,6.16,=,=
CCn1cc(-c2ccnc3[nH]c(-c4cccc(CN(C)C)c4)cc23)c(-c2ccc(NC(=O)N(C)C)cc2)n1,ACVR1B,BMP2K,5.92,6.77,=,=
CC(=O)c1cnc2ccc(-c3cc(Cl)c(O)c(Cl)c3)nc2c1N[C@H]1CC[C@H](CN(C)C)CC1,ABL1,CSNK2A2,6.55,8.0,=,=
CN(C)CC(=O)N1CCC(c2ccc(NC(=O)c3nc(C#N)c[nH]3)c(C3=CCCCC3)c2)CC1.Cl,ACVR1B,BMPR2,8.0,6.51,=,=
CCN1CCN(Cc2ccc(Nc3ncc(F)c(-c4cc(F)c5nc(C)n(C(C)C)c5c4)n3)nc2)CC1,AAK1,BRAF,6.99,5.2,=,=
CC(=O)NCC(=O)N1C2CCC1c1cc(Nc3ncc(C(F)(F)F)c(NC4CCC4)n3)ccc12,ACVR1,CDK5,6.4,7.9,=,=
Cc1ccc(C(=O)Nc2cccc(C(F)(F)F)c2)cc1Nc1nc(-c2cccnc2)nc2c1cnn2C,AAK1,CDK12,5.38,8.99,=,=
CN(C)CC(=O)N1CCC(c2ccc(NC(=O)c3nc(C#N)c[nH]3)c(C3=CCCCC3)c2)CC1.Cl,AAK1,CAMK1D,6.28,5.18,=,=
CCN(CC)CCNC(=O)c1c(C)[nH]c(/C=C2\C(=O)Nc3ccc(F)cc32)c1C,ABL1,BUB1,6.14,5.46,=,=
CS(=O)(=O)N1CCN(Cc2cc3nc(-c4cccc5[nH]ncc45)nc(N4CCOCC4)c3s2)CC1,AAK1,MTOR,5.04,6.33,=,=
CC(C)n1nc(-c2cc3cc(O)ccc3[nH]2)c2c(N)ncnc21,ACVR1B,CSNK1G1,7.24,5.41,=,=
CCN(CC)CCNC(=O)c1c(C)[nH]c(/C=C2\C(=O)Nc3ccc(F)cc32)c1C,ABL2,PIK3CA,6.0,4.96,=,=
CC(C)c1cc(CNc2nc(Nc3cc(C4CC4)[nH]n3)cc(N3CCN(C)CC3)n2)on1,ABL1,IKBKE,7.85,5.86,=,=
CCN(CC)CCNC(=O)c1c(C)[nH]c(/C=C2\C(=O)Nc3ccc(F)cc32)c1C,AAK1,EPHA3,7.96,5.68,=,=
CC1(C)C(=O)N([C@H]2CCc3c(O)cccc32)c2nc(Nc3ccccc3)ncc21,ABL1,AKT3,5.94,5.0,=,=
C=CC(=O)N[C@H]1CC[C@@H](n2nc(-c3ccc(Oc4ccccc4)cc3)c3c(N)ncnc32)CC1,ABL1,LYN,7.49,8.92,=,=
C#Cc1cccc(Nc2ncnc3cc(OCCOC)c(OCCOC)cc23)c1,ABL1,MAPK10,6.51,5.37,=,=
C=CC(=O)Nc1cc2c(Nc3ccc(F)c(Cl)c3)ncnc2cc1OCCCN1CCOCC1,ABL1,HIPK4,6.47,5.96,=,=
CC(C)n1nc(-c2cc3cc(O)ccc3[nH]2)c2c(N)ncnc21,AAK1,ACVRL1,5.8,8.54,=,=
CC(C)n1nc(-c2cc3cc(O)ccc3[nH]2)c2c(N)ncnc21,AAK1,EPHA1,5.8,7.0,=,=
CN[C@@H]1C[C@H]2O[C@@](C)([C@@H]1OC)n1c3ccccc3c3c4c(c5c6ccccc6n2c5c31)C(=O)NC4,ACVR1,PIM2,6.33,8.15,=,=
CO[C@@H]1[C@H](N(C)CCOCCOCCOCCNC(=O)CCC2=[N+]3C(=Cc4c(C)cc(C)n4[B-]3(F)F)C=C2)C[C@H]2O[C@]1(C)n1c3ccccc3c3c4c(c5c6ccccc6n2c5c31)C(=O)NC4,ABL2,MARK1,6.02,8.52,=,=
CN1CCN(c2ccc3nc(-c4c(N)c5c(F)cccc5[nH]c4=O)[nH]c3c2)CC1,ABL2,FGFR1,5.98,7.6,=,=
CC(C)n1nc(-c2cc3cc(O)ccc3[nH]2)c2c(N)ncnc21,ABL1,STK33,6.82,5.35,=,=
CCc1nc(C(N)=O)c(Nc2ccc(N3CCC(N4CCN(C)CC4)CC3)c(OC)c2)nc1NC1CCOCC1,AAK1,MAPK15,7.6,6.58,=,=
CC(C)c1cc(CNc2nc(Nc3cc(C4CC4)[nH]n3)cc(N3CCN(C)CC3)n2)on1,ACVR1,PAK4,8.3,4.3,=,=
CC1(C)C(=O)N([C@H]2CCc3c(O)cccc32)c2nc(Nc3ccccc3)ncc21,ABL1,AKT2,5.94,5.0,=,=
C=CC(=O)N1CCC[C@@H](n2nc(-c3ccc(Oc4ccccc4)cc3)c3c(N)ncnc32)C1,ABL1,MAP3K20,7.07,5.77,=,=
CC(=O)NCC(=O)N1[C@@H]2CC[C@H]1c1ccc(Nc3ncc(C(F)(F)F)c(NC4CCC4)n3)cc12,ABL1,RPS6KA4,5.6,6.81,=,=
CC(C)n1nc(-c2cc3cc(O)ccc3[nH]2)c2c(N)ncnc21,ABL2,ACVRL1,5.92,8.54,=,=
CN[C@@H]1C[C@H]2O[C@@](C)([C@@H]1OC)n1c3ccccc3c3c4c(c5c6ccccc6n2c5c31)C(=O)NC4,AAK1,RIOK2,8.92,6.41,=,=
CO[C@@H]1[C@H](N(C)CCOCCOCCOCCNC(=O)CCC2=[N+]3C(=Cc4c(C)cc(C)n4[B-]3(F)F)C=C2)C[C@H]2O[C@]1(C)n1c3ccccc3c3c4c(c5c6ccccc6n2c5c31)C(=O)NC4,ABL2,MAP3K5,6.02,6.61,=,=
C=CCn1c(=O)c2cnc(Nc3ccc(N4CCN(C)CC4)cc3)nc2n1-c1cccc(C(C)(C)O)n1,ABL1,PAK4,6.5,5.6,=,=
CC(C)(C)n1nc(-c2ccc(Cl)cc2)c2c(N)ncnc21,ABL1,DAPK3,6.76,5.4,=,=
CC(C)Oc1cc(Nc2nc(NC(C)c3ccc(F)cn3)ncc2Cl)n[nH]1,ACVR1,CAMK2A,5.8,6.5,=,=
CO[C@@H]1[C@H](N(C)C(=O)c2ccccc2)C[C@H]2O[C@]1(C)n1c3ccccc3c3c4c(c5c6ccccc6n2c5c31)C(=O)NC4,AAK1,MAP3K13,7.32,5.55,=,=
CC(C)n1nc(-c2cc3cc(O)ccc3[nH]2)c2c(N)ncnc21,ABL2,BLK,5.92,6.62,=,=
CC(C)c1cc(CNc2nc(Nc3cc(C4CC4)[nH]n3)cc(N3CCN(C)CC3)n2)on1,ABL1,DDR2,7.85,5.3,=,=
C=CC(=O)Nc1cc2c(Nc3ccc(F)c(Cl)c3)ncnc2cc1OCCCN1CCOCC1,ABL2,HCK,6.06,5.38,=,=
CN[C@@H]1C[C@H]2O[C@@](C)([C@@H]1OC)n1c3ccccc3c3c4c(c5c6ccccc6n2c5c31)C(=O)NC4,ACVR1,GSG2,6.33,7.39,=,=
CC(=O)NCC(=O)N1C2CCC1c1cc(Nc3ncc(C(F)(F)F)c(NC4CCC4)n3)ccc12,ABL1,PRKCQ,6.6,5.9,=,=
CC[C@@H]1C(=O)N(C)c2cnc(Nc3ccc(C(=O)NC4CCN(C)CC4)cc3OC)nc2N1C1CCCC1,AAK1,MAP3K19,5.55,6.32,=,=
CN1CCN(c2ccc3nc(-c4c(N)c5c(F)cccc5[nH]c4=O)[nH]c3c2)CC1,ACVR1,CIT,5.9,5.09,=,=
CCN1CCN(Cc2ccc(NC(=O)Nc3ccc(Oc4cc(NC)ncn4)cc3)cc2C(F)(F)F)CC1,ABL2,MAPK12,8.47,7.54,=,=
CN(C)CC(=O)N1CCC(c2ccc(NC(=O)c3nc(C#N)c[nH]3)c(C3=CCCCC3)c2)CC1.Cl,AAK1,PIM1,6.28,5.64,=,=
CC(=O)NCC(=O)N1C2CCC1c1cc(Nc3ncc(C(F)(F)F)c(NC4CCC4)n3)ccc12,ACVR1,SYK,6.4,7.5,=,=
CCN(CC)CCNC(=O)c1c(C)[nH]c(/C=C2\C(=O)Nc3ccc(F)cc32)c1C,ABL1,MAP4K3,6.14,6.75,=,=
CC(=O)NCC(=O)N1[C@@H]2CC[C@H]1c1ccc(Nc3ncc(C(F)(F)F)c(NC4CCC4)n3)cc12,AAK1,TNK2,8.05,5.87,=,=
CCN(CC)CCNC(=O)c1c(C)[nH]c(/C=C2\C(=O)Nc3ccc(F)cc32)c1C,AAK1,FYN,7.96,6.28,=,=
C#Cc1cccc(Nc2ncnc3cc(OCCOC)c(OCCOC)cc23)c1,ABL2,PTK2,6.7,5.13,=,=
CC(=O)NCC(=O)N1[C@@H]2CC[C@H]1c1ccc(Nc3ncc(C(F)(F)F)c(NC4CCC4)n3)cc12,AAK1,MARK3,8.05,6.44,=,=
CCN(CC)CCNC(=O)c1c(C)[nH]c(/C=C2\C(=O)Nc3ccc(F)cc32)c1C,ABL2,MAP3K13,6.0,7.02,=,=
CC(=O)c1c(C)c2cnc(Nc3ccc(N4CCNCC4)cn3)nc2n(C2CCCC2)c1=O,AAK1,PRKD3,5.38,4.79,=,=
CC(C)c1cc(CNc2nc(Nc3cc(C4CC4)[nH]n3)cc(N3CCN(C)CC3)n2)on1,ACVR1,PTK2B,8.3,6.93,=,=
CC(C)c1cc(CNc2nc(Nc3cc(C4CC4)[nH]n3)cc(N3CCN(C)CC3)n2)on1,AAK1,PKN1,6.86,7.96,=,=
C#Cc1cccc(Nc2ncnc3cc(OCCOC)c(OCCOC)cc23)c1,ABL2,STK17A,6.7,5.2,=,=
CC(=O)c1cnc2ccc(-c3cc(Cl)c(O)c(Cl)c3)nc2c1N[C@H]1CC[C@H](CN(C)C)CC1,ACVR1,MAP2K5,6.65,7.24,=,=
COc1cc(Nc2ncc(F)c(Nc3ccc4c(n3)NC(=O)C(C)(C)O4)n2)cc(OC)c1OC,AAK1,MAPK13,6.39,5.78,=,=
CN(C)CC(=O)N1CCC(c2ccc(NC(=O)c3nc(C#N)c[nH]3)c(C3=CCCCC3)c2)CC1.Cl,ACVR1,GRK1,6.41,5.77,=,=
CCc1nc(C(N)=O)c(Nc2ccc(N3CCC(N4CCN(C)CC4)CC3)c(OC)c2)nc1NC1CCOCC1,AAK1,IRAK3,7.6,8.15,=,=
CNC(=O)c1nn(C)c2c1C(C)(C)Cc1cnc(Nc3ccc(N4CCN(C)CC4)cc3)nc1-2,ACVR1,ULK1,6.32,5.76,=,=
CC(C)c1cc(CNc2nc(Nc3cc(C4CC4)[nH]n3)cc(N3CCN(C)CC3)n2)on1,ABL2,CDK9,8.1,5.45,=,=
CC(C)NC1=NNC(=O)C1=Cc1cc2ccccc2[nH]1,ACVR1,AURKA,5.4,6.3,=,=
CC(C)c1cc(CNc2nc(Nc3cc(C4CC4)[nH]n3)cc(N3CCN(C)CC3)n2)on1,ACVR1,EPHA2,8.3,7.5,=,=
CN(C)CC(=O)N1CCC(c2ccc(NC(=O)c3nc(C#N)c[nH]3)c(C3=CCCCC3)c2)CC1.Cl,AAK1,NTRK3,6.28,7.17,=,=
C#Cc1cccc(Nc2ncnc3cc(OCCOC)c(OCCOC)cc23)c1,AAK1,LCK,5.92,6.44,=,=
CC(C)n1nc(-c2cc3cc(O)ccc3[nH]2)c2c(N)ncnc21,ACVR1,MYLK,8.4,6.48,=,=
COC(=O)c1ccc2c(c1)NC(=O)/C2=C(\Nc1ccc(N(C)C(=O)CN2CCN(C)CC2)cc1)c1ccccc1,ACVR1,MAP2K4,6.04,5.43,=,=
CN[C@@H]1C[C@H]2O[C@@](C)([C@@H]1OC)n1c3ccccc3c3c4c(c5c6ccccc6n2c5c31)C(=O)NC4,ABL2,EPHB3,7.46,5.88,=,=
CC(C)(C)c1ccc2nc(-c3n[nH]c4ccccc34)[nH]c2c1,ABL1,CAMK2B,6.8,5.4,=,=
C#Cc1cccc(Nc2ncnc3cc(OCCOC)c(OCCOC)cc23)c1,ABL1,PDGFRA,6.51,5.75,=,=
C#Cc1cccc(Nc2ncnc3cc(OCCOC)c(OCCOC)cc23)c1,AAK1,ERBB2,5.92,6.49,=,=
COC(=O)c1ccc2c(c1)NC(=O)/C2=C(\Nc1ccc(N(C)C(=O)CN2CCN(C)CC2)cc1)c1ccccc1,ACVR1,ZAP70,6.04,5.46,=,=
C#Cc1cccc(Nc2ncnc3cc(OCCOC)c(OCCOC)cc23)c1,ABL2,LTK,6.7,6.05,=,=
CCNC(=O)Nc1ccc2ncc(-c3ccc(OC)cc3)cc2n1,ABL1,MAPK1,4.68,5.95,=,=
CNC(=O)c1ccccc1Sc1ccc2c(/C=C/c3ccccn3)n[nH]c2c1,ABL1,CDC42BPB,7.32,5.32,=,=
CC(C)(C)c1nc(-c2cccc(NS(=O)(=O)c3c(F)cccc3F)c2F)c(-c2ccnc(N)n2)s1,ABL1,CDK6,5.81,6.5,=,=
CN[C@@H]1C[C@H]2O[C@@](C)([C@@H]1OC)n1c3ccccc3c3c4c(c5c6ccccc6n2c5c31)C(=O)NC4,ACVR1,CDC42BPB,6.33,8.32,=,=
CNC1CC2OC(C)(C1OC)n1c3ccccc3c3c4c(c5c6ccccc6n2c5c31)C(=O)NC4,ACVR1,AKT3,7.2,8.2,=,=
CC(C)Oc1cc(Nc2nc(NC(C)c3ccc(F)cn3)ncc2Cl)n[nH]1,ACVR1,CAMK1D,5.8,6.8,=,=
CN1CCC(CNc2ccc3ncc(-c4cccc(OC(F)(F)F)c4)n3n2)CC1,ACVR1,GSG2,6.34,7.47,=,=
CC(C)n1nc(-c2cc3cc(O)ccc3[nH]2)c2c(N)ncnc21,ABL1,CSNK1E,6.82,7.51,=,=
CCN(CC)CCNC(=O)c1c(C)[nH]c(/C=C2\C(=O)Nc3ccc(F)cc32)c1C,ABL1,PIM2,6.14,5.3,=,=
CC(=O)NCC(=O)N1C2CCC1c1cc(Nc3ncc(C(F)(F)F)c(NC4CCC4)n3)ccc12,ACVR1,MARK3,6.4,7.8,=,=
COC[C@@H](CC(C)C)NC1=N/C(=C\c2ccc3ncsc3c2)C(=O)N1,AAK1,DYRK3,6.97,5.98,=,=
CC(C)c1cc(CNc2nc(Nc3cc(C4CC4)[nH]n3)cc(N3CCN(C)CC3)n2)on1,ABL2,MARK2,8.1,6.71,=,=
CN[C@@H]1C[C@H]2O[C@@](C)([C@@H]1OC)n1c3ccccc3c3c4c(c5c6ccccc6n2c5c31)C(=O)NC4,ABL1,GRK2,7.04,5.97,=,=
CN[C@@H]1C[C@H]2O[C@@](C)([C@@H]1OC)n1c3ccccc3c3c4c(c5c6ccccc6n2c5c31)C(=O)NC4,AAK1,MAPK12,8.92,7.07,=,=
CC(=O)NCC(=O)N1C2CCC1c1cc(Nc3ncc(C(F)(F)F)c(NC4CCC4)n3)ccc12,ABL1,SRPK1,6.6,5.7,=,=
COc1cc(N2CCC(N3CCN(C)CC3)CC2)ccc1Nc1ncc(Cl)c(Nc2ccccc2S(=O)(=O)C(C)C)n1,ACVR1,SRMS,7.77,6.65,=,=
CN[C@@H]1C[C@H]2O[C@@](C)([C@@H]1OC)n1c3ccccc3c3c4c(c5c6ccccc6n2c5c31)C(=O)NC4,AAK1,BMPR1A,8.92,5.43,=,=
CCN1CCN(Cc2ccc(NC(=O)Nc3ccc(Oc4cc(NC)ncn4)cc3)cc2C(F)(F)F)CC1,ABL2,TAOK1,8.47,6.92,=,=
COc1cc(N2CCC(N3CCN(C)CC3)CC2)ccc1Nc1ncc(Cl)c(Nc2ccccc2S(=O)(=O)C(C)C)n1,ABL2,DCLK1,6.42,7.4,=,=
CCS(=O)(=O)c1cccc(-c2cc(C(=O)NC3CCN(C)CC3)c(C)c3[nH]c4ncc(C)cc4c23)c1,ACVR1,MAP2K5,6.6,5.17,=,=
CNC1CC2OC(C)(C1OC)n1c3ccccc3c3c4c(c5c6ccccc6n2c5c31)C(=O)NC4,ACVR1,MAP3K10,7.2,8.5,=,=
CN(C)CC(=O)N1CCC(c2ccc(NC(=O)c3nc(C#N)c[nH]3)c(C3=CCCCC3)c2)CC1.Cl,AAK1,FGFR2,6.28,5.44,=,=
O=C(c1ccc(/C=C/c2n[nH]c3ccccc23)cc1)N1CCNCC1,ACVR1,MAPK11,6.85,5.85,=,=
C1=N/C2=N/c3ccc(OCCN4CCCC4)c(c3)COC/C=C/COCc3cccc(c3)C(=C1)N2,AAK1,TAOK2,7.38,5.47,=,=
CCS(=O)(=O)c1cccc(-c2cc(C(=O)NC3CCN(C)CC3)c(C)c3[nH]c4ncc(C)cc4c23)c1,ACVR1,EPHB3,6.6,5.63,=,=
CC(=O)NCC(=O)N1C2CCC1c1cc(Nc3ncc(C(F)(F)F)c(NC4CCC4)n3)ccc12,ACVR1,IGF1R,6.4,7.3,=,=
COc1cc(N2CCC(N3CCN(C)CC3)CC2)ccc1Nc1ncc(Cl)c(Nc2ccccc2S(=O)(=O)C(C)C)n1,ABL2,ACVRL1,6.42,7.24,=,=
CC(C)n1nc(-c2cc3cc(O)ccc3[nH]2)c2c(N)ncnc21,ABL2,SLK,5.92,7.08,=,=
C=CC(=O)Nc1cc2c(Nc3ccc(F)c(Cl)c3)ncnc2cc1OCCCN1CCOCC1,ABL2,PTK6,6.06,5.42,=,=
CC(=O)c1c[nH]c(-c2sc(N(c3cnn(-c4ccncc4CO)c3)C3CC3)nc2C(N)=O)c1,ACVR1B,BMPR1B,8.33,5.8,=,=
C=CC(=O)Nc1cc2c(Nc3ccc(F)c(Cl)c3)ncnc2cc1OCCCN1CCOCC1,ABL1,ULK3,6.47,5.33,=,=
C#Cc1cccc(Nc2ncnc3cc(OCCOC)c(OCCOC)cc23)c1,AAK1,PTK2,5.92,5.13,=,=
CN[C@@H]1C[C@H]2O[C@@](C)([C@@H]1OC)n1c3ccccc3c3c4c(c5c6ccccc6n2c5c31)C(=O)NC4,ACVR1,PRKG1,6.33,8.48,=,=
CC(C)n1nc(-c2cc3cc(O)ccc3[nH]2)c2c(N)ncnc21,AAK1,MYLK,5.8,6.48,=,=
CCN1CCN(Cc2ccc(NC(=O)Nc3ccc(Oc4cc(NC)ncn4)cc3)cc2C(F)(F)F)CC1,ABL2,CAMK1,8.47,5.52,=,=
CCN(CC)CCNC(=O)c1c(C)[nH]c(/C=C2\C(=O)Nc3ccc(F)cc32)c1C,AAK1,BTK,7.96,5.68,=,=
CN[C@@H]1C[C@H]2O[C@@](C)([C@@H]1OC)n1c3ccccc3c3c4c(c5c6ccccc6n2c5c31)C(=O)NC4,ACVR1,PRKCE,6.33,9.0,=,=
COc1cc2c(Oc3ccc(NC(=O)C4(C(=O)Nc5ccc(F)cc5)CC4)cc3F)ccnc2cc1OCCCN1CCOCC1,ABL2,ERBB3,7.42,5.82,=,=
CCN(CC)CCNC(=O)c1c(C)[nH]c(/C=C2\C(=O)Nc3ccc(F)cc32)c1C,ABL2,ALK,6.0,6.77,=,=
CNC(=O)c1nn(C)c2c1C(C)(C)Cc1cnc(Nc3ccc(N4CCN(C)CC4)cc3)nc1-2,ABL2,DYRK1A,5.43,6.98,=,=
CN[C@@H]1C[C@H]2O[C@@](C)([C@@H]1OC)n1c3ccccc3c3c4c(c5c6ccccc6n2c5c31)C(=O)NC4,ACVR1,MAP3K9,6.33,8.41,=,=
CC(C)c1cc(CNc2nc(Nc3cc(C4CC4)[nH]n3)cc(N3CCN(C)CC3)n2)on1,ABL2,EPHB6,8.1,7.58,=,=
CC(=O)NCC(=O)N1C2CCC1c1cc(Nc3ncc(C(F)(F)F)c(NC4CCC4)n3)ccc12,ACVR1,FER,6.4,8.5,=,=
CN(C)CC(=O)N1CCC(c2ccc(NC(=O)c3nc(C#N)c[nH]3)c(C3=CCCCC3)c2)CC1.Cl,ABL2,ACVR1,5.28,6.41,=,=
C#Cc1cccc(Nc2ncnc3cc(OCCOC)c(OCCOC)cc23)c1,ABL2,FLT4,6.7,5.68,=,=
CC(C)n1nc(-c2cc3cc(O)ccc3[nH]2)c2c(N)ncnc21,ACVR1,BRAF,8.4,5.93,=,=
CC(=O)NCC(=O)N1[C@@H]2CC[C@H]1c1ccc(Nc3ncc(C(F)(F)F)c(NC4CCC4)n3)cc12,ABL1,PRKAA1,5.6,6.46,=,=
CC(C)n1nc(-c2cc3cc(O)ccc3[nH]2)c2c(N)ncnc21,ABL2,RPS6KB1,5.92,5.32,=,=
CC(=O)NCC(=O)N1C2CCC1c1cc(Nc3ncc(C(F)(F)F)c(NC4CCC4)n3)ccc12,ACVR1,FGFR1,6.4,7.7,=,=
C=CC(=O)Nc1cc2c(Nc3ccc(F)c(Cl)c3)ncnc2cc1OCCCN1CCOCC1,ABL2,TNIK,6.06,5.09,=,=
CN[C@@H]1C[C@H]2O[C@@](C)([C@@H]1OC)n1c3ccccc3c3c4c(c5c6ccccc6n2c5c31)C(=O)NC4,ABL2,ROS1,7.46,9.83,=,=
CC(O)Cn1cc(-c2cnc(N)c3c(-c4ccc(NC(=O)Nc5cccc(F)c5)cc4)csc23)cn1,ABL1,CDC42BPA,9.1,5.0,=,=
C1=N/C2=N/c3ccc(OCCN4CCCC4)c(c3)COC/C=C/COCc3cccc(c3)C(=C1)N2,ACVR1,TNK2,7.66,5.03,=,=
CC(=O)NCC(=O)N1[C@@H]2CC[C@H]1c1ccc(Nc3ncc(C(F)(F)F)c(NC4CCC4)n3)cc12,AAK1,MAP3K2,8.05,6.79,=,=
COc1cc2nccc(Oc3ccc(NC(=O)Nc4cc(C)on4)c(Cl)c3)c2cc1OC,ABL2,MAPK1,6.52,9.74,=,=
CCN(CC)CCOc1ccc(Nc2ncc3cc(-c4c(Cl)cccc4Cl)c(=O)n(C)c3n2)cc1,ACVR1,MINK1,8.24,7.5,=,=
CCOc1cc2ncc(C#N)c(Nc3ccc(F)c(Cl)c3)c2cc1NC(=O)/C=C/CN(C)C,AAK1,EGFR,5.46,7.65,=,=
CC(C)c1cc(CNc2nc(Nc3cc(C4CC4)[nH]n3)cc(N3CCN(C)CC3)n2)on1,ABL2,EPHA4,8.1,6.78,=,=
CC(C)(C)c1nc(-c2cccc(NS(=O)(=O)c3c(F)cccc3F)c2F)c(-c2ccnc(N)n2)s1,ABL2,RIPK1,6.52,4.27,=,=
C[C@]12O[C@H](C[C@]1(O)CO)n1c3ccccc3c3c4c(c5c6ccccc6n2c5c31)CNC4=O,ABL2,TLK2,5.19,7.19,=,=
CC(C)n1nc(-c2cc3cc(O)ccc3[nH]2)c2c(N)ncnc21,AAK1,CDK4,5.8,5.11,=,=
CN[C@@H]1C[C@H]2O[C@@](C)([C@@H]1OC)n1c3ccccc3c3c4c(c5c6ccccc6n2c5c31)C(=O)NC4,ACVR1,DYRK4,6.33,5.53,=,=
CN[C@@H]1C[C@H]2O[C@@](C)([C@@H]1OC)n1c3ccccc3c3c4c(c5c6ccccc6n2c5c31)C(=O)NC4,AAK1,CHUK,8.92,7.13,=,=
CN1C/C=C/CCOc2cccc(c2)-c2ccnc(n2)Nc2cccc(c2)C1,ABL1,PRKCB,4.49,5.36,=,=
CC(=O)c1c(C)c2cnc(Nc3ccc(N4CCNCC4)cn3)nc2n(C2CCCC2)c1=O,AAK1,CDK17,5.38,5.9,=,=
CC(=O)NCC(=O)N1C2CCC1c1cc(Nc3ncc(C(F)(F)F)c(NC4CCC4)n3)ccc12,ACVR1,CDC42BPA,6.4,5.7,=,=
CN1CCN(c2ccc3nc(-c4c(N)c5c(F)cccc5[nH]c4=O)[nH]c3c2)CC1,ACVR1,PIP5K1C,5.9,5.37,=,=
CC(C)C[C@](C)(N)COc1ccc(-c2ccnc(C(F)F)c2)cc1C(F)(F)F,AAK1,PRKG2,9.11,6.42,=,=
CC(C)(C)n1nc(-c2ccc(Cl)cc2)c2c(N)ncnc21,ACVR1,MAPK10,7.2,6.2,=,=
CCN1CCN(Cc2ccc(NC(=O)Nc3ccc(Oc4cc(NC)ncn4)cc3)cc2C(F)(F)F)CC1,ABL2,CSNK1E,8.47,5.4,=,=
CC(C)(C)c1nc(-c2cccc(NS(=O)(=O)c3c(F)cccc3F)c2F)c(-c2ccnc(N)n2)s1,ABL2,ULK3,6.52,5.83,=,=
CN(C)CC(=O)N1CCC(c2ccc(NC(=O)c3nc(C#N)c[nH]3)c(C3=CCCCC3)c2)CC1.Cl,ACVR1,STK24,6.41,5.68,=,=
CC(=O)NCC(=O)N1[C@@H]2CC[C@H]1c1ccc(Nc3ncc(C(F)(F)F)c(NC4CCC4)n3)cc12,AAK1,MAP3K11,8.05,7.3,=,=
COc1cc2c(Oc3ccc(NS(=O)(=O)c4cc(F)ccc4F)cc3F)ccnc2cc1OCCCN1CCN(C)CC1,ACVR1,NEK1,7.28,5.29,=,=
CC(C)(C)c1cc(NC(=O)Nc2ccc(-c3cn4c(n3)sc3cc(OCCN5CCOCC5)ccc34)cc2)no1,ABL1,CDK16,6.04,4.62,=,=
C1=N/C2=N/c3ccc(OCCN4CCCC4)c(c3)COC/C=C/COCc3cccc(c3)C(=C1)N2,AAK1,PDGFRB,7.38,5.57,=,=
CC(=O)c1cnc2ccc(-c3cc(Cl)c(O)c(Cl)c3)nc2c1N[C@H]1CC[C@H](CN(C)C)CC1,ACVR1,GAK,6.65,8.3,=,=
CC(C)(C)c1ccc2nc(-c3n[nH]c4ccccc34)[nH]c2c1,ABL1,TAOK1,6.8,5.4,=,=
CC(C)(C)OC(=O)n1ccc2cc(-c3nn(C4CCCC4)c4ncnc(N)c34)ccc21,ABL1,PIK3CB,6.04,4.0,=,=
CC(=O)c1cnc2ccc(-c3cc(Cl)c(O)c(Cl)c3)nc2c1N[C@H]1CC[C@H](CN(C)C)CC1,ABL1,MAP4K5,6.55,7.15,=,=
C=CC(=O)Nc1cc2c(Nc3ccc(F)c(Cl)c3)ncnc2cc1OCCCN1CCOCC1,ACVR1,RIPK2,5.77,6.5,=,=
C1=N/C2=N/c3ccc(OCCN4CCCC4)c(c3)COC/C=C/COCc3cccc(c3)C(=C1)N2,ACVR1,GAK,7.66,6.17,=,=
COC(=O)c1ccc2c(c1)NC(=O)/C2=C(\Nc1ccc(N(C)C(=O)CN2CCN(C)CC2)cc1)c1ccccc1,ACVR1,PRKAA2,6.04,7.08,=,=
C[C@]12O[C@H](C[C@]1(O)CO)n1c3ccccc3c3c4c(c5c6ccccc6n2c5c31)CNC4=O,ACVR1,MATK,7.12,6.01,=,=
CC(=O)c1cccc(-c2cnc3[nH]ccc3c2)c1,ACVR1,BLK,5.4,6.1,=,=
C=CC(=O)Nc1cc2c(Nc3ccc(F)c(Cl)c3)ncnc2cc1OCCCN1CCOCC1,ABL2,ERBB3,6.06,6.68,=,=
CN(C)CC(=O)N1CCC(c2ccc(NC(=O)c3nc(C#N)c[nH]3)c(C3=CCCCC3)c2)CC1.Cl,ACVR1,MAP3K7,6.41,8.14,=,=
COC(=O)c1ccc2c(c1)NC(=O)/C2=C(\Nc1ccc(N(C)C(=O)CN2CCN(C)CC2)cc1)c1ccccc1,ACVR1,MAP3K12,6.04,6.85,=,=
Cc1ccc(C(=O)Nc2cccc(C(F)(F)F)c2)cc1Nc1nc(-c2cccnc2)nc2c1cnn2C,AAK1,PRKDC,5.38,6.54,=,=
CCN(CC)CCNC(=O)c1c(C)[nH]c(/C=C2\C(=O)Nc3ccc(F)cc32)c1C,AAK1,ROCK2,7.96,6.85,=,=
CN1CCN(c2ccc3nc(-c4c(N)c5c(F)cccc5[nH]c4=O)[nH]c3c2)CC1,AAK1,FLT4,6.77,8.1,=,=
CNC(=O)c1cc(Oc2ccc(NC(=O)Nc3ccc(Cl)c(C(F)(F)F)c3)cc2)ccn1,ABL2,CDK19,5.54,6.6,=,=
COC(=O)c1ccc2c(c1)NC(=O)/C2=C(\Nc1ccc(N(C)C(=O)CN2CCN(C)CC2)cc1)c1ccccc1,ACVR1B,CDK3,5.31,6.84,=,=
CN[C@@H]1C[C@H]2O[C@@](C)([C@@H]1OC)n1c3ccccc3c3c4c(c5c6ccccc6n2c5c31)C(=O)NC4,ABL1,STK39,7.04,7.61,=,=
C#Cc1cccc(Nc2ncnc3cc(OCCOC)c(OCCOC)cc23)c1,ABL1,KIT,6.51,5.8,=,=
CC[C@@](C)(Nc1ccnc(-c2c[nH]c3ncccc23)n1)C(=O)NCC(F)(F)F,ABL2,CDC42BPA,5.15,6.25,=,=
CN(C)CC(=O)N1CCC(c2ccc(NC(=O)c3nc(C#N)c[nH]3)c(C3=CCCCC3)c2)CC1.Cl,ABL1,SRPK2,6.41,5.66,=,=
CNC1CC2OC(C)(C1OC)n1c3ccccc3c3c4c(c5c6ccccc6n2c5c31)C(=O)NC4,ACVR1,PLK3,7.2,5.7,=,=
CC(C)n1nc(-c2cc3cc(O)ccc3[nH]2)c2c(N)ncnc21,ACVR1B,CLK2,7.24,6.0,=,=
CN(C)CC(=O)N1CCC(c2ccc(NC(=O)c3nc(C#N)c[nH]3)c(C3=CCCCC3)c2)CC1.Cl,ABL2,STK16,5.28,7.75,=,=
C#CCN1C[C@H]2C[C@@]2(c2ccc(-c3cnc(N)c(C(=O)N[C@H]4CC[C@H](O)CC4)c3)cc2)C1,ACVR1,BMPR1A,7.86,6.04,=,=
CC(=O)NCC(=O)N1C2CCC1c1cc(Nc3ncc(C(F)(F)F)c(NC4CCC4)n3)ccc12,ACVR1,PDGFRA,6.4,7.0,=,=
CN[C@@H]1C[C@H]2O[C@@](C)([C@@H]1OC)n1c3ccccc3c3c4c(c5c6ccccc6n2c5c31)C(=O)NC4,ACVR1B,CSF1R,6.17,8.71,=,=
CC(C)c1cc(CNc2nc(Nc3cc(C4CC4)[nH]n3)cc(N3CCN(C)CC3)n2)on1,ABL2,PAK4,8.1,4.3,=,=
C=CC(=O)Nc1cc2c(Nc3ccc(F)c(Cl)c3)ncnc2cc1OCCCN1CCOCC1,ABL2,FGR,6.06,5.55,=,=
CN(C)CC(=O)N1CCC(c2ccc(NC(=O)c3nc(C#N)c[nH]3)c(C3=CCCCC3)c2)CC1.Cl,ACVR1B,ALK,8.0,6.08,=,=
C=CC(=O)Nc1cc2c(Nc3ccc(F)c(Cl)c3)ncnc2cc1OCCCN1CCOCC1,ACVR1,MKNK1,5.77,6.58,=,=
CC(C)c1cc(CNc2nc(Nc3cc(C4CC4)[nH]n3)cc(N3CCN(C)CC3)n2)on1,ACVR1,EPHB4,8.3,6.54,=,=
CC(=O)c1c(C)c2cnc(Nc3ccc(N4CCNCC4)cn3)nc2n(C2CCCC2)c1=O,AAK1,JAK3,5.38,7.2,=,=
CNC(=O)c1nn(C)c2c1C(C)(C)Cc1cnc(Nc3ccc(N4CCN(C)CC4)cc3)nc1-2,ACVR1,EPHB3,6.32,5.58,=,=
CC(C)n1nc(-c2cc3cc(O)ccc3[nH]2)c2c(N)ncnc21,ACVR1,EPHB6,8.4,5.05,=,=
CC(C)NC1=NNC(=O)C1=Cc1cc2ccccc2[nH]1,ACVR1,FYN,5.4,6.3,=,=
CN(C)C1CCC(Nc2nc(Cl)cc(-c3c[nH]c4ncccc34)n2)CC1,ACVR1,PIM1,5.6,6.6,=,=
C1=N/C2=N/c3ccc(OCCN4CCCC4)c(c3)COC/C=C/COCc3cccc(c3)C(=C1)N2,ACVR1,LCK,7.66,5.18,=,=
CC(Nc1cncc(-n2cnc3ccc(C#N)cc32)n1)c1ccccc1F,ACVR1,JAK2,6.1,7.2,=,=
CN[C@@H]1C[C@H]2O[C@@](C)([C@@H]1OC)n1c3ccccc3c3c4c(c5c6ccccc6n2c5c31)C(=O)NC4,ABL2,PAK2,7.46,8.57,=,=
CCN(CC)CCNC(=O)c1c(C)[nH]c(/C=C2\C(=O)Nc3ccc(F)cc32)c1C,AAK1,HIPK4,7.96,6.8,=,=
CC(C)c1cc(CNc2nc(Nc3cc(C4CC4)[nH]n3)cc(N3CCN(C)CC3)n2)on1,AAK1,CDK7,6.86,5.84,=,=
CN[C@@H]1C[C@H]2O[C@@](C)([C@@H]1OC)n1c3ccccc3c3c4c(c5c6ccccc6n2c5c31)C(=O)NC4,ABL2,NEK7,7.46,5.35,=,=
CC(C)n1nc(-c2cc3cc(O)ccc3[nH]2)c2c(N)ncnc21,AAK1,TXK,5.8,6.48,=,=
Cc1ccc(C(=O)Nc2cccc(C(F)(F)F)c2)cc1Nc1nc(-c2cccnc2)nc2c1cnn2C,ACVR1B,CDK9,7.12,5.49,=,=
CC(C)C[C@@H](N)C(=O)Nc1ccc(-c2cnco2)c(OC(F)F)c1,AAK1,BMP2K,7.92,6.92,=,=
CNC(=O)c1nn(C)c2c1C(C)(C)Cc1cnc(Nc3ccc(N4CCN(C)CC4)cc3)nc1-2,AAK1,EPHA2,5.13,6.18,=,=
CC1(C)CNc2cc(NC(=O)c3cccnc3NCc3ccncc3)ccc21,ABL2,DDR1,5.35,6.58,=,=
CC(C)n1nc(-c2cc3cc(O)ccc3[nH]2)c2c(N)ncnc21,ACVR1,DAPK2,8.4,7.03,=,=
CCN(CC)CCNC(=O)c1c(C)[nH]c(/C=C2\C(=O)Nc3ccc(F)cc32)c1C,ABL2,HIPK1,6.0,7.26,=,=
C#Cc1cccc(Nc2ncnc3cc(OCCOC)c(OCCOC)cc23)c1,ABL2,FRK,6.7,5.7,=,=
CCN(CC)CCNC(=O)c1c(C)[nH]c(/C=C2\C(=O)Nc3ccc(F)cc32)c1C,AAK1,TYK2,7.96,5.8,=,=
CC(C)c1cc(CNc2nc(Nc3cc(C4CC4)[nH]n3)cc(N3CCN(C)CC3)n2)on1,ABL2,PRKAA1,8.1,6.42,=,=
CCS(=O)(=O)c1cccc(-c2cc(C(=O)NC3CCN(C)CC3)c(C)c3[nH]c4ncc(C)cc4c23)c1,ABL1,PKN1,6.51,5.53,=,=
C=CC(=O)N[C@H]1CC[C@@H](n2nc(-c3ccc(Oc4ccccc4)cc3)c3c(N)ncnc32)CC1,ABL1,FYN,7.49,8.15,=,=
C=CC(=O)Nc1cccc(CNc2nc(Nc3cnn(C4CCN(C(=O)CC5C6CC7CC(C6)CC5C7)CC4)c3)ncc2Cl)c1,ABL1,JAK2,8.41,5.5,=,=
CCS(=O)(=O)c1cccc(-c2cc(C(=O)NC3CCN(C)CC3)c(C)c3[nH]c4ncc(C)cc4c23)c1,ACVR1,IRAK4,6.6,5.67,=,=
CN1CC[C@H](c2c(O)cc(O)c3c(=O)cc(-c4ccccc4Cl)oc23)[C@H](O)C1,ACVR1,MAP3K3,5.72,5.0,=,=
CC(=O)NCC(=O)N1C2CCC1c1cc(Nc3ncc(C(F)(F)F)c(NC4CCC4)n3)ccc12,ABL1,PRKCD,6.6,5.5,=,=
CC(C)n1nc(-c2cc3cc(O)ccc3[nH]2)c2c(N)ncnc21,ABL2,MAP2K2,5.92,6.68,=,=
CC(=O)c1cnc2ccc(-c3cc(Cl)c(O)c(Cl)c3)nc2c1N[C@H]1CC[C@H](CN(C)C)CC1,ACVR1,STK4,6.65,7.17,=,=
C#CCN1C[C@@H]2C[C@]2(c2ccc(-c3cnc(N)c(C(=O)N[C@H]4CC[C@H](O)CC4)c3)cc2)C1,ACVR1,BMPR1B,7.79,5.6,=,=
CCn1cc(-c2ccc3c(c2)CCN3C(=O)Cc2cccc(OC(F)(F)F)c2)c2c(N)ncnc21,ABL2,EIF2AK1,6.51,7.58,=,=
C[C@]12O[C@H](C[C@]1(O)CO)n1c3ccccc3c3c4c(c5c6ccccc6n2c5c31)CNC4=O,ACVR1B,CDK8,7.07,5.1,=,=
CCc1nc(C(N)=O)c(Nc2ccc(N3CCC(N4CCN(C)CC4)CC3)c(OC)c2)nc1NC1CCOCC1,AAK1,SYK,7.6,5.39,=,=
CC(C)(C)n1nc(-c2ccc(Cl)cc2)c2c(N)ncnc21,ACVR1,EGFR,7.2,6.32,=,=
CCN1CCN(Cc2ccc(NC(=O)Nc3ccc(Oc4cc(NC)ncn4)cc3)cc2C(F)(F)F)CC1,ABL1,EPHA6,8.0,6.42,=,=
CCN(CC)CCNC(=O)c1c(C)[nH]c(/C=C2\C(=O)Nc3ccc(F)cc32)c1C,ABL2,DAPK3,6.0,7.33,=,=
CN1CCN(c2ccc3nc(-c4c(N)c5c(F)cccc5[nH]c4=O)[nH]c3c2)CC1,AAK1,DYRK2,6.77,5.22,=,=
CC(C)n1nc(-c2cc3cc(O)ccc3[nH]2)c2c(N)ncnc21,ABL1,MAP2K5,6.82,8.14,=,=
CCCS(=O)(=O)Nc1ccc(F)c(C(=O)c2c[nH]c3ncc(Cl)cc23)c1F,ABL1,CDK19,5.64,6.16,=,=
CCCC(=O)Nc1cccc(-c2nc(Nc3ccc4[nH]ncc4c3)c3cc(OCCN4CCCC4)ccc3n2)c1,ACVR1,CDC42BPA,5.4,6.0,=,=
CCS(=O)(=O)N1CC(CC#N)(n2cc(-c3ncnc4[nH]ccc34)cn2)C1,AAK1,CSNK1G2,8.09,6.58,=,=
CC(C)n1nc(-c2cc3cc(O)ccc3[nH]2)c2c(N)ncnc21,ABL2,PDGFRB,5.92,7.11,=,=
CC(C)n1nc(-c2cc3cc(O)ccc3[nH]2)c2c(N)ncnc21,ACVR1,HCK,8.4,6.32,=,=
CC(=O)NC[C@H]1CC[C@H](c2nc(-c3cc4ccccc4[nH]3)c3c(N)nccn32)CC1,ABL1,RAF1,5.71,6.75,=,=
CC(C)n1nc(-c2cc3cc(O)ccc3[nH]2)c2c(N)ncnc21,ACVR1,CSNK1G3,8.4,5.58,=,=
CC(=O)NCC(=O)N1[C@@H]2CC[C@H]1c1ccc(Nc3ncc(C(F)(F)F)c(NC4CCC4)n3)cc12,ABL1,BMP2K,5.6,7.82,=,=
CCN1CCN(Cc2ccc(NC(=O)Nc3ccc(Oc4cc(NC)ncn4)cc3)cc2C(F)(F)F)CC1,ABL2,RAF1,8.47,6.03,=,=
COC(=O)c1ccc2c(c1)NC(=O)/C2=C(\Nc1ccc(N(C)C(=O)CN2CCN(C)CC2)cc1)c1ccccc1,ACVR1,PRKG1,6.04,7.85,=,=
CC(C)n1nc(-c2cc3cc(O)ccc3[nH]2)c2c(N)ncnc21,ACVR1,TXK,8.4,6.48,=,=
CC(C)(C)c1ccc2nc(-c3n[nH]c4ccccc34)[nH]c2c1,ABL1,NEK2,6.8,5.3,=,=
CC1(C)CNc2cc(NC(=O)c3cccnc3NCc3ccncc3)ccc21,ABL2,KDR,5.35,8.52,=,=
CCOc1cc2ncc(C#N)c(Nc3ccc(F)c(Cl)c3)c2cc1NC(=O)/C=C/CN(C)C,AAK1,MAP3K1,5.46,7.01,=,=
Cc1nc(Nc2ncc(C(=O)Nc3c(C)cccc3Cl)s2)cc(N2CCN(CCO)CC2)n1.O,ABL2,MTOR,9.09,4.46,=,=
CCS(=O)(=O)c1cccc(-c2cc(C(=O)NC3CCN(C)CC3)c(C)c3[nH]c4ncc(C)cc4c23)c1,ABL2,PKN1,6.38,5.53,=,=
C#Cc1cn(C2CCCC2)c2ncnc(N)c12,ACVR1,PRKX,6.1,5.5,=,=
CN[C@@H]1C[C@H]2O[C@@](C)([C@@H]1OC)n1c3ccccc3c3c4c(c5c6ccccc6n2c5c31)C(=O)NC4,ACVR1,PRKCD,6.33,7.9,=,=
CN1CCC(NC(=O)c2cnc(Nc3cc(Cl)cc(Cl)c3)nc2NC2CCC(N(C)C)CC2)CC1,ABL1,MARK1,5.12,4.52,=,=
CC(C)c1cc(CNc2nc(Nc3cc(C4CC4)[nH]n3)cc(N3CCN(C)CC3)n2)on1,ABL2,FER,8.1,6.98,=,=
CN1CCN(c2ccc3nc(-c4c(N)c5c(F)cccc5[nH]c4=O)[nH]c3c2)CC1,ACVR1,CAMK2D,5.9,6.5,=,=
CCN(CCO)CCCOc1ccc2c(Nc3cc(CC(=O)Nc4cccc(F)c4)[nH]n3)ncnc2c1,AAK1,ERBB4,5.52,6.52,=,=
CCN(C)S(=O)(=O)Nc1cccc(-c2ccc3c(NC(=O)C4CC4)n[nH]c3c2)c1,AAK1,STK16,7.26,6.51,=,=
CCN(CC)CCNC(=O)c1c(C)[nH]c(/C=C2\C(=O)Nc3ccc(F)cc32)c1C,AAK1,PRKCA,7.96,5.22,=,=
CN(C)C1CCC(Nc2nc(Cl)cc(-c3c[nH]c4ncccc34)n2)CC1,ACVR1,CDC7,5.6,9.5,=,=
CO[C@@H](C(=O)N1Cc2[nH]nc(NC(=O)c3ccc(N4CCN(C)CC4)cc3)c2C1)c1ccccc1,ABL2,PLK1,8.0,5.46,=,=
CC(=O)c1cnc2ccc(-c3cc(Cl)c(O)c(Cl)c3)nc2c1N[C@H]1CC[C@H](CN(C)C)CC1,ACVR1,CDK16,6.65,7.47,=,=
CC[C@@](C)(Nc1ccnc(-c2c[nH]c3ncccc23)n1)C(=O)NCC(F)(F)F,ABL2,PRKCB,5.15,6.37,=,=
CN1CCN(CCOc2cc(OC3CCOCC3)c3c(Nc4c(Cl)ccc5c4OCO5)ncnc3c2)CC1,ABL2,PKMYT1,7.04,5.55,=,=
C1=N/C2=N/c3ccc(OCCN4CCCC4)c(c3)COC/C=C/COCc3cccc(c3)C(=C1)N2,ACVR1,DDR1,7.66,4.15,=,=
CC(C)n1nc(-c2cc3cc(O)ccc3[nH]2)c2c(N)ncnc21,ACVR1B,CAMKK2,7.24,5.42,=,=
CCn1cc(-c2ccc3c(c2)CCN3C(=O)Cc2cccc(OC(F)(F)F)c2)c2c(N)ncnc21,ABL2,NTRK3,6.51,8.15,=,=
CC(C)c1cc(CNc2nc(Nc3cc(C4CC4)[nH]n3)cc(N3CCN(C)CC3)n2)on1,AAK1,EIF2AK1,6.86,5.48,=,=
CN[C@@H]1C[C@H]2O[C@@](C)([C@@H]1OC)n1c3ccccc3c3c4c(c5c6ccccc6n2c5c31)C(=O)NC4,ACVR1B,CDK1,6.17,8.21,=,=
CN(C)CC(=O)N1CCC(c2ccc(NC(=O)c3nc(C#N)c[nH]3)c(C3=CCCCC3)c2)CC1.Cl,AAK1,EPHB2,6.28,5.48,=,=
CN[C@@H]1C[C@H]2O[C@@](C)([C@@H]1OC)n1c3ccccc3c3c4c(c5c6ccccc6n2c5c31)C(=O)NC4,ABL2,PDK1,7.46,9.29,=,=
CO[C@@H]1[C@H](N(C)CCOCCOCCOCCNC(=O)CCC2=[N+]3C(=Cc4c(C)cc(C)n4[B-]3(F)F)C=C2)C[C@H]2O[C@]1(C)n1c3ccccc3c3c4c(c5c6ccccc6n2c5c31)C(=O)NC4,ABL2,PRKCE,6.02,7.82,=,=
CC(C)c1cc(CNc2nc(Nc3cc(C4CC4)[nH]n3)cc(N3CCN(C)CC3)n2)on1,ABL2,PTK2B,8.1,6.93,=,=
C[C@]12O[C@H](C[C@]1(O)CO)n1c3ccccc3c3c4c(c5c6ccccc6n2c5c31)CNC4=O,ABL2,PI4KB,5.19,6.54,=,=
C#Cc1cccc(Nc2ncnc3cc(OCCOC)c(OCCOC)cc23)c1,AAK1,FLT1,5.92,5.36,=,=
CC(=O)c1c(C)c2cnc(Nc3ccc(N4CCNCC4)cn3)nc2n(C2CCCC2)c1=O,AAK1,CDK6,5.38,7.4,=,=
CCN(CC)CCNC(=O)c1c(C)[nH]c(/C=C2\C(=O)Nc3ccc(F)cc32)c1C,AAK1,HIPK1,7.96,7.26,=,=
C#Cc1cccc(Nc2ncnc3cc(OCCOC)c(OCCOC)cc23)c1,ABL1,MAP3K3,6.51,5.64,=,=
CC(=O)NCC(=O)N1[C@@H]2CC[C@H]1c1ccc(Nc3ncc(C(F)(F)F)c(NC4CCC4)n3)cc12,AAK1,MARK2,8.05,6.24,=,=
CCCS(=O)(=O)Nc1ccc(F)c(C(=O)c2c[nH]c3ncc(Cl)cc23)c1F,ABL2,MAP3K20,5.57,7.39,=,=
COc1cc(N2CCC(N3CCN(C)CC3)CC2)ccc1Nc1ncc(Cl)c(Nc2ccccc2S(=O)(=O)C(C)C)n1,ACVR1,ZAP70,7.77,5.8,=,=
Cc1ccc(C(=O)Nc2cccc(C(F)(F)F)c2)cc1Nc1nc(-c2cccnc2)nc2c1cnn2C,ACVR1,EIF2AK1,8.82,4.63,=,=
C=CC(=O)Nc1cc2c(Nc3ccc(F)c(Cl)c3)ncnc2cc1OCCCN1CCOCC1,ABL1,EPHA7,6.47,5.87,=,=
CCCNc1ccc2ncc(-c3ccc4[nH]ncc4c3)n2n1,ABL1,PGK1,6.79,4.43,=,=
C=CC(=O)N1CCC[C@@H](n2nc(-c3ccc(Oc4ccccc4)cc3)c3c(N)ncnc32)C1,ABL1,FGFR2,7.07,6.55,=,=
CN1CC[C@H](c2c(O)cc(O)c3c(=O)cc(-c4ccccc4Cl)oc23)[C@H](O)C1,ACVR1,CAMKK1,5.72,7.1,=,=
CC(O)Cn1cc(-c2cnc(N)c3c(-c4ccc(NC(=O)Nc5cccc(F)c5)cc4)csc23)cn1,ABL1,EPHA2,9.1,7.0,=,=
CN[C@@H]1C[C@H]2O[C@@](C)([C@@H]1OC)n1c3ccccc3c3c4c(c5c6ccccc6n2c5c31)C(=O)NC4,AAK1,ACVR1B,8.92,6.17,=,=
CCS(=O)(=O)c1cccc(-c2cc(C(=O)NC3CCN(C)CC3)c(C)c3[nH]c4ncc(C)cc4c23)c1,ABL2,IRAK4,6.38,5.67,=,=
CN[C@@H]1C[C@H]2O[C@@](C)([C@@H]1OC)n1c3ccccc3c3c4c(c5c6ccccc6n2c5c31)C(=O)NC4,ABL2,CDK8,7.46,6.29,=,=
CC(C)(C)c1ccc2nc(-c3n[nH]c4ccccc34)[nH]c2c1,ABL1,ROCK2,6.8,6.0,=,=
CN[C@@H]1C[C@H]2O[C@@](C)([C@@H]1OC)n1c3ccccc3c3c4c(c5c6ccccc6n2c5c31)C(=O)NC4,AAK1,TGFBR1,8.92,5.7,=,=
C#Cc1cccc(Nc2ncnc3cc(OCCOC)c(OCCOC)cc23)c1,ABL1,CAMK2D,6.51,5.19,=,=
CC(C)c1cc(CNc2nc(Nc3cc(C4CC4)[nH]n3)cc(N3CCN(C)CC3)n2)on1,ACVR1,CDK9,8.3,5.45,=,=
C1=N/C2=N/c3ccc(OCCN4CCCC4)c(c3)COC/C=C/COCc3cccc(c3)C(=C1)N2,AAK1,AURKB,7.38,6.19,=,=
C#Cc1cccc(Nc2ncnc3cc(OCCOC)c(OCCOC)cc23)c1,ABL2,RET,6.7,5.89,=,=
CNS(=O)(=O)c1ccccc1Nc1nc(Nc2cc(OC)c(OC)c(OC)c2)ncc1Cl,ACVR1,PAK1,6.8,7.5,=,=
C=CC(=O)Nc1cc2c(Nc3ccc(F)c(Cl)c3)ncnc2cc1OCCCN1CCOCC1,ABL2,KDR,6.06,4.6,=,=
CCN1CCN(Cc2ccc(NC(=O)Nc3ccc(Oc4cc(NC)ncn4)cc3)cc2C(F)(F)F)CC1,ABL2,STK24,8.47,5.89,=,=
CN[C@@H]1C[C@H]2O[C@@](C)([C@@H]1OC)n1c3ccccc3c3c4c(c5c6ccccc6n2c5c31)C(=O)NC4,ACVR1,CAMK2B,6.33,10.02,=,=
CCN(CC)CCNC(=O)c1c(C)[nH]c(/C=C2\C(=O)Nc3ccc(F)cc32)c1C,ABL2,CSNK2A1,6.0,7.09,=,=
CC(=O)NCC(=O)N1C2CCC1c1cc(Nc3ncc(C(F)(F)F)c(NC4CCC4)n3)ccc12,ACVR1,RPS6KA3,6.4,8.0,=,=
CCN(C(C)=O)c1ccc(Nc2nc(NC3CC3)c3nc[nH]c3n2)cc1,ACVR1,PRKCQ,6.3,5.7,=,=
COC(=O)Nc1cc(-c2ccc(OC[C@@](C)(N)CC(C)C)c(Cl)n2)ccn1,AAK1,STK39,9.19,5.85,=,=
CN[C@@H]1C[C@H]2O[C@@](C)([C@@H]1OC)n1c3ccccc3c3c4c(c5c6ccccc6n2c5c31)C(=O)NC4,ACVR1,CHUK,6.33,7.13,=,=
C=CC(=O)N1CCC[C@H]1C(=O)Nc1cc2c(Nc3cccc(Cl)c3F)ncnc2cc1OCCOC,ABL1,TEK,6.3,5.3,=,=
CCN(CC)CCNC(=O)c1c(C)[nH]c(/C=C2\C(=O)Nc3ccc(F)cc32)c1C,AAK1,MAP2K2,7.96,6.96,=,=
CCN(CC)CCNC(=O)c1c(C)[nH]c(/C=C2\C(=O)Nc3ccc(F)cc32)c1C,AAK1,DCLK1,7.96,6.43,=,=
CCOc1cc2ncc(C#N)c(Nc3ccc(OCc4ccccn4)c(Cl)c3)c2cc1NC(=O)/C=C/CN(C)C,ABL1,MAP3K12,5.19,6.43,=,=
CC(=O)c1c(C)c2cnc(Nc3ccc(N4CCNCC4)cn3)nc2n(C2CCCC2)c1=O,AAK1,MAP4K4,5.38,5.9,=,=
CC(C)n1nc(-c2cc3cc(O)ccc3[nH]2)c2c(N)ncnc21,ABL1,CSNK2A2,6.82,6.03,=,=
CC(=O)c1cnc2ccc(-c3cc(Cl)c(O)c(Cl)c3)nc2c1N[C@H]1CC[C@H](CN(C)C)CC1,ABL2,CSNK1G1,6.73,6.18,=,=
CCN1CCN(Cc2ccc(NC(=O)Nc3ccc(Oc4cc(NC)ncn4)cc3)cc2C(F)(F)F)CC1,ABL2,ERN1,8.47,5.22,=,=
CCNC(=O)c1c(OC)cc(-n2cnc3cc(-c4cnn(C)c4)ccc32)cc1OC,ABL1,TGFBR2,7.13,5.88,=,=
CN[C@@H]1C[C@H]2O[C@@](C)([C@@H]1OC)n1c3ccccc3c3c4c(c5c6ccccc6n2c5c31)C(=O)NC4,ABL2,PAK1,7.46,9.27,=,=
CN1CC[C@H](c2c(O)cc(O)c3c(=O)cc(-c4ccccc4Cl)oc23)[C@H](O)C1,AAK1,IRAK1,5.28,6.27,=,=
CC(=O)c1cnc2ccc(-c3cc(Cl)c(O)c(Cl)c3)nc2c1N[C@H]1CC[C@H](CN(C)C)CC1,ABL1,MAP2K5,6.55,7.24,=,=
Cc1nc(Nc2ncc(C(=O)Nc3c(C)cccc3Cl)s2)cc(N2CCN(CCO)CC2)n1.O,ABL2,DYRK3,9.09,5.9,=,=
CC(C)NC(=O)N1C[C@@H](C)N(c2ncc3[nH]nc(-c4ccc(N5CCN[C@H](C)C5)nc4)c3n2)[C@@H](C)C1,ACVR1,FGFR2,6.52,5.9,=,=
CC(=O)c1cnc2ccc(-c3cc(Cl)c(O)c(Cl)c3)nc2c1N[C@H]1CC[C@H](CN(C)C)CC1,ACVR1,RIPK2,6.65,8.3,=,=
CC(=O)NCC(=O)N1C2CCC1c1cc(Nc3ncc(C(F)(F)F)c(NC4CCC4)n3)ccc12,ACVR1,PRKAA1,6.4,7.7,=,=
Cc1ccc(C(=O)Nc2cccc(C(F)(F)F)c2)cc1Nc1nc(-c2cccnc2)nc2c1cnn2C,ABL2,MAPKAPK5,6.46,4.61,=,=
CC(=O)NCC(=O)N1C2CCC1c1cc(Nc3ncc(C(F)(F)F)c(NC4CCC4)n3)ccc12,ACVR1,MAP4K5,6.4,7.6,=,=
CC(=O)c1c(C)c2cnc(Nc3ccc(N4CCNCC4)cn3)nc2n(C2CCCC2)c1=O,AAK1,CDK4,5.38,7.68,=,=
CCS(=O)(=O)N1CC(CC#N)(n2cc(-c3ncnc4[nH]ccc34)cn2)C1,AAK1,PKN2,8.09,6.57,=,=
CC(N)C1CCC(C(=O)Nc2ccnc3[nH]ccc23)CC1,ACVR1,CAMK2B,6.0,5.4,=,=
C=CCn1c(=O)c2cnc(Nc3ccc(N4CCN(C)CC4)cc3)nc2n1-c1cccc(C(C)(C)O)n1,ABL1,CDK16,6.5,5.57,=,=
C#CCN1C[C@@H]2C[C@]2(c2ccc(-c3cnc(N)c(C(=O)N[C@H]4CC[C@H](O)CC4)c3)cc2)C1,ACVR1,ACVRL1,7.79,6.72,=,=
CC(C)n1nc(-c2cc3cc(O)ccc3[nH]2)c2c(N)ncnc21,ABL2,FYN,5.92,6.52,=,=
CC(C)c1cc(CNc2nc(Nc3cc(C4CC4)[nH]n3)cc(N3CCN(C)CC3)n2)on1,ABL2,STK3,8.1,6.33,=,=
C=CC(=O)Nc1cc2c(Nc3ccc(F)c(Cl)c3)ncnc2cc1OCCCN1CCOCC1,ABL2,MKNK1,6.06,6.58,=,=
COC(=O)c1ccc2c(c1)NC(=O)/C2=C(\Nc1ccc(N(C)C(=O)CN2CCN(C)CC2)cc1)c1ccccc1,ABL2,RPS6KA5,5.7,6.7,=,=
CC(=O)c1c(C)c2cnc(Nc3ccc(N4CCNCC4)cn3)nc2n(C2CCCC2)c1=O,AAK1,PRKAA1,5.38,6.0,=,=
COc1cc(Nc2ncc(F)c(Nc3ccc4c(n3)NC(=O)C(C)(C)O4)n2)cc(OC)c1OC,ACVR1,NEK1,5.32,6.77,=,=
C#Cc1cccc(Nc2ncnc3cc(OCCOC)c(OCCOC)cc23)c1,AAK1,JAK2,5.92,5.42,=,=
COc1cc(N2CCC(N3CCN(C)CC3)CC2)ccc1Nc1ncc(Cl)c(Nc2ccccc2S(=O)(=O)C(C)C)n1,ACVR1,NEK7,7.77,5.64,=,=
CN[C@@H]1C[C@H]2O[C@@](C)([C@@H]1OC)n1c3ccccc3c3c4c(c5c6ccccc6n2c5c31)C(=O)NC4,AAK1,DCLK1,8.92,6.76,=,=
C=CC(=O)Nc1cc2c(Nc3ccc(F)c(Cl)c3)ncnc2cc1OCCCN1CCOCC1,ABL1,PTK6,6.47,5.42,=,=
C=CC(=O)Nc1cc2c(Nc3ccc(F)c(Cl)c3)ncnc2cc1OCCCN1CCOCC1,ABL1,AURKB,6.47,5.38,=,=
CC(C)c1cc(CNc2nc(Nc3cc(C4CC4)[nH]n3)cc(N3CCN(C)CC3)n2)on1,ACVR1,IGF1R,8.3,6.71,=,=
CCc1nc(C(N)=O)c(Nc2ccc(N3CCC(N4CCN(C)CC4)CC3)c(OC)c2)nc1NC1CCOCC1,ACVR1,STK24,7.41,6.64,=,=
CC[C@@H]1C(=O)N(C)c2cnc(Nc3ccc(C(=O)NC4CCN(C)CC4)cc3OC)nc2N1C1CCCC1,AAK1,CLK2,5.55,6.34,=,=
CCN(CC)CCNC(=O)c1c(C)[nH]c(/C=C2\C(=O)Nc3ccc(F)cc32)c1C,AAK1,LTK,7.96,5.75,=,=
CC(C)n1nc(-c2cc3cc(O)ccc3[nH]2)c2c(N)ncnc21,AAK1,DAPK3,5.8,7.39,=,=
CC(C)n1nc(-c2cc3cc(O)ccc3[nH]2)c2c(N)ncnc21,AAK1,MELK,5.8,6.77,=,=
CC(C)c1cc(CNc2nc(Nc3cc(C4CC4)[nH]n3)cc(N3CCN(C)CC3)n2)on1,AAK1,BTK,6.86,4.8,=,=
CC(C)n1nc(-c2cc3cc(O)ccc3[nH]2)c2c(N)ncnc21,AAK1,DDR2,5.8,5.21,=,=
CC(C)n1nc(-c2cc3cc(O)ccc3[nH]2)c2c(N)ncnc21,AAK1,MAP2K1,5.8,7.29,=,=
CCN(CC)CCNC(=O)c1c(C)[nH]c(/C=C2\C(=O)Nc3ccc(F)cc32)c1C,AAK1,CDK17,7.96,5.92,=,=
CC(=O)c1cccc(-c2cnc3[nH]ccc3c2)c1,ACVR1,SYK,5.4,6.1,=,=
CN1CCC(CNc2ccc3ncc(-c4cccc(OC(F)(F)F)c4)n3n2)CC1,ACVR1,BMP2K,6.34,5.07,=,=
COc1cc(N2CCC(N3CCN(C)CC3)CC2)ccc1Nc1ncc(Cl)c(Nc2ccccc2S(=O)(=O)C(C)C)n1,ABL1,ACVR2A,7.03,5.66,=,=
C=CC(=O)Nc1cc2c(Nc3ccc(F)c(Cl)c3)ncnc2cc1OCCCN1CCOCC1,ABL2,GAK,6.06,7.0,=,=
CCS(=O)(=O)c1cccc(-c2cc(C(=O)NC3CCN(C)CC3)c(C)c3[nH]c4ncc(C)cc4c23)c1,ACVR1,MARK4,6.6,5.99,=,=
CC1(C)C(=O)N([C@H]2CCc3c(O)cccc32)c2nc(Nc3ccccc3)ncc21,ABL1,GRK2,5.94,5.0,=,=
CN[C@@H]1C[C@H]2O[C@@](C)([C@@H]1OC)n1c3ccccc3c3c4c(c5c6ccccc6n2c5c31)C(=O)NC4,ACVR1,PAK1,6.33,9.27,=,=
C[C@]12O[C@H](C[C@]1(O)CO)n1c3ccccc3c3c4c(c5c6ccccc6n2c5c31)CNC4=O,ABL2,MAPKAPK5,5.19,6.03,=,=
CCN(CC)CCNC(=O)c1c(C)[nH]c(/C=C2\C(=O)Nc3ccc(F)cc32)c1C,AAK1,DYRK2,7.96,6.17,=,=
C=CC(=O)N1CCC[C@@H](n2nc(-c3ccc(Oc4ccccc4)cc3)c3c(N)ncnc32)C1,ABL1,BTK,7.07,8.91,=,=
CO[C@@H]1[C@H](N(C)C(=O)c2ccccc2)C[C@H]2O[C@]1(C)n1c3ccccc3c3c4c(c5c6ccccc6n2c5c31)C(=O)NC4,AAK1,PIK3C2G,7.32,6.24,=,=
CC(C)(C)c1ccc2nc(-c3n[nH]c4ccccc34)[nH]c2c1,ABL1,MINK1,6.8,5.9,=,=
CC(C)n1nc(-c2cc3cc(O)ccc3[nH]2)c2c(N)ncnc21,AAK1,DYRK2,5.8,7.23,=,=
COC(=O)c1ccc2c(c1)NC(=O)/C2=C(\Nc1ccc(N(C)C(=O)CN2CCN(C)CC2)cc1)c1ccccc1,ABL2,CSNK2A1,5.7,5.12,=,=
CC(C)n1nc(-c2cc3cc(O)ccc3[nH]2)c2c(N)ncnc21,ACVR1,PIK3C2B,8.4,6.66,=,=
CC(C)c1cc(CNc2nc(Nc3cc(C4CC4)[nH]n3)cc(N3CCN(C)CC3)n2)on1,ABL2,CDK3,8.1,6.37,=,=
CC(C)(C)c1ccc2nc(-c3n[nH]c4ccccc34)[nH]c2c1,ABL1,MAPK8,6.8,5.9,=,=
C=CC(=O)N1CCC[C@@H](n2nc(-c3ccc(Oc4ccccc4)cc3)c3c(N)ncnc32)C1,ABL2,FRK,6.04,7.1,=,=
CCN(CC)CCNC(=O)c1c(C)[nH]c(/C=C2\C(=O)Nc3ccc(F)cc32)c1C,ABL2,HIPK3,6.0,7.39,=,=
C#CCO[C@@H]1[C@H](C)[C@@H](COC(=O)c2ccc(S(=O)(=O)F)cc2)O[C@H]1n1nc(-c2ccc(C)cc2)c2c(N)ncnc21,ABL1,SRC,6.74,8.64,=,=
CC(=O)c1cnc2ccc(-c3cc(Cl)c(O)c(Cl)c3)nc2c1N[C@H]1CC[C@H](CN(C)C)CC1,ABL2,MELK,6.73,8.96,=,=
COC(=O)c1ccc2c(c1)NC(=O)/C2=C(\Nc1ccc(N(C)C(=O)CN2CCN(C)CC2)cc1)c1ccccc1,ACVR1B,CAMKK1,5.31,6.2,=,=
CN1CCN(Cc2ccc(-c3cnc4[nH]cc(-c5ccc6[nH]ccc6c5)c4c3)cc2)CC1,ABL1,SGK1,8.34,6.7,=,=
C=CC(=O)Nc1cc2c(Nc3ccc(F)c(Cl)c3)ncnc2cc1OCCCN1CCOCC1,ACVR1,DYRK2,5.77,5.17,=,=
CCS(=O)(=O)c1cccc(-c2cc(C(=O)NC3CCN(C)CC3)c(C)c3[nH]c4ncc(C)cc4c23)c1,ACVR1,RPS6KA6,6.6,6.05,=,=
CC(=O)NCC(=O)N1[C@@H]2CC[C@H]1c1ccc(Nc3ncc(C(F)(F)F)c(NC4CCC4)n3)cc12,AAK1,STK3,8.05,5.9,=,=
C1=N/C2=N/c3ccc(OCCN4CCCC4)c(c3)COC/C=C/COCc3cccc(c3)C(=C1)N2,ACVR1,MAP3K20,7.66,5.53,=,=
CO[C@@H]1[C@H](NCCOCCOCCOCCNC(=O)CCC2=[N+]3C(=Cc4c(C)cc(C)n4[B-]3(F)F)C=C2)C[C@H]2O[C@]1(C)n1c3ccccc3c3c4c(c5c6ccccc6n2c5c31)C(=O)NC4,ABL2,CAMK2G,6.28,8.1,=,=
CN[C@@H]1C[C@H]2O[C@@](C)([C@@H]1OC)n1c3ccccc3c3c4c(c5c6ccccc6n2c5c31)C(=O)NC4,ACVR1B,CDK19,6.17,6.72,=,=
CC(C)(C)c1cc(NC(=O)Nc2ccc(-c3cn4c(n3)sc3cc(OCCN5CCOCC5)ccc34)cc2)no1,ABL1,FLT4,6.04,7.39,=,=
CC(C)c1cc(CNc2nc(Nc3cc(C4CC4)[nH]n3)cc(N3CCN(C)CC3)n2)on1,AAK1,MAP4K5,6.86,6.26,=,=
CC(N)C1CCC(C(=O)Nc2ccnc3[nH]ccc23)CC1,ACVR1,STK17A,6.0,5.4,=,=
CCN(CC)CCNC(=O)c1c(C)[nH]c(/C=C2\C(=O)Nc3ccc(F)cc32)c1C,AAK1,MAP3K3,7.96,6.66,=,=
C=CC(=O)Nc1cc2c(Nc3ccc(F)c(Cl)c3)ncnc2cc1OCCCN1CCOCC1,ACVR1,LCK,5.77,6.5,=,=
C#Cc1cccc(Nc2ncnc3cc(OCCOC)c(OCCOC)cc23)c1,ABL1,MAP3K1,6.51,5.65,=,=
CCN(CC)CCNC(=O)c1c(C)[nH]c(/C=C2\C(=O)Nc3ccc(F)cc32)c1C,ABL2,MAP4K1,6.0,7.8,=,=
CCN(CC)CCNC(=O)c1c(C)[nH]c(/C=C2\C(=O)Nc3ccc(F)cc32)c1C,ABL1,STK24,6.14,7.2,=,=
CCOc1cc2ncc(C#N)c(Nc3ccc(F)c(Cl)c3)c2cc1NC(=O)/C=C/CN(C)C,ABL1,CAMK1D,6.65,5.33,=,=
CN(C)CC(=O)N1CCC(c2ccc(NC(=O)c3nc(C#N)c[nH]3)c(C3=CCCCC3)c2)CC1.Cl,ACVR1,PDPK1,6.41,5.41,=,=
CCN(CC)CCNC(=O)c1c(C)[nH]c(/C=C2\C(=O)Nc3ccc(F)cc32)c1C,AAK1,IRAK3,7.96,6.03,=,=
CN1CCN(c2ccc3nc(-c4c(N)c5c(F)cccc5[nH]c4=O)[nH]c3c2)CC1,ACVR1,ULK2,5.9,7.27,=,=
CCN(CC)CCNC(=O)c1c(C)[nH]c(/C=C2\C(=O)Nc3ccc(F)cc32)c1C,AAK1,NTRK3,7.96,5.29,=,=
CO[C@@H]1[C@H](NCCOCCOCCOCCNC(=O)CCC2=[N+]3C(=Cc4c(C)cc(C)n4[B-]3(F)F)C=C2)C[C@H]2O[C@]1(C)n1c3ccccc3c3c4c(c5c6ccccc6n2c5c31)C(=O)NC4,AAK1,MAPK12,8.22,6.02,=,=
CN[C@@H]1C[C@H]2O[C@@](C)([C@@H]1OC)n1c3ccccc3c3c4c(c5c6ccccc6n2c5c31)C(=O)NC4,ACVR1B,BLK,6.17,8.58,=,=
CC(=O)c1cnc2ccc(-c3cc(Cl)c(O)c(Cl)c3)nc2c1N[C@H]1CC[C@H](CN(C)C)CC1,ABL1,TNK1,6.55,5.75,=,=
Cc1ccc(C(=O)Nc2cccc(C(F)(F)F)c2)cc1Nc1nc(-c2cccnc2)nc2c1cnn2C,ABL2,CDC7,6.46,8.93,=,=
CC(C)n1nc(-c2cc3cc(O)ccc3[nH]2)c2c(N)ncnc21,AAK1,MAP2K2,5.8,6.68,=,=
CNC(=O)c1nn(C)c2c1C(C)(C)Cc1cnc(Nc3ccc(N4CCN(C)CC4)cc3)nc1-2,ACVR1,BUB1,6.32,5.57,=,=
CN[C@@H]1C[C@H]2O[C@@](C)([C@@H]1OC)n1c3ccccc3c3c4c(c5c6ccccc6n2c5c31)C(=O)NC4,ACVR1,MAPKAPK3,6.33,5.54,=,=
CC(C)n1nc(-c2cc3cc(O)ccc3[nH]2)c2c(N)ncnc21,ABL2,TNK2,5.92,5.02,=,=
C#Cc1cccc(Nc2ncnc3cc(OCCOC)c(OCCOC)cc23)c1,ABL2,EPHB6,6.7,5.77,=,=
CCN(CC)CCNC(=O)C=Cc1cnc(N)c2c(-c3ccc(NC(=O)Nc4cccc(C)c4)cc3)csc12,ABL1,PAK1,8.6,5.5,=,=
CC(=O)c1cnc2ccc(-c3cc(Cl)c(O)c(Cl)c3)nc2c1N[C@H]1CC[C@H](CN(C)C)CC1,ABL2,EPHA7,6.73,7.8,=,=
C1=N/C2=N/c3ccc(OCCN4CCCC4)c(c3)COC/C=C/COCc3cccc(c3)C(=C1)N2,ACVR1,PRKCB,7.66,5.14,=,=
CCN(CC)CCNC(=O)c1c(C)[nH]c(/C=C2\C(=O)Nc3ccc(F)cc32)c1C,AAK1,MAP2K6,7.96,5.28,=,=
CC(C)c1cc(CNc2nc(Nc3cc(C4CC4)[nH]n3)cc(N3CCN(C)CC3)n2)on1,ABL1,CDK3,7.85,6.37,=,=
CCN1CCN(Cc2ccc(NC(=O)Nc3ccc(Oc4cc(NC)ncn4)cc3)cc2C(F)(F)F)CC1,ABL2,ULK1,8.47,5.43,=,=
CC(C)(C)n1nc(-c2ccc(Cl)cc2)c2c(N)ncnc21,ACVR1,CSNK1A1,7.2,6.2,=,=
CC(C)(C)n1nc(-c2ccc(Cl)cc2)c2c(N)ncnc21,ABL1,MAPK10,6.76,6.2,=,=
CN(C)CC(=O)N1CCC(c2ccc(NC(=O)c3nc(C#N)c[nH]3)c(C3=CCCCC3)c2)CC1.Cl,AAK1,EPHA1,6.28,5.17,=,=
CCN(CC)CCNC(=O)c1c(C)[nH]c(/C=C2\C(=O)Nc3ccc(F)cc32)c1C,AAK1,STK4,7.96,7.36,=,=
CCCn1cc(-c2cnc(N)c3c(-c4ccc(NC(=O)Nc5cccc(F)c5)cc4)csc23)cn1,ABL1,PLK3,8.9,5.2,=,=
CC1(C)CNc2cc(NC(=O)c3cccnc3NCc3ccncc3)ccc21,ABL2,CSF1R,5.35,8.25,=,=
CCc1c(-c2ccc(C(C)(C)O)cc2)[nH]c2nccnc12,ABL1,CDC7,5.9,6.7,=,=
C=Cc1ccc(-c2cccc3nnc(N)n23)cc1,ABL1,NTRK1,4.4,5.2,=,=
CC(=O)c1cnc2ccc(-c3cc(Cl)c(O)c(Cl)c3)nc2c1N[C@H]1CC[C@H](CN(C)C)CC1,ABL1,MAP2K6,6.55,5.34,=,=
CN1CC[C@H](c2c(O)cc(O)c3c(=O)cc(-c4ccccc4Cl)oc23)[C@H](O)C1,ABL1,ERBB3,5.79,5.04,=,=
CC#CCn1cc(N(CC2CC2)c2nc(C(N)=O)c(-c3cc(C(=O)N(C)C)c[nH]3)s2)cn1,ACVR1B,AURKC,7.46,6.94,=,=
CCN(CC)CCNC(=O)c1c(C)[nH]c(/C=C2\C(=O)Nc3ccc(F)cc32)c1C,ABL2,TYRO3,6.0,7.31,=,=
C1=N/C2=N/c3ccc(OCCN4CCCC4)c(c3)COC/C=C/COCc3cccc(c3)C(=C1)N2,ACVR1,CLK1,7.66,6.86,=,=
CC(=O)c1cnc2ccc(-c3cc(Cl)c(O)c(Cl)c3)nc2c1N[C@H]1CC[C@H](CN(C)C)CC1,AAK1,PIM1,6.76,7.85,=,=
C=CC(=O)N1CCC[C@@H](n2nc(-c3ccc(Oc4ccccc4)cc3)c3c(N)ncnc32)C1,ABL2,LYN,6.04,7.27,=,=
CCS(=O)(=O)c1cccc(-c2cc(C(=O)NC3CCN(C)CC3)c(C)c3[nH]c4ncc(C)cc4c23)c1,ACVR1,MAP4K3,6.6,5.03,=,=
CCN(CC)CCNC(=O)c1c(C)[nH]c(/C=C2\C(=O)Nc3ccc(F)cc32)c1C,AAK1,YES1,7.96,6.92,=,=
CC(C)c1cc(CNc2nc(Nc3cc(C4CC4)[nH]n3)cc(N3CCN(C)CC3)n2)on1,ABL2,SLK,8.1,6.86,=,=
CCN1CCN(Cc2ccc(NC(=O)Nc3ccc(Oc4cc(NC)ncn4)cc3)cc2C(F)(F)F)CC1,ABL2,TYRO3,8.47,5.8,=,=
CN1C(=O)[C@@H](N2CCc3cn(Cc4ccccc4)nc3C2=O)COc2ccccc21,ACVR1,RIPK1,6.0,8.41,=,=
CC(=O)NCC(=O)N1C2CCC1c1cc(Nc3ncc(C(F)(F)F)c(NC4CCC4)n3)ccc12,ABL1,CAMK2A,6.6,5.5,=,=
CC(C)Oc1cc(-n2cnc3ccc(N[C@@H](C)c4ccc(F)cn4)nc32)n[nH]1,ABL1,SIK1,8.92,8.26,=,=
CN[C@@H]1C[C@H]2O[C@@](C)([C@@H]1OC)n1c3ccccc3c3c4c(c5c6ccccc6n2c5c31)C(=O)NC4,ACVR1,PRKCB,6.33,7.96,=,=
CCS(=O)(=O)c1cccc(-c2cc(C(=O)NC3CCN(C)CC3)c(C)c3[nH]c4ncc(C)cc4c23)c1,ABL1,GRK6,6.51,5.92,=,=
CN[C@@H]1C[C@H]2O[C@@](C)([C@@H]1OC)n1c3ccccc3c3c4c(c5c6ccccc6n2c5c31)C(=O)NC4,ACVR1B,CDK13,6.17,7.16,=,=
C[C@]12O[C@H](C[C@]1(O)CO)n1c3ccccc3c3c4c(c5c6ccccc6n2c5c31)CNC4=O,ACVR1,MAPK7,7.12,5.96,=,=
CCN1CCN(Cc2ccc(-c3cc4c(N[C@H](C)c5ccccc5)ncnc4[nH]3)cc2)CC1,ABL2,ERBB2,4.83,8.22,=,=
COc1cc(N2CCC(N3CCN(C)CC3)CC2)ccc1Nc1ncc(Cl)c(Nc2ccccc2S(=O)(=O)C(C)C)n1,ACVR1,MAPK3,7.77,6.37,=,=
CC(C)c1cc(CNc2nc(Nc3cc(C4CC4)[nH]n3)cc(N3CCN(C)CC3)n2)on1,ACVR1,SIK2,8.3,5.75,=,=
COc1cc(Nc2ncc(F)c(Nc3ccc4c(n3)NC(=O)C(C)(C)O4)n2)cc(OC)c1OC,ABL2,MAP3K10,6.14,8.41,=,=
CCOc1cc2ncc(C#N)c(Nc3ccc(OCc4ccccn4)c(Cl)c3)c2cc1NC(=O)/C=C/CN(C)C,ABL1,MAP2K7,5.19,6.28,=,=
CO[C@@H]1[C@H](NCCOCCOCCOCCNC(=O)CCC2=[N+]3C(=Cc4c(C)cc(C)n4[B-]3(F)F)C=C2)C[C@H]2O[C@]1(C)n1c3ccccc3c3c4c(c5c6ccccc6n2c5c31)C(=O)NC4,ABL1,PDK1,6.04,8.3,=,=
CC(C)(C)c1ccc2nc(-c3n[nH]c4ccccc34)[nH]c2c1,ABL1,SRPK1,6.8,5.8,=,=
CC(=O)NCC(=O)N1[C@@H]2CC[C@H]1c1ccc(Nc3ncc(C(F)(F)F)c(NC4CCC4)n3)cc12,AAK1,MAP3K3,8.05,6.61,=,=
CC(C)n1nc(-c2cc3cc(O)ccc3[nH]2)c2c(N)ncnc21,ABL2,PDGFRA,5.92,6.66,=,=
COc1ccc(C(=O)Nc2n[nH]c3ccc(-c4cn(Cc5ccccc5)nn4)cc23)cc1OC,ACVR1,CSNK1G3,6.0,7.1,=,=
C[C@]12O[C@H](C[C@]1(O)CO)n1c3ccccc3c3c4c(c5c6ccccc6n2c5c31)CNC4=O,AAK1,MAPKAPK2,8.51,6.64,=,=
CC(C)n1nc(-c2cc3cc(O)ccc3[nH]2)c2c(N)ncnc21,AAK1,PDGFRA,5.8,6.66,=,=
CN[C@@H]1C[C@H]2O[C@@](C)([C@@H]1OC)n1c3ccccc3c3c4c(c5c6ccccc6n2c5c31)C(=O)NC4,ABL2,CLK3,7.46,6.02,=,=
CC(C)n1nc(-c2cc3cc(O)ccc3[nH]2)c2c(N)ncnc21,ACVR1B,BTK,7.24,5.5,=,=
CCN1CCN(Cc2ccc(NC(=O)Nc3ccc(Oc4cc(NC)ncn4)cc3)cc2C(F)(F)F)CC1,ABL2,MAP4K4,8.47,7.82,=,=
C=CC(=O)Nc1cc2c(Nc3ccc(F)c(Cl)c3)ncnc2cc1OCCCN1CCOCC1,ABL1,EPHB1,6.47,5.83,=,=
CN(C)CC(=O)N1CCC(c2ccc(NC(=O)c3nc(C#N)c[nH]3)c(C3=CCCCC3)c2)CC1.Cl,AAK1,EPHA6,6.28,5.36,=,=
C#Cc1cn(C2CCCC2)c2ncnc(N)c12,ACVR1,MAPK8,6.1,5.4,=,=
CCCNC(=O)c1ccc(Nc2nc(NCC(F)(F)F)c3cc[nH]c3n2)cc1,ABL1,PRKX,6.11,5.5,=,=
C=CC(=O)N1CCC[C@@H](n2nc(-c3ccc(Oc4ccccc4)cc3)c3c(N)ncnc32)C1,ABL2,BLK,6.04,9.3,=,=
CC(C)n1nc(-c2cc3cc(O)ccc3[nH]2)c2c(N)ncnc21,ACVR1,TAOK3,8.4,6.31,=,=
CC(=O)c1cnc2ccc(-c3cc(Cl)c(O)c(Cl)c3)nc2c1N[C@H]1CC[C@H](CN(C)C)CC1,ABL1,EPHA7,6.55,7.8,=,=
C=CC(=O)Nc1cc2c(Nc3ccc(F)c(Cl)c3)ncnc2cc1OCCCN1CCOCC1,ABL2,FRK,6.06,5.47,=,=
Cc1ccc(C(=O)Nc2cccc(C(F)(F)F)c2)cc1Nc1nc(-c2cccnc2)nc2c1cnn2C,ACVR1,PRKCB,8.82,5.06,=,=
CC(C)c1cc(CNc2nc(Nc3cc(C4CC4)[nH]n3)cc(N3CCN(C)CC3)n2)on1,ACVR1,STK3,8.3,6.33,=,=
CN(C)CC(=O)N1CCC(c2ccc(NC(=O)c3nc(C#N)c[nH]3)c(C3=CCCCC3)c2)CC1.Cl,AAK1,SRPK2,6.28,5.66,=,=
COc1cc(N2CCC(N3CCN(C)CC3)CC2)ccc1Nc1ncc(Cl)c(Nc2ccccc2S(=O)(=O)C(C)C)n1,ACVR1,MAP3K13,7.77,7.24,=,=
CCN(CC)CCNC(=O)c1c(C)[nH]c(/C=C2\C(=O)Nc3ccc(F)cc32)c1C,AAK1,TIE1,7.96,5.41,=,=
C#Cc1cccc(Nc2ncnc3cc(OCCOC)c(OCCOC)cc23)c1,AAK1,ERBB3,5.92,6.98,=,=
C#Cc1cccc(Nc2ncnc3cc(OCCOC)c(OCCOC)cc23)c1,ABL2,JAK3,6.7,6.16,=,=
CCN(CC)CCNC(=O)c1c(C)[nH]c(/C=C2\C(=O)Nc3ccc(F)cc32)c1C,ABL2,MAP4K2,6.0,7.48,=,=
CN(C)CC(=O)N1CCC(c2ccc(NC(=O)c3nc(C#N)c[nH]3)c(C3=CCCCC3)c2)CC1.Cl,AAK1,KIT,6.28,7.93,=,=
Cc1ccc(C(=O)Nc2cccc(C(F)(F)F)c2)cc1Nc1nc(-c2cccnc2)nc2c1cnn2C,ABL2,PI4KA,6.46,4.73,=,=
CCN1CCN(Cc2ccc(NC(=O)Nc3ccc(Oc4cc(NC)ncn4)cc3)cc2C(F)(F)F)CC1,ABL2,LRRK2,8.47,6.0,=,=
CC(=O)c1cnc2ccc(-c3cc(Cl)c(O)c(Cl)c3)nc2c1N[C@H]1CC[C@H](CN(C)C)CC1,ABL1,DDR2,6.55,5.64,=,=
CCc1c(-c2ccc(C(C)(C)O)cc2)[nH]c2nccnc12,ACVR1,TYK2,7.4,5.9,=,=
CN1CCN(c2ccc3nc(-c4c(N)c5c(F)cccc5[nH]c4=O)[nH]c3c2)CC1,ACVR1,MAP3K19,5.9,7.92,=,=
CC(C)n1nc(-c2cc3cc(O)ccc3[nH]2)c2c(N)ncnc21,ABL1,PRKCE,6.82,8.05,=,=
CN[C@@H]1C[C@H]2O[C@@](C)([C@@H]1OC)n1c3ccccc3c3c4c(c5c6ccccc6n2c5c31)C(=O)NC4,ABL2,MAPK15,7.46,8.07,=,=
CC(N)C1CCC(C(=O)Nc2ccnc3[nH]ccc23)CC1,ACVR1,ROCK1,6.0,6.8,=,=
CC(C)n1nc(-c2cc3cc(O)ccc3[nH]2)c2c(N)ncnc21,ACVR1,PIP5K1C,8.4,7.75,=,=
C[C@]12O[C@H](C[C@]1(O)CO)n1c3ccccc3c3c4c(c5c6ccccc6n2c5c31)CNC4=O,ACVR1B,CDK6,7.07,5.75,=,=
CCN1CCN(Cc2ccc(NC(=O)Nc3ccc(Oc4cc(NC)ncn4)cc3)cc2C(F)(F)F)CC1,ABL2,MAPK9,8.47,7.25,=,=
CC(C)C[C@](C)(N)COc1ccc(-c2ccnc(C(F)F)c2)nc1C(F)F,AAK1,CIT,8.66,6.39,=,=
CN[C@@H]1C[C@H]2O[C@@](C)([C@@H]1OC)n1c3ccccc3c3c4c(c5c6ccccc6n2c5c31)C(=O)NC4,ABL2,PRKACA,7.46,8.64,=,=
COc1cc(N2CCC(N3CCN(C)CC3)CC2)ccc1Nc1ncc(Cl)c(Nc2ccccc2S(=O)(=O)C(C)C)n1,ABL2,TSSK2,6.42,8.0,=,=
CO[C@@H]1[C@H](N(C)CCOCCOCCOCCNC(=O)CCC2=[N+]3C(=Cc4c(C)cc(C)n4[B-]3(F)F)C=C2)C[C@H]2O[C@]1(C)n1c3ccccc3c3c4c(c5c6ccccc6n2c5c31)C(=O)NC4,ABL2,PRKCH,6.02,7.43,=,=
CC(=O)c1cccc(-c2cnc3[nH]ccc3c2)c1,ACVR1,MAP4K5,5.4,7.0,=,=
CN(C)CC(=O)N1CCC(c2ccc(NC(=O)c3nc(C#N)c[nH]3)c(C3=CCCCC3)c2)CC1.Cl,AAK1,NTRK2,6.28,6.92,=,=
CC(Oc1cc(-c2cnn(C3CCNCC3)c2)cnc1N)c1c(Cl)ccc(F)c1Cl,ACVR1,MARK3,6.35,5.3,=,=
CN[C@@H]1C[C@H]2O[C@@](C)([C@@H]1OC)n1c3ccccc3c3c4c(c5c6ccccc6n2c5c31)C(=O)NC4,AAK1,CDK1,8.92,8.21,=,=
CC[C@@H]1C(=O)N(C)c2cnc(Nc3ccc(C(=O)NC4CCN(C)CC4)cc3OC)nc2N1C1CCCC1,AAK1,CAMKK1,5.55,7.66,=,=
CC(C)NCc1ccc(Nc2cc(-c3ccc(-c4ccc(O)cc4O)cc3)[nH]n2)cc1,ABL1,AKT1,5.96,4.57,=,=
CC(C)n1nc(-c2cc3cc(O)ccc3[nH]2)c2c(N)ncnc21,AAK1,TGFBR2,5.8,6.6,=,=
CC(C)n1nc(-c2cc3cc(O)ccc3[nH]2)c2c(N)ncnc21,ABL2,MYLK,5.92,6.48,=,=
CN(C)CC(=O)N1CCC(c2ccc(NC(=O)c3nc(C#N)c[nH]3)c(C3=CCCCC3)c2)CC1.Cl,AAK1,PIM3,6.28,5.77,=,=
C=CC(=O)Nc1cc2c(Nc3ccc(F)c(Cl)c3)ncnc2cc1OCCCN1CCOCC1,ABL1,IRAK4,6.47,5.92,=,=
O=C1NCCc2[nH]c(-c3ccncc3)cc21,ACVR1,MAPKAPK3,6.0,4.24,=,=
CCN1CCN(Cc2ccc(NC(=O)Nc3ccc(Oc4cc(NC)ncn4)cc3)cc2C(F)(F)F)CC1,ABL2,FGFR3,8.47,5.46,=,=
CN[C@@H]1C[C@H]2O[C@@](C)([C@@H]1OC)n1c3ccccc3c3c4c(c5c6ccccc6n2c5c31)C(=O)NC4,ABL2,MAP2K7,7.46,6.06,=,=
CN1CCN(c2ccc3nc(-c4c(N)c5c(F)cccc5[nH]c4=O)[nH]c3c2)CC1,ABL2,NEK4,5.98,5.44,=,=
C=CC(=O)N1CCC[C@@H](n2nc(-c3ccc(Oc4ccccc4)cc3)c3c(N)ncnc32)C1,ABL1,LCK,7.07,8.37,=,=
CC[C@@H]1CN(C(=O)NCC(F)(F)F)C[C@@H]1c1cnc2cnc3[nH]ccc3n12,AAK1,KDR,5.0,5.82,=,=
CC#CCn1cc(N(CC2CC2)c2nc(C(N)=O)c(-c3cc(C(=O)N(C)C)c[nH]3)s2)cn1,ACVR1B,ACVR2A,7.46,6.17,=,=
CN[C@@H]1C[C@H]2O[C@@](C)([C@@H]1OC)n1c3ccccc3c3c4c(c5c6ccccc6n2c5c31)C(=O)NC4,AAK1,SRPK1,8.92,7.61,=,=
CC(C)c1cc(CNc2nc(Nc3cc(C4CC4)[nH]n3)cc(N3CCN(C)CC3)n2)on1,ABL2,CSNK2A2,8.1,5.61,=,=
CCN(CC)CCNC(=O)c1c(C)[nH]c(/C=C2\C(=O)Nc3ccc(F)cc32)c1C,ABL1,PIM3,6.14,5.62,=,=
CN[C@@H]1C[C@H]2O[C@@](C)([C@@H]1OC)n1c3ccccc3c3c4c(c5c6ccccc6n2c5c31)C(=O)NC4,AAK1,DYRK4,8.92,5.53,=,=
CC[C@@H]1C(=O)N(C)c2cnc(Nc3ccc(C(=O)NC4CCN(C)CC4)cc3OC)nc2N1C1CCCC1,ABL1,DAPK1,5.58,6.27,=,=
Cc1ccc(C(=O)Nc2cccc(C(F)(F)F)c2)cc1Nc1nc(-c2cccnc2)nc2nn(C)cc12,ABL2,BUB1,6.17,7.08,=,=
O=C(c1ccc(/C=C/c2n[nH]c3ccccc23)cc1)N1CCNCC1,AAK1,MAPK11,6.91,5.85,=,=
CC(C)n1nc(-c2cc3cc(O)ccc3[nH]2)c2c(N)ncnc21,ABL2,CSNK1D,5.92,6.5,=,=
C#Cc1cccc(Nc2ncnc3cc(OCCOC)c(OCCOC)cc23)c1,AAK1,GAK,5.92,8.51,=,=
CCN(CCO)CCCOc1ccc2c(Nc3cc(CC(=O)Nc4cccc(F)c4)[nH]n3)ncnc2c1,AAK1,HIPK4,5.52,7.01,=,=
CCN(C(C)=O)c1ccc(Nc2nc(NC3CC3)c3nc[nH]c3n2)cc1,ACVR1,GRK5,6.3,5.7,=,=
CNC(=O)c1nn(C)c2c1C(C)(C)Cc1cnc(Nc3ccc(N4CCN(C)CC4)cc3)nc1-2,ABL1,BUB1,6.12,5.57,=,=
CCN1CCN(Cc2ccc(NC(=O)Nc3ccc(Oc4cc(NC)ncn4)cc3)cc2C(F)(F)F)CC1,ABL2,RPS6KB1,8.47,6.92,=,=
CO[C@@H]1[C@H](N(C)CCOCCOCCOCCNC(=O)CCC2=[N+]3C(=Cc4c(C)cc(C)n4[B-]3(F)F)C=C2)C[C@H]2O[C@]1(C)n1c3ccccc3c3c4c(c5c6ccccc6n2c5c31)C(=O)NC4,AAK1,PRKCG,8.3,7.34,=,=
CN(C)CC(=O)N1CCC(c2ccc(NC(=O)c3nc(C#N)c[nH]3)c(C3=CCCCC3)c2)CC1.Cl,AAK1,CSF1R,6.28,8.49,=,=
CN[C@@H]1C[C@H]2O[C@@](C)([C@@H]1OC)n1c3ccccc3c3c4c(c5c6ccccc6n2c5c31)C(=O)NC4,ABL2,CSNK2A1,7.46,6.03,=,=
CC(C)n1nc(-c2cc3cc(O)ccc3[nH]2)c2c(N)ncnc21,AAK1,BMPR2,5.8,7.05,=,=
CC(C)n1nc(-c2cc3cc(O)ccc3[nH]2)c2c(N)ncnc21,ACVR1B,ACVR2A,7.24,7.75,=,=
CN[C@@H]1C[C@H]2O[C@@](C)([C@@H]1OC)n1c3ccccc3c3c4c(c5c6ccccc6n2c5c31)C(=O)NC4,ABL1,DYRK4,7.04,5.53,=,=
CS(=O)(=O)N1CCN(Cc2cc3nc(-c4cccc5[nH]ncc45)nc(N4CCOCC4)c3s2)CC1,AAK1,PIK3C2B,5.04,6.23,=,=
C=Cc1ccc(-c2cccc3nnc(N)n23)cc1,ABL1,CDK9,4.4,5.4,=,=
CC(C)n1nc(-c2cc3cc(O)ccc3[nH]2)c2c(N)ncnc21,ABL2,BMPR1B,5.92,8.68,=,=
CC(C)n1nc(-c2cc3cc(O)ccc3[nH]2)c2c(N)ncnc21,ABL2,MAP3K19,5.92,8.29,=,=
C#Cc1cccc(Nc2ncnc3cc(OCCOC)c(OCCOC)cc23)c1,ABL2,EPHA7,6.7,5.85,=,=
CN(C)C/C=C/C(=O)Nc1cc2c(Nc3ccc(F)c(Cl)c3)ncnc2cc1O[C@H]1CCOC1,ABL1,ERBB3,6.1,5.35,=,=
CC(=O)c1cnc2ccc(-c3cc(Cl)c(O)c(Cl)c3)nc2c1N[C@H]1CC[C@H](CN(C)C)CC1,ACVR1,MAP2K6,6.65,5.34,=,=
CCN(CC)CCNC(=O)c1c(C)[nH]c(/C=C2\C(=O)Nc3ccc(F)cc32)c1C,AAK1,CSNK1G3,7.96,6.62,=,=
CC1(C)CNc2cc(NC(=O)c3cccnc3NCc3ccncc3)ccc21,ABL2,FLT3,5.35,5.96,=,=
CC(C)n1nc(-c2cc3cc(O)ccc3[nH]2)c2c(N)ncnc21,ACVR1,TNK1,8.4,5.92,=,=
CCN(CC)CCNC(=O)c1c(C)[nH]c(/C=C2\C(=O)Nc3ccc(F)cc32)c1C,ABL1,STK39,6.14,6.85,=,=
CCN1CCN(Cc2ccc(NC(=O)Nc3ccc(Oc4cc(NC)ncn4)cc3)cc2C(F)(F)F)CC1,ABL1,CDK11A,8.0,5.96,=,=
CC(C)(C)c1nc(-c2cccc(NS(=O)(=O)c3c(F)cccc3F)c2F)c(-c2ccnc(N)n2)s1,ABL2,TNK1,6.52,7.18,=,=
CCOc1cc2ncc(C#N)c(Nc3ccc(OCc4ccccn4)c(Cl)c3)c2cc1NC(=O)/C=C/CN(C)C,ABL1,STK26,5.19,8.13,=,=
CCN(CC)CCNC(=O)C=Cc1cnc(N)c2c(-c3ccc(NC(=O)Nc4cccc(C)c4)cc3)csc12,ABL1,CAMK2G,8.6,6.0,=,=
CN1CCN(c2ccc3nc(-c4c(N)c5c(F)cccc5[nH]c4=O)[nH]c3c2)CC1,AAK1,RPS6KA5,6.77,6.17,=,=
C#Cc1cccc(Nc2ncnc3cc(OCCOC)c(OCCOC)cc23)c1,ABL1,PLK4,6.51,5.72,=,=
CC(=O)NCC(=O)N1[C@@H]2CC[C@H]1c1ccc(Nc3ncc(C(F)(F)F)c(NC4CCC4)n3)cc12,AAK1,FLT3,8.05,7.43,=,=
CO[C@@H]1[C@H](N(C)CCOCCOCCOCCNC(=O)CCC2=[N+]3C(=Cc4c(C)cc(C)n4[B-]3(F)F)C=C2)C[C@H]2O[C@]1(C)n1c3ccccc3c3c4c(c5c6ccccc6n2c5c31)C(=O)NC4,AAK1,SGK1,8.3,6.25,=,=
CCN(CC)CCNC(=O)c1c(C)[nH]c(/C=C2\C(=O)Nc3ccc(F)cc32)c1C,ABL1,MATK,6.14,5.11,=,=
CC(C)n1nc(-c2cc3cc(O)ccc3[nH]2)c2c(N)ncnc21,ABL1,TAOK3,6.82,6.31,=,=
CC(=O)c1cnc2ccc(-c3cc(Cl)c(O)c(Cl)c3)nc2c1N[C@H]1CC[C@H](CN(C)C)CC1,ABL1,CLK1,6.55,7.96,=,=
COc1cc(Nc2ncc3c(n2)-c2ccc(Cl)cc2C(c2c(F)cccc2OC)=NC3)ccc1C(=O)O,ABL2,GRK5,6.0,5.4,=,=
CN1CCN(CCOc2cc(OC3CCOCC3)c3c(Nc4c(Cl)ccc5c4OCO5)ncnc3c2)CC1,ACVR1,FGR,8.4,6.02,=,=
Cc1cnc(Nc2ccc(OCCN3CCCC3)cc2)nc1Nc1cccc(S(=O)(=O)NC(C)(C)C)c1,ACVR1B,CAMK2G,5.17,6.27,=,=
CC(O)Cn1cc(-c2cnc(N)c3c(-c4ccc(NC(=O)Nc5cccc(F)c5)cc4)csc23)cn1,ABL1,ROCK1,9.1,6.5,=,=
CC(C)n1nc(-c2cc3cc(O)ccc3[nH]2)c2c(N)ncnc21,ABL1,CSNK1G1,6.82,5.41,=,=
CN[C@@H]1C[C@H]2O[C@@](C)([C@@H]1OC)n1c3ccccc3c3c4c(c5c6ccccc6n2c5c31)C(=O)NC4,ABL2,PRKCH,7.46,8.32,=,=
COc1cc(N2CCC(N3CCN(C)CC3)CC2)ccc1Nc1ncc(Cl)c(Nc2ccccc2S(=O)(=O)C(C)C)n1,ACVR1,ERBB4,7.77,7.12,=,=
CC(=O)NCC(=O)N1C2CCC1c1cc(Nc3ncc(C(F)(F)F)c(NC4CCC4)n3)ccc12,ABL1,DCLK1,6.6,5.6,=,=
CC(=O)NCC(=O)N1[C@@H]2CC[C@H]1c1ccc(Nc3ncc(C(F)(F)F)c(NC4CCC4)n3)cc12,AAK1,PRKAA1,8.05,6.46,=,=
CCN(CC)CCNC(=O)c1c(C)[nH]c(/C=C2\C(=O)Nc3ccc(F)cc32)c1C,ABL2,TTK,6.0,7.2,=,=
COC(=O)[C@@]1(O)C[C@H]2O[C@]1(C)n1c3ccccc3c3c4c(c5c6ccccc6n2c5c31)C(=O)NC4,ACVR1B,AURKA,4.82,7.7,=,=
CCN1CCN(Cc2ccc(NC(=O)Nc3ccc(Oc4cc(NC)ncn4)cc3)cc2C(F)(F)F)CC1,ABL2,STK3,8.47,6.07,=,=
C=CC(=O)Nc1cc2c(Nc3ccc(F)c(Cl)c3)ncnc2cc1OCCCN1CCOCC1,ABL1,RET,6.47,5.61,=,=
CC(=O)NCC(=O)N1C2CCC1c1cc(Nc3ncc(C(F)(F)F)c(NC4CCC4)n3)ccc12,ABL1,MARK3,6.6,7.8,=,=
CS(=O)(=O)N1CCN(Cc2cc3nc(-c4cccc5[nH]ncc45)nc(N4CCOCC4)c3s2)CC1,AAK1,PRKDC,5.04,5.9,=,=
CCN(CC)CCNC(=O)c1c(C)[nH]c(/C=C2\C(=O)Nc3ccc(F)cc32)c1C,AAK1,TLK2,7.96,6.48,=,=
C#Cc1cccc(Nc2ncnc3cc(OCCOC)c(OCCOC)cc23)c1,ABL1,CSK,6.51,5.02,=,=
C#Cc1cccc(Nc2ncnc3cc(OCCOC)c(OCCOC)cc23)c1,ABL1,SLK,6.51,7.3,=,=
CC(C)(C)n1nc(-c2ccc(Cl)cc2)c2c(N)ncnc21,ACVR1,HCK,7.2,5.01,=,=
C[C@]12O[C@H](C[C@]1(O)CO)n1c3ccccc3c3c4c(c5c6ccccc6n2c5c31)CNC4=O,ACVR1B,CDK13,7.07,6.0,=,=
CC(C)n1nc(-c2cc3cc(O)ccc3[nH]2)c2c(N)ncnc21,ACVR1,SIK1,8.4,6.5,=,=
CO[C@@H]1[C@H](N(C)C(=O)c2ccccc2)C[C@H]2O[C@]1(C)n1c3ccccc3c3c4c(c5c6ccccc6n2c5c31)C(=O)NC4,AAK1,PRKACA,7.32,6.14,=,=
CCN(CC)S(=O)(=O)Nc1cccc(-c2ccc3c(NC(=O)C4CC4)n[nH]c3c2)c1,AAK1,PIP5K1C,7.81,6.58,=,=
CN[C@@H]1C[C@H]2O[C@@](C)([C@@H]1OC)n1c3ccccc3c3c4c(c5c6ccccc6n2c5c31)C(=O)NC4,AAK1,MAP3K10,8.92,7.9,=,=
COc1cc(N2CCC(N3CCN(C)CC3)CC2)ccc1Nc1ncc(Cl)c(Nc2ccccc2S(=O)(=O)C(C)C)n1,ABL2,PIP4K2C,6.42,5.64,=,=
CC(C)(C)c1cc(NC(=O)Nc2ccc(-c3cn4c(n3)sc3cc(OCCN5CCOCC5)ccc34)cc2)no1,ABL1,STK24,6.04,4.6,=,=
CN[C@@H]1C[C@H]2O[C@@](C)([C@@H]1OC)n1c3ccccc3c3c4c(c5c6ccccc6n2c5c31)C(=O)NC4,ACVR1,AURKC,6.33,8.25,=,=
C=CCn1c(=O)c2cnc(Nc3ccc(N4CCN(C)CC4)cc3)nc2n1-c1cccc(C(C)(C)O)n1,ABL1,ADK,6.5,7.89,=,=
CC(C)NC1=NNC(=O)C1=Cc1cc2ccccc2[nH]1,ABL1,PAK4,6.6,5.4,=,=
CC(C)C[C@@H](N)C(=O)Nc1ccc(-c2cnco2)c(OC(F)F)c1,AAK1,CIT,7.92,6.92,=,=
C#Cc1cccc(Nc2ncnc3cc(OCCOC)c(OCCOC)cc23)c1,ABL2,MET,6.7,5.55,=,=
CCN1CCN(Cc2ccc(NC(=O)Nc3ccc(Oc4cc(NC)ncn4)cc3)cc2C(F)(F)F)CC1,ABL2,RIPK1,8.47,6.68,=,=
CC(=O)c1cnc2ccc(-c3cc(Cl)c(O)c(Cl)c3)nc2c1N[C@H]1CC[C@H](CN(C)C)CC1,AAK1,CDK16,6.76,7.47,=,=
CC(C)n1nc(-c2cc3cc(O)ccc3[nH]2)c2c(N)ncnc21,ABL2,MELK,5.92,6.77,=,=
CC(=O)c1c(C)c2cnc(Nc3ccc(N4CCNCC4)cn3)nc2n(C2CCCC2)c1=O,AAK1,CLK4,5.38,7.7,=,=
CC(C)n1nc(-c2cc3cc(O)ccc3[nH]2)c2c(N)ncnc21,ABL1,NUAK2,6.82,5.44,=,=
CC(C)n1nc(-c2cc3cc(O)ccc3[nH]2)c2c(N)ncnc21,ACVR1,PAK2,8.4,5.5,=,=
CC(C)c1cc(CNc2nc(Nc3cc(C4CC4)[nH]n3)cc(N3CCN(C)CC3)n2)on1,AAK1,MST1R,6.86,5.63,=,=
CN(C)C/C=C/C(=O)Nc1cc2c(Nc3ccc(F)c(Cl)c3)ncnc2cc1O[C@H]1CCOC1,ABL1,MYLK,6.1,4.5,=,=
C#Cc1cccc(Nc2ncnc3cc(OCCOC)c(OCCOC)cc23)c1,ABL2,TNIK,6.7,5.35,=,=
CCN(CC)CCNC(=O)c1c(C)[nH]c(/C=C2\C(=O)Nc3ccc(F)cc32)c1C,ABL1,CLK1,6.14,7.66,=,=
CC(C)(C)c1nc(-c2cccc(NS(=O)(=O)c3c(F)cccc3F)c2F)c(-c2ccnc(N)n2)s1,ACVR1B,BRAF,6.22,8.85,=,=
CCS(=O)(=O)N1CCN(c2ccc(Nc3ncc(C(N)=O)c(NC4CC4)n3)cc2)CC1.Cl,AAK1,MAPK8,9.0,6.45,=,=
CN[C@@H]1C[C@H]2O[C@@](C)([C@@H]1OC)n1c3ccccc3c3c4c(c5c6ccccc6n2c5c31)C(=O)NC4,AAK1,EPHB1,8.92,6.89,=,=
CN[C@@H]1C[C@H]2O[C@@](C)([C@@H]1OC)n1c3ccccc3c3c4c(c5c6ccccc6n2c5c31)C(=O)NC4,AAK1,FES,8.92,8.38,=,=
CN(C)C[C@@H]1CCn2cc(c3ccccc32)C2=C(C(=O)NC2=O)c2cn(c3ccccc23)CCO1,AAK1,ROS1,6.05,5.24,=,=
Cc1ccc(-n2nc(C(C)(C)C)cc2NC(=O)Nc2ccc(OCCN3CCOCC3)c3ccccc23)cc1,ACVR1B,CDK19,4.36,6.7,=,=
CCN(CC)CCNC(=O)c1c(C)[nH]c(/C=C2\C(=O)Nc3ccc(F)cc32)c1C,ABL2,BRSK1,6.0,5.46,=,=
CC(C)(C)c1cc(NC(=O)Nc2ccc(-c3cn4c(n3)sc3cc(OCCN5CCOCC5)ccc34)cc2)no1,ABL1,IRAK1,6.04,6.94,=,=
O=C(Nc1c[nH]nc1-c1nc2ccc(CN3CCOCC3)cc2[nH]1)NC1CC1,ABL2,BUB1,5.97,7.03,=,=
C=CC(=O)N[C@H]1CC[C@@H](n2nc(-c3ccc(Oc4ccccc4)cc3)c3c(N)ncnc32)CC1,ABL1,BMX,7.49,8.96,=,=
CC(C)C[C@H](N)c1cc(C#N)c2cc(-c3ccncc3)ccc2n1,AAK1,MKNK1,8.24,7.24,=,=
C[C@H](Nc1nc(Nc2cn(C)cn2)c2cc[nH]c2n1)c1ncc(F)cn1,ABL1,PRKCZ,7.6,6.7,=,=
CN[C@@H]1C[C@H]2O[C@@](C)([C@@H]1OC)n1c3ccccc3c3c4c(c5c6ccccc6n2c5c31)C(=O)NC4,ABL2,PIK3CA,7.46,6.4,=,=
CC(O)Cn1cc(-c2cnc(N)c3c(-c4ccc(NC(=O)Nc5cccc(F)c5)cc4)csc23)cn1,ABL1,HIPK2,9.1,5.5,=,=
CN1CCN(c2ccc3nc(-c4c(N)c5c(F)cccc5[nH]c4=O)[nH]c3c2)CC1,ABL2,CAMK2D,5.98,6.5,=,=
CC(=O)NCC(=O)N1C2CCC1c1cc(Nc3ncc(C(F)(F)F)c(NC4CCC4)n3)ccc12,ACVR1,SRPK1,6.4,5.7,=,=
CC(C)n1nc(-c2cc3cc(O)ccc3[nH]2)c2c(N)ncnc21,ABL1,RPS6KA1,6.82,5.68,=,=
CC(C)n1nc(-c2cc3cc(O)ccc3[nH]2)c2c(N)ncnc21,ABL1,PAK2,6.82,5.5,=,=
CC(C)(O)c1cn(-c2ccc3[nH]ncc3c2)nn1,ACVR1,CDK7,4.1,5.0,=,=
Cc1nc(Nc2n[nH]c3c2CN(C(=O)N[C@H](CN(C)C)c2ccccc2)C3(C)C)c2sccc2n1,ABL2,GRK2,6.03,4.65,=,=
Cc1ccc(C(=O)Nc2cccc(C(F)(F)F)c2)cc1Nc1nc(-c2cccnc2)nc2c1cnn2C,ABL2,GRK2,6.46,4.99,=,=
CCc1c(-c2ccc(C(C)(C)O)cc2)[nH]c2nccnc12,ACVR1,CSNK1D,7.4,5.2,=,=
C[C@]12O[C@H](C[C@]1(O)CO)n1c3ccccc3c3c4c(c5c6ccccc6n2c5c31)CNC4=O,ABL1,PIK3C2G,6.01,6.64,=,=
CC(C)c1cc(CNc2nc(Nc3cc(C4CC4)[nH]n3)cc(N3CCN(C)CC3)n2)on1,AAK1,RET,6.86,8.05,=,=
CCN1CCN(c2ccc(Nc3ncc(Cl)c(Nc4ccc5[nH]ncc5c4)n3)cc2)CC1,ACVR1,WEE1,6.9,8.5,=,=
CCN(CCO)CCCOc1ccc2c(Nc3cc(CC(=O)Nc4cccc(F)c4)[nH]n3)ncnc2c1,AAK1,PAK1,5.52,5.0,=,=
C=CC(=O)N1CCC[C@@H](n2nc(-c3ccc(Oc4ccccc4)cc3)c3c(N)ncnc32)C1,ABL2,RIPK3,6.04,7.07,=,=
CN[C@@H]1C[C@H]2O[C@@](C)([C@@H]1OC)n1c3ccccc3c3c4c(c5c6ccccc6n2c5c31)C(=O)NC4,ABL2,CAMK1,7.46,8.03,=,=
CNCc1ccc(-c2cc(-c3nc(-c4ccc(S(=O)(=O)C(C)C)cc4)cnc3N)on2)cc1,ABL1,PIK3R1,7.23,6.12,=,=
CCN(CC)CCNC(=O)c1c(C)[nH]c(/C=C2\C(=O)Nc3ccc(F)cc32)c1C,AAK1,STK26,7.96,6.47,=,=
CN1CCN(c2ccc3nc(-c4c(N)c5c(F)cccc5[nH]c4=O)[nH]c3c2)CC1,AAK1,CSNK1D,6.77,5.8,=,=
CO[C@@H]1[C@H](N(C)C(=O)c2ccccc2)C[C@H]2O[C@]1(C)n1c3ccccc3c3c4c(c5c6ccccc6n2c5c31)C(=O)NC4,AAK1,AKT3,7.32,5.36,=,=
CC(=O)NCC(=O)N1[C@@H]2CC[C@H]1c1ccc(Nc3ncc(C(F)(F)F)c(NC4CCC4)n3)cc12,AAK1,MAPK7,8.05,5.53,=,=
CN1CC[C@H](c2c(O)cc(O)c3c(=O)cc(-c4ccccc4Cl)oc23)[C@H](O)C1,ABL1,PRKCH,5.79,6.46,=,=
COC(=O)c1ccc2c(c1)NC(=O)/C2=C(\Nc1ccc(N(C)C(=O)CN2CCN(C)CC2)cc1)c1ccccc1,ABL2,SRPK1,5.7,7.43,=,=
CC(C)C[C@@H](N)C(=O)Nc1ccc(-c2cnco2)c(OC(F)F)c1,AAK1,PRKX,7.92,6.49,=,=
C=CC(=O)Nc1cc2c(Nc3ccc(F)c(Cl)c3)ncnc2cc1OCCCN1CCOCC1,ABL2,ALK,6.06,5.11,=,=
CC(C)(C)c1nc(-c2cccc(NS(=O)(=O)c3c(F)cccc3F)c2F)c(-c2ccnc(N)n2)s1,ABL1,TNK1,5.81,7.18,=,=
C#Cc1cccc(Nc2ncnc3cc(OCCOC)c(OCCOC)cc23)c1,ABL1,STK17B,6.51,5.03,=,=
CC(C)(C)c1nc(-c2cccc(NS(=O)(=O)c3c(F)cccc3F)c2F)c(-c2ccnc(N)n2)s1,ABL2,CDK17,6.52,7.44,=,=
COc1cc(Nc2ncc(F)c(Nc3ccc4c(n3)NC(=O)C(C)(C)O4)n2)cc(OC)c1OC,ACVR1B,CAMK1,5.96,6.64,=,=
CC(C)C[C@](C)(N)COc1cnc(-c2ccnc(C(F)F)c2)cc1C(F)F,AAK1,TNIK,8.92,5.7,=,=
C#Cc1cccc(Nc2ncnc3cc(OC)c(OCCCCCCC(=O)NO)cc23)c1,ABL1,SRC,5.54,4.96,=,=
CCn1cc(-c2ccnc3[nH]c(-c4cccc(CN(C)C)c4)cc23)c(-c2ccc(NC(=O)N(C)C)cc2)n1,ACVR1,AURKC,5.43,8.19,=,=
Cc1nc(Nc2ncc(C(=O)Nc3c(C)cccc3Cl)s2)cc(N2CCN(CCO)CC2)n1.O,ACVR1,MTOR,6.21,4.46,=,=
CN1CCN(CCOc2cc(OC3CCOCC3)c3c(Nc4c(Cl)ccc5c4OCO5)ncnc3c2)CC1,ABL2,ACVR1,7.04,8.4,=,=
CC(C)n1nc(-c2cc3cc(O)ccc3[nH]2)c2c(N)ncnc21,ABL2,BRSK1,5.92,7.85,=,=
CC(C)(C)c1ccc2nc(-c3n[nH]c4ccccc34)[nH]c2c1,ABL1,CHEK1,6.8,5.9,=,=
CC(C)n1nc(-c2cc3cc(O)ccc3[nH]2)c2c(N)ncnc21,ACVR1,PTK6,8.4,6.0,=,=
CNC(=O)c1nn(C)c2c1C(C)(C)Cc1cnc(Nc3ccc(N4CCN(C)CC4)cc3)nc1-2,AAK1,SIK3,5.13,6.58,=,=
CCCC(=O)Nc1cccc(-c2nc(Nc3ccc4[nH]ncc4c3)c3cc(OCCN4CCCC4)ccc3n2)c1,ACVR1,ROCK1,5.4,6.8,=,=
C=CC(=O)N1CCC[C@@H](n2nc(-c3ccc(Oc4ccccc4)cc3)c3c(N)ncnc32)C1,ABL2,FLT3,6.04,6.64,=,=
CC(C)c1cc(CNc2nc(Nc3cc(C4CC4)[nH]n3)cc(N3CCN(C)CC3)n2)on1,ABL2,IRAK3,8.1,7.1,=,=
CC(O)Cn1cc(-c2cnc(N)c3c(-c4ccc(NC(=O)Nc5cccc(F)c5)cc4)csc23)cn1,ABL1,TAOK1,9.1,6.2,=,=
CCN1CCN(Cc2ccc(NC(=O)Nc3ccc(Oc4cc(NC)ncn4)cc3)cc2C(F)(F)F)CC1,ABL2,IRAK1,8.47,6.89,=,=
C=CC(=O)N[C@H]1CC[C@@H](n2nc(-c3ccc(Oc4ccccc4)cc3)c3c(N)ncnc32)CC1,ABL1,CSK,7.49,8.62,=,=
CC(=O)NCC(=O)N1C2CCC1c1cc(Nc3ncc(C(F)(F)F)c(NC4CCC4)n3)ccc12,ACVR1,PDPK1,6.4,7.8,=,=
C[C@]12O[C@H](C[C@]1(O)CO)n1c3ccccc3c3c4c(c5c6ccccc6n2c5c31)CNC4=O,ABL1,PIK3C2B,6.01,5.28,=,=
CCN(CC)CCNC(=O)c1c(C)[nH]c(/C=C2\C(=O)Nc3ccc(F)cc32)c1C,AAK1,MAP2K4,7.96,6.16,=,=
CC1CN(c2ccncc2NC(=O)c2ccnn3cc(-c4ccccc4)nc23)CCO1,AAK1,GSK3A,6.7,9.76,=,=
CCOc1cc2ncc(C#N)c(Nc3ccc(F)c(Cl)c3)c2cc1NC(=O)/C=C/CN(C)C,AAK1,EIF2AK4,5.46,6.54,=,=
CC(=O)NCC(=O)N1C2CCC1c1cc(Nc3ncc(C(F)(F)F)c(NC4CCC4)n3)ccc12,ACVR1,MAP4K2,6.4,7.4,=,=
CC(C)(O)c1cn(-c2ccc3[nH]ncc3c2)nn1,ACVR1,DYRK1B,4.1,5.7,=,=
CC(C)n1nc(-c2cc3cc(O)ccc3[nH]2)c2c(N)ncnc21,ACVR1,ULK3,8.4,5.0,=,=
Cc1ccc(C(=O)Nc2cccc(C(F)(F)F)c2)cc1Nc1nc(-c2cccnc2)nc2c1cnn2C,ABL2,MTOR,6.46,4.94,=,=
COc1cc(N2CCC(N3CCN(C)CC3)CC2)ccc1Nc1ncc(Cl)c(Nc2ccccc2S(=O)(=O)C(C)C)n1,AAK1,EPHB3,6.33,5.72,=,=
CN[C@@H]1C[C@H]2O[C@@](C)([C@@H]1OC)n1c3ccccc3c3c4c(c5c6ccccc6n2c5c31)C(=O)NC4,AAK1,NEK4,8.92,7.13,=,=
CN(C)CC(=O)N1CCC(c2ccc(NC(=O)c3nc(C#N)c[nH]3)c(C3=CCCCC3)c2)CC1.Cl,ACVR1,SRPK1,6.41,5.77,=,=
CCN(CC)CCNC(=O)c1c(C)[nH]c(/C=C2\C(=O)Nc3ccc(F)cc32)c1C,AAK1,PDPK1,7.96,5.46,=,=
CCN1CCN(Cc2ccc(NC(=O)Nc3ccc(Oc4cc(NC)ncn4)cc3)cc2C(F)(F)F)CC1,ABL2,PRKCQ,8.47,5.66,=,=
CCN(CC)CCNC(=O)c1c(C)[nH]c(/C=C2\C(=O)Nc3ccc(F)cc32)c1C,AAK1,STK39,7.96,6.85,=,=
COc1ccc(C(=O)Nc2n[nH]c3ccc(-c4cn(Cc5ccccc5)nn4)cc23)cc1OC,ACVR1,CSNK1G2,6.0,8.2,=,=
C=CC(=O)Nc1cc2c(Nc3ccc(F)c(Cl)c3)ncnc2cc1OCCCN1CCOCC1,ABL1,KDR,6.47,4.6,=,=
CCN1CCN(Cc2ccc(NC(=O)c3ccc(C)c(/C=C/c4cnc5[nH]ccc5c4OC)c3)cc2C(F)(F)F)CC1,ABL2,MAPK14,7.29,6.62,=,=
CC#CCn1cc(N(CC2CC2)c2nc(C(N)=O)c(-c3cc(C(=O)N(C)C)c[nH]3)s2)cn1,ACVR1B,BMPR1B,7.46,6.0,=,=
C=CC(=O)Nc1ccc(-n2nc(C(F)F)cc2-c2cnc(NC(=O)C(C)C)s2)cc1,AAK1,LIMK1,4.98,7.35,=,=
CC(C)n1nc(-c2cc3cc(O)ccc3[nH]2)c2c(N)ncnc21,ACVR1,PIK3CB,8.4,6.29,=,=
CCS(=O)(=O)N1CCN(c2ccc(Nc3ncc(C(N)=O)c(NC4CC4)n3)cc2)CC1.Cl,AAK1,SYK,9.0,6.36,=,=
CN[C@@H]1C[C@H]2O[C@@](C)([C@@H]1OC)n1c3ccccc3c3c4c(c5c6ccccc6n2c5c31)C(=O)NC4,ABL2,DAPK2,7.46,8.4,=,=
CC(C)c1cc(CNc2nc(Nc3cc(C4CC4)[nH]n3)cc(N3CCN(C)CC3)n2)on1,AAK1,PRKD3,6.86,5.73,=,=
CC1CN(c2ccncc2NC(=O)c2ccnn3cc(-c4ccccc4)nc23)CCO1,AAK1,CDK5,6.7,5.19,=,=
CCN1CCN(Cc2ccc(NC(=O)c3ccc(C)c(Oc4ccnc5[nH]ccc45)c3)cc2C(F)(F)F)CC1,ABL2,FES,7.12,6.28,=,=
CN[C@@H]1C[C@H]2O[C@@](C)([C@@H]1OC)n1c3ccccc3c3c4c(c5c6ccccc6n2c5c31)C(=O)NC4,AAK1,EPHA3,8.92,7.51,=,=
CC(C)n1nc(-c2cc(F)c(O)cc2F)c2c(N)ncnc21,ABL1,PI4KB,5.72,6.33,=,=
CC(=O)NCC(=O)N1C2CCC1c1cc(Nc3ncc(C(F)(F)F)c(NC4CCC4)n3)ccc12,ABL1,PTK2,6.6,8.1,=,=
COc1cccc(Nc2ncnn3ccc(CN4CC[C@@H](N)[C@H](O)C4)c23)c1,ABL2,PRKCI,7.4,5.62,=,=
CCN(CC)CCNC(=O)c1c(C)[nH]c(/C=C2\C(=O)Nc3ccc(F)cc32)c1C,AAK1,EPHB6,7.96,6.04,=,=
CC(C)c1cc(CNc2nc(Nc3cc(C4CC4)[nH]n3)cc(N3CCN(C)CC3)n2)on1,AAK1,EPHB2,6.86,5.6,=,=
C#Cc1cccc(Nc2ncnc3cc(OCCOC)c(OCCOC)cc23)c1,ABL2,TTK,6.7,5.43,=,=
C=CC(=O)N1CCC[C@@H](n2nc(-c3ccc(Oc4ccccc4)cc3)c3c(N)ncnc32)C1,ABL1,BMX,7.07,9.1,=,=
CN[C@@H]1C[C@H]2O[C@@](C)([C@@H]1OC)n1c3ccccc3c3c4c(c5c6ccccc6n2c5c31)C(=O)NC4,ABL2,PDPK1,7.46,8.77,=,=
C#Cc1cccc(Nc2ncnc3cc(OCCOC)c(OCCOC)cc23)c1,ABL2,DYRK2,6.7,5.89,=,=
CC(C)Oc1cc(Nc2nc(NC(C)c3ccc(F)cn3)ncc2Cl)n[nH]1,ACVR1,FLT3,5.8,6.5,=,=
CC(C)c1cc(CNc2nc(Nc3cc(C4CC4)[nH]n3)cc(N3CCN(C)CC3)n2)on1,ACVR1,EPHB2,8.3,5.6,=,=
CCN1CCN(Cc2ccc(Nc3ncc(F)c(-c4cc(F)c5nc(C)n(C(C)C)c5c4)n3)nc2)CC1,AAK1,DYRK3,6.99,7.69,=,=
CC(C)(C)c1ccc2nc(-c3n[nH]c4ccccc34)[nH]c2c1,ABL1,MATK,6.8,5.9,=,=
CN(C)CC(=O)N1CCC(c2ccc(NC(=O)c3nc(C#N)c[nH]3)c(C3=CCCCC3)c2)CC1.Cl,ACVR1,RPS6KA2,6.41,5.89,=,=
CC(=O)NCC(=O)N1[C@@H]2CC[C@H]1c1ccc(Nc3ncc(C(F)(F)F)c(NC4CCC4)n3)cc12,AAK1,MST1R,8.05,5.34,=,=
CC[C@@H]1C(=O)N(C)c2cnc(Nc3ccc(C(=O)NC4CCN(C)CC4)cc3OC)nc2N1C1CCCC1,ABL1,CLK3,5.58,6.2,=,=
CCN1CCN(Cc2ccc(NC(=O)Nc3ccc(Oc4cc(NC)ncn4)cc3)cc2C(F)(F)F)CC1,ABL2,NEK1,8.47,5.28,=,=
CC(O)Cn1cc(-c2cnc(N)c3c(-c4ccc(NC(=O)Nc5cccc(F)c5)cc4)csc23)cn1,ABL1,SGK2,9.1,5.6,=,=
C=CC(=O)Nc1cc2c(Nc3ccc(F)c(Cl)c3)ncnc2cc1OCCCN1CCOCC1,ACVR1,KIT,5.77,5.24,=,=
CC1(C)CNc2cc(NC(=O)c3cccnc3NCc3ccncc3)ccc21,ABL2,RIPK3,5.35,5.98,=,=
CC(C)n1nc(-c2cc3cc(O)ccc3[nH]2)c2c(N)ncnc21,ACVR1B,AXL,7.24,5.92,=,=
C#Cc1cccc(Nc2ncnc3cc(OCCOC)c(OCCOC)cc23)c1,ABL2,MAP3K1,6.7,5.65,=,=
CC(=O)NCC(=O)N1C2CCC1c1cc(Nc3ncc(C(F)(F)F)c(NC4CCC4)n3)ccc12,ABL1,TNK2,6.6,7.2,=,=
CC(C)C[C@](C)(N)COc1ccc(-c2ccnc(C(F)F)c2)cc1C(F)F,AAK1,PKN2,9.29,6.36,=,=
CN[C@@H]1C[C@H]2O[C@@](C)([C@@H]1OC)n1c3ccccc3c3c4c(c5c6ccccc6n2c5c31)C(=O)NC4,ABL2,CSNK1A1,7.46,5.38,=,=
CC(C)n1nc(-c2cc3cc(O)ccc3[nH]2)c2c(N)ncnc21,AAK1,DAPK2,5.8,7.03,=,=
CC(C)(C)c1nc(-c2cccc(NS(=O)(=O)c3c(F)cccc3F)c2F)c(-c2ccnc(N)n2)s1,ABL2,MET,6.52,5.79,=,=
CC[C@@H]1C(=O)N(C)c2cnc(Nc3ccc(C(=O)NC4CCN(C)CC4)cc3OC)nc2N1C1CCCC1,ABL1,MYLK,5.58,7.01,=,=
CCN1CCN(Cc2ccc(NC(=O)Nc3ccc(Oc4cc(NC)ncn4)cc3)cc2C(F)(F)F)CC1,ABL2,TAOK2,8.47,7.36,=,=
CN1CCN(c2ccc3nc(-c4c(N)c5c(F)cccc5[nH]c4=O)[nH]c3c2)CC1,ACVR1,NEK7,5.9,5.25,=,=
CCN1CCN(Cc2ccc(Nc3ncc(F)c(-c4cc(F)c5nc(C)n(C(C)C)c5c4)n3)nc2)CC1,AAK1,DYRK1B,6.99,8.18,=,=
CC(C)n1nc(-c2cc3cc(O)ccc3[nH]2)c2c(N)ncnc21,ABL2,CDK8,5.92,5.2,=,=
CC(C)n1nc(-c2cc3cc(O)ccc3[nH]2)c2c(N)ncnc21,ABL1,RPS6KA5,6.82,5.82,=,=
CN1CCN(c2ccc3nc(-c4c(N)c5c(F)cccc5[nH]c4=O)[nH]c3c2)CC1,AAK1,SGK2,6.77,5.9,=,=
CCN(CC)CCNC(=O)c1c(C)[nH]c(/C=C2\C(=O)Nc3ccc(F)cc32)c1C,AAK1,CHUK,7.96,6.28,=,=
CN[C@@H]1C[C@H]2O[C@@](C)([C@@H]1OC)n1c3ccccc3c3c4c(c5c6ccccc6n2c5c31)C(=O)NC4,ACVR1B,CDC42BPB,6.17,8.32,=,=
CCN1CCN(Cc2ccc(NC(=O)Nc3ccc(Oc4cc(NC)ncn4)cc3)cc2C(F)(F)F)CC1,ABL1,EIF2AK2,8.0,5.96,=,=
CN1CCN(c2ccc3nc(-c4c(N)c5c(F)cccc5[nH]c4=O)[nH]c3c2)CC1,AAK1,EIF2AK2,6.77,5.55,=,=
COc1cc(Nc2ncc(F)c(Nc3ccc4c(n3)NC(=O)C(C)(C)O4)n2)cc(OC)c1OC,ACVR1,TIE1,5.32,7.12,=,=
CN1CCN(c2nc(C3=C(c4c[nH]c5ccccc45)C(=O)NC3=O)c3ccccc3n2)CC1,ABL1,PRKCB,5.48,8.7,=,=
C1=N/C2=N/c3ccc(OCCN4CCCC4)c(c3)COC/C=C/COCc3cccc(c3)C(=C1)N2,ACVR1,IKBKE,7.66,6.15,=,=
CC(C)n1nc(-c2cc3cc(O)ccc3[nH]2)c2c(N)ncnc21,AAK1,EPHA8,5.8,6.6,=,=
CC[C@@](C)(Nc1ccnc(-c2c[nH]c3ncccc23)n1)C(=O)NCC(F)(F)F,ABL2,ROCK2,5.15,4.25,=,=
CC(=O)NCC(=O)N1C2CCC1c1cc(Nc3ncc(C(F)(F)F)c(NC4CCC4)n3)ccc12,ACVR1,TNK2,6.4,7.2,=,=
CC(C)n1nc(-c2cc3cc(O)ccc3[nH]2)c2c(N)ncnc21,ACVR1,PRKACA,8.4,5.43,=,=
COc1cc(Nc2c(C#N)cnc3cc(OCCCN4CCN(C)CC4)c(OC)cc23)c(Cl)cc1Cl,AAK1,SRMS,5.73,7.0,=,=
CCOc1cc2ncc(C#N)c(Nc3ccc(F)c(Cl)c3)c2cc1NC(=O)/C=C/CN(C)C,ABL2,EPHA3,6.62,5.39,=,=
COc1cc(N2CCC(N3CCN(C)CC3)CC2)ccc1Nc1ncc(Cl)c(Nc2ccccc2S(=O)(=O)C(C)C)n1,AAK1,ACVR2A,6.33,5.66,=,=
CC#CCn1cc(N(CC2CC2)c2nc(C(N)=O)c(-c3cc(C(=O)N(C)C)c[nH]3)s2)cn1,ACVR1,BMPR2,7.19,5.49,=,=
CN1CCC(c2c(O)cc(O)c3c(=O)cc(-c4ccccc4Cl)oc23)C(O)C1,ACVR1,MAPK12,5.7,6.4,=,=
CC(C)n1nc(-c2cc3cc(O)ccc3[nH]2)c2c(N)ncnc21,ABL1,EIF2AK2,6.82,5.66,=,=
CCN(CC)CCNC(=O)c1c(C)[nH]c(/C=C2\C(=O)Nc3ccc(F)cc32)c1C,AAK1,BMPR1B,7.96,5.62,=,=
C1=N/C2=N/c3ccc(OCCN4CCCC4)c(c3)COC/C=C/COCc3cccc(c3)C(=C1)N2,AAK1,GAK,7.38,6.17,=,=
C=CC(=O)Nc1cc2c(Nc3ccc(F)c(Cl)c3)ncnc2cc1OCCCN1CCOCC1,ABL1,SIK2,6.47,5.31,=,=
C#Cc1cccc(Nc2ncnc3cc(OCCOC)c(OCCOC)cc23)c1,AAK1,SLK,5.92,7.3,=,=
C=CC(=O)Nc1cc2c(Nc3ccc(F)c(Cl)c3)ncnc2cc1OCCCN1CCOCC1,ABL1,STK10,6.47,5.72,=,=
CCc1nc(C(N)=O)c(Nc2ccc(N3CCC(N4CCN(C)CC4)CC3)c(OC)c2)nc1NC1CCOCC1,ACVR1,MAP2K6,7.41,5.72,=,=
CN[C@@H]1C[C@H]2O[C@@](C)([C@@H]1OC)n1c3ccccc3c3c4c(c5c6ccccc6n2c5c31)C(=O)NC4,ACVR1,PIK3CG,6.33,5.75,=,=
CO[C@@H](C(=O)N1Cc2[nH]nc(NC(=O)c3ccc(N4CCN(C)CC4)cc3)c2C1)c1ccccc1,ACVR1,LIMK2,6.28,5.42,=,=
CN(C)CC(=O)N1CCC(c2ccc(NC(=O)c3nc(C#N)c[nH]3)c(C3=CCCCC3)c2)CC1.Cl,ACVR1,TSSK1A,6.41,5.5,=,=
CC(=O)NCC(=O)N1C2CCC1c1cc(Nc3ncc(C(F)(F)F)c(NC4CCC4)n3)ccc12,ABL1,IGF1R,6.6,7.3,=,=
CO[C@@H]1[C@H](N(C)C(=O)c2ccccc2)C[C@H]2O[C@]1(C)n1c3ccccc3c3c4c(c5c6ccccc6n2c5c31)C(=O)NC4,ABL1,SRPK2,5.5,6.48,=,=
CC(=O)NCC(=O)N1[C@@H]2CC[C@H]1c1ccc(Nc3ncc(C(F)(F)F)c(NC4CCC4)n3)cc12,AAK1,MAP3K1,8.05,5.66,=,=
C#Cc1cn(C2CCCC2)c2ncnc(N)c12,ABL1,LRRK2,6.0,7.0,=,=
C1=N/C2=N/c3ccc(OCCN4CCCC4)c(c3)COC/C=C/COCc3cccc(c3)C(=C1)N2,ACVR1,PRKG1,7.66,5.82,=,=
C#Cc1cccc(Nc2ncnc3cc(OCCOC)c(OCCOC)cc23)c1,ABL2,PKN2,6.7,5.6,=,=
C#Cc1cn(C2CCCC2)c2ncnc(N)c12,ABL1,FYN,6.0,5.3,=,=
CCN(CC)CCNC(=O)c1c(C)[nH]c(/C=C2\C(=O)Nc3ccc(F)cc32)c1C,ABL2,RPS6KA2,6.0,7.24,=,=
CCN(CC)CCNC(=O)c1c(C)[nH]c(/C=C2\C(=O)Nc3ccc(F)cc32)c1C,ABL1,MKNK1,6.14,5.41,=,=
C#Cc1cccc(Nc2ncnc3cc(OCCOC)c(OCCOC)cc23)c1,AAK1,RPS6KA4,5.92,5.16,=,=
C=CC(=O)Nc1cc2c(Nc3ccc(F)c(Cl)c3)ncnc2cc1OCCCN1CCOCC1,ABL1,KIT,6.47,5.24,=,=
CN1CCN(C2CCN(C(=O)Nc3cc(Oc4ccc(NC(=O)C5(C(=O)Nc6ccc(F)cc6)CC5)c(F)c4)ccn3)CC2)CC1,ABL2,EPHB3,6.14,5.32,=,=
CCn1cc(-c2ccnc3[nH]c(-c4cccc(CN(C)C)c4)cc23)c(-c2ccc(NC(=O)N(C)C)cc2)n1,ACVR1B,CSNK1D,5.92,4.74,=,=
CO[C@@H]1[C@H](N(C)CCOCCOCCOCCNC(=O)CCC2=[N+]3C(=Cc4c(C)cc(C)n4[B-]3(F)F)C=C2)C[C@H]2O[C@]1(C)n1c3ccccc3c3c4c(c5c6ccccc6n2c5c31)C(=O)NC4,AAK1,PRKCI,8.3,6.5,=,=
Cc1ccc(C(=O)Nc2cccc(C(F)(F)F)c2)cc1Nc1nc(-c2cccnc2)nc2c1cnn2C,AAK1,RAF1,5.38,6.4,=,=
CC[C@@H]1C(=O)N(C)c2cnc(Nc3ccc(C(=O)NC4CCN(C)CC4)cc3OC)nc2N1C1CCCC1,AAK1,ERBB4,5.55,5.0,=,=
CC(C)(O)c1cn(-c2ccc3[nH]ncc3c2)nn1,ACVR1,CDK9,4.1,5.0,=,=
C1=N/C2=N/c3ccc(OCCN4CCCC4)c(c3)COC/C=C/COCc3cccc(c3)C(=C1)N2,ACVR1,STK16,7.66,5.73,=,=
C1=N/C2=N/c3ccc(OCCN4CCCC4)c(c3)COC/C=C/COCc3cccc(c3)C(=C1)N2,AAK1,GSK3A,7.38,5.29,=,=
CCN1CCN(Cc2ccc(NC(=O)Nc3ccc(Oc4cc(NC)ncn4)cc3)cc2C(F)(F)F)CC1,ABL2,EPHA8,8.47,7.75,=,=
CC(=O)NCC(=O)N1[C@@H]2CC[C@H]1c1ccc(Nc3ncc(C(F)(F)F)c(NC4CCC4)n3)cc12,AAK1,PTK2B,8.05,6.57,=,=
CCN(CC)CCNC(=O)c1c(C)[nH]c(/C=C2\C(=O)Nc3ccc(F)cc32)c1C,ABL2,NEK7,6.0,5.39,=,=
CN[C@@H]1C[C@H]2O[C@@](C)([C@@H]1OC)n1c3ccccc3c3c4c(c5c6ccccc6n2c5c31)C(=O)NC4,ACVR1B,AURKA,6.17,8.12,=,=
CC(O)Cn1cc(-c2cnc(N)c3c(-c4ccc(NC(=O)Nc5cccc(F)c5)cc4)csc23)cn1,ABL1,NEK4,9.1,5.6,=,=
Cc1ccc(C(=O)Nc2cccc(C(F)(F)F)c2)cc1Nc1nc(-c2cccnc2)nc2nn(C)cc12,ABL2,PIP4K2A,6.17,4.1,=,=
CN1CCN(c2ccc3nc(-c4c(N)c5c(F)cccc5[nH]c4=O)[nH]c3c2)CC1,ACVR1,EIF2AK4,5.9,6.6,=,=
CC[C@@H]1C(=O)N(C)c2cnc(Nc3ccc(C(=O)NC4CCN(C)CC4)cc3OC)nc2N1C1CCCC1,AAK1,ALK,5.55,6.56,=,=
CC(C)(C)c1nc(-c2cccc(NS(=O)(=O)c3c(F)cccc3F)c2F)c(-c2ccnc(N)n2)s1,ABL2,CDK2,6.52,7.72,=,=
CC(Oc1cc(-c2cnn(C3CCNCC3)c2)cnc1N)c1c(Cl)ccc(F)c1Cl,ABL1,CDK1,6.45,5.3,=,=
CN1CCN(c2ccc3nc(-c4c(N)c5c(F)cccc5[nH]c4=O)[nH]c3c2)CC1,AAK1,MARK1,6.77,5.64,=,=
CCN(CC)CCNC(=O)c1c(C)[nH]c(/C=C2\C(=O)Nc3ccc(F)cc32)c1C,ABL1,DAPK1,6.14,6.92,=,=
CC(N)C1CCC(C(=O)Nc2ccnc3[nH]ccc23)CC1,ACVR1,ROCK2,6.0,7.6,=,=
CC(C)n1nc(-c2cc3cc(O)ccc3[nH]2)c2c(N)ncnc21,ACVR1,IRAK4,8.4,5.37,=,=
CC[C@@](C)(Nc1ccnc(-c2c[nH]c3ncccc23)n1)C(=O)NCC(F)(F)F,ABL2,CDK17,5.15,6.86,=,=
C=CC(=O)N[C@H]1CC[C@@H](n2nc(-c3ccc(Oc4ccccc4)cc3)c3c(N)ncnc32)CC1,ABL1,PTK6,7.49,8.48,=,=
C=CC(=O)N1CCC[C@@H](n2nc(-c3ccc(Oc4ccccc4)cc3)c3c(N)ncnc32)C1,ABL1,TXK,7.07,8.7,=,=
CN(C)CC(=O)N1CCC(c2ccc(NC(=O)c3nc(C#N)c[nH]3)c(C3=CCCCC3)c2)CC1.Cl,AAK1,STK17B,6.28,5.12,=,=
CCC(=O)Nc1ccc(C(=O)N2CCNCC2)c(O)c1,ABL1,GRK5,6.0,7.1,=,=
CCOc1ccc(NC(=O)Nc2ccc(-c3csc4c(-c5cnn(C)c5)cnc(N)c34)cc2)cc1,ABL1,PIM2,9.2,5.9,=,=
CN[C@@H]1C[C@H]2O[C@@](C)([C@@H]1OC)n1c3ccccc3c3c4c(c5c6ccccc6n2c5c31)C(=O)NC4,ACVR1,FGFR4,6.33,6.87,=,=
CC(C)c1cc(CNc2nc(Nc3cc(C4CC4)[nH]n3)cc(N3CCN(C)CC3)n2)on1,ABL2,TGFBR1,8.1,6.64,=,=
CN[C@@H]1C[C@H]2O[C@@](C)([C@@H]1OC)n1c3ccccc3c3c4c(c5c6ccccc6n2c5c31)C(=O)NC4,AAK1,BMX,8.92,7.49,=,=
CN(C)CC(=O)N1CCC(c2ccc(NC(=O)c3nc(C#N)c[nH]3)c(C3=CCCCC3)c2)CC1.Cl,ACVR1,DAPK1,6.41,5.3,=,=
CC(C)c1cc(CNc2nc(Nc3cc(C4CC4)[nH]n3)cc(N3CCN(C)CC3)n2)on1,AAK1,DDR2,6.86,5.3,=,=
CCS(=O)(=O)c1cccc(-c2cc(C(=O)NC3CCN(C)CC3)c(C)c3[nH]c4ncc(C)cc4c23)c1,ABL2,CDK9,6.38,5.44,=,=
Cc1ccc(C(=O)Nc2cccc(C(F)(F)F)c2)cc1Nc1nc(-c2cccnc2)nc2nn(C)cc12,ABL1,PGK1,6.14,7.24,=,=
CNC(=O)c1nn(C)c2c1C(C)(C)Cc1cnc(Nc3ccc(N4CCN(C)CC4)cc3)nc1-2,ACVR1,CDK6,6.32,5.76,=,=
Cc1ccc(C(=O)Nc2cccc(C(F)(F)F)c2)cc1Nc1nc(-c2cccnc2)nc2c1cnn2C,ABL2,PGK1,6.46,5.28,=,=
C#Cc1cccc(Nc2ncnc3cc(OCCOC)c(OCCOC)cc23)c1,ABL1,GAK,6.51,8.51,=,=
CC(C)c1cc(CNc2nc(Nc3cc(C4CC4)[nH]n3)cc(N3CCN(C)CC3)n2)on1,ABL2,IKBKE,8.1,5.86,=,=
CCN(CC)CCNC(=O)c1c(C)[nH]c(/C=C2\C(=O)Nc3ccc(F)cc32)c1C,AAK1,MYLK,7.96,6.55,=,=
COCCN1CCN(Cc2ccc(-c3n[nH]c4c3C(=O)c3c(NC(=O)NN5CCOCC5)cccc3-4)cc2)CC1,AAK1,CSNK1G3,7.66,4.71,=,=
CN[C@@H]1C[C@H]2O[C@@](C)([C@@H]1OC)n1c3ccccc3c3c4c(c5c6ccccc6n2c5c31)C(=O)NC4,AAK1,CSNK1G3,8.92,5.68,=,=
CC(C)n1nc(-c2cc3cc(O)ccc3[nH]2)c2c(N)ncnc21,ACVR1,PRKDC,8.4,6.39,=,=
C#Cc1cccc(Nc2ncnc3cc(OCCOC)c(OCCOC)cc23)c1,ABL1,CDK2,6.51,5.94,=,=
CC(Nc1cncc(-n2cnc3ccc(C#N)cc32)n1)c1ccccc1F,ACVR1,AURKA,6.1,6.9,=,=
CC(C)n1nc(-c2cc3cc(O)ccc3[nH]2)c2c(N)ncnc21,ACVR1,MAP3K2,8.4,6.06,=,=
CC(=O)c1cnc2ccc(-c3cc(Cl)c(O)c(Cl)c3)nc2c1N[C@H]1CC[C@H](CN(C)C)CC1,ACVR1,CSNK2A2,6.65,8.0,=,=
CC(C)c1cc(CNc2nc(Nc3cc(C4CC4)[nH]n3)cc(N3CCN(C)CC3)n2)on1,ABL1,STK4,7.85,6.64,=,=
CC(C)NC1=NNC(=O)C1=Cc1cc2ccccc2[nH]1,ACVR1,MAP2K2,5.4,6.0,=,=
CCN(CC)CCNC(=O)c1c(C)[nH]c(/C=C2\C(=O)Nc3ccc(F)cc32)c1C,ABL2,TSSK1A,6.0,5.2,=,=
CC(C)n1nc(-c2cc3cc(O)ccc3[nH]2)c2c(N)ncnc21,ACVR1,MERTK,8.4,5.33,=,=
CC(C)c1cc(CNc2nc(Nc3cc(C4CC4)[nH]n3)cc(N3CCN(C)CC3)n2)on1,ABL2,BMPR1A,8.1,6.69,=,=
CCOc1cc2ncc(C#N)c(Nc3ccc(OCc4ccccn4)c(Cl)c3)c2cc1NC(=O)/C=C/CN(C)C,ABL1,MAP3K13,5.19,6.13,=,=
CC(O)Cn1cc(-c2cnc(N)c3c(-c4ccc(NC(=O)Nc5cccc(F)c5)cc4)csc23)cn1,ABL1,TYRO3,9.1,6.3,=,=
CC1(C)C(=O)N([C@H]2CCc3c(O)cccc32)c2nc(Nc3ccccc3)ncc21,ACVR1B,BTK,5.0,5.73,=,=
COC(=O)c1ccc2c(c1)NC(=O)/C2=C(\Nc1ccc(N(C)C(=O)CN2CCN(C)CC2)cc1)c1ccccc1,AAK1,TEK,7.2,5.85,=,=
CC(=O)NCC(=O)N1C2CCC1c1cc(Nc3ncc(C(F)(F)F)c(NC4CCC4)n3)ccc12,ACVR1,BRSK1,6.4,7.1,=,=
CN(C)CC(=O)N1CCC(c2ccc(NC(=O)c3nc(C#N)c[nH]3)c(C3=CCCCC3)c2)CC1.Cl,ACVR1,SIK1,6.41,5.52,=,=
CO[C@@H](C(=O)N1Cc2[nH]nc(NC(=O)c3ccc(N4CCN(C)CC4)cc3)c2C1)c1ccccc1,ABL2,MARK4,8.0,6.63,=,=
CC(C)(C)c1cc(NC(=O)Nc2ccc(-c3cn4c(n3)sc3cc(OCCN5CCOCC5)ccc34)cc2)no1,ABL1,CDK19,6.04,4.82,=,=
CC(C)Oc1cc(Nc2nc(NC(C)c3ccc(F)cn3)ncc2Cl)n[nH]1,ACVR1,CDK7,5.8,6.5,=,=
CNC(=O)c1cc(Oc2ccc(NC(=O)Nc3ccc(Cl)c(C(F)(F)F)c3)cc2)ccn1,ABL2,CDK6,5.54,6.89,=,=
CC[C@@](C)(Nc1ccnc(-c2c[nH]c3ncccc23)n1)C(=O)NCC(F)(F)F,ABL2,STK26,5.15,5.95,=,=
CC(=O)c1cnc2ccc(-c3cc(Cl)c(O)c(Cl)c3)nc2c1N[C@H]1CC[C@H](CN(C)C)CC1,ABL2,CDK16,6.73,7.47,=,=
CC(=O)NCC(=O)N1[C@@H]2CC[C@H]1c1ccc(Nc3ncc(C(F)(F)F)c(NC4CCC4)n3)cc12,ABL1,MARK3,5.6,6.44,=,=
COc1cc(Nc2ncc(F)c(Nc3ccc4c(n3)NC(=O)C(C)(C)O4)n2)cc(OC)c1OC,ACVR1,EPHA8,5.32,5.89,=,=
CCN(CC)CCNC(=O)c1c(C)[nH]c(/C=C2\C(=O)Nc3ccc(F)cc32)c1C,ABL2,PIK3CG,6.0,4.89,=,=
C=CC(=O)Nc1cc2c(Nc3ccc(F)c(Cl)c3)ncnc2cc1OCCCN1CCOCC1,ABL1,ALK,6.47,5.11,=,=
CN[C@@H]1C[C@H]2O[C@@](C)([C@@H]1OC)n1c3ccccc3c3c4c(c5c6ccccc6n2c5c31)C(=O)NC4,ACVR1B,CDK9,6.17,7.0,=,=
CC(C)c1cc(CNc2nc(Nc3cc(C4CC4)[nH]n3)cc(N3CCN(C)CC3)n2)on1,AAK1,ABL2,6.86,8.1,=,=
CC(=O)NCC(=O)N1[C@@H]2CC[C@H]1c1ccc(Nc3ncc(C(F)(F)F)c(NC4CCC4)n3)cc12,AAK1,JAK1,8.05,5.89,=,=
CCN(CC)CCNC(=O)c1c(C)[nH]c(/C=C2\C(=O)Nc3ccc(F)cc32)c1C,ABL1,STK4,6.14,7.36,=,=
CC(=O)c1cccc(-c2cnc3[nH]ccc3c2)c1,ACVR1,AURKB,5.4,6.3,=,=
CN1CC[C@H](c2c(O)cc(O)c3c(=O)cc(-c4ccccc4Cl)oc23)[C@H](O)C1,ACVR1,PRKD1,5.72,6.28,=,=
Cc1ccc(C(=O)Nc2cccc(C(F)(F)F)c2)cc1Nc1nc(-c2cccnc2)nc2nn(C)cc12,ABL2,AKT1,6.17,6.71,=,=
CCN(CC)CCNC(=O)c1c(C)[nH]c(/C=C2\C(=O)Nc3ccc(F)cc32)c1C,ABL2,NUAK2,6.0,6.82,=,=
CC(C)c1cc(CNc2nc(Nc3cc(C4CC4)[nH]n3)cc(N3CCN(C)CC3)n2)on1,ABL2,EPHA2,8.1,7.5,=,=
CC(=O)Nc1cc2ccccn2n1,ABL1,CLK4,4.2,5.3,=,=
CC(Nc1cncc(-n2cnc3ccc(C#N)cc32)n1)c1ccccc1F,ACVR1,MAPK14,6.1,5.5,=,=
Cc1ccc(C(=O)Nc2cccc(C(F)(F)F)c2)cc1Nc1nc(-c2cccnc2)nc2nn(C)cc12,ABL2,PI4KA,6.17,4.3,=,=
CC(C)NC1=NNC(=O)C1=Cc1cc2ccccc2[nH]1,ACVR1,NTRK2,5.4,6.9,=,=
CN(C)CC(=O)N1CCC(c2ccc(NC(=O)c3nc(C#N)c[nH]3)c(C3=CCCCC3)c2)CC1.Cl,ACVR1,MAP2K6,6.41,5.5,=,=
CC(C)n1nc(-c2cc3cc(O)ccc3[nH]2)c2c(N)ncnc21,AAK1,FYN,5.8,6.52,=,=
CCCS(=O)(=O)Nc1ccc(F)c(C(=O)c2c[nH]c3ncc(Cl)cc23)c1F,ABL1,LIMK2,5.64,6.21,=,=
CC(C)n1nc(-c2cc3cc(O)ccc3[nH]2)c2c(N)ncnc21,ACVR1,PRKCH,8.4,6.09,=,=
CC(C)n1nc(-c2cc3cc(O)ccc3[nH]2)c2c(N)ncnc21,ACVR1,TNNI3K,8.4,6.06,=,=
C=C(C)c1cnc(-c2cc(Cl)ccc2F)cc1Nc1ccncc1C(=O)N[C@@H](O)CC,ACVR1,ACVR1B,4.96,7.89,=,=
Cc1cc(Nc2cc(N3CCN(C)CC3)nc(Sc3ccc(NC(=O)C4CC4)cc3)n2)n[nH]1,ABL2,CDK11A,8.4,6.58,=,=
C=CC(=O)N1CCC[C@@H](n2nc(-c3ccc(Oc4ccccc4)cc3)c3c(N)ncnc32)C1,ABL2,FYN,6.04,7.02,=,=
CCN1CCN(Cc2ccc(NC(=O)Nc3ccc(Oc4cc(NC)ncn4)cc3)cc2C(F)(F)F)CC1,ABL2,EPHB1,8.47,6.75,=,=
CN[C@@H]1C[C@H]2O[C@@](C)([C@@H]1OC)n1c3ccccc3c3c4c(c5c6ccccc6n2c5c31)C(=O)NC4,ACVR1B,CDC42BPA,6.17,8.24,=,=
CN[C@@H]1C[C@H]2O[C@@](C)([C@@H]1OC)n1c3ccccc3c3c4c(c5c6ccccc6n2c5c31)C(=O)NC4,ABL1,BMPR2,7.04,5.8,=,=
C=CC(=O)Nc1cc2c(Nc3ccc(F)c(Cl)c3)ncnc2cc1OCCCN1CCOCC1,ABL2,BLK,6.06,7.35,=,=
CN[C@@H]1C[C@H]2O[C@@](C)([C@@H]1OC)n1c3ccccc3c3c4c(c5c6ccccc6n2c5c31)C(=O)NC4,ABL2,CDK19,7.46,6.72,=,=
COC(=O)c1ccc2c(c1)NC(=O)/C2=C(\Nc1ccc(N(C)C(=O)CN2CCN(C)CC2)cc1)c1ccccc1,ABL2,PRKG1,5.7,7.85,=,=
CCN(CCO)CCCOc1ccc2c(Nc3cc(CC(=O)Nc4cccc(F)c4)[nH]n3)ncnc2c1,AAK1,FLT1,5.52,6.96,=,=
CCN(CC)CCNC(=O)c1c(C)[nH]c(/C=C2\C(=O)Nc3ccc(F)cc32)c1C,ABL2,NTRK1,6.0,7.0,=,=
C#Cc1cccc(Nc2ncnc3cc(OCCOC)c(OCCOC)cc23)c1,ABL2,PLK4,6.7,5.72,=,=
CC(=O)c1cnc2ccc(-c3cc(Cl)c(O)c(Cl)c3)nc2c1N[C@H]1CC[C@H](CN(C)C)CC1,ACVR1,DDR2,6.65,5.64,=,=
CC(C)n1nc(-c2cc3cc(O)ccc3[nH]2)c2c(N)ncnc21,ABL1,PRKCH,6.82,6.09,=,=
CC(=O)c1cnc2ccc(-c3cc(Cl)c(O)c(Cl)c3)nc2c1N[C@H]1CC[C@H](CN(C)C)CC1,ABL1,TAOK3,6.55,7.68,=,=
CC(C)(C)n1nc(-c2ccc(Cl)cc2)c2c(N)ncnc21,ACVR1,EPHB2,7.2,4.36,=,=
CN[C@@H]1C[C@H]2O[C@@](C)([C@@H]1OC)n1c3ccccc3c3c4c(c5c6ccccc6n2c5c31)C(=O)NC4,AAK1,TLK2,8.92,8.12,=,=
Cc1ccc(C(=O)Nc2cccc(C(F)(F)F)c2)cc1Nc1nc(-c2cccnc2)nc2nn(C)cc12,ABL1,PIK3R1,6.14,7.58,=,=
CC(=O)NCC(=O)N1[C@@H]2CC[C@H]1c1ccc(Nc3ncc(C(F)(F)F)c(NC4CCC4)n3)cc12,ABL1,SIK3,5.6,5.02,=,=
CC(=O)NCC(=O)N1[C@@H]2CC[C@H]1c1ccc(Nc3ncc(C(F)(F)F)c(NC4CCC4)n3)cc12,ABL1,STK24,5.6,7.72,=,=
CC(C)(C)c1cc(NC(=O)Nc2ccc(-c3cn4c(n3)sc3cc(OCCN5CCOCC5)ccc34)cc2)no1,ABL1,KIT,6.04,8.22,=,=
CCN1CCN(Cc2ccc(NC(=O)Nc3ccc(Oc4cc(NC)ncn4)cc3)cc2C(F)(F)F)CC1,ABL2,MAPK13,8.47,7.89,=,=
CN[C@@H]1C[C@H]2O[C@@](C)([C@@H]1OC)n1c3ccccc3c3c4c(c5c6ccccc6n2c5c31)C(=O)NC4,ACVR1B,BRSK1,6.17,8.93,=,=
CC(=O)c1ccc(-c2nn(C(C)C)c3ncnc(N)c23)cc1,ABL1,MTOR,5.7,4.0,=,=
CCN1CCN(Cc2ccc(NC(=O)Nc3ccc(Oc4cc(NC)ncn4)cc3)cc2C(F)(F)F)CC1,ABL2,MATK,8.47,5.89,=,=
Cc1ccc(C(=O)Nc2cccc(C(F)(F)F)c2)cc1Nc1nc(-c2cccnc2)nc2nn(C)cc12,ABL1,PIP4K2A,6.14,4.1,=,=
CCN(CC)CCNC(=O)c1c(C)[nH]c(/C=C2\C(=O)Nc3ccc(F)cc32)c1C,AAK1,EPHA7,7.96,5.62,=,=
CN(C)CC(=O)N1CCC(c2ccc(NC(=O)c3nc(C#N)c[nH]3)c(C3=CCCCC3)c2)CC1.Cl,AAK1,EPHA5,6.28,5.26,=,=
CC(=O)NCC(=O)N1C2CCC1c1cc(Nc3ncc(C(F)(F)F)c(NC4CCC4)n3)ccc12,ABL1,MST1R,6.6,7.7,=,=
CCN1CCN(Cc2ccc(NC(=O)Nc3ccc(Oc4cc(NC)ncn4)cc3)cc2C(F)(F)F)CC1,ABL1,FGFR4,8.0,5.85,=,=
CN(C)CC(=O)N1CCC(c2ccc(NC(=O)c3nc(C#N)c[nH]3)c(C3=CCCCC3)c2)CC1.Cl,ABL2,FGFR3,5.28,5.88,=,=
COC(=O)c1ccc2c(c1)NC(=O)/C2=C(\Nc1ccc(N(C)C(=O)CN2CCN(C)CC2)cc1)c1ccccc1,ACVR1,CAMK1,6.04,5.23,=,=
CC1(C)OCC(=O)Nc2cc(Nc3nc(NCC(F)(F)F)c4occc4n3)ccc21,ABL1,IGF1R,6.39,5.22,=,=
CO[C@@H]1[C@H](NCCOCCOCCOCCNC(=O)CCC2=[N+]3C(=Cc4c(C)cc(C)n4[B-]3(F)F)C=C2)C[C@H]2O[C@]1(C)n1c3ccccc3c3c4c(c5c6ccccc6n2c5c31)C(=O)NC4,ABL2,PRKCG,6.28,7.14,=,=
CN(C)CC(=O)N1CCC(c2ccc(NC(=O)c3nc(C#N)c[nH]3)c(C3=CCCCC3)c2)CC1.Cl,ABL2,GSK3B,5.28,6.14,=,=
CN[C@@H]1C[C@H]2O[C@@](C)([C@@H]1OC)n1c3ccccc3c3c4c(c5c6ccccc6n2c5c31)C(=O)NC4,ACVR1B,CDK5,6.17,7.08,=,=
CN[C@@H]1C[C@H]2O[C@@](C)([C@@H]1OC)n1c3ccccc3c3c4c(c5c6ccccc6n2c5c31)C(=O)NC4,AAK1,STK33,8.92,7.44,=,=
C=CC(=O)Nc1cc2c(Nc3ccc(F)c(Cl)c3)ncnc2cc1OCCCN1CCOCC1,ABL1,MAP3K3,6.47,5.64,=,=
CN(C)CC(=O)N1CCC(c2ccc(NC(=O)c3nc(C#N)c[nH]3)c(C3=CCCCC3)c2)CC1.Cl,ABL2,MAPK8,5.28,6.08,=,=
C#Cc1cn(C2CCCC2)c2ncnc(N)c12,ABL1,CLK4,6.0,8.2,=,=
CC(C)n1nc(-c2cc3cc(O)ccc3[nH]2)c2c(N)ncnc21,ACVR1,EGFR,8.4,5.62,=,=
CC(C)(O)c1cn(-c2ccc3[nH]ncc3c2)nn1,ACVR1,DYRK1A,4.1,5.3,=,=
C#Cc1cccc(Nc2ncnc3cc(OCCOC)c(OCCOC)cc23)c1,AAK1,ABL1,5.92,6.51,=,=
CC(C)c1cc(CNc2nc(Nc3cc(C4CC4)[nH]n3)cc(N3CCN(C)CC3)n2)on1,ABL2,EIF2AK1,8.1,5.48,=,=
CC(=O)NCC(=O)N1C2CCC1c1cc(Nc3ncc(C(F)(F)F)c(NC4CCC4)n3)ccc12,ACVR1,CAMK2A,6.4,5.5,=,=
CN[C@@H]1C[C@H]2O[C@@](C)([C@@H]1OC)n1c3ccccc3c3c4c(c5c6ccccc6n2c5c31)C(=O)NC4,ACVR1,NUAK2,6.33,8.79,=,=
CN(C)CC(=O)N1CCC(c2ccc(NC(=O)c3nc(C#N)c[nH]3)c(C3=CCCCC3)c2)CC1.Cl,ABL2,PAK4,5.28,5.82,=,=
CN(C)C[C@@H]1CCn2cc(c3ccccc32)C2=C(C(=O)NC2=O)c2cn(c3ccccc23)CCO1,AAK1,LRRK2,6.05,5.01,=,=
CN[C@@H]1C[C@H]2O[C@@](C)([C@@H]1OC)n1c3ccccc3c3c4c(c5c6ccccc6n2c5c31)C(=O)NC4,ABL1,MAPK6,7.04,5.51,=,=
CCN1CCN(Cc2ccc(NC(=O)c3cccc(-c4ccc5nc(NC(=O)C6CC6)sc5n4)c3)cc2C(F)(F)F)CC1,ABL1,CDK3,8.92,6.6,=,=
C#Cc1cccc(Nc2ncnc3cc(OCCOC)c(OCCOC)cc23)c1,ABL2,AURKA,6.7,5.66,=,=
CN1CCN(c2ccc3nc(-c4c(N)c5c(F)cccc5[nH]c4=O)[nH]c3c2)CC1,AAK1,MAP3K9,6.77,5.0,=,=
CCN(CC)CCNC(=O)c1c(C)[nH]c(/C=C2\C(=O)Nc3ccc(F)cc32)c1C,AAK1,PIK3CD,7.96,4.92,=,=
C=CC(=O)N1CCC[C@@H](n2nc(-c3ccc(Oc4ccccc4)cc3)c3c(N)ncnc32)C1,ABL1,ITK,7.07,7.96,=,=
CC(C)n1nc(-c2cc3cc(O)ccc3[nH]2)c2c(N)ncnc21,ABL2,BMPR1A,5.92,7.19,=,=
C#Cc1cccc(Nc2ncnc3cc(OCCOC)c(OCCOC)cc23)c1,ABL1,YES1,6.51,5.66,=,=
CC(=O)c1cnc2ccc(-c3cc(Cl)c(O)c(Cl)c3)nc2c1N[C@H]1CC[C@H](CN(C)C)CC1,ABL2,TAOK3,6.73,7.68,=,=
CCN(CC)CCNC(=O)c1c(C)[nH]c(/C=C2\C(=O)Nc3ccc(F)cc32)c1C,ABL1,CIT,6.14,5.41,=,=
CCN1CCN(Cc2ccc(NC(=O)Nc3ccc(Oc4cc(NC)ncn4)cc3)cc2C(F)(F)F)CC1,ABL1,IKBKB,8.0,6.96,=,=
CC(C)C[C@@H](N)C(=O)Nc1ccc(-c2cnco2)c(OC(F)F)c1,AAK1,PRKCQ,7.92,5.88,=,=
CN[C@@H]1C[C@H]2O[C@@](C)([C@@H]1OC)n1c3ccccc3c3c4c(c5c6ccccc6n2c5c31)C(=O)NC4,AAK1,SRMS,8.92,5.37,=,=
CC(=O)c1cnc2ccc(-c3cc(Cl)c(O)c(Cl)c3)nc2c1N[C@H]1CC[C@H](CN(C)C)CC1,ACVR1,STK10,6.65,7.85,=,=
CC(C)n1nc(-c2cc3cc(O)ccc3[nH]2)c2c(N)ncnc21,ACVR1,TTK,8.4,6.2,=,=
CN1CCN(CCOc2cc(OC3CCOCC3)c3c(Nc4c(Cl)ccc5c4OCO5)ncnc3c2)CC1,ABL2,SIK3,7.04,5.31,=,=
CC(C)C[C@](C)(N)COc1ccc(-c2ccnc(C(F)F)c2)nc1C(F)F,AAK1,LATS2,8.66,6.18,=,=
C=CC(=O)Nc1cc2c(Nc3ccc(F)c(Cl)c3)ncnc2cc1OCCCN1CCOCC1,ABL1,EPHB4,6.47,5.71,=,=
CCN(CC)CCNC(=O)c1c(C)[nH]c(/C=C2\C(=O)Nc3ccc(F)cc32)c1C,AAK1,STK17A,7.96,9.0,=,=
Cc1ccc(-n2nc(C(C)(C)C)cc2NC(=O)Nc2ccc(OCCN3CCOCC3)c3ccccc23)cc1,ABL2,MAPK13,5.89,6.81,=,=
C#Cc1cccc(Nc2ncnc3cc(OCCOC)c(OCCOC)cc23)c1,ABL2,GAK,6.7,8.51,=,=
CC1(C)CNc2cc(NC(=O)c3cccnc3NCc3ccncc3)ccc21,ABL1,RIPK3,5.41,5.98,=,=
CCN1CCN(Cc2ccc(NC(=O)Nc3ccc(Oc4cc(NC)ncn4)cc3)cc2C(F)(F)F)CC1,ABL1,ERN1,8.0,5.22,=,=
CC(C)c1cc(CNc2nc(Nc3cc(C4CC4)[nH]n3)cc(N3CCN(C)CC3)n2)on1,AAK1,TBK1,6.86,5.95,=,=
CC(=O)c1c(C)c2cnc(Nc3ccc(N4CCNCC4)cn3)nc2n(C2CCCC2)c1=O,AAK1,DYRK1B,5.38,7.0,=,=
C=CC(=O)Nc1cc2c(Nc3ccc(F)c(Cl)c3)ncnc2cc1OCCCN1CCOCC1,ACVR1,SRMS,5.77,5.17,=,=
CN[C@@H]1C[C@H]2O[C@@](C)([C@@H]1OC)n1c3ccccc3c3c4c(c5c6ccccc6n2c5c31)C(=O)NC4,AAK1,PRKCG,8.92,7.96,=,=
CCN1CCN(Cc2ccc(NC(=O)Nc3ccc(Oc4cc(NC)ncn4)cc3)cc2C(F)(F)F)CC1,ABL2,IKBKB,8.47,6.96,=,=
C1=N/C2=N/c3ccc(OCCN4CCCC4)c(c3)COC/C=C/COCc3cccc(c3)C(=C1)N2,AAK1,MAP4K1,7.38,6.8,=,=
CCN1CCN(Cc2ccc(NC(=O)Nc3ccc(Oc4cc(NC)ncn4)cc3)cc2C(F)(F)F)CC1,ABL2,LATS1,8.47,6.33,=,=
CCOc1cc2ncc(C#N)c(Nc3ccc(OCc4ccccn4)c(Cl)c3)c2cc1NC(=O)/C=C/CN(C)C,ABL1,PAK2,5.19,7.1,=,=
CCn1cc(-c2ccc3c(c2)CCN3C(=O)Cc2cccc(OC(F)(F)F)c2)c2c(N)ncnc21,ABL2,PTK2,6.51,7.05,=,=
CC1(C)C(=O)N([C@H]2CCc3c(O)cccc32)c2nc(Nc3ccccc3)ncc21,ACVR1B,BMX,5.0,5.87,=,=
CCOc1cc2ncc(C#N)c(Nc3ccc(F)c(Cl)c3)c2cc1NC(=O)/C=C/CN(C)C,ABL2,NUAK2,6.62,5.57,=,=
CCN(CC)CCNC(=O)C=Cc1cnc(N)c2c(-c3ccc(NC(=O)Nc4cccc(C)c4)cc3)csc12,ABL1,MATK,8.6,6.6,=,=
CN1CCN(c2ccc3nc(-c4c(N)c5c(F)cccc5[nH]c4=O)[nH]c3c2)CC1,ABL2,PIP4K2B,5.98,6.58,=,=
CN1CC[C@H](c2c(O)cc(O)c3c(=O)cc(-c4ccccc4Cl)oc23)[C@H](O)C1,AAK1,TNNI3K,5.28,7.26,=,=
CCOC(=O)C1=c2sc(=Cc3ccco3)c(=O)n2C(N)=C(C#N)C1c1ccco1,ABL1,PBK,7.1,5.4,=,=
CN(C[C@@H]1COCCO1)S(=O)(=O)Nc1ccc2ccc3ncc(-c4cnn(C)c4)cc3c(=O)c2c1,AAK1,MERTK,5.44,7.62,=,=
CC(=O)NCC(=O)N1C2CCC1c1cc(Nc3ncc(C(F)(F)F)c(NC4CCC4)n3)ccc12,ACVR1,PLK4,6.4,8.2,=,=
CN1CC[C@H](c2c(O)cc(O)c3c(=O)cc(-c4ccccc4Cl)oc23)[C@H](O)C1,AAK1,SRMS,5.28,5.85,=,=
CNC(=O)c1nn(C)c2c1C(C)(C)Cc1cnc(Nc3ccc(N4CCN(C)CC4)cc3)nc1-2,ABL2,SIK3,5.43,6.58,=,=
CCN1CCN(Cc2ccc(NC(=O)Nc3ccc(Oc4cc(NC)ncn4)cc3)cc2C(F)(F)F)CC1,ABL2,MAP4K1,8.47,6.68,=,=
CC(c1ccc(-c2cnc3c(-c4ccc(S(N)(=O)=O)c5ccccc45)cnn3c2)cc1)N1CCCC1,ACVR1,ACVR2A,8.05,5.62,=,=
C=CC(=O)Nc1cc2c(Nc3ccc(F)c(Cl)c3)ncnc2cc1OCCCN1CCOCC1,ABL1,EPHA5,6.47,5.92,=,=
C=CC(=O)N[C@H]1CC[C@@H](n2nc(-c3ccc(Oc4ccccc4)cc3)c3c(N)ncnc32)CC1,ABL1,ITK,7.49,6.04,=,=
CN1CC[C@H](c2c(O)cc(O)c3c(=O)cc(-c4ccccc4Cl)oc23)[C@H](O)C1,ACVR1,ERBB3,5.72,5.04,=,=
C=CC(=O)Nc1cc2c(Nc3ccc(F)c(Cl)c3)ncnc2cc1OCCCN1CCOCC1,ABL1,FLT3,6.47,5.71,=,=
CCOc1cc2ncc(C#N)c(Nc3ccc(F)c(Cl)c3)c2cc1NC(=O)/C=C/CN(C)C,ABL2,EPHB1,6.62,5.38,=,=
CC(C)c1cc(CNc2nc(Nc3cc(C4CC4)[nH]n3)cc(N3CCN(C)CC3)n2)on1,ABL1,BMPR1A,7.85,6.69,=,=
CC[C@@H]1C(=O)N(C)c2cnc(Nc3ccc(C(=O)NC4CCN(C)CC4)cc3OC)nc2N1C1CCCC1,AAK1,PIP4K2C,5.55,6.29,=,=
CC(C)(C)c1nc(-c2cccc(NS(=O)(=O)c3c(F)cccc3F)c2F)c(-c2ccnc(N)n2)s1,ABL1,RIPK1,5.81,4.27,=,=
CCN(CC)CCNC(=O)c1c(C)[nH]c(/C=C2\C(=O)Nc3ccc(F)cc32)c1C,ABL2,SRPK1,6.0,6.6,=,=
CO[C@@H]1[C@H](N(C)CCOCCOCCOCCNC(=O)CCC2=[N+]3C(=Cc4c(C)cc(C)n4[B-]3(F)F)C=C2)C[C@H]2O[C@]1(C)n1c3ccccc3c3c4c(c5c6ccccc6n2c5c31)C(=O)NC4,ABL2,PRKACA,6.02,7.38,=,=
CC(=O)NCC(=O)N1C2CCC1c1cc(Nc3ncc(C(F)(F)F)c(NC4CCC4)n3)ccc12,ACVR1,PRKCD,6.4,5.5,=,=
CN[C@@H]1C[C@H]2O[C@@](C)([C@@H]1OC)n1c3ccccc3c3c4c(c5c6ccccc6n2c5c31)C(=O)NC4,ACVR1B,CSNK1G1,6.17,5.13,=,=
C=CC(=O)N1CCC[C@@H](n2nc(-c3ccc(Oc4ccccc4)cc3)c3c(N)ncnc32)C1,ABL1,LIMK1,7.07,4.68,=,=
CC(C)n1nc(-c2cc3cc(O)ccc3[nH]2)c2c(N)ncnc21,ACVR1,DYRK1A,8.4,5.64,=,=
C#Cc1cn(C2CCCC2)c2ncnc(N)c12,ABL1,RET,6.0,6.9,=,=
COc1cc(N2CCC(N3CCN(C)CC3)CC2)ccc1Nc1ncc(Cl)c(Nc2ccccc2S(=O)(=O)C(C)C)n1,ABL2,ACVR2A,6.42,5.66,=,=
COc1cc(Nc2ncc(F)c(Nc3ccc4c(n3)NC(=O)C(C)(C)O4)n2)cc(OC)c1OC,ABL2,NEK1,6.14,6.77,=,=
CC(=O)NCC(=O)N1C2CCC1c1cc(Nc3ncc(C(F)(F)F)c(NC4CCC4)n3)ccc12,ACVR1,TYK2,6.4,7.9,=,=
CC(C)n1nc(-c2cc3cc(O)ccc3[nH]2)c2c(N)ncnc21,ABL1,ABL2,6.82,5.92,=,=
CN[C@@H]1C[C@H]2O[C@@](C)([C@@H]1OC)n1c3ccccc3c3c4c(c5c6ccccc6n2c5c31)C(=O)NC4,ABL2,TSSK2,7.46,8.46,=,=
CCCS(=O)(=O)Nc1ccc(F)c(C(=O)c2c[nH]c3ncc(Cl)cc23)c1F,ABL2,LIMK2,5.57,6.21,=,=
C[C@@H](Oc1cc(-c2cnn(C3CCNCC3)c2)cnc1N)c1c(Cl)ccc(F)c1Cl,ACVR1,IKBKB,6.36,5.26,=,=
CCS(=O)(=O)c1cccc(-c2cc(C(=O)NC3CCN(C)CC3)c(C)c3[nH]c4ncc(C)cc4c23)c1,ACVR1,MAP3K11,6.6,5.6,=,=
CC(=O)NCC(=O)N1C2CCC1c1cc(Nc3ncc(C(F)(F)F)c(NC4CCC4)n3)ccc12,ACVR1,MAPK13,6.4,5.2,=,=
CCCS(=O)(=O)Nc1ccc(F)c(C(=O)c2c[nH]c3ncc(Cl)cc23)c1F,ABL2,HIPK3,5.57,5.01,=,=
COc1cc(N2CCC(N3CCN(C)CC3)CC2)ccc1Nc1ncc(Cl)c(Nc2ccccc2S(=O)(=O)C(C)C)n1,ACVR1B,CDC42BPB,7.01,5.32,=,=
COC(=O)c1ccc2c(c1)NC(=O)/C2=C(\Nc1ccc(N(C)C(=O)CN2CCN(C)CC2)cc1)c1ccccc1,ACVR1B,CSNK1E,5.31,6.64,=,=
CC(C)n1nc(-c2cc3cc(O)ccc3[nH]2)c2c(N)ncnc21,ABL1,CLK2,6.82,6.0,=,=
CCOc1cc2ncc(C#N)c(Nc3ccc(F)c(Cl)c3)c2cc1NC(=O)/C=C/CN(C)C,ABL2,CHEK1,6.62,5.72,=,=
CN(C)CC(=O)N1CCC(c2ccc(NC(=O)c3nc(C#N)c[nH]3)c(C3=CCCCC3)c2)CC1.Cl,ACVR1,EPHA6,6.41,5.36,=,=
CC(C)(C)c1nc(-c2cccc(NS(=O)(=O)c3c(F)cccc3F)c2F)c(-c2ccnc(N)n2)s1,ACVR1B,CDK2,6.22,7.72,=,=
CC(C)c1cc(CNc2nc(Nc3cc(C4CC4)[nH]n3)cc(N3CCN(C)CC3)n2)on1,AAK1,AURKB,6.86,8.4,=,=
CN[C@@H]1C[C@H]2O[C@@](C)([C@@H]1OC)n1c3ccccc3c3c4c(c5c6ccccc6n2c5c31)C(=O)NC4,AAK1,STK39,8.92,7.61,=,=
CC(C)(C)c1nc(-c2cccc(NS(=O)(=O)c3c(F)cccc3F)c2F)c(-c2ccnc(N)n2)s1,ABL1,ULK1,5.81,6.73,=,=
C#Cc1cn(C2CCCC2)c2ncnc(N)c12,ABL1,CDK8,6.0,7.2,=,=
C#Cc1cn(C2CCCC2)c2ncnc(N)c12,ACVR1,CDK8,6.1,7.2,=,=
CC(=O)NCC(=O)N1[C@@H]2CC[C@H]1c1ccc(Nc3ncc(C(F)(F)F)c(NC4CCC4)n3)cc12,AAK1,PKN1,8.05,5.53,=,=
COc1cc(Nc2ncc(F)c(Nc3ccc4c(n3)NC(=O)C(C)(C)O4)n2)cc(OC)c1OC,ABL1,CDC7,6.41,8.1,=,=
CCc1c(-c2ccc(C(C)(C)O)cc2)[nH]c2nccnc12,ACVR1,CDC7,7.4,6.7,=,=
CC(C)c1cc(CNc2nc(Nc3cc(C4CC4)[nH]n3)cc(N3CCN(C)CC3)n2)on1,AAK1,EPHA7,6.86,7.77,=,=
CC(C)(C)NC(=O)Nc1ccc2[nH]nc(-c3nc4cc(N5CCC(N6CCCCC6)CC5)ccc4[nH]3)c2c1,ABL1,FGFR1,7.52,9.0,=,=
CC(C)n1nc(-c2cc3cc(O)ccc3[nH]2)c2c(N)ncnc21,ACVR1,DDR2,8.4,5.21,=,=
CN(C)CC(=O)N1CCC(c2ccc(NC(=O)c3nc(C#N)c[nH]3)c(C3=CCCCC3)c2)CC1.Cl,ABL2,PRKD1,5.28,6.38,=,=
CC(Oc1cc(-c2cnn(C3CCNCC3)c2)cnc1N)c1c(Cl)ccc(F)c1Cl,ACVR1,IRAK4,6.35,5.7,=,=
CCN(CC)CCNC(=O)c1c(C)[nH]c(/C=C2\C(=O)Nc3ccc(F)cc32)c1C,AAK1,PKN1,7.96,6.15,=,=
CC(=O)c1cnc2ccc(-c3cc(Cl)c(O)c(Cl)c3)nc2c1N[C@H]1CC[C@H](CN(C)C)CC1,ABL2,BMPR1B,6.73,8.7,=,=
CCN(CC)CCNC(=O)c1c(C)[nH]c(/C=C2\C(=O)Nc3ccc(F)cc32)c1C,ABL2,MERTK,6.0,7.58,=,=
CC(C)C[C@@H](N)C(=O)Nc1ccc(-c2cnco2)c(OC(F)F)c1,AAK1,CLK4,7.92,5.71,=,=
C#Cc1cccc(Nc2ncnc3cc(OCCOC)c(OCCOC)cc23)c1,AAK1,STK10,5.92,7.08,=,=
Cc1cnc(Nc2ccc(OCCN3CCCC3)cc2)nc1Nc1cccc(S(=O)(=O)NC(C)(C)C)c1,AAK1,MAPK6,7.46,5.92,=,=
CC(C)n1nc(-c2cc3cc(O)ccc3[nH]2)c2c(N)ncnc21,ABL2,HIPK2,5.92,6.46,=,=
C#CCO[C@@H]1[C@H](C)[C@@H](COC(=O)c2ccc(S(=O)(=O)F)cc2)O[C@H]1n1nc(-c2ccc(C)cc2)c2c(N)ncnc21,ABL1,FGFR3,6.74,8.8,=,=
CCN(CC)CCNC(=O)c1c(C)[nH]c(/C=C2\C(=O)Nc3ccc(F)cc32)c1C,AAK1,STK3,7.96,7.25,=,=
CCN1CCN(Cc2ccc(Nc3ncc(F)c(-c4cc(F)c5nc(C)n(C(C)C)c5c4)n3)nc2)CC1,AAK1,MAPK10,6.99,6.41,=,=
CC(Oc1cc(-c2cnn(C3CCNCC3)c2)cnc1N)c1c(Cl)ccc(F)c1Cl,ACVR1,RPS6KB1,6.35,5.8,=,=
CCS(=O)(=O)c1cccc(-c2cc(C(=O)NC3CCN(C)CC3)c(C)c3[nH]c4ncc(C)cc4c23)c1,ACVR1,PKN1,6.6,5.53,=,=
CC[C@@](C)(Nc1ccnc(-c2c[nH]c3ncccc23)n1)C(=O)NCC(F)(F)F,ABL2,TYK2,5.15,5.82,=,=
CCN1CCN(Cc2ccc(NC(=O)Nc3ccc(Oc4cc(NC)ncn4)cc3)cc2C(F)(F)F)CC1,ABL1,PRKD1,8.0,5.92,=,=
CC(C)(C)c1ccc2nc(-c3n[nH]c4ccccc34)[nH]c2c1,ABL1,STK3,6.8,6.2,=,=
CNC(=O)c1nn(C)c2c1C(C)(C)Cc1cnc(Nc3ccc(N4CCN(C)CC4)cc3)nc1-2,ABL1,EPHB3,6.12,5.58,=,=
CN[C@@H]1C[C@H]2O[C@@](C)([C@@H]1OC)n1c3ccccc3c3c4c(c5c6ccccc6n2c5c31)C(=O)NC4,AAK1,MAPK14,8.92,6.58,=,=
CCN1CCN(Cc2ccc(NC(=O)Nc3ccc(Oc4cc(NC)ncn4)cc3)cc2C(F)(F)F)CC1,ABL1,MAP3K1,8.0,5.75,=,=
CC(C)n1nc(-c2cc3cc(O)ccc3[nH]2)c2c(N)ncnc21,ABL1,MKNK1,6.82,5.17,=,=
CC1(C)CNc2cc(NC(=O)c3cccnc3NCc3ccncc3)ccc21,ABL1,EPHA6,5.41,6.31,=,=
CC(C)c1cc(CNc2nc(Nc3cc(C4CC4)[nH]n3)cc(N3CCN(C)CC3)n2)on1,ABL2,PHKG2,8.1,5.62,=,=
COc1cc(Nc2ncc(F)c(Nc3ccc4c(n3)NC(=O)C(C)(C)O4)n2)cc(OC)c1OC,ABL2,PIK3CD,6.14,5.38,=,=
CCS(=O)(=O)c1cccc(-c2cc(C(=O)NC3CCN(C)CC3)c(C)c3[nH]c4ncc(C)cc4c23)c1,ABL2,MARK3,6.38,5.62,=,=
CCN(CC)CCNC(=O)c1c(C)[nH]c(/C=C2\C(=O)Nc3ccc(F)cc32)c1C,AAK1,RIPK1,7.96,6.43,=,=
CC(C)n1nc(-c2cc3cc(O)ccc3[nH]2)c2c(N)ncnc21,ABL2,CSNK1G1,5.92,5.41,=,=
CN1C(=O)[C@@H](N2CCc3cn(CC4CCS(=O)(=O)CC4)nc3C2=O)COc2ccccc21,ACVR1,RIPK1,6.0,5.16,=,=
COc1cc(N2CCC(N3CCN(C)CC3)CC2)ccc1Nc1ncnc(Nc2ccccc2S(=O)(=O)C(C)C)n1,AAK1,LIMK2,5.88,5.28,=,=
CN(C)CC(=O)N1CCC(c2ccc(NC(=O)c3nc(C#N)c[nH]3)c(C3=CCCCC3)c2)CC1.Cl,ABL2,STK26,5.28,5.92,=,=
COc1cc(Nc2ncc(F)c(Nc3ccc4c(n3)NC(=O)C(C)(C)O4)n2)cc(OC)c1OC,ABL2,CHUK,6.14,6.92,=,=
CC(C)n1nc(-c2cc3cc(O)ccc3[nH]2)c2c(N)ncnc21,ABL2,DYRK2,5.92,7.23,=,=
CC(C)n1nc(-c2cc3cc(O)ccc3[nH]2)c2c(N)ncnc21,ACVR1,FLT1,8.4,5.92,=,=
C#Cc1cccc(Nc2ncnc3cc(OCCOC)c(OCCOC)cc23)c1,ABL2,CSNK1D,6.7,5.46,=,=
CN[C@@H]1C[C@H]2O[C@@](C)([C@@H]1OC)n1c3ccccc3c3c4c(c5c6ccccc6n2c5c31)C(=O)NC4,ACVR1B,ALK,6.17,8.54,=,=
COc1cc(Nc2c(C#N)cnc3cc(OCCCN4CCN(C)CC4)c(OC)cc23)c(Cl)cc1Cl,ABL2,PAK2,8.82,5.72,=,=
CNC(=O)c1nn(C)c2c1C(C)(C)Cc1cnc(Nc3ccc(N4CCN(C)CC4)cc3)nc1-2,AAK1,EPHB2,5.13,6.12,=,=
C#Cc1cccc(Nc2ncnc3cc(OCCOC)c(OCCOC)cc23)c1,ABL2,ULK3,6.7,6.04,=,=
C#Cc1nc(Nc2ccccc2)nc2[nH]cnc12,ABL1,MET,4.88,4.06,=,=
CCN1CCN(Cc2ccc(NC(=O)Nc3ccc(Oc4cc(NC)ncn4)cc3)cc2C(F)(F)F)CC1,ABL2,CHEK2,8.47,6.44,=,=
CC(C)c1cc(CNc2nc(Nc3cc(C4CC4)[nH]n3)cc(N3CCN(C)CC3)n2)on1,ABL2,BMPR1B,8.1,6.67,=,=
CC(C)n1nc(-c2cc3cc(O)ccc3[nH]2)c2c(N)ncnc21,ABL1,MAP4K4,6.82,5.89,=,=
CCN1CCN(Cc2ccc(NC(=O)Nc3ccc(Oc4cc(NC)ncn4)cc3)cc2C(F)(F)F)CC1,ABL1,CAMKK1,8.0,6.66,=,=
CN[C@@H]1C[C@H]2O[C@@](C)([C@@H]1OC)n1c3ccccc3c3c4c(c5c6ccccc6n2c5c31)C(=O)NC4,ACVR1B,CAMK2G,6.17,9.28,=,=
CN[C@@H]1C[C@H]2O[C@@](C)([C@@H]1OC)n1c3ccccc3c3c4c(c5c6ccccc6n2c5c31)C(=O)NC4,ACVR1,MAPK1,6.33,5.35,=,=
CN(C)CC(=O)N1CCC(c2ccc(NC(=O)c3nc(C#N)c[nH]3)c(C3=CCCCC3)c2)CC1.Cl,ACVR1,NUAK1,6.41,5.64,=,=
CCN1CCN(Cc2ccc(NC(=O)Nc3ccc(Oc4cc(NC)ncn4)cc3)cc2C(F)(F)F)CC1,ABL1,STK39,8.0,5.82,=,=
CC(=O)c1cnc2ccc(-c3cc(Cl)c(O)c(Cl)c3)nc2c1N[C@H]1CC[C@H](CN(C)C)CC1,AAK1,RIPK2,6.76,8.3,=,=
Cc1[nH]c(/C=C2\C(=O)Nc3ccc(F)cc32)c(C)c1C(=O)NC[C@H](O)CN1CCOCC1,AAK1,MAPKAPK5,7.18,5.55,=,=
CCc1c(-c2ccc(C(C)(C)O)cc2)[nH]c2nccnc12,ABL1,AKT1,5.9,5.1,=,=
CC(C)c1cc(CNc2nc(Nc3cc(C4CC4)[nH]n3)cc(N3CCN(C)CC3)n2)on1,ACVR1,PRKD2,8.3,5.86,=,=
CC(C)n1nc(-c2cc3cc(O)ccc3[nH]2)c2c(N)ncnc21,ABL2,ACVR2A,5.92,7.75,=,=
CC#CCn1cc(N(CC2CC2)c2nc(C(N)=O)c(-c3cc(C(=O)N(C)C)c[nH]3)s2)cn1,ACVR1,ACVR2A,7.19,6.17,=,=
CN[C@@H]1C[C@H]2O[C@@](C)([C@@H]1OC)n1c3ccccc3c3c4c(c5c6ccccc6n2c5c31)C(=O)NC4,ACVR1B,CAMKK1,6.17,8.92,=,=
CCN1CCN(Cc2ccc(NC(=O)Nc3ccc(Oc4cc(NC)ncn4)cc3)cc2C(F)(F)F)CC1,ABL2,MAPK11,8.47,6.37,=,=
CCN(CC)CCNC(=O)c1c(C)[nH]c(/C=C2\C(=O)Nc3ccc(F)cc32)c1C,ABL1,RIOK2,6.14,7.31,=,=
CCNC(=O)C#Cc1ccc2c(c1)NC(=O)/C2=C(\Nc1ccc(CN(C)C)cc1)c1ccccc1,ABL2,IKBKE,5.83,6.39,=,=
CCN(CC)CCNC(=O)c1c(C)[nH]c(/C=C2\C(=O)Nc3ccc(F)cc32)c1C,ABL2,PIP4K2B,6.0,7.41,=,=
CC(C)c1cc(CNc2nc(Nc3cc(C4CC4)[nH]n3)cc(N3CCN(C)CC3)n2)on1,ABL2,LIMK1,8.1,5.68,=,=
CCCS(=O)(=O)Nc1ccc(F)c(C(=O)c2c[nH]c3ncc(Cl)cc23)c1F,ABL1,SRMS,5.64,7.68,=,=
CN1CCN(c2ccc3nc(-c4c(N)c5c(F)cccc5[nH]c4=O)[nH]c3c2)CC1,AAK1,GRK1,6.77,5.66,=,=
CC1(C)C(=O)N([C@H]2CCc3c(O)cccc32)c2nc(Nc3ccccc3)ncc21,ACVR1B,AURKB,5.0,6.79,=,=
CC(C)n1nc(-c2cc3cc(O)ccc3[nH]2)c2c(N)ncnc21,ACVR1,CHEK2,8.4,5.54,=,=
CC(C)n1nc(-c2cc3cc(O)ccc3[nH]2)c2c(N)ncnc21,ABL1,RIOK2,6.82,5.04,=,=
CCN(CC)CCNC(=O)c1c(C)[nH]c(/C=C2\C(=O)Nc3ccc(F)cc32)c1C,ABL2,PRKCQ,6.0,5.37,=,=
CCN(CC)CCNC(=O)c1c(C)[nH]c(/C=C2\C(=O)Nc3ccc(F)cc32)c1C,ABL2,TAOK3,6.0,6.68,=,=
CC(C)c1cc(CNc2nc(Nc3cc(C4CC4)[nH]n3)cc(N3CCN(C)CC3)n2)on1,ABL1,PTK2B,7.85,6.93,=,=
CO[C@@H]1[C@H](N(C)C(=O)c2ccccc2)C[C@H]2O[C@]1(C)n1c3ccccc3c3c4c(c5c6ccccc6n2c5c31)C(=O)NC4,AAK1,CDK19,7.32,5.14,=,=
CN(C)CC(=O)N1CCC(c2ccc(NC(=O)c3nc(C#N)c[nH]3)c(C3=CCCCC3)c2)CC1.Cl,ACVR1,LATS1,6.41,5.48,=,=
CC(=O)c1cnc2ccc(-c3cc(Cl)c(O)c(Cl)c3)nc2c1N[C@H]1CC[C@H](CN(C)C)CC1,ACVR1,MELK,6.65,8.96,=,=
CC(=O)NCC(=O)N1C2CCC1c1cc(Nc3ncc(C(F)(F)F)c(NC4CCC4)n3)ccc12,ACVR1,PAK4,6.4,7.0,=,=
C=CC(=O)N1CCC[C@@H](n2nc(-c3ccc(Oc4ccccc4)cc3)c3c(N)ncnc32)C1,ABL2,ERBB2,6.04,8.03,=,=
CN1CCN(c2ccc3nc(-c4c(N)c5c(F)cccc5[nH]c4=O)[nH]c3c2)CC1,AAK1,LRRK2,6.77,6.06,=,=
CNC(=O)c1nn(C)c2c1C(C)(C)Cc1cnc(Nc3ccc(N4CCN(C)CC4)cc3)nc1-2,AAK1,IRAK1,5.13,5.68,=,=
CNC(=O)c1ccccc1Sc1ccc2c(/C=C/c3ccccn3)n[nH]c2c1,ABL2,CAMKK1,6.57,5.85,=,=
CC(=O)NCC(=O)N1[C@@H]2CC[C@H]1c1ccc(Nc3ncc(C(F)(F)F)c(NC4CCC4)n3)cc12,AAK1,PAK4,8.05,5.91,=,=
CC(C)NC(=O)N1C[C@@H](C)N(c2ncc3[nH]nc(-c4ccc(N5CCN[C@H](C)C5)nc4)c3n2)[C@@H](C)C1,ACVR1,FGFR3,6.52,5.9,=,=
CC(=O)NCC(=O)N1[C@@H]2CC[C@H]1c1ccc(Nc3ncc(C(F)(F)F)c(NC4CCC4)n3)cc12,ABL1,WEE1,5.6,6.45,=,=
CC(=O)NCC(=O)N1[C@@H]2CC[C@H]1c1ccc(Nc3ncc(C(F)(F)F)c(NC4CCC4)n3)cc12,ABL1,NUAK2,5.6,7.62,=,=
Cc1ccc(C(=O)Nc2cccc(C(F)(F)F)c2)cc1Nc1nc(-c2cccnc2)nc2c1cnn2C,AAK1,CSNK2B,5.38,6.96,=,=
CCCS(=O)(=O)Nc1ccc(F)c(C(=O)c2c[nH]c3ncc(Cl)cc23)c1F,ABL2,RIOK2,5.57,6.11,=,=
C[C@]12O[C@H](C[C@]1(O)CO)n1c3ccccc3c3c4c(c5c6ccccc6n2c5c31)CNC4=O,ABL1,MAP3K5,6.01,7.16,=,=
CC(=O)c1c(C)c2cnc(Nc3ccc(N4CCNCC4)cn3)nc2n(C2CCCC2)c1=O,AAK1,TAOK3,5.38,4.8,=,=
CC(C)(C)n1nc(-c2ccc(Cl)cc2)c2c(N)ncnc21,ACVR1,PRKACA,7.2,6.3,=,=
CC(C)n1nc(-c2cc3cc(O)ccc3[nH]2)c2c(N)ncnc21,ABL1,RPS6KB1,6.82,5.32,=,=
CCN1CCN(Cc2ccc(NC(=O)Nc3ccc(Oc4cc(NC)ncn4)cc3)cc2C(F)(F)F)CC1,ABL2,EPHA4,8.47,6.4,=,=
CN1CCN(c2ccc3nc(-c4c(N)c5c(F)cccc5[nH]c4=O)[nH]c3c2)CC1,ABL2,RPS6KA6,5.98,5.34,=,=
CC(C)(O)c1cn(-c2ccc3[nH]ncc3c2)nn1,ACVR1,LIMK1,4.1,4.8,=,=
C=CC(=O)Nc1cc2c(Nc3ccc(F)c(Cl)c3)ncnc2cc1OCCCN1CCOCC1,ACVR1,EPHA6,5.77,6.57,=,=
CC(=O)c1cnc2ccc(-c3cc(Cl)c(O)c(Cl)c3)nc2c1N[C@H]1CC[C@H](CN(C)C)CC1,ABL1,PRKCD,6.55,7.1,=,=
C=CCc1cccc2c(=NO)cc(-c3ccccc3)oc12,ACVR1,ALK,5.9,6.6,=,=
C=CC(=O)Nc1cc2c(Nc3ccc(F)c(Cl)c3)ncnc2cc1OCCCN1CCOCC1,ABL1,MAP3K2,6.47,5.42,=,=
COC(=O)c1ccc2c(c1)NC(=O)/C2=C(\Nc1ccc(N(C)C(=O)CN2CCN(C)CC2)cc1)c1ccccc1,AAK1,PAK2,7.2,5.48,=,=
CN(C)CC(=O)N1CCC(c2ccc(NC(=O)c3nc(C#N)c[nH]3)c(C3=CCCCC3)c2)CC1.Cl,AAK1,TEC,6.28,5.7,=,=
CC(C)(C)n1nc(-c2ccc(Cl)cc2)c2c(N)ncnc21,ACVR1,RIPK2,7.2,7.72,=,=
CC(=O)NCC(=O)N1[C@@H]2CC[C@H]1c1ccc(Nc3ncc(C(F)(F)F)c(NC4CCC4)n3)cc12,AAK1,CDK2,8.05,5.75,=,=
CNC(=O)c1cc(Oc2ccc(NC(=O)Nc3cc(C(C)(C)C)nn3-c3ccc4ncccc4c3)c(F)c2)ccn1,ABL2,EIF2AK1,6.87,6.18,=,=
C=CC(=O)Nc1cc2c(Nc3ccc(F)c(Cl)c3)ncnc2cc1OCCCN1CCOCC1,ABL2,KIT,6.06,5.24,=,=
CN[C@@H]1C[C@H]2O[C@@](C)([C@@H]1OC)n1c3ccccc3c3c4c(c5c6ccccc6n2c5c31)C(=O)NC4,ABL2,MARK4,7.46,9.59,=,=
CC(=O)Nc1ccc2c(-c3cnn4cc(-c5ccc(N6CCNCC6)cc5)cnc34)ccnc2c1,ACVR1B,BMPR1B,4.09,5.98,=,=
Nc1nc(Nc2ccc(S(N)(=O)=O)cc2)nn1C(=O)c1c(F)cccc1F,ACVR1,CDK11A,5.37,6.96,=,=
CC(C)(O)c1cn(-c2ccc3[nH]ncc3c2)nn1,ACVR1,GSK3A,4.1,4.9,=,=
C=CS(=O)(=O)N1CCC[C@@H]1Cn1cc(-c2ccc3c(c2)OCO3)c2c(N)ncnc21,ABL1,MAP2K7,6.1,6.72,=,=
COc1cc2c(Oc3ccc(NC(=O)C4(C(=O)Nc5ccc(F)cc5)CC4)cc3F)ccnc2cc1OCCCN1CCOCC1,ABL1,CDK13,7.33,6.68,=,=
CN[C@@H]1C[C@H]2O[C@@](C)([C@@H]1OC)n1c3ccccc3c3c4c(c5c6ccccc6n2c5c31)C(=O)NC4,ABL2,CDC42BPB,7.46,8.32,=,=
CNC(=O)c1cc(Oc2ccc(NC(=O)Nc3ccc(Cl)c(C(F)(F)F)c3)cc2)ccn1,ABL2,MAPK15,5.54,7.34,=,=
CCN(CC)CCNC(=O)c1c(C)[nH]c(/C=C2\C(=O)Nc3ccc(F)cc32)c1C,AAK1,MATK,7.96,5.11,=,=
CN[C@@H]1C[C@H]2O[C@@](C)([C@@H]1OC)n1c3ccccc3c3c4c(c5c6ccccc6n2c5c31)C(=O)NC4,ACVR1,MAPK7,6.33,5.26,=,=
CCN(CC)CCNC(=O)c1c(C)[nH]c(/C=C2\C(=O)Nc3ccc(F)cc32)c1C,AAK1,TSSK1A,7.96,5.2,=,=
CC(=O)NCC(=O)N1[C@@H]2CC[C@H]1c1ccc(Nc3ncc(C(F)(F)F)c(NC4CCC4)n3)cc12,ABL1,BMPR2,5.6,8.1,=,=
CC(=O)NCC(=O)N1C2CCC1c1cc(Nc3ncc(C(F)(F)F)c(NC4CCC4)n3)ccc12,ACVR1,MAP2K1,6.4,7.0,=,=
C[C@@H](Oc1cc(-c2cnn(C3CCNCC3)c2)cnc1N)c1c(Cl)ccc(F)c1Cl,ABL1,CDK11A,7.0,6.38,=,=
C[S+]([O-])c1ccc(-c2nc(-c3ccc(F)cc3)c(-c3ccncc3)[nH]2)cc1,ACVR1B,CIT,5.52,6.38,=,=
CC(C)n1nc(-c2cc3cc(O)ccc3[nH]2)c2c(N)ncnc21,ABL1,ACVR1,6.82,8.4,=,=
CN[C@@H]1C[C@H]2O[C@@](C)([C@@H]1OC)n1c3ccccc3c3c4c(c5c6ccccc6n2c5c31)C(=O)NC4,AAK1,PIK3CA,8.92,6.4,=,=
C=CC(=O)Nc1cc2c(Nc3ccc(F)c(Cl)c3)ncnc2cc1OCCCN1CCOCC1,ABL1,DYRK2,6.47,5.17,=,=
CC(C)n1nc(-c2cc3cc(O)ccc3[nH]2)c2c(N)ncnc21,ABL1,LATS2,6.82,5.4,=,=
CC(=O)NCC(=O)N1[C@@H]2CC[C@H]1c1ccc(Nc3ncc(C(F)(F)F)c(NC4CCC4)n3)cc12,AAK1,TAOK2,8.05,5.69,=,=
C[C@]12O[C@H](C[C@]1(O)CO)n1c3ccccc3c3c4c(c5c6ccccc6n2c5c31)CNC4=O,ACVR1B,CDK9,7.07,6.28,=,=
CC[C@@H]1C(=O)N(C)c2cnc(Nc3ccc(C(=O)NC4CCN(C)CC4)cc3OC)nc2N1C1CCCC1,ABL1,PLK2,5.58,8.46,=,=
CC(C)c1cc(CNc2nc(Nc3cc(C4CC4)[nH]n3)cc(N3CCN(C)CC3)n2)on1,ABL2,MAP4K5,8.1,6.26,=,=
CN(C)CC(=O)N1CCC(c2ccc(NC(=O)c3nc(C#N)c[nH]3)c(C3=CCCCC3)c2)CC1.Cl,AAK1,DDR1,6.28,8.03,=,=
C=CC(=O)Nc1cc2c(Nc3ccc(F)c(Cl)c3)ncnc2cc1OCCCN1CCOCC1,ABL2,EGFR,6.06,9.34,=,=
CCn1cc(-c2ccnc3[nH]c(-c4cccc(CN(C)C)c4)cc23)c(-c2ccc(NC(=O)N(C)C)cc2)n1,ACVR1,SIK2,5.43,6.16,=,=
CN(C)CC(=O)N1CCC(c2ccc(NC(=O)c3nc(C#N)c[nH]3)c(C3=CCCCC3)c2)CC1.Cl,ACVR1,STK17B,6.41,5.12,=,=
CCN(CC)CCNC(=O)c1c(C)[nH]c(/C=C2\C(=O)Nc3ccc(F)cc32)c1C,AAK1,LATS1,7.96,6.2,=,=
CN1CCN(c2ccc3nc(-c4c(N)c5c(F)cccc5[nH]c4=O)[nH]c3c2)CC1,ABL1,TLK2,6.64,5.58,=,=
CCOc1cc2ncc(C#N)c(Nc3ccc(F)c(Cl)c3)c2cc1NC(=O)/C=C/CN(C)C,AAK1,SRC,5.46,6.73,=,=
CC(C)c1cc(CNc2nc(Nc3cc(C4CC4)[nH]n3)cc(N3CCN(C)CC3)n2)on1,ACVR1,IKBKE,8.3,5.86,=,=
CC(C)(C)n1nc(-c2ccc(Cl)cc2)c2c(N)ncnc21,ABL1,CDK8,6.76,6.1,=,=
CC(=O)NCC(=O)N1C2CCC1c1cc(Nc3ncc(C(F)(F)F)c(NC4CCC4)n3)ccc12,ABL1,CSNK2A1,6.6,5.8,=,=
CC(=O)NCC(=O)N1[C@@H]2CC[C@H]1c1ccc(Nc3ncc(C(F)(F)F)c(NC4CCC4)n3)cc12,AAK1,IRAK4,8.05,5.69,=,=
CCS(=O)(=O)c1cccc(-c2cc(C(=O)NC3CCN(C)CC3)c(C)c3[nH]c4ncc(C)cc4c23)c1,ABL2,RPS6KA1,6.38,5.47,=,=
C=CC(=O)Nc1cc2c(Nc3ccc(F)c(Cl)c3)ncnc2cc1OCCCN1CCOCC1,ABL2,ERBB2,6.06,7.52,=,=
C=CC(=O)N1CCC[C@@H](n2nc(-c3ccc(Oc4ccccc4)cc3)c3c(N)ncnc32)C1,ABL2,JAK3,6.04,7.67,=,=
C#Cc1cccc(Nc2ncnc3cc(OCCOC)c(OCCOC)cc23)c1,AAK1,ABL2,5.92,6.7,=,=
CC(=O)NCC(=O)N1C2CCC1c1cc(Nc3ncc(C(F)(F)F)c(NC4CCC4)n3)ccc12,ABL1,PLK4,6.6,8.2,=,=
COc1cc(Nc2ncc(F)c(Nc3ccc4c(n3)NC(=O)C(C)(C)O4)n2)cc(OC)c1OC,ACVR1,MARK1,5.32,6.57,=,=
CCn1cc(-c2ccc3c(c2)CCN3C(=O)Cc2cccc(OC(F)(F)F)c2)c2c(N)ncnc21,ABL2,RIPK1,6.51,8.16,=,=
CC(C)n1nc(-c2cc3cc(O)ccc3[nH]2)c2c(N)ncnc21,ACVR1,CSNK1G2,8.4,5.52,=,=
CC1(C)CNc2cc(NC(=O)c3cccnc3NCc3ccncc3)ccc21,ABL2,TNNI3K,5.35,6.66,=,=
C=Cc1ccc(-c2cccc3nnc(N)n23)cc1,ABL1,CSF1R,4.4,5.2,=,=
C=CC(=O)Nc1cc2c(Nc3ccc(F)c(Cl)c3)ncnc2cc1OCCCN1CCOCC1,ABL2,STK17A,6.06,5.42,=,=
CC(C)n1nc(-c2cc3cc(O)ccc3[nH]2)c2c(N)ncnc21,ACVR1B,ALK,7.24,5.96,=,=
CC(=O)c1cnc2ccc(-c3cc(Cl)c(O)c(Cl)c3)nc2c1N[C@H]1CC[C@H](CN(C)C)CC1,ACVR1,MAP3K11,6.65,7.28,=,=
CCn1cc(-c2ccnc3[nH]c(-c4cccc(CN(C)C)c4)cc23)c(-c2ccc(NC(=O)N(C)C)cc2)n1,ACVR1,FLT4,5.43,7.13,=,=
CC(=O)c1cnc2ccc(-c3cc(Cl)c(O)c(Cl)c3)nc2c1N[C@H]1CC[C@H](CN(C)C)CC1,ABL1,MAP4K4,6.55,7.06,=,=
CC(C)(C)NS(=O)(=O)c1cncc(-c2ccn3nc(N)nc3c2)c1,AAK1,PIK3CB,5.23,6.31,=,=
CCN(CC)CCNC(=O)c1c(C)[nH]c(/C=C2\C(=O)Nc3ccc(F)cc32)c1C,AAK1,TTK,7.96,7.2,=,=
CCOc1cc2ncc(C#N)c(Nc3ccc(F)c(Cl)c3)c2cc1NC(=O)/C=C/CN(C)C,ABL2,STK24,6.62,5.68,=,=
CN1CCN(C2CCC(n3cc(-c4ccc(Oc5ccccc5)cc4)c4c(N)ncnc43)CC2)CC1,ABL1,AKT3,8.4,5.1,=,=
CC(C)S(=O)(=O)n1c(N)nc2ccc(-c3c(-c4ccc(F)cc4)nc4sccn34)cc21,ABL1,MAPK1,6.3,5.1,=,=
O=C(Nc1c[nH]nc1-c1nc2ccc(CN3CCOCC3)cc2[nH]1)NC1CC1,ABL2,GRK6,5.97,4.87,=,=
CC(=O)NCC(=O)N1[C@@H]2CC[C@H]1c1ccc(Nc3ncc(C(F)(F)F)c(NC4CCC4)n3)cc12,AAK1,TEC,8.05,5.63,=,=
CN[C@@H]1C[C@H]2O[C@@](C)([C@@H]1OC)n1c3ccccc3c3c4c(c5c6ccccc6n2c5c31)C(=O)NC4,AAK1,MAPKAPK5,8.92,6.58,=,=
CCN(CC)CCNC(=O)c1c(C)[nH]c(/C=C2\C(=O)Nc3ccc(F)cc32)c1C,AAK1,IRAK4,7.96,6.38,=,=
C1=N/C2=N/c3ccc(OCCN4CCCC4)c(c3)COC/C=C/COCc3cccc(c3)C(=C1)N2,ACVR1,CSNK2A2,7.66,6.41,=,=
CC(=O)NCC(=O)N1[C@@H]2CC[C@H]1c1ccc(Nc3ncc(C(F)(F)F)c(NC4CCC4)n3)cc12,AAK1,CHEK1,8.05,6.38,=,=
CN(C)CC(=O)N1CCC(c2ccc(NC(=O)c3nc(C#N)c[nH]3)c(C3=CCCCC3)c2)CC1.Cl,ACVR1,TEC,6.41,5.7,=,=
COC(=O)c1ccc2c(c1)NC(=O)/C2=C(\Nc1ccc(N(C)C(=O)CN2CCN(C)CC2)cc1)c1ccccc1,ACVR1,RPS6KA5,6.04,6.7,=,=
CCc1c(-c2ccc(C(C)(C)O)cc2)[nH]c2nccnc12,ACVR1,CAMK2G,7.4,5.2,=,=
CC(C)n1nc(-c2cc3cc(O)ccc3[nH]2)c2c(N)ncnc21,ABL2,SIK1,5.92,6.5,=,=
CCN(CC)CCNC(=O)C=Cc1cnc(N)c2c(-c3ccc(NC(=O)Nc4cccc(C)c4)cc3)csc12,ABL1,PRKCI,8.6,5.7,=,=
CC1CN(c2ccncc2NC(=O)c2ccnn3cc(-c4ccccc4)nc23)CCO1,AAK1,CDK2,6.7,5.85,=,=
COC(=O)c1ccc2c(c1)NC(=O)/C2=C(\Nc1ccc(N(C)C(=O)CN2CCN(C)CC2)cc1)c1ccccc1,AAK1,EPHB1,7.2,6.26,=,=
Cc1ccc(C(=O)Nc2cccc(C(F)(F)F)c2)cc1Nc1nc(-c2cccnc2)nc2c1cnn2C,AAK1,PKMYT1,5.38,8.14,=,=
CC(C)n1nc(-c2cc3cc(O)ccc3[nH]2)c2c(N)ncnc21,ACVR1B,CLK1,7.24,6.04,=,=
Cc1ccc(C(=O)Nc2cccc(C(F)(F)F)c2)cc1Nc1nc(-c2cccnc2)nc2c1cnn2C,ABL2,AKT1,6.46,4.52,=,=
COC(=O)c1ccc2c(c1)NC(=O)/C2=C(\Nc1ccc(N(C)C(=O)CN2CCN(C)CC2)cc1)c1ccccc1,AAK1,ULK2,7.2,6.42,=,=
CC(C)(C)c1ccc2nc(-c3n[nH]c4ccccc34)[nH]c2c1,ABL1,PAK4,6.8,5.8,=,=
CC(C)n1nc(-c2cc3cc(O)ccc3[nH]2)c2c(N)ncnc21,ABL1,CAMK1D,6.82,5.82,=,=
Cc1cn(-c2cc(NC(=O)c3ccc(C)c(Nc4nccc(-c5cccnc5)n4)c3)cc(C(F)(F)F)c2)cn1,ABL2,ILK,7.06,7.7,=,=
CCN1CCN(Cc2ccc(Nc3ncc(F)c(-c4cc(F)c5nc(C)n(C(C)C)c5c4)n3)nc2)CC1,AAK1,GSK3B,6.99,7.54,=,=
CN(C)C[C@@H]1CCn2cc(c3ccccc32)C2=C(C(=O)NC2=O)c2cn(c3ccccc23)CCO1,AAK1,AKT2,6.05,5.06,=,=
CC(C)n1nc(-c2cc3cc(O)ccc3[nH]2)c2c(N)ncnc21,ACVR1,ACVR2A,8.4,7.75,=,=
CCOc1cc2ncc(C#N)c(Nc3ccc(F)c(Cl)c3)c2cc1NC(=O)/C=C/CN(C)C,AAK1,EPHA5,5.46,6.15,=,=
CCN(CC)CCNC(=O)c1c(C)[nH]c(/C=C2\C(=O)Nc3ccc(F)cc32)c1C,ABL2,CSF1R,6.0,6.95,=,=
CCN1CCN(Cc2ccc(NC(=O)Nc3ccc(Oc4cc(NC)ncn4)cc3)cc2C(F)(F)F)CC1,ABL1,DYRK2,8.0,6.68,=,=
CC(C)n1nc(-c2cc3cc(O)ccc3[nH]2)c2c(N)ncnc21,ABL1,MAP3K1,6.82,5.6,=,=
CCN(CC)CCNC(=O)c1c(C)[nH]c(/C=C2\C(=O)Nc3ccc(F)cc32)c1C,AAK1,CSNK2A1,7.96,7.09,=,=
CCN1CCN(Cc2ccc(NC(=O)Nc3ccc(Oc4cc(NC)ncn4)cc3)cc2C(F)(F)F)CC1,ABL2,GSK3A,8.47,5.07,=,=
C1=N/C2=N/c3ccc(OCCN4CCCC4)c(c3)COC/C=C/COCc3cccc(c3)C(=C1)N2,ACVR1,GSK3A,7.66,5.29,=,=
CN(C)CC(=O)N1CCC(c2ccc(NC(=O)c3nc(C#N)c[nH]3)c(C3=CCCCC3)c2)CC1.Cl,ACVR1B,CLK4,8.0,5.89,=,=
CC(=O)NCC(=O)N1C2CCC1c1cc(Nc3ncc(C(F)(F)F)c(NC4CCC4)n3)ccc12,ACVR1,LRRK2,6.4,9.2,=,=
CC(C)n1nc(-c2cc3cc(O)ccc3[nH]2)c2c(N)ncnc21,ACVR1,MINK1,8.4,6.75,=,=
CC(C)n1nc(-c2cc3cc(O)ccc3[nH]2)c2c(N)ncnc21,ABL1,PRKG2,6.82,6.28,=,=
CC(C)(C)c1ccc2nc(-c3n[nH]c4ccccc34)[nH]c2c1,ABL1,CAMK2D,6.8,5.3,=,=
CCN(CC)CCNC(=O)c1c(C)[nH]c(/C=C2\C(=O)Nc3ccc(F)cc32)c1C,AAK1,MAPK7,7.96,5.0,=,=
CC(C)(C)c1ccc2nc(-c3n[nH]c4ccccc34)[nH]c2c1,ABL1,GSK3B,6.8,5.9,=,=
C=CC(=O)Nc1cc2c(Nc3ccc(F)c(Cl)c3)ncnc2cc1OCCCN1CCOCC1,ACVR1,RPS6KA1,5.77,5.21,=,=
CC(=O)c1cnc2ccc(-c3cc(Cl)c(O)c(Cl)c3)nc2c1N[C@H]1CC[C@H](CN(C)C)CC1,ABL1,ERN1,6.55,7.09,=,=
C=CC(=O)Nc1cc2c(Nc3ccc(F)c(Cl)c3)ncnc2cc1OCCCN1CCOCC1,ABL1,ACVR1,6.47,5.77,=,=
CC(C)(C)n1nc(-c2ccc(Cl)cc2)c2c(N)ncnc21,ACVR1,DAPK3,7.2,5.4,=,=
CCc1c(-c2ccc(C(C)(C)O)cc2)[nH]c2nccnc12,ACVR1,CDK1,7.4,5.7,=,=
CCN(CC)CCNC(=O)c1c(C)[nH]c(/C=C2\C(=O)Nc3ccc(F)cc32)c1C,AAK1,LYN,7.96,6.42,=,=
CCC(N)(C#Cc1cnc(N)c2c(-c3ccc(NC(=O)Nc4cccc(C)c4)cc3)csc12)CC,ABL1,CAMK1,6.3,5.6,=,=
C=CC(=O)N[C@H]1CC[C@@H](n2nc(-c3ccc(Oc4ccccc4)cc3)c3c(N)ncnc32)CC1,ABL1,TEC,7.49,6.97,=,=
Cc1cc(Nc2cc(N3CCN(C)CC3)nc(Sc3ccc(NC(=O)C4CC4)cc3)n2)n[nH]1,AAK1,MAPKAPK2,6.54,5.42,=,=
COc1cc2c(Nc3ccc(Cl)c(Cl)c3F)ncnc2cc1OC[C@@H]1C[C@@H]2CN(C)C[C@@H]2C1,ABL1,MAPKAPK3,6.04,8.7,=,=
CCN(CC)CCCNC(=O)c1cnc(N)c2c(-c3ccc(NC(=O)Nc4cccc(C)c4)cc3)csc12,ACVR1,PRKX,7.3,5.5,=,=
CC(C)n1nc(-c2cc3cc(O)ccc3[nH]2)c2c(N)ncnc21,ACVR1,RPS6KA1,8.4,5.68,=,=
CC(C)c1cc(CNc2nc(Nc3cc(C4CC4)[nH]n3)cc(N3CCN(C)CC3)n2)on1,ABL2,CDK7,8.1,5.84,=,=
COc1cc(N2CCC(N3CCN(C)CC3)CC2)ccc1Nc1ncc(Cl)c(Nc2ccccc2S(=O)(=O)C(C)C)n1,ACVR1,BMX,7.77,5.88,=,=
C1=N/C2=N/c3ccc(OCCN4CCCC4)c(c3)COC/C=C/COCc3cccc(c3)C(=C1)N2,AAK1,LIMK2,7.38,4.28,=,=
CCN1CCN(Cc2ccc(NC(=O)Nc3ccc(Oc4cc(NC)ncn4)cc3)cc2C(F)(F)F)CC1,ABL2,CAMK1D,8.47,5.36,=,=
CC(C)c1cc(CNc2nc(Nc3cc(C4CC4)[nH]n3)cc(N3CCN(C)CC3)n2)on1,AAK1,MAP2K2,6.86,5.38,=,=
CO[C@@H]1[C@H](N(C)CCOCCOCCOCCNC(=O)CCC2=[N+]3C(=Cc4c(C)cc(C)n4[B-]3(F)F)C=C2)C[C@H]2O[C@]1(C)n1c3ccccc3c3c4c(c5c6ccccc6n2c5c31)C(=O)NC4,AAK1,AKT3,8.3,6.27,=,=
Cc1ccc(C(=O)Nc2cccc(C(F)(F)F)c2)cc1Nc1nc(-c2cccnc2)nc2c1cnn2C,ABL1,PIP4K2A,6.04,7.02,=,=
CC(=O)NCC(=O)N1C2CCC1c1cc(Nc3ncc(C(F)(F)F)c(NC4CCC4)n3)ccc12,ABL1,MAPK13,6.6,5.2,=,=
CCN1CCN(Cc2ccc(NC(=O)Nc3ccc(Oc4cc(NC)ncn4)cc3)cc2C(F)(F)F)CC1,ABL2,JAK1,8.47,7.13,=,=
COc1cc(N2CCC(N3CCN(C)CC3)CC2)ccc1Nc1ncc(Cl)c(Nc2ccccc2S(=O)(=O)C(C)C)n1,ACVR1,EPHB3,7.77,5.72,=,=
CN[C@@H]1C[C@H]2O[C@@](C)([C@@H]1OC)n1c3ccccc3c3c4c(c5c6ccccc6n2c5c31)C(=O)NC4,AAK1,LIMK2,8.92,6.99,=,=
C#Cc1cccc(Nc2ncnc3cc(OCCOC)c(OCCOC)cc23)c1,AAK1,TYRO3,5.92,5.41,=,=
CN[C@@H]1C[C@H]2O[C@@](C)([C@@H]1OC)n1c3ccccc3c3c4c(c5c6ccccc6n2c5c31)C(=O)NC4,ABL1,MAPKAPK3,7.04,5.54,=,=
CC(C)n1nc(-c2cc3cc(O)ccc3[nH]2)c2c(N)ncnc21,ABL1,MAP2K4,6.82,6.09,=,=
CN1CCN(c2ccc3nc(-c4c(N)c5c(F)cccc5[nH]c4=O)[nH]c3c2)CC1,ABL2,PKN1,5.98,6.75,=,=
CCc1nc(C(N)=O)c(Nc2ccc(N3CCC(N4CCN(C)CC4)CC3)c(OC)c2)nc1NC1CCOCC1,ACVR1,STK26,7.41,5.94,=,=
CC(C)c1cc(CNc2nc(Nc3cc(C4CC4)[nH]n3)cc(N3CCN(C)CC3)n2)on1,ABL2,TEC,8.1,7.35,=,=
CC(=O)NCC(=O)N1C2CCC1c1cc(Nc3ncc(C(F)(F)F)c(NC4CCC4)n3)ccc12,ACVR1,JAK3,6.4,7.6,=,=
C#Cc1cccc(Nc2ncnc3cc(OCCOC)c(OCCOC)cc23)c1,ABL2,FGR,6.7,5.96,=,=
C=CC(=O)N1CCC[C@H]1C(=O)Nc1cc2c(Nc3cccc(Cl)c3F)ncnc2cc1OCCOC,ABL1,RAF1,6.3,5.0,=,=
CCOc1cc2ncc(C#N)c(Nc3ccc(F)c(Cl)c3)c2cc1NC(=O)/C=C/CN(C)C,ABL2,WEE1,6.62,6.11,=,=
CC(C)n1nc(-c2cc3cc(O)ccc3[nH]2)c2c(N)ncnc21,AAK1,CAMK2A,5.8,5.25,=,=
CN[C@@H]1C[C@H]2O[C@@](C)([C@@H]1OC)n1c3ccccc3c3c4c(c5c6ccccc6n2c5c31)C(=O)NC4,ABL1,MAPK3,7.04,5.18,=,=
CCS(=O)(=O)N1CCN(c2ccc(Nc3ncc(C(N)=O)c(NC4CC4)n3)cc2)CC1.Cl,AAK1,BUB1,9.0,6.36,=,=
Cc1ccc(C(=O)Nc2cccc(C(F)(F)F)c2)cc1Nc1nc(-c2cccnc2)nc2nn(C)cc12,ABL2,DCK,6.17,8.51,=,=
CCN(CCO)CCCOc1ccc2c(Nc3cc(CC(=O)Nc4cccc(F)c4)[nH]n3)ncnc2c1,AAK1,MAP3K7,5.52,6.19,=,=
CC(C)n1nc(-c2cc3cc(O)ccc3[nH]2)c2c(N)ncnc21,ABL2,MAP4K2,5.92,7.0,=,=
CCN(CC)CCNC(=O)c1c(C)[nH]c(/C=C2\C(=O)Nc3ccc(F)cc32)c1C,ABL1,MERTK,6.14,7.58,=,=
C#Cc1cccc(Nc2ncnc3cc(OCCOC)c(OCCOC)cc23)c1,ABL2,PIP4K2C,6.7,6.0,=,=
CCN1CCN(Cc2ccc(NC(=O)Nc3ccc(Oc4cc(NC)ncn4)cc3)cc2C(F)(F)F)CC1,ABL2,PRKAA1,8.47,5.85,=,=
C=C(C)c1cnc(-c2cc(Cl)ccc2F)cc1Nc1ncncc1C(=O)NC[C@H](C)O,ACVR1,ACVR1B,4.97,7.37,=,=
CC(C)S(=O)(=O)n1c(N)nc2ccc(-c3c(-c4ccc(F)cc4)nc4sccn34)cc21,ABL1,PIM1,6.3,5.6,=,=
CN(C)CC(=O)N1CCC(c2ccc(NC(=O)c3nc(C#N)c[nH]3)c(C3=CCCCC3)c2)CC1.Cl,ABL2,INSR,5.28,6.48,=,=
CCN(CC)CCNC(=O)c1c(C)[nH]c(/C=C2\C(=O)Nc3ccc(F)cc32)c1C,ABL2,MKNK2,6.0,5.24,=,=
C#Cc1cccc(Nc2ncnc3cc(OCCOC)c(OCCOC)cc23)c1,ABL2,BMP2K,6.7,5.83,=,=
CC(C)n1nc(-c2cc3cc(O)ccc3[nH]2)c2c(N)ncnc21,ABL2,IRAK4,5.92,5.37,=,=
CN[C@@H]1C[C@H]2O[C@@](C)([C@@H]1OC)n1c3ccccc3c3c4c(c5c6ccccc6n2c5c31)C(=O)NC4,ACVR1,AKT2,6.33,7.8,=,=
CN1CCN(c2ccc3nc(-c4c(N)c5c(F)cccc5[nH]c4=O)[nH]c3c2)CC1,ABL2,MYLK4,5.98,7.1,=,=
CC(C)n1nc(-c2cc3cc(O)ccc3[nH]2)c2c(N)ncnc21,ABL1,CAMKK2,6.82,5.42,=,=
CC(=O)c1cnc2ccc(-c3cc(Cl)c(O)c(Cl)c3)nc2c1N[C@H]1CC[C@H](CN(C)C)CC1,ABL2,DYRK1A,6.73,8.3,=,=
CN[C@@H]1C[C@H]2O[C@@](C)([C@@H]1OC)n1c3ccccc3c3c4c(c5c6ccccc6n2c5c31)C(=O)NC4,AAK1,TTK,8.92,7.0,=,=
COC(=O)[C@@]1(O)C[C@H]2O[C@]1(C)n1c3ccccc3c3c4c(c5c6ccccc6n2c5c31)C(=O)NC4,ACVR1B,CDK5,4.82,6.04,=,=
CCN(CC)CCNC(=O)c1c(C)[nH]c(/C=C2\C(=O)Nc3ccc(F)cc32)c1C,ABL1,NUAK2,6.14,6.82,=,=
CCn1cc(-c2ccc3c(c2)CCN3C(=O)Cc2cccc(OC(F)(F)F)c2)c2c(N)ncnc21,ABL2,RIPK3,6.51,5.14,=,=
C#Cc1cccc(Nc2ncnc3cc(OCCOC)c(OCCOC)cc23)c1,ABL1,EPHB1,6.51,5.96,=,=
CN[C@@H]1C[C@H]2O[C@@](C)([C@@H]1OC)n1c3ccccc3c3c4c(c5c6ccccc6n2c5c31)C(=O)NC4,AAK1,PI4KB,8.92,6.34,=,=
CN[C@@H]1C[C@H]2O[C@@](C)([C@@H]1OC)n1c3ccccc3c3c4c(c5c6ccccc6n2c5c31)C(=O)NC4,ACVR1,SRMS,6.33,5.37,=,=
CC(=O)NCC(=O)N1[C@@H]2CC[C@H]1c1ccc(Nc3ncc(C(F)(F)F)c(NC4CCC4)n3)cc12,AAK1,CDK3,8.05,5.81,=,=
CN[C@@H]1C[C@H]2O[C@@](C)([C@@H]1OC)n1c3ccccc3c3c4c(c5c6ccccc6n2c5c31)C(=O)NC4,ACVR1,TLK2,6.33,8.12,=,=
CC1(C)C(=O)N([C@H]2CCc3c(O)cccc32)c2nc(Nc3ccccc3)ncc21,ABL1,ZAP70,5.94,5.0,=,=
C=CC(=O)Nc1cc2c(Nc3ccc(F)c(Cl)c3)ncnc2cc1OCCCN1CCOCC1,ABL1,EPHB2,6.47,5.57,=,=
CN[C@@H]1C[C@H]2O[C@@](C)([C@@H]1OC)n1c3ccccc3c3c4c(c5c6ccccc6n2c5c31)C(=O)NC4,AAK1,RAF1,8.92,6.85,=,=
C[C@]12O[C@H](C[C@]1(O)CO)n1c3ccccc3c3c4c(c5c6ccccc6n2c5c31)CNC4=O,ACVR1,AKT2,7.12,5.68,=,=
CCN(CC)CCNC(=O)c1c(C)[nH]c(/C=C2\C(=O)Nc3ccc(F)cc32)c1C,AAK1,RPS6KA1,7.96,6.54,=,=
CC(C)n1nc(-c2cc3cc(O)ccc3[nH]2)c2c(N)ncnc21,ABL2,CSNK1E,5.92,7.51,=,=
CN1CCN(c2ccc3nc(-c4c(N)c5c(F)cccc5[nH]c4=O)[nH]c3c2)CC1,ACVR1,MYLK4,5.9,7.1,=,=
CNC1CC2OC(C)(C1OC)n1c3ccccc3c3c4c(c5c6ccccc6n2c5c31)C(=O)NC4,ACVR1,PRKCG,7.2,8.5,=,=
CC(=O)NCC(=O)N1C2CCC1c1cc(Nc3ncc(C(F)(F)F)c(NC4CCC4)n3)ccc12,ACVR1,STK3,6.4,7.3,=,=
CCN(CC)CCNC(=O)c1c(C)[nH]c(/C=C2\C(=O)Nc3ccc(F)cc32)c1C,ABL2,GRK1,6.0,6.54,=,=
CCS(=O)(=O)N1CC(CC#N)(n2cc(-c3ncnc4[nH]ccc34)cn2)C1,AAK1,MARK3,8.09,6.98,=,=
CC(C)n1nc(-c2cc3cc(O)ccc3[nH]2)c2c(N)ncnc21,ACVR1,RPS6KB1,8.4,5.32,=,=
CN[C@@H]1C[C@H]2O[C@@](C)([C@@H]1OC)n1c3ccccc3c3c4c(c5c6ccccc6n2c5c31)C(=O)NC4,ACVR1,MYLK4,6.33,7.26,=,=
COc1cc(Nc2ncc([N+](=O)[O-])c(Nc3ccccc3C(N)=O)n2)cc(OC)c1OC,ABL1,CDC7,6.9,8.2,=,=
C#Cc1cn(C2CCCC2)c2ncnc(N)c12,ABL1,DYRK1B,6.0,7.0,=,=
C=CCn1c(=O)c2cnc(Nc3ccc(N4CCN(C)CC4)cc3)nc2n1-c1cccc(C(C)(C)O)n1,ABL1,CSNK1A1,6.5,5.4,=,=
CN(C)CC(=O)N1CCC(c2ccc(NC(=O)c3nc(C#N)c[nH]3)c(C3=CCCCC3)c2)CC1.Cl,AAK1,SRPK1,6.28,5.77,=,=
C[C@]12O[C@H](C[C@]1(O)CO)n1c3ccccc3c3c4c(c5c6ccccc6n2c5c31)CNC4=O,ACVR1,CDK13,7.12,6.0,=,=
CCN(CCO)CCCOc1ccc2c(Nc3cc(CC(=O)Nc4cccc(F)c4)[nH]n3)ncnc2c1,AAK1,FLT3,5.52,6.89,=,=
CN[C@@H]1C[C@H]2O[C@@](C)([C@@H]1OC)n1c3ccccc3c3c4c(c5c6ccccc6n2c5c31)C(=O)NC4,ABL2,MAP3K1,7.46,6.37,=,=
CN[C@@H]1C[C@H]2O[C@@](C)([C@@H]1OC)n1c3ccccc3c3c4c(c5c6ccccc6n2c5c31)C(=O)NC4,ABL2,BMPR1A,7.46,5.43,=,=
C(#Cc1cnc2c(-c3ccnc4ccccc34)cnn2c1)CN1CCNCC1,ACVR1,BMPR1A,7.17,5.12,=,=
CNS(=O)(=O)c1ccccc1Nc1nc(Nc2cc(OC)c(OC)c(OC)c2)ncc1Cl,ACVR1,CAMK2G,6.8,7.4,=,=
CN[C@@H]1CC2OC([C@@H]1OC)n1c3ccccc3c3c4c(c5c6ccccc6n2c5c31)C(=O)NC4,ABL1,MAP3K5,6.79,8.2,=,=
CN(C)CC(=O)N1CCC(c2ccc(NC(=O)c3nc(C#N)c[nH]3)c(C3=CCCCC3)c2)CC1.Cl,AAK1,STK24,6.28,5.68,=,=
CC(C)(O)c1cn(-c2ccc3[nH]ncc3c2)nn1,ACVR1,PRKAA1,4.1,5.2,=,=
CC(=O)NCC(=O)N1C2CCC1c1cc(Nc3ncc(C(F)(F)F)c(NC4CCC4)n3)ccc12,ABL1,CDK5,6.6,7.9,=,=
CN(C)CC(=O)N1CCC(c2ccc(NC(=O)c3nc(C#N)c[nH]3)c(C3=CCCCC3)c2)CC1.Cl,ACVR1,SRPK2,6.41,5.66,=,=
C#Cc1cccc(Nc2ncnc3cc(OC)c(OCCCCCCC(=O)NO)cc23)c1,ABL1,KDR,5.54,6.07,=,=
CC(=O)NCC(=O)N1C2CCC1c1cc(Nc3ncc(C(F)(F)F)c(NC4CCC4)n3)ccc12,ACVR1,NTRK1,6.4,7.0,=,=
CN1CCN(c2ccc3nc(-c4c(N)c5c(F)cccc5[nH]c4=O)[nH]c3c2)CC1,ACVR1,SRPK2,5.9,6.54,=,=
CO[C@@H]1[C@H](N(C)CCOCCOCCOCCNC(=O)CCC2=[N+]3C(=Cc4c(C)cc(C)n4[B-]3(F)F)C=C2)C[C@H]2O[C@]1(C)n1c3ccccc3c3c4c(c5c6ccccc6n2c5c31)C(=O)NC4,AAK1,MAP3K14,8.3,6.35,=,=
CNC(=O)c1cc(Oc2ccc(NC(=O)Nc3cc(C(C)(C)C)nn3-c3ccc4ncccc4c3)c(F)c2)ccn1,ABL2,MAPKAPK2,6.87,5.33,=,=
CC(C)(C)c1cc(NC(=O)Nc2ccc(-c3cn4c(n3)sc3cc(OCCN5CCOCC5)ccc34)cc2)no1,ABL1,EPHA6,6.04,4.98,=,=
CC(C)n1nc(-c2cc3cc(O)ccc3[nH]2)c2c(N)ncnc21,AAK1,ACVR1,5.8,8.4,=,=
CNC(=O)c1ccccc1Sc1ccc2c(/C=C/c3ccccn3)n[nH]c2c1,ABL2,ROS1,6.57,5.5,=,=
O=C(c1ccc(/C=C/c2n[nH]c3ccccc23)cc1)N1CCNCC1,ABL2,NEK4,6.6,5.96,=,=
CC(=O)c1cnc2ccc(-c3cc(Cl)c(O)c(Cl)c3)nc2c1N[C@H]1CC[C@H](CN(C)C)CC1,ABL2,FER,6.73,7.33,=,=
CO[C@@H]1[C@H](N(C)C(=O)c2ccccc2)C[C@H]2O[C@]1(C)n1c3ccccc3c3c4c(c5c6ccccc6n2c5c31)C(=O)NC4,AAK1,MYLK4,7.32,6.19,=,=
CC(=O)NCC(=O)N1C2CCC1c1cc(Nc3ncc(C(F)(F)F)c(NC4CCC4)n3)ccc12,ACVR1,CDK2,6.4,7.8,=,=
CC(C)c1cc(CNc2nc(Nc3cc(C4CC4)[nH]n3)cc(N3CCN(C)CC3)n2)on1,AAK1,EPHB6,6.86,7.58,=,=
CC(=O)NCC(=O)N1[C@@H]2CC[C@H]1c1ccc(Nc3ncc(C(F)(F)F)c(NC4CCC4)n3)cc12,AAK1,ERN1,8.05,5.44,=,=
CC(C)c1cc(CNc2nc(Nc3cc(C4CC4)[nH]n3)cc(N3CCN(C)CC3)n2)on1,ABL1,EIF2AK1,7.85,5.48,=,=
CC(=O)c1cnc2ccc(-c3cc(Cl)c(O)c(Cl)c3)nc2c1N[C@H]1CC[C@H](CN(C)C)CC1,ABL1,GSK3B,6.55,7.1,=,=
CC1(C)C(=O)N([C@H]2CCc3c(O)cccc32)c2nc(Nc3ccccc3)ncc21,ABL1,PRKCI,5.94,5.0,=,=
CC(C)n1nc(-c2cc3cc(O)ccc3[nH]2)c2c(N)ncnc21,ABL1,SIK3,6.82,5.54,=,=
COc1cc2c(Oc3ccc(NC(=O)C4(C(=O)Nc5ccc(F)cc5)CC4)cc3F)ccnc2cc1OCCCN1CCOCC1,ABL2,CHUK,7.42,5.23,=,=
CC(=O)c1cnc2ccc(-c3cc(Cl)c(O)c(Cl)c3)nc2c1N[C@H]1CC[C@H](CN(C)C)CC1,ABL2,MAP3K5,6.73,6.06,=,=
COC(=O)[C@@]1(O)C[C@H]2O[C@]1(C)n1c3ccccc3c3c4c(c5c6ccccc6n2c5c31)C(=O)NC4,ACVR1B,CAMKK2,4.82,5.64,=,=
CCN(CC)CCNC(=O)c1c(C)[nH]c(/C=C2\C(=O)Nc3ccc(F)cc32)c1C,AAK1,ALK,7.96,6.77,=,=
CC(C)n1nc(-c2cc3cc(O)ccc3[nH]2)c2c(N)ncnc21,AAK1,HCK,5.8,6.32,=,=
CCOC(=O)C1=c2sc(=Cc3ccco3)c(=O)n2C(N)=C(C#N)C1c1ccco1,ABL1,PLK1,7.1,5.2,=,=
CCN(CC)CCNC(=O)c1c(C)[nH]c(/C=C2\C(=O)Nc3ccc(F)cc32)c1C,AAK1,MAPK9,7.96,5.62,=,=
CN[C@@H]1C[C@H]2O[C@@](C)([C@@H]1OC)n1c3ccccc3c3c4c(c5c6ccccc6n2c5c31)C(=O)NC4,ABL2,CAMK2D,7.46,9.84,=,=
C1=N/C2=N/c3ccc(OCCN4CCCC4)c(c3)COC/C=C/COCc3cccc(c3)C(=C1)N2,ACVR1,STK10,7.66,5.54,=,=
CN[C@@H]1C[C@H]2O[C@@](C)([C@@H]1OC)n1c3ccccc3c3c4c(c5c6ccccc6n2c5c31)C(=O)NC4,ACVR1,PDK1,6.33,9.29,=,=
CC(C)n1nc(-c2cc3cc(O)ccc3[nH]2)c2c(N)ncnc21,ABL1,PIP5K1C,6.82,7.75,=,=
CCOc1cc2ncc(C#N)c(Nc3ccc(F)c(Cl)c3)c2cc1NC(=O)/C=C/CN(C)C,ABL2,PKMYT1,6.62,5.96,=,=
CC(C)c1cc(CNc2nc(Nc3cc(C4CC4)[nH]n3)cc(N3CCN(C)CC3)n2)on1,ACVR1,PHKG2,8.3,5.62,=,=
CN(C)CC(=O)N1CCC(c2ccc(NC(=O)c3nc(C#N)c[nH]3)c(C3=CCCCC3)c2)CC1.Cl,ACVR1,EPHB1,6.41,5.82,=,=
CCCc1ccc2nccc(NC(=O)Nc3cccc(C(F)(F)F)n3)c2c1,ACVR1,GSK3B,5.7,8.2,=,=
C1=N/C2=N/c3ccc(OCCN4CCCC4)c(c3)COC/C=C/COCc3cccc(c3)C(=C1)N2,AAK1,STK10,7.38,5.54,=,=
CC(=O)c1c(C)c2cnc(Nc3ccc(N4CCNCC4)cn3)nc2n(C2CCCC2)c1=O,AAK1,MAP2K4,5.38,5.9,=,=
CC1(C)C(=O)N([C@H]2CCc3c(O)cccc32)c2nc(Nc3ccccc3)ncc21,ABL1,AKT1,5.94,5.0,=,=
C#Cc1cccc(Nc2ncnc3cc(OCCOC)c(OCCOC)cc23)c1,ABL1,DYRK2,6.51,5.89,=,=
CO[C@@H]1[C@H](N(C)CCOCCOCCOCCNC(=O)CCC2=[N+]3C(=Cc4c(C)cc(C)n4[B-]3(F)F)C=C2)C[C@H]2O[C@]1(C)n1c3ccccc3c3c4c(c5c6ccccc6n2c5c31)C(=O)NC4,ABL2,CDC42BPA,6.02,7.6,=,=
CC(C)c1cc(CNc2nc(Nc3cc(C4CC4)[nH]n3)cc(N3CCN(C)CC3)n2)on1,ABL1,MST1R,7.85,5.63,=,=
CCN(CC)CCNC(=O)c1cccc(-n2nc(C(C)(C)C)cc2NC(=O)Nc2cccc3ccccc23)c1,ACVR1,PRKD3,5.7,6.4,=,=
CN[C@@H]1C[C@H]2O[C@@](C)([C@@H]1OC)n1c3ccccc3c3c4c(c5c6ccccc6n2c5c31)C(=O)NC4,ABL2,PRKCB,7.46,7.96,=,=
CCN(CC)CCNC(=O)c1c(C)[nH]c(/C=C2\C(=O)Nc3ccc(F)cc32)c1C,ABL2,CHEK2,6.0,8.0,=,=
CC(C)c1cc(CNc2nc(Nc3cc(C4CC4)[nH]n3)cc(N3CCN(C)CC3)n2)on1,ACVR1,LIMK1,8.3,5.68,=,=
CCN1CCN(Cc2ccc(Nc3ncc(F)c(-c4cc(F)c5nc(C)n(C(C)C)c5c4)n3)nc2)CC1,AAK1,CAMK2G,6.99,7.52,=,=
CN[C@@H]1C[C@H]2O[C@@](C)([C@@H]1OC)n1c3ccccc3c3c4c(c5c6ccccc6n2c5c31)C(=O)NC4,ACVR1B,CHEK2,6.17,8.04,=,=
CCOc1cc2ncc(C#N)c(Nc3ccc(F)c(Cl)c3)c2cc1NC(=O)/C=C/CN(C)C,ABL2,MARK1,6.62,5.4,=,=
CC(C)n1nc(-c2cc3cc(O)ccc3[nH]2)c2c(N)ncnc21,ACVR1,CSK,8.4,5.7,=,=
C=CC(=O)Nc1cc2c(Nc3ccc(F)c(Cl)c3)ncnc2cc1OCCCN1CCOCC1,ABL1,AURKC,6.47,5.55,=,=
CC(C)c1cc(CNc2nc(Nc3cc(C4CC4)[nH]n3)cc(N3CCN(C)CC3)n2)on1,ABL1,CSNK2A2,7.85,5.61,=,=
CO[C@@H]1[C@H](N(C)CCOCCOCCOCCNC(=O)CCC2=[N+]3C(=Cc4c(C)cc(C)n4[B-]3(F)F)C=C2)C[C@H]2O[C@]1(C)n1c3ccccc3c3c4c(c5c6ccccc6n2c5c31)C(=O)NC4,AAK1,BMX,8.3,6.08,=,=
C#Cc1cccc(Nc2ncnc3cc(OCCOC)c(OCCOC)cc23)c1,ABL2,PRKD2,6.7,5.6,=,=
CC(C)c1cc(CNc2nc(Nc3cc(C4CC4)[nH]n3)cc(N3CCN(C)CC3)n2)on1,ACVR1,IRAK3,8.3,7.1,=,=
CC(C)n1nc(-c2cc3cc(O)ccc3[nH]2)c2c(N)ncnc21,ACVR1,ULK2,8.4,5.31,=,=
CC(=O)NCC(=O)N1[C@@H]2CC[C@H]1c1ccc(Nc3ncc(C(F)(F)F)c(NC4CCC4)n3)cc12,ABL1,TNIK,5.6,6.13,=,=
CC(C)n1nc(-c2cc3cc(O)ccc3[nH]2)c2c(N)ncnc21,ACVR1,SIK2,8.4,6.28,=,=
CCc1c(-c2ccc(C(C)(C)O)cc2)[nH]c2nccnc12,ACVR1,EPHA2,7.4,5.6,=,=
CC(=O)NCC(=O)N1[C@@H]2CC[C@H]1c1ccc(Nc3ncc(C(F)(F)F)c(NC4CCC4)n3)cc12,ABL1,PTK2B,5.6,6.57,=,=
CCN(CC)CCNC(=O)c1c(C)[nH]c(/C=C2\C(=O)Nc3ccc(F)cc32)c1C,AAK1,PTK2B,7.96,7.09,=,=
CN[C@@H]1C[C@H]2O[C@@](C)([C@@H]1OC)n1c3ccccc3c3c4c(c5c6ccccc6n2c5c31)C(=O)NC4,ABL2,MAPK13,7.46,6.84,=,=
C=CC(=O)Nc1cc2c(Nc3ccc(F)c(Cl)c3)ncnc2cc1OCCCN1CCOCC1,ABL1,GAK,6.47,7.0,=,=
CN1CCN(c2ccc3nc(-c4c(N)c5c(F)cccc5[nH]c4=O)[nH]c3c2)CC1,AAK1,CDK3,6.77,5.83,=,=
CN1CCN(c2ccc3nc(-c4c(N)c5c(F)cccc5[nH]c4=O)[nH]c3c2)CC1,AAK1,FGFR4,6.77,5.37,=,=
CCS(=O)(=O)c1cccc(-c2cc(C(=O)NC3CCN(C)CC3)c(C)c3[nH]c4ncc(C)cc4c23)c1,ACVR1,RPS6KA4,6.6,5.52,=,=
CC(C)c1cc(CNc2nc(Nc3cc(C4CC4)[nH]n3)cc(N3CCN(C)CC3)n2)on1,ACVR1,BTK,8.3,4.8,=,=
CCN(CC)CCNC(=O)c1c(C)[nH]c(/C=C2\C(=O)Nc3ccc(F)cc32)c1C,ABL2,NTRK3,6.0,5.29,=,=
CC(C)c1cc(CNc2nc(Nc3cc(C4CC4)[nH]n3)cc(N3CCN(C)CC3)n2)on1,ABL2,LCK,8.1,6.78,=,=
C#Cc1cccc(Nc2ncnc3cc(OCCOC)c(OCCOC)cc23)c1,ABL2,SYK,6.7,5.8,=,=
CN[C@@H]1C[C@H]2O[C@@](C)([C@@H]1OC)n1c3ccccc3c3c4c(c5c6ccccc6n2c5c31)C(=O)NC4,AAK1,PLK3,8.92,6.35,=,=
CCN(CC)CCNC(=O)c1c(C)[nH]c(/C=C2\C(=O)Nc3ccc(F)cc32)c1C,ABL2,CSNK1E,6.0,7.89,=,=
CN1CC[C@H](c2c(O)cc(O)c3c(=O)cc(-c4ccccc4Cl)oc23)[C@H](O)C1,AAK1,CDK19,5.28,7.24,=,=
CN[C@@H]1C[C@H]2O[C@@](C)([C@@H]1OC)n1c3ccccc3c3c4c(c5c6ccccc6n2c5c31)C(=O)NC4,AAK1,ACVRL1,8.92,6.07,=,=
C[C@]12O[C@H](C[C@]1(O)CO)n1c3ccccc3c3c4c(c5c6ccccc6n2c5c31)CNC4=O,ACVR1,MAPKAPK5,7.12,6.03,=,=
CCN(CC)CCNC(=O)c1c(C)[nH]c(/C=C2\C(=O)Nc3ccc(F)cc32)c1C,ABL2,PHKG2,6.0,7.82,=,=
C#Cc1cccc(Nc2ncnc3cc(OCCOC)c(OCCOC)cc23)c1,ABL2,MKNK1,6.7,6.16,=,=
CC(C)n1nc(-c2cc3cc(O)ccc3[nH]2)c2c(N)ncnc21,ACVR1,PLK2,8.4,5.85,=,=
CN[C@@H]1C[C@H]2O[C@@](C)([C@@H]1OC)n1c3ccccc3c3c4c(c5c6ccccc6n2c5c31)C(=O)NC4,ABL2,NEK2,7.46,6.13,=,=
CC1(C)C(=O)N([C@H]2CCc3c(O)cccc32)c2nc(Nc3ccccc3)ncc21,ABL1,MAP2K6,5.94,5.0,=,=
CC(C)n1nc(-c2cc3cc(O)ccc3[nH]2)c2c(N)ncnc21,ACVR1,FRK,8.4,6.24,=,=
COc1cc(Nc2ncc(F)c(Nc3ccc4c(n3)NC(=O)C(C)(C)O4)n2)cc(OC)c1OC,AAK1,DYRK4,6.39,5.8,=,=
C=CC(=O)Nc1cc2c(Nc3ccc(F)c(Cl)c3)ncnc2cc1OCCCN1CCOCC1,ABL2,MAP3K7,6.06,5.48,=,=
C#Cc1cccc(Nc2ncnc3ccc(OCc4ccc(C(=O)Nc5ccccc5N)cc4)cc23)c1,ABL1,ERBB2,5.16,7.18,=,=
CC(=O)NCC(=O)N1C2CCC1c1cc(Nc3ncc(C(F)(F)F)c(NC4CCC4)n3)ccc12,ABL1,PRKD2,6.6,7.2,=,=
CC(C)(C)c1nc(-c2cccc(NS(=O)(=O)c3c(F)cccc3F)c2F)c(-c2ccnc(N)n2)s1,ABL1,RAF1,5.81,8.3,=,=
CCCS(=O)(=O)Nc1ccc(F)c(C(=O)c2c[nH]c3ncc(Cl)cc23)c1F,ABL2,SIK1,5.57,6.28,=,=
CN[C@@H]1C[C@H]2O[C@@](C)([C@@H]1OC)n1c3ccccc3c3c4c(c5c6ccccc6n2c5c31)C(=O)NC4,ABL1,ACVR2A,7.04,5.05,=,=
CC(C)n1nc(-c2cc3cc(O)ccc3[nH]2)c2c(N)ncnc21,ACVR1B,CDK4,7.24,5.11,=,=
CN[C@@H]1C[C@H]2O[C@@](C)([C@@H]1OC)n1c3ccccc3c3c4c(c5c6ccccc6n2c5c31)C(=O)NC4,ABL2,BRSK1,7.46,8.93,=,=
CC(C)c1cc(CNc2nc(Nc3cc(C4CC4)[nH]n3)cc(N3CCN(C)CC3)n2)on1,ABL2,LYN,8.1,5.88,=,=
CN[C@@H]1C[C@H]2O[C@@](C)([C@@H]1OC)n1c3ccccc3c3c4c(c5c6ccccc6n2c5c31)C(=O)NC4,AAK1,ERBB2,8.92,7.14,=,=
CC(=O)NCC(=O)N1C2CCC1c1cc(Nc3ncc(C(F)(F)F)c(NC4CCC4)n3)ccc12,ACVR1,ROS1,6.4,7.5,=,=
CC(C)n1nc(-c2cc3cc(O)ccc3[nH]2)c2c(N)ncnc21,ABL2,RPS6KA4,5.92,7.19,=,=
C=CC(=O)Nc1cc2c(Nc3ccc(F)c(Cl)c3)ncnc2cc1OCCCN1CCOCC1,ABL2,IRAK3,6.06,5.52,=,=
CN(C)CCN1CCN(C(=O)c2cc(C(C)(C)C)sc2NC(=O)Nc2cccc(Cl)c2Cl)CCC1=O,ACVR1B,CAMK2B,4.46,5.57,=,=
C1=N/C2=N/c3ccc(OCCN4CCCC4)c(c3)COC/C=C/COCc3cccc(c3)C(=C1)N2,ACVR1,MAPK8,7.66,5.71,=,=
CN(C)CC(=O)N1CCC(c2ccc(NC(=O)c3nc(C#N)c[nH]3)c(C3=CCCCC3)c2)CC1.Cl,ABL2,RPS6KA3,5.28,6.36,=,=
CC(=O)NCC(=O)N1C2CCC1c1cc(Nc3ncc(C(F)(F)F)c(NC4CCC4)n3)ccc12,ABL1,CSNK1G1,6.6,5.4,=,=
COc1cc(N2CCC(N3CCN(C)CC3)CC2)ccc1Nc1ncc(Cl)c(Nc2ccccc2S(=O)(=O)C(C)C)n1,ACVR1,MATK,7.77,5.55,=,=
C#Cc1cccc(Nc2ncnc3cc(OCCOC)c(OCCOC)cc23)c1,ABL1,TBK1,6.51,5.51,=,=
COc1cc(N2CCC(N3CCN(C)CC3)CC2)ccc1Nc1ncc(Cl)c(Nc2ccccc2S(=O)(=O)C(C)C)n1,ACVR1,MAP3K1,7.77,5.37,=,=
CN(C)CC(=O)N1CCC(c2ccc(NC(=O)c3nc(C#N)c[nH]3)c(C3=CCCCC3)c2)CC1.Cl,ABL2,IGF1R,5.28,5.96,=,=
CC(C)c1cc(CNc2nc(Nc3cc(C4CC4)[nH]n3)cc(N3CCN(C)CC3)n2)on1,ABL2,DDR1,8.1,6.66,=,=
Cc1ccc(C(=O)Nc2cccc(C(F)(F)F)c2)cc1Nc1nc(-c2cccnc2)nc2nn(C)cc12,ABL1,ADK,6.14,7.84,=,=
CC(C)c1cc(CNc2nc(Nc3cc(C4CC4)[nH]n3)cc(N3CCN(C)CC3)n2)on1,ACVR1,MAP4K3,8.3,6.28,=,=
C1=N/C2=N/c3ccc(OCCN4CCCC4)c(c3)COC/C=C/COCc3cccc(c3)C(=C1)N2,AAK1,MAP4K4,7.38,6.53,=,=
CCN(CC)CCNC(=O)c1c(C)[nH]c(/C=C2\C(=O)Nc3ccc(F)cc32)c1C,AAK1,DDR1,7.96,5.7,=,=
C(#Cc1cnc2c(-c3ccnc4ccccc34)cnn2c1)CN1CCNCC1,ACVR1,ACVRL1,7.17,6.47,=,=
CN1CC[C@H](c2c(O)cc(O)c3c(=O)cc(-c4ccccc4Cl)oc23)[C@H](O)C1,ACVR1,EIF2AK1,5.72,6.65,=,=
CNC1CC2OC(C)(C1OC)n1c3ccccc3c3c4c(c5c6ccccc6n2c5c31)C(=O)NC4,ACVR1,AKT2,7.2,8.0,=,=
C1=N/C2=N/c3ccc(OCCN4CCCC4)c(c3)COC/C=C/COCc3cccc(c3)C(=C1)N2,ACVR1,TAOK2,7.66,5.47,=,=
C[C@]12O[C@H](C[C@]1(O)CO)n1c3ccccc3c3c4c(c5c6ccccc6n2c5c31)CNC4=O,ABL2,CDK6,5.19,5.75,=,=
CC[C@@](C)(Nc1ccnc(-c2c[nH]c3ncccc23)n1)C(=O)NCC(F)(F)F,ABL1,CDC42BPB,6.08,6.94,=,=
C#Cc1cccc(Nc2ncnc3cc(OCCOC)c(OCCOC)cc23)c1,AAK1,AXL,5.92,5.4,=,=
CC(C)c1cc(CNc2nc(Nc3cc(C4CC4)[nH]n3)cc(N3CCN(C)CC3)n2)on1,ABL2,PRKCA,8.1,5.64,=,=
CC(=O)NCC(=O)N1C2CCC1c1cc(Nc3ncc(C(F)(F)F)c(NC4CCC4)n3)ccc12,ABL1,PDPK1,6.6,7.8,=,=
CC(C)n1nc(-c2cc3cc(O)ccc3[nH]2)c2c(N)ncnc21,ACVR1,TAOK2,8.4,6.41,=,=
CC(C)c1cc(CNc2nc(Nc3cc(C4CC4)[nH]n3)cc(N3CCN(C)CC3)n2)on1,ABL2,INSR,8.1,6.84,=,=
CC(=O)NCC(=O)N1[C@@H]2CC[C@H]1c1ccc(Nc3ncc(C(F)(F)F)c(NC4CCC4)n3)cc12,ABL1,MARK4,5.6,8.05,=,=
CC(C)n1nc(-c2cc3cc(O)ccc3[nH]2)c2c(N)ncnc21,ABL1,ULK2,6.82,5.31,=,=
CC(=O)NCC(=O)N1C2CCC1c1cc(Nc3ncc(C(F)(F)F)c(NC4CCC4)n3)ccc12,ACVR1,AURKA,6.4,8.4,=,=
CC(=O)c1cnc2ccc(-c3cc(Cl)c(O)c(Cl)c3)nc2c1N[C@H]1CC[C@H](CN(C)C)CC1,ABL1,MAP3K11,6.55,7.28,=,=
CC1(C)C(=O)N([C@H]2CCc3c(O)cccc32)c2nc(Nc3ccccc3)ncc21,ABL1,TAOK2,5.94,5.0,=,=
CNC1CC2OC(C)(C1OC)n1c3ccccc3c3c4c(c5c6ccccc6n2c5c31)C(=O)NC4,ACVR1,PDPK1,7.2,8.9,=,=
CC(C)(C)c1nc(-c2cccc(NS(=O)(=O)c3c(F)cccc3F)c2F)c(-c2ccnc(N)n2)s1,ABL1,RIPK2,5.81,7.04,=,=
C=CC(=O)N1CCC[C@@H](n2nc(-c3ccc(Oc4ccccc4)cc3)c3c(N)ncnc32)C1,ABL1,JAK3,7.07,7.67,=,=
CC(C)(O)c1cn(-c2ccc3[nH]ncc3c2)nn1,ACVR1,CLK2,4.1,5.2,=,=
CC(C)n1nc(-c2cc3cc(O)ccc3[nH]2)c2c(N)ncnc21,ABL1,MAP3K19,6.82,8.29,=,=
CCN1CCN(Cc2ccc(NC(=O)Nc3ccc(Oc4cc(NC)ncn4)cc3)cc2C(F)(F)F)CC1,ABL2,AURKC,8.47,6.13,=,=
CC(C)n1nc(-c2cc3cc(O)ccc3[nH]2)c2c(N)ncnc21,ABL1,IRAK1,6.82,5.43,=,=
COc1cc(Nc2ncc(F)c(Nc3ccc4c(n3)NC(=O)C(C)(C)O4)n2)cc(OC)c1OC,ACVR1,PRKCG,5.32,6.6,=,=
CC(C)c1cc(CNc2nc(Nc3cc(C4CC4)[nH]n3)cc(N3CCN(C)CC3)n2)on1,ACVR1,ULK3,8.3,6.31,=,=
CCn1cc(-c2ccnc3[nH]c(-c4cccc(CN(C)C)c4)cc23)c(-c2ccc(NC(=O)N(C)C)cc2)n1,ACVR1B,AURKA,5.92,7.82,=,=
CC(C)n1nc(-c2cc3cc(O)ccc3[nH]2)c2c(N)ncnc21,ACVR1,CAMK2A,8.4,5.25,=,=
CC(C)n1nc(-c2cc3cc(O)ccc3[nH]2)c2c(N)ncnc21,AAK1,HIPK1,5.8,6.52,=,=
C#Cc1cccc(Nc2ncnc3cc(OCCOC)c(OCCOC)cc23)c1,ABL2,EIF2AK2,6.7,5.89,=,=
CCOc1cc2ncc(C#N)c(Nc3ccc(F)c(Cl)c3)c2cc1NC(=O)/C=C/CN(C)C,ABL1,CAMKK1,6.65,5.29,=,=
CCN1CCN(Cc2ccc(NC(=O)Nc3ccc(Oc4cc(NC)ncn4)cc3)cc2C(F)(F)F)CC1,ABL2,TTK,8.47,6.64,=,=
CCN(CC)CCNC(=O)c1c(C)[nH]c(/C=C2\C(=O)Nc3ccc(F)cc32)c1C,ABL2,MAP4K3,6.0,6.75,=,=
CC(C)(O)c1cn(-c2ccc3[nH]ncc3c2)nn1,ACVR1,PRKACA,4.1,5.0,=,=
Cc1ccc(-n2nc(C(C)(C)C)cc2NC(=O)Nc2ccc(OCCN3CCOCC3)c3ccccc23)cc1,ACVR1B,CDK8,4.36,6.66,=,=
C=CC(=O)Nc1cc2c(Nc3ccc(F)c(Cl)c3)ncnc2cc1OCCCN1CCOCC1,ABL1,FYN,6.47,5.28,=,=
CC(C)c1cc(CNc2nc(Nc3cc(C4CC4)[nH]n3)cc(N3CCN(C)CC3)n2)on1,ACVR1,SLK,8.3,6.86,=,=
C=CC(=O)N1CCC[C@@H](n2nc(-c3ccc(Oc4ccccc4)cc3)c3c(N)ncnc32)C1,ABL2,EGFR,6.04,8.05,=,=
C#Cc1cn(C2CCCC2)c2ncnc(N)c12,ACVR1,FYN,6.1,5.3,=,=
CC(C)n1nc(-c2cc3cc(O)ccc3[nH]2)c2c(N)ncnc21,ACVR1,MARK2,8.4,5.21,=,=
CC(C)c1cc(=O)[nH]c2[nH][nH]c(=O)c12,ACVR1,CSF1R,4.4,5.0,=,=
CCN1CCN(Cc2ccc(NC(=O)Nc3ccc(Oc4cc(NC)ncn4)cc3)cc2C(F)(F)F)CC1,ABL2,MAPK15,8.47,7.03,=,=
CN[C@@H]1C[C@H]2O[C@@](C)([C@@H]1OC)n1c3ccccc3c3c4c(c5c6ccccc6n2c5c31)C(=O)NC4,ABL2,PIP5K1C,7.46,5.57,=,=
CCN(CC)CCNC(=O)c1c(C)[nH]c(/C=C2\C(=O)Nc3ccc(F)cc32)c1C,ABL1,MAP2K6,6.14,5.28,=,=
COc1cc(N2CCC(N3CCN(C)CC3)CC2)ccc1Nc1ncc(Cl)c(Nc2ccccc2S(=O)(=O)C(C)C)n1,ACVR1,PRKG2,7.77,6.62,=,=
CCN(CC)CCNC(=O)c1c(C)[nH]c(/C=C2\C(=O)Nc3ccc(F)cc32)c1C,ABL2,STK16,6.0,6.6,=,=
CC(C)(C)c1nc(-c2cccc(NS(=O)(=O)c3c(F)cccc3F)c2F)c(-c2ccnc(N)n2)s1,ABL1,BRAF,5.81,8.85,=,=
CC(=O)c1cnc2ccc(-c3cc(Cl)c(O)c(Cl)c3)nc2c1N[C@H]1CC[C@H](CN(C)C)CC1,ABL1,RPS6KA6,6.55,7.24,=,=
CCN(CC)CCNC(=O)c1c(C)[nH]c(/C=C2\C(=O)Nc3ccc(F)cc32)c1C,AAK1,EIF2AK2,7.96,6.17,=,=
CC(C)n1nc(-c2cc3cc(O)ccc3[nH]2)c2c(N)ncnc21,AAK1,ACVR1B,5.8,7.24,=,=
CC(Oc1cc(-c2cnn(C3CCNCC3)c2)cnc1N)c1c(Cl)ccc(F)c1Cl,ABL1,NEK4,6.45,5.5,=,=
CN[C@@H]1C[C@H]2O[C@@](C)([C@@H]1OC)n1c3ccccc3c3c4c(c5c6ccccc6n2c5c31)C(=O)NC4,ACVR1,CDK17,6.33,7.02,=,=
CC(=O)c1c(C)c2cnc(Nc3ccc(N4CCNCC4)cn3)nc2n(C2CCCC2)c1=O,AAK1,PIP4K2A,5.38,6.68,=,=
CSc1cccc(Nc2ncc3cc(-c4c(Cl)cccc4Cl)c(=O)n(C)c3n2)c1,ACVR1,RAF1,6.8,7.64,=,=
CN[C@@H]1C[C@H]2O[C@@](C)([C@@H]1OC)n1c3ccccc3c3c4c(c5c6ccccc6n2c5c31)C(=O)NC4,ABL2,CHEK2,7.46,8.04,=,=
CNC(=O)c1cc(Oc2ccc(NC(=O)Nc3ccc(Cl)c(C(F)(F)F)c3)cc2)ccn1,ABL2,CDK7,5.54,6.85,=,=
CCN(CCO)CCCOc1ccc2c(Nc3cc(CC(=O)Nc4cccc(F)c4)[nH]n3)ncnc2c1,AAK1,PTK6,5.52,6.26,=,=
CN1CCN(c2nc(C3=C(c4c[nH]c5ccccc45)C(=O)NC3=O)c3ccccc3n2)CC1,ABL1,PRKCG,5.48,7.54,=,=
CC(O)Cn1cc(-c2cnc(N)c3c(-c4ccc(NC(=O)Nc5cccc(F)c5)cc4)csc23)cn1,ABL1,BRSK1,9.1,5.6,=,=
CC(C)(C)c1nc(-c2cccc(NS(=O)(=O)c3c(F)cccc3F)c2F)c(-c2ccnc(N)n2)s1,ABL1,CDK4,5.81,6.9,=,=
CC(Oc1cc(-c2cnn(C3CCNCC3)c2)cnc1N)c1c(Cl)ccc(F)c1Cl,ACVR1,PKN2,6.35,5.65,=,=
CCC(N)(C#Cc1cnc(N)c2c(-c3ccc(NC(=O)Nc4cccc(C)c4)cc3)csc12)CC,ABL1,DYRK3,6.3,5.3,=,=
CN(C)C[C@@H]1CCn2cc(c3ccccc32)C2=C(C(=O)NC2=O)c2cn(c3ccccc23)CCO1,AAK1,CAMK2A,6.05,5.35,=,=
COc1cc(N2CCC(N3CCN(C)CC3)CC2)ccc1Nc1ncc(Cl)c(Nc2ccccc2S(=O)(=O)C(C)C)n1,ACVR1,ERN1,7.77,6.75,=,=
CCN(CC)CCNC(=O)c1c(C)[nH]c(/C=C2\C(=O)Nc3ccc(F)cc32)c1C,ABL1,DAPK2,6.14,6.82,=,=
C=CCn1nc(-c2ccc(OCC)c(OC)c2)c2c(N)ncnc21,ABL1,PIK3CG,4.84,6.51,=,=
CN1CCN(c2nc(C3=C(c4c[nH]c5ccccc45)C(=O)NC3=O)c3ccccc3n2)CC1,ABL1,PRKG1,5.48,6.1,=,=
C=C(C)c1ccc(C)c(-c2ccc3nc(NC(=O)[C@@H]4C[C@@H]4F)sc3c2)c1,ABL1,PDGFRA,8.11,5.89,=,=
CC(C)n1nc(-c2cc3cc(O)ccc3[nH]2)c2c(N)ncnc21,ACVR1,MAP3K7,8.4,5.8,=,=
CC(C)n1nc(-c2cc3cc(O)ccc3[nH]2)c2c(N)ncnc21,ACVR1B,CSK,7.24,5.7,=,=
CN[C@@H]1C[C@H]2O[C@@](C)([C@@H]1OC)n1c3ccccc3c3c4c(c5c6ccccc6n2c5c31)C(=O)NC4,ACVR1,PRKCI,6.33,7.58,=,=
C#Cc1nc(Nc2ccccc2)nc2[nH]cnc12,ABL1,NEK2,4.88,6.84,=,=
CN(C)CC(=O)N1CCC(c2ccc(NC(=O)c3nc(C#N)c[nH]3)c(C3=CCCCC3)c2)CC1.Cl,ABL2,EIF2AK4,5.28,7.09,=,=
CCOc1cc2ncc(C#N)c(Nc3ccc(F)c(Cl)c3)c2cc1NC(=O)/C=C/CN(C)C,ABL1,NEK1,6.65,5.41,=,=
CCN(CC)CCNC(=O)c1c(C)[nH]c(/C=C2\C(=O)Nc3ccc(F)cc32)c1C,ABL1,PIP4K2B,6.14,7.41,=,=
CNS(=O)(=O)c1ccccc1Nc1nc(Nc2cc(OC)c(OC)c(OC)c2)ncc1Cl,ACVR1,NEK4,6.8,7.8,=,=
CCc1nc(C(N)=O)c(Nc2ccc(N3CCC(N4CCN(C)CC4)CC3)c(OC)c2)nc1NC1CCOCC1,ACVR1,MAPK10,7.41,6.29,=,=
CC(C)n1nc(-c2cc3cc(O)ccc3[nH]2)c2c(N)ncnc21,AAK1,HIPK2,5.8,6.46,=,=
CC(O)Cn1cc(-c2cnc(N)c3c(-c4ccc(NC(=O)Nc5cccc(F)c5)cc4)csc23)cn1,ABL1,PKN2,9.1,5.6,=,=
CCN(CC)CCNC(=O)c1c(C)[nH]c(/C=C2\C(=O)Nc3ccc(F)cc32)c1C,AAK1,MAP3K9,7.96,5.47,=,=
CC(=O)NCC(=O)N1C2CCC1c1cc(Nc3ncc(C(F)(F)F)c(NC4CCC4)n3)ccc12,ACVR1,DYRK3,6.4,5.3,=,=
CNC(=O)c1ccccc1Sc1ccc2c(/C=C/c3ccccn3)n[nH]c2c1,ABL2,CDC42BPB,6.57,5.32,=,=
CC(=O)c1cnc2ccc(-c3cc(Cl)c(O)c(Cl)c3)nc2c1N[C@H]1CC[C@H](CN(C)C)CC1,ACVR1,TNK1,6.65,5.75,=,=
CCN(CC)CCNC(=O)c1c(C)[nH]c(/C=C2\C(=O)Nc3ccc(F)cc32)c1C,ABL2,MARK2,6.0,6.51,=,=
CC(C)(O)c1cn(-c2ccc3[nH]ncc3c2)nn1,ACVR1,CSNK1A1,4.1,5.0,=,=
C#Cc1cn(C2CCCC2)c2ncnc(N)c12,ABL1,GSK3A,6.0,5.4,=,=
COc1cc(Nc2ncc(F)c(Nc3ccc4c(n3)NC(=O)C(C)(C)O4)n2)cc(OC)c1OC,ACVR1B,CHUK,5.96,6.92,=,=
CCN(CC)CCNC(=O)c1c(C)[nH]c(/C=C2\C(=O)Nc3ccc(F)cc32)c1C,ABL1,MAPK7,6.14,5.0,=,=
CN[C@@H]1C[C@H]2O[C@@](C)([C@@H]1OC)n1c3ccccc3c3c4c(c5c6ccccc6n2c5c31)C(=O)NC4,ACVR1,LATS2,6.33,8.06,=,=
C=CC(=O)Nc1cc2c(Nc3ccc(F)c(Cl)c3)ncnc2cc1OCCCN1CCOCC1,ACVR1,TNIK,5.77,5.09,=,=
Cc1ccc(C(=O)Nc2cccc(C(F)(F)F)c2)cc1Nc1nc(-c2cccnc2)nc2nn(C)cc12,ABL2,ILK,6.17,4.17,=,=
C#Cc1cccc(Nc2ncnc3cc(OCCOC)c(OCCOC)cc23)c1,ABL2,ERBB4,6.7,5.95,=,=
CCOc1cc2ncc(C#N)c(Nc3ccc(F)c(Cl)c3)c2cc1NC(=O)/C=C/CN(C)C,ABL1,CLK3,6.65,5.46,=,=
C1=N/C2=N/c3ccc(OCCN4CCCC4)c(c3)COC/C=C/COCc3cccc(c3)C(=C1)N2,AAK1,LCK,7.38,5.18,=,=
CN1CCN(c2ccc(Nc3ncc(Cl)c(Nc4ccc5[nH]ncc5c4)n3)cc2)CC1,ACVR1,NEK2,7.0,5.6,=,=
C=CC(=O)Nc1cc2c(Nc3ccc(F)c(Cl)c3)ncnc2cc1OCCCN1CCOCC1,ABL1,TNIK,6.47,5.09,=,=
CN[C@@H]1C[C@H]2O[C@@](C)([C@@H]1OC)n1c3ccccc3c3c4c(c5c6ccccc6n2c5c31)C(=O)NC4,ACVR1,ERN1,6.33,7.31,=,=
CC1(C)C(=O)N([C@H]2CCc3c(O)cccc32)c2nc(Nc3ccccc3)ncc21,ABL1,PDK1,5.94,6.87,=,=
C#Cc1cccc(Nc2ncnc3cc(OCCOC)c(OCCOC)cc23)c1,ABL1,MINK1,6.51,5.59,=,=
CC(=O)NCC(=O)N1C2CCC1c1cc(Nc3ncc(C(F)(F)F)c(NC4CCC4)n3)ccc12,ABL1,CSNK1G2,6.6,5.9,=,=
CC(=O)NCC(=O)N1[C@@H]2CC[C@H]1c1ccc(Nc3ncc(C(F)(F)F)c(NC4CCC4)n3)cc12,AAK1,FES,8.05,5.91,=,=
C#Cc1cccc(Nc2ncnc3ccc(S(=O)(=O)n4ccc(/C=C/C(=O)NO)c4)cc23)c1,ABL1,ERBB2,4.57,5.47,=,=
C#CCO[C@@H]1[C@H](C)[C@@H](COS(=O)(=O)C=C)O[C@H]1n1nc(-c2ccc(C)cc2)c2c(N)ncnc21,ABL1,LYN,7.46,8.05,=,=
CN[C@@H]1C[C@H]2O[C@@](C)([C@@H]1OC)n1c3ccccc3c3c4c(c5c6ccccc6n2c5c31)C(=O)NC4,ABL1,PRKG2,7.04,7.8,=,=
COc1cc2/c(=N/c3ccc(Br)cc3F)nc[nH]c2cc1OCC1CCN(C)CC1,ACVR1,CDC42BPB,6.82,5.6,=,=
CN(C)CC(=O)N1CCC(c2ccc(NC(=O)c3nc(C#N)c[nH]3)c(C3=CCCCC3)c2)CC1.Cl,ACVR1B,CDK4,8.0,5.3,=,=
C=CCc1cccc2c(=NO)cc(-c3ccccc3)oc12,ACVR1,MAPK8,5.9,6.7,=,=
CN[C@@H]1C[C@H]2O[C@@](C)([C@@H]1OC)n1c3ccccc3c3c4c(c5c6ccccc6n2c5c31)C(=O)NC4,AAK1,TXK,8.92,7.63,=,=
CN(C)C[C@@H]1CCn2cc(c3ccccc32)C2=C(C(=O)NC2=O)c2cn(c3ccccc23)CCO1,AAK1,PRKCQ,6.05,8.6,=,=
CC(C)n1nc(-c2cc3cc(O)ccc3[nH]2)c2c(N)ncnc21,ACVR1,TGFBR2,8.4,6.6,=,=
CCc1nc(C(N)=O)c(Nc2ccc(N3CCC(N4CCN(C)CC4)CC3)c(OC)c2)nc1NC1CCOCC1,ACVR1,CAMK2G,7.41,6.77,=,=
CC(C)(C)c1nc(-c2cccc(NS(=O)(=O)c3c(F)cccc3F)c2F)c(-c2ccnc(N)n2)s1,ABL2,MELK,6.52,5.74,=,=
CC[C@@H]1C(=O)N(C)c2cnc(Nc3ccc(C(=O)NC4CCN(C)CC4)cc3OC)nc2N1C1CCCC1,AAK1,CLK3,5.55,6.2,=,=
CN(C)CC(=O)N1CCC(c2ccc(NC(=O)c3nc(C#N)c[nH]3)c(C3=CCCCC3)c2)CC1.Cl,AAK1,ERN1,6.28,5.24,=,=
C=CC(=O)Nc1cc2c(Nc3ccc(F)c(Cl)c3)ncnc2cc1OCCCN1CCOCC1,ABL1,LTK,6.47,5.29,=,=
CN(C)CC(=O)N1CCC(c2ccc(NC(=O)c3nc(C#N)c[nH]3)c(C3=CCCCC3)c2)CC1.Cl,ABL2,MAP3K13,5.28,6.68,=,=
CC(C)n1nc(-c2cc3cc(O)ccc3[nH]2)c2c(N)ncnc21,ACVR1,DAPK1,8.4,7.01,=,=
CC(=O)NCC(=O)N1C2CCC1c1cc(Nc3ncc(C(F)(F)F)c(NC4CCC4)n3)ccc12,ABL1,FGFR3,6.6,8.3,=,=
CN1CCN(c2ccc3nc(-c4c(N)c5c(F)cccc5[nH]c4=O)[nH]c3c2)CC1,AAK1,CHUK,6.77,5.75,=,=
CN1CCN(c2ccc3nc(-c4c(N)c5c(F)cccc5[nH]c4=O)[nH]c3c2)CC1,AAK1,INSR,6.77,5.8,=,=
CN(C)CC(=O)N1CCC(c2ccc(NC(=O)c3nc(C#N)c[nH]3)c(C3=CCCCC3)c2)CC1.Cl,ACVR1,MARK4,6.41,5.28,=,=
Cn1c(=O)n(-c2ccc(C(C)(C)C#N)cc2)c2c3cc(-c4cnc5ccccc5c4)ccc3ncc21,ACVR1,ATR,5.9,7.68,=,=
CNC(=O)c1cc(Oc2ccc(NC(=O)Nc3cc(C(C)(C)C)nn3-c3ccc4ncccc4c3)c(F)c2)ccn1,ABL2,MAPK11,6.87,6.1,=,=
CC(=O)NCC(=O)N1[C@@H]2CC[C@H]1c1ccc(Nc3ncc(C(F)(F)F)c(NC4CCC4)n3)cc12,AAK1,STK4,8.05,6.08,=,=
CC(C)n1nc(-c2cc3cc(O)ccc3[nH]2)c2c(N)ncnc21,ACVR1B,CSF1R,7.24,5.48,=,=
CN1CCN(c2ccc3nc(-c4c(N)c5c(F)cccc5[nH]c4=O)[nH]c3c2)CC1,ABL1,NEK7,6.64,5.25,=,=
Cc1ccc(Nc2nccc(N(C)c3ccc4c(C)n(C)nc4c3)n2)cc1S(N)(=O)=O,AAK1,RAF1,5.54,6.05,=,=
CC(C)n1nc(-c2cc3cc(O)ccc3[nH]2)c2c(N)ncnc21,ABL1,MAP3K7,6.82,5.8,=,=
CN1CCC(c2c(O)cc(O)c3c(=O)cc(-c4ccccc4Cl)oc23)C(O)C1,ACVR1,MATK,5.7,6.5,=,=
CC(=O)c1cnc2ccc(-c3cc(Cl)c(O)c(Cl)c3)nc2c1N[C@H]1CC[C@H](CN(C)C)CC1,AAK1,MAP3K5,6.76,6.06,=,=
CC(=O)c1cnc2ccc(-c3cc(Cl)c(O)c(Cl)c3)nc2c1N[C@H]1CC[C@H](CN(C)C)CC1,ACVR1,PIP4K2C,6.65,8.52,=,=
CC(C)c1cc(CNc2nc(Nc3cc(C4CC4)[nH]n3)cc(N3CCN(C)CC3)n2)on1,ACVR1,MAP4K5,8.3,6.26,=,=
C=Cc1ccc(-c2cccc3nnc(N)n23)cc1,ABL1,NTRK3,4.4,5.0,=,=
C=CC(=O)Nc1cc2c(Nc3ccc(F)c(Cl)c3)ncnc2cc1OCCCN1CCOCC1,ABL1,EPHA4,6.47,5.44,=,=
CN[C@@H]1C[C@H]2O[C@@](C)([C@@H]1OC)n1c3ccccc3c3c4c(c5c6ccccc6n2c5c31)C(=O)NC4,AAK1,CAMK1,8.92,8.03,=,=
CN1CCC(c2c(O)cc(O)c3c(=O)cc(-c4ccccc4Cl)oc23)C(O)C1,ACVR1,MAPK13,5.7,6.3,=,=
CCN1CCN(Cc2ccc(Nc3ncc(F)c(-c4cc(F)c5nc(C)n(C(C)C)c5c4)n3)nc2)CC1,AAK1,MAPK8,6.99,5.42,=,=
CC(C)c1cc(CNc2nc(Nc3cc(C4CC4)[nH]n3)cc(N3CCN(C)CC3)n2)on1,ABL2,TNK2,8.1,7.12,=,=
CC(C)c1cc(CNc2nc(Nc3cc(C4CC4)[nH]n3)cc(N3CCN(C)CC3)n2)on1,ACVR1,LYN,8.3,5.88,=,=
CC(C)(C)c1cc(NC(=O)Nc2ccc(-c3cn4c(n3)sc3cc(OCCN5CCOCC5)ccc34)cc2)no1,ABL1,MAP3K7,6.04,5.07,=,=
CC(=O)c1cnc2ccc(-c3cc(Cl)c(O)c(Cl)c3)nc2c1N[C@H]1CC[C@H](CN(C)C)CC1,ABL2,TAOK2,6.73,8.0,=,=
CN[C@@H]1C[C@H]2O[C@@](C)([C@@H]1OC)n1c3ccccc3c3c4c(c5c6ccccc6n2c5c31)C(=O)NC4,ACVR1B,CHEK1,6.17,8.68,=,=
CO[C@@H]1[C@H](N(C)C(=O)c2ccccc2)C[C@H]2O[C@]1(C)n1c3ccccc3c3c4c(c5c6ccccc6n2c5c31)C(=O)NC4,ABL1,MYLK4,5.5,6.19,=,=
CC[C@@H]1CN(C(=O)NCC(F)(F)F)C[C@@H]1c1cnc2cnc3[nH]ccc3n12,AAK1,LTK,5.0,5.57,=,=
CN[C@@H]1C[C@H]2O[C@@](C)([C@@H]1OC)n1c3ccccc3c3c4c(c5c6ccccc6n2c5c31)C(=O)NC4,ACVR1B,CSK,6.17,7.16,=,=
CC(C)NC1=NNC(=O)C1=Cc1cc2ccccc2[nH]1,ACVR1,NTRK3,5.4,6.4,=,=
CN1CCC(c2c(O)cc(O)c3c(=O)cc(-c4ccccc4Cl)oc23)C(O)C1,ACVR1,SRPK1,5.7,6.3,=,=
CN[C@@H]1C[C@H]2O[C@@](C)([C@@H]1OC)n1c3ccccc3c3c4c(c5c6ccccc6n2c5c31)C(=O)NC4,ACVR1B,AKT1,6.17,7.94,=,=
CSc1cccc(Nc2ncc3cc(-c4c(Cl)cccc4Cl)c(=O)n(C)c3n2)c1,ACVR1B,BRSK1,7.02,5.47,=,=
CN[C@@H]1C[C@H]2O[C@@](C)([C@@H]1OC)n1c3ccccc3c3c4c(c5c6ccccc6n2c5c31)C(=O)NC4,ACVR1,DAPK1,6.33,8.03,=,=
CN[C@@H]1C[C@H]2O[C@@](C)([C@@H]1OC)n1c3ccccc3c3c4c(c5c6ccccc6n2c5c31)C(=O)NC4,ACVR1,SGK2,6.33,7.82,=,=
CO[C@@H]1[C@H](N(C)C(=O)c2ccccc2)C[C@H]2O[C@]1(C)n1c3ccccc3c3c4c(c5c6ccccc6n2c5c31)C(=O)NC4,AAK1,CSK,7.32,5.06,=,=
C#Cc1cccc(Nc2ncnc3cc(OCCOC)c(OCCOC)cc23)c1,ABL2,EPHB1,6.7,5.96,=,=
C#Cc1cccc(Nc2ncnc3cc(OCCOC)c(OCCOC)cc23)c1,ABL1,FLT1,6.51,5.36,=,=
C=CC(=O)Nc1cc2c(Nc3ccc(F)c(Cl)c3)ncnc2cc1OCCCN1CCOCC1,ABL1,MAP3K20,6.47,5.92,=,=
C1=N/C2=N/c3ccc(OCCN4CCCC4)c(c3)COC/C=C/COCc3cccc(c3)C(=C1)N2,AAK1,DDR1,7.38,4.15,=,=
CN1CCN(c2ccc3nc(-c4c(N)c5c(F)cccc5[nH]c4=O)[nH]c3c2)CC1,ACVR1,RIOK2,5.9,6.58,=,=
C#Cc1cccc(Nc2ncnc3cc(OCCOC)c(OCCOC)cc23)c1,ABL2,MINK1,6.7,5.59,=,=
CN[C@@H]1C[C@H]2O[C@@](C)([C@@H]1OC)n1c3ccccc3c3c4c(c5c6ccccc6n2c5c31)C(=O)NC4,ACVR1,MKNK1,6.33,7.26,=,=
CC(=O)c1cnc2ccc(-c3cc(Cl)c(O)c(Cl)c3)nc2c1N[C@H]1CC[C@H](CN(C)C)CC1,ABL2,CLK1,6.73,7.96,=,=
CN[C@@H]1C[C@H]2O[C@@](C)([C@@H]1OC)n1c3ccccc3c3c4c(c5c6ccccc6n2c5c31)C(=O)NC4,ACVR1,MAP3K10,6.33,7.9,=,=
CC(=O)c1cnc2ccc(-c3cc(Cl)c(O)c(Cl)c3)nc2c1N[C@H]1CC[C@H](CN(C)C)CC1,ACVR1,MAP3K5,6.65,6.06,=,=
CCc1nc(C(N)=O)c(Nc2ccc(N3CCC(N4CCN(C)CC4)CC3)c(OC)c2)nc1NC1CCOCC1,ACVR1,ULK3,7.41,8.22,=,=
CN[C@@H]1C[C@H]2O[C@@](C)([C@@H]1OC)n1c3ccccc3c3c4c(c5c6ccccc6n2c5c31)C(=O)NC4,ABL2,ACVR2A,7.46,5.05,=,=
C=CC(=O)N[C@H]1CC[C@@H](n2nc(-c3ccc(Oc4ccccc4)cc3)c3c(N)ncnc32)CC1,ABL1,BTK,7.49,9.12,=,=
C#Cc1cccc(Nc2ncnc3cc(OCCOC)c(OCCOC)cc23)c1,ABL2,TBK1,6.7,5.51,=,=
CCn1cc(-c2ccnc3[nH]c(-c4cccc(CN(C)C)c4)cc23)c(-c2ccc(NC(=O)N(C)C)cc2)n1,ACVR1B,AURKC,5.92,8.19,=,=
C=CC(=O)Nc1cc2c(Nc3ccc(F)c(Cl)c3)ncnc2cc1OCCCN1CCOCC1,ACVR1,AXL,5.77,5.24,=,=
CC(C)C[C@@H](N)C(=O)Nc1ccc(-c2cnco2)c(OC(F)F)c1,AAK1,MKNK2,7.92,6.37,=,=
CN[C@@H]1C[C@H]2O[C@@](C)([C@@H]1OC)n1c3ccccc3c3c4c(c5c6ccccc6n2c5c31)C(=O)NC4,AAK1,GRK5,8.92,7.13,=,=
CCOc1cc2ncc(C#N)c(Nc3ccc(F)c(Cl)c3)c2cc1NC(=O)/C=C/CN(C)C,ABL2,BMX,6.62,5.13,=,=
C=CC(=O)Nc1cc2c(Nc3ccc(F)c(Cl)c3)ncnc2cc1OCCCN1CCOCC1,ABL2,AURKB,6.06,5.38,=,=
CN[C@@H]1C[C@H]2O[C@@](C)([C@@H]1OC)n1c3ccccc3c3c4c(c5c6ccccc6n2c5c31)C(=O)NC4,AAK1,AKT2,8.92,7.8,=,=
CCN1CCN(Cc2ccc(NC(=O)Nc3ccc(Oc4cc(NC)ncn4)cc3)cc2C(F)(F)F)CC1,ABL2,MAP4K3,8.47,6.72,=,=
Cc1n[nH]c2ccc(-c3cncc(OC[C@@H](N)Cc4ccccc4)c3)cc12,AAK1,MAPK1,7.37,6.58,=,=
CCN1CCN(Cc2ccc(NC(=O)Nc3ccc(Oc4cc(NC)ncn4)cc3)cc2C(F)(F)F)CC1,ABL1,CLK3,8.0,5.26,=,=
CC(C)n1nc(-c2cc3cc(O)ccc3[nH]2)c2c(N)ncnc21,ABL2,BMPR2,5.92,7.05,=,=
CC(C)n1nc(-c2cc3cc(O)ccc3[nH]2)c2c(N)ncnc21,ACVR1,ERBB3,8.4,6.92,=,=
CN1CC[C@H](c2c(O)cc(O)c3c(=O)cc(-c4ccccc4Cl)oc23)[C@H](O)C1,ACVR1,MAPK15,5.72,6.48,=,=
CC(N)C1CCC(C(=O)Nc2ccnc3[nH]ccc23)CC1,ACVR1,PRKCD,6.0,6.8,=,=
CN[C@@H]1C[C@H]2O[C@@](C)([C@@H]1OC)n1c3ccccc3c3c4c(c5c6ccccc6n2c5c31)C(=O)NC4,AAK1,MATK,8.92,6.36,=,=
CC(C)c1cc(=O)[nH]c2[nH][nH]c(=O)c12,ACVR1,LIMK1,4.4,5.4,=,=
COc1cc(N2CCC(N3CCN(C)CC3)CC2)ccc1Nc1ncc(Cl)c(Nc2ccccc2S(=O)(=O)C(C)C)n1,AAK1,PLK1,6.33,7.2,=,=
CN(C)CC(=O)N1CCC(c2ccc(NC(=O)c3nc(C#N)c[nH]3)c(C3=CCCCC3)c2)CC1.Cl,AAK1,MAP2K4,6.28,5.47,=,=
CC(C)n1nc(-c2cc3cc(O)ccc3[nH]2)c2c(N)ncnc21,ACVR1,EPHA4,8.4,6.01,=,=
CC(Oc1cc(-c2cnn(C3CCNCC3)c2)cnc1N)c1c(Cl)ccc(F)c1Cl,ACVR1,FLT4,6.35,5.65,=,=
CC(=O)c1cnc2ccc(-c3cc(Cl)c(O)c(Cl)c3)nc2c1N[C@H]1CC[C@H](CN(C)C)CC1,ABL1,CDK9,6.55,7.09,=,=
CN[C@@H]1C[C@H]2O[C@@](C)([C@@H]1OC)n1c3ccccc3c3c4c(c5c6ccccc6n2c5c31)C(=O)NC4,ACVR1B,CAMK2A,6.17,10.1,=,=
CN[C@@H]1C[C@H]2O[C@@](C)([C@@H]1OC)n1c3ccccc3c3c4c(c5c6ccccc6n2c5c31)C(=O)NC4,AAK1,ACVR2A,8.92,5.05,=,=
CC(C)n1nc(-c2cc3cc(O)ccc3[nH]2)c2c(N)ncnc21,ABL1,PLK3,6.82,5.6,=,=
COC(=O)c1ccc2c(c1)NC(=O)/C2=C(\Nc1ccc(N(C)C(=O)CN2CCN(C)CC2)cc1)c1ccccc1,ABL1,PRKG1,7.19,7.85,=,=
CCc1nc(C(N)=O)c(Nc2ccc(N3CCC(N4CCN(C)CC4)CC3)c(OC)c2)nc1NC1CCOCC1,AAK1,NEK2,7.6,6.61,=,=
C#Cc1cccc(Nc2ncnc3cc(OC)c(OCCCCCCC(=O)NO)cc23)c1,ABL1,EGFR,5.54,8.62,=,=
CN(C)CC(=O)N1CCC(c2ccc(NC(=O)c3nc(C#N)c[nH]3)c(C3=CCCCC3)c2)CC1.Cl,ACVR1,PIM3,6.41,5.77,=,=
CCc1nc(C(N)=O)c(Nc2ccc(N3CCC(N4CCN(C)CC4)CC3)c(OC)c2)nc1NC1CCOCC1,ACVR1,MAP3K2,7.41,6.27,=,=
CCN(CC)CCNC(=O)c1c(C)[nH]c(/C=C2\C(=O)Nc3ccc(F)cc32)c1C,ABL2,ROCK2,6.0,6.85,=,=
CN[C@@H]1C[C@H]2O[C@@](C)([C@@H]1OC)n1c3ccccc3c3c4c(c5c6ccccc6n2c5c31)C(=O)NC4,ACVR1B,CAMK2B,6.17,10.02,=,=
CC(C)(C)c1cc(NC(=O)Nc2ccc(-c3cn4c(n3)sc3cc(OCCN5CCOCC5)ccc34)cc2)no1,ABL1,EPHA3,6.04,5.24,=,=
CC(=O)NCC(=O)N1C2CCC1c1cc(Nc3ncc(C(F)(F)F)c(NC4CCC4)n3)ccc12,ACVR1,KDR,6.4,7.8,=,=
CCS(=O)(=O)c1cccc(-c2cc(C(=O)NC3CCN(C)CC3)c(C)c3[nH]c4ncc(C)cc4c23)c1,ACVR1,STK4,6.6,5.46,=,=
CC(C)n1nc(-c2cc3cc(O)ccc3[nH]2)c2c(N)ncnc21,ACVR1,PHKG2,8.4,6.12,=,=
CC(=O)NCC(=O)N1C2CCC1c1cc(Nc3ncc(C(F)(F)F)c(NC4CCC4)n3)ccc12,ABL1,CDK2,6.6,7.8,=,=
C#Cc1cccc(Nc2ncnc3cc(OCCOC)c(OCCOC)cc23)c1,ABL2,FGFR2,6.7,5.72,=,=
Cc1ccc(C(=O)Nc2cccc(C(F)(F)F)c2)cc1Nc1nc(-c2cccnc2)nc2c1cnn2C,ABL1,PI4KA,6.04,4.73,=,=
CCOc1cc2ncc(C#N)c(Nc3ccc(OCc4ccccn4)c(Cl)c3)c2cc1NC(=O)/C=C/CN(C)C,ABL1,ERBB3,5.19,8.11,=,=
Cc1ccc(C(=O)Nc2cccc(C(F)(F)F)c2)cc1Nc1nc(-c2cccnc2)nc2c1cnn2C,ACVR1B,CDC7,7.12,8.93,=,=
COc1cc(Nc2ncc(F)c(Nc3ccc4c(n3)NC(=O)C(C)(C)O4)n2)cc(OC)c1OC,ABL2,IKBKB,6.14,7.15,=,=
CC1(C)C(=O)N([C@H]2CCc3c(O)cccc32)c2nc(Nc3ccccc3)ncc21,ACVR1B,CDK2,5.0,6.22,=,=
CCN(CC)CCNC(=O)c1c(C)[nH]c(/C=C2\C(=O)Nc3ccc(F)cc32)c1C,AAK1,CSNK1G1,7.96,6.03,=,=
CC(C)n1nc(-c2cc3cc(O)ccc3[nH]2)c2c(N)ncnc21,AAK1,RPS6KA4,5.8,7.19,=,=
CCc1nc(C(N)=O)c(Nc2ccc(N3CCC(N4CCN(C)CC4)CC3)c(OC)c2)nc1NC1CCOCC1,ACVR1,MYLK,7.41,6.73,=,=
CCc1c(-c2ccc(C(C)(C)O)cc2)[nH]c2nccnc12,ACVR1,FRK,7.4,6.6,=,=
CCN(CC)CCNC(=O)c1c(C)[nH]c(/C=C2\C(=O)Nc3ccc(F)cc32)c1C,ABL2,TIE1,6.0,5.41,=,=
CCOC(=O)N1C[C@@H](C)N(c2ncc3[nH]nc(-c4ccc(N5CCN[C@H](C)C5)nc4)c3n2)[C@@H](C)C1,ACVR1,FGFR2,7.49,5.9,=,=
COc1cc2/c(=N/c3ccc(Br)cc3F)nc[nH]c2cc1OCC1CCN(C)CC1,ACVR1,TIE1,6.82,5.82,=,=
C#Cc1cccc(Nc2ncnc3cc(OCCOC)c(OCCOC)cc23)c1,ABL1,EPHA3,6.51,5.62,=,=
CCN(CC)CCNC(=O)c1c(C)[nH]c(/C=C2\C(=O)Nc3ccc(F)cc32)c1C,ABL2,STK17B,6.0,6.96,=,=
CCN(CC)CCNC(=O)c1c(C)[nH]c(/C=C2\C(=O)Nc3ccc(F)cc32)c1C,ABL2,MINK1,6.0,7.54,=,=
CC[C@@](C)(Nc1ccnc(-c2c[nH]c3ncccc23)n1)C(=O)NCC(F)(F)F,ABL2,CDC42BPB,5.15,6.94,=,=
C=CC(=O)Nc1cc2c(Nc3ccc(F)c(Cl)c3)ncnc2cc1OCCCN1CCOCC1,ABL1,RPS6KA1,6.47,5.21,=,=
C=CC(=O)Nc1cc2c(Nc3ccc(F)c(Cl)c3)ncnc2cc1OCCCN1CCOCC1,ABL2,MAP3K2,6.06,5.42,=,=
CO[C@@H]1[C@H](N(C)CCOCCOCCOCCNC(=O)CCC2=[N+]3C(=Cc4c(C)cc(C)n4[B-]3(F)F)C=C2)C[C@H]2O[C@]1(C)n1c3ccccc3c3c4c(c5c6ccccc6n2c5c31)C(=O)NC4,ABL2,CAMK2G,6.02,8.05,=,=
C#Cc1cccc(Nc2ncnc3cc(OCCOC)c(OCCOC)cc23)c1,ABL2,SRC,6.7,6.16,=,=
CC(C)(C)c1cc(NC(=O)Nc2ccc(-c3cn4c(n3)sc3cc(OCCN5CCOCC5)ccc34)cc2)no1,ABL1,MAP3K20,6.04,5.06,=,=
CC[C@@H]1C(=O)N(C)c2cnc(Nc3ccc(C(=O)NC4CCN(C)CC4)cc3OC)nc2N1C1CCCC1,AAK1,RPS6KA5,5.55,6.57,=,=
C1=N/C2=N/c3ccc(OCCN4CCCC4)c(c3)COC/C=C/COCc3cccc(c3)C(=C1)N2,AAK1,PRKG1,7.38,5.82,=,=
CC(=O)c1cnc2ccc(-c3cc(Cl)c(O)c(Cl)c3)nc2c1N[C@H]1CC[C@H](CN(C)C)CC1,AAK1,MELK,6.76,8.96,=,=
CCS(=O)(=O)N1CC(CC#N)(n2cc(-c3ncnc4[nH]ccc34)cn2)C1,AAK1,ULK1,8.09,6.09,=,=
C=CC(=O)N1CCC[C@@H](n2nc(-c3ccc(Oc4ccccc4)cc3)c3c(N)ncnc32)C1,ABL2,HCK,6.04,7.68,=,=
CN[C@@H]1C[C@H]2O[C@@](C)([C@@H]1OC)n1c3ccccc3c3c4c(c5c6ccccc6n2c5c31)C(=O)NC4,AAK1,CDC42BPB,8.92,8.32,=,=
CN1CC[C@H](c2c(O)cc(O)c3c(=O)cc(-c4ccccc4Cl)oc23)[C@H](O)C1,ACVR1,MAPK3,5.72,4.8,=,=
CC(=O)NCC(=O)N1[C@@H]2CC[C@H]1c1ccc(Nc3ncc(C(F)(F)F)c(NC4CCC4)n3)cc12,AAK1,INSR,8.05,5.62,=,=
CNC(=O)c1cc(Oc2ccc(NC(=O)Nc3ccc(Cl)c(C(F)(F)F)c3)cc2)ccn1,ABL2,MAPK3,5.54,7.74,=,=
CC(=O)NCC(=O)N1[C@@H]2CC[C@H]1c1ccc(Nc3ncc(C(F)(F)F)c(NC4CCC4)n3)cc12,AAK1,MINK1,8.05,5.91,=,=
CN[C@@H]1C[C@H]2O[C@@](C)([C@@H]1OC)n1c3ccccc3c3c4c(c5c6ccccc6n2c5c31)C(=O)NC4,ACVR1,TIE1,6.33,7.19,=,=
CCN(CC)CCNC(=O)c1c(C)[nH]c(/C=C2\C(=O)Nc3ccc(F)cc32)c1C,AAK1,CSNK1G2,7.96,6.96,=,=
CC(=O)NCC(=O)N1C2CCC1c1cc(Nc3ncc(C(F)(F)F)c(NC4CCC4)n3)ccc12,ACVR1,DCLK1,6.4,5.6,=,=
CC(C)n1nc(-c2cc3cc(O)ccc3[nH]2)c2c(N)ncnc21,ACVR1,EPHA1,8.4,7.0,=,=
CCN1CCN(Cc2ccc(NC(=O)Nc3ccc(Oc4cc(NC)ncn4)cc3)cc2C(F)(F)F)CC1,ABL2,EPHA5,8.47,6.85,=,=
COC(=O)c1ccc2c(c1)NC(=O)/C2=C(\Nc1ccc(N(C)C(=O)CN2CCN(C)CC2)cc1)c1ccccc1,ACVR1B,AXL,5.31,7.34,=,=
CCOc1cc2ncc(C#N)c(Nc3ccc(F)c(Cl)c3)c2cc1NC(=O)/C=C/CN(C)C,AAK1,MAP4K1,5.46,6.27,=,=
CN[C@@H]1C[C@H]2O[C@@](C)([C@@H]1OC)n1c3ccccc3c3c4c(c5c6ccccc6n2c5c31)C(=O)NC4,AAK1,EPHA4,8.92,7.22,=,=
CN1CCC(CNc2ccc3ncc(-c4cccc(OC(F)(F)F)c4)n3n2)CC1,ACVR1,PKN1,6.34,4.45,=,=
CO[C@@H]1[C@H](NCCOCCOCCOCCNC(=O)CCC2=[N+]3C(=Cc4c(C)cc(C)n4[B-]3(F)F)C=C2)C[C@H]2O[C@]1(C)n1c3ccccc3c3c4c(c5c6ccccc6n2c5c31)C(=O)NC4,ABL2,PRKG2,6.28,7.19,=,=
CNC(=O)c1cc(Oc2ccc(NC(=O)Nc3cc(C(C)(C)C)nn3-c3ccc4ncccc4c3)c(F)c2)ccn1,ABL2,CDK1,6.87,6.25,=,=
CN(C)CC(=O)N1CCC(c2ccc(NC(=O)c3nc(C#N)c[nH]3)c(C3=CCCCC3)c2)CC1.Cl,ACVR1,EPHB4,6.41,5.57,=,=
CCN1CCN(Cc2ccc(NC(=O)Nc3ccc(Oc4cc(NC)ncn4)cc3)cc2C(F)(F)F)CC1,ABL2,TGFBR2,8.47,6.58,=,=
CO[C@@H]1[C@H](NCCOCCOCCOCCNC(=O)CCC2=[N+]3C(=Cc4c(C)cc(C)n4[B-]3(F)F)C=C2)C[C@H]2O[C@]1(C)n1c3ccccc3c3c4c(c5c6ccccc6n2c5c31)C(=O)NC4,ABL2,PRKX,6.28,7.37,=,=
CC(C)(C)n1nc(-c2ccc(Cl)cc2)c2c(N)ncnc21,ACVR1,MAP2K1,7.2,6.6,=,=
CN(C)C[C@@H]1CCn2cc(c3ccccc32)C2=C(C(=O)NC2=O)c2cn(c3ccccc23)CCO1,AAK1,HIPK1,6.05,6.82,=,=
CC1(C)CNc2cc(NC(=O)c3cccnc3NCc3ccncc3)ccc21,ABL2,MAP4K1,5.35,9.0,=,=
CC(C)n1nc(-c2cc3cc(O)ccc3[nH]2)c2c(N)ncnc21,ABL1,CHEK2,6.82,5.54,=,=
COc1cc(N2CCC(N3CCN(C)CC3)CC2)ccc1Nc1ncc(Cl)c(Nc2ccccc2S(=O)(=O)C(C)C)n1,ACVR1,CLK3,7.77,6.68,=,=
CC(=O)c1ccccc1-c1ncnc2[nH]ccc12,ABL1,DYRK1A,4.1,4.7,=,=
CC(C)n1nc(-c2cc3cc(O)ccc3[nH]2)c2c(N)ncnc21,ABL1,MERTK,6.82,5.33,=,=
CC(C)(C)c1nc(-c2cccc(NS(=O)(=O)c3c(F)cccc3F)c2F)c(-c2ccnc(N)n2)s1,ABL2,TGFBR2,6.52,5.6,=,=
CC(C)c1c2cc(-c3ccnc(Nc4ccc5c(N6CCN(C)CC6)ccnc5c4)n3)ccc2nn1C,ACVR1,GSK3B,6.73,9.1,=,=
Cc1ccc(C(=O)Nc2cccc(C(F)(F)F)c2)cc1Nc1nc(-c2cccnc2)nc2nn(C)cc12,ABL2,PGK1,6.17,7.24,=,=
CSc1cccc(Nc2ncc3cc(-c4c(Cl)cccc4Cl)c(=O)n(C)c3n2)c1,ACVR1B,CDC42BPB,7.02,5.96,=,=
CC(C)(C)c1nc(-c2cccc(NS(=O)(=O)c3c(F)cccc3F)c2F)c(-c2ccnc(N)n2)s1,ABL2,CDK5,6.52,5.97,=,=
CN[C@@H]1C[C@H]2O[C@@](C)([C@@H]1OC)n1c3ccccc3c3c4c(c5c6ccccc6n2c5c31)C(=O)NC4,ACVR1B,AKT2,6.17,7.8,=,=
CC(C)n1nc(-c2cc3cc(O)ccc3[nH]2)c2c(N)ncnc21,ABL2,MINK1,5.92,6.75,=,=
CC(C)n1nc(-c2cc3cc(O)ccc3[nH]2)c2c(N)ncnc21,ACVR1,MAP3K1,8.4,5.6,=,=
CCN1CCN(Cc2ccc(NC(=O)Nc3ccc(Oc4cc(NC)ncn4)cc3)cc2C(F)(F)F)CC1,ABL2,LTK,8.47,6.8,=,=
CN[C@@H]1C[C@H]2O[C@@](C)([C@@H]1OC)n1c3ccccc3c3c4c(c5c6ccccc6n2c5c31)C(=O)NC4,ABL2,PI4KB,7.46,6.34,=,=
CC(C)c1cc(CNc2nc(Nc3cc(C4CC4)[nH]n3)cc(N3CCN(C)CC3)n2)on1,ABL2,STK4,8.1,6.64,=,=
CC(=O)NCC(=O)N1C2CCC1c1cc(Nc3ncc(C(F)(F)F)c(NC4CCC4)n3)ccc12,ABL1,STK3,6.6,7.3,=,=
CC(=O)NC[C@H]1CC[C@H](c2nc(-c3cc4ccccc4[nH]3)c3c(N)nccn32)CC1,ABL1,INSR,5.71,4.65,=,=
C#Cc1cn(C2CCCC2)c2ncnc(N)c12,ACVR1,LTK,6.1,7.0,=,=
CCN(CC)CCNC(=O)c1c(C)[nH]c(/C=C2\C(=O)Nc3ccc(F)cc32)c1C,ABL2,PRKD1,6.0,6.51,=,=
C#CCN1C[C@H]2C[C@@]2(c2ccc(-c3cnc(N)c(C(=O)N[C@H]4CC[C@H](O)CC4)c3)cc2)C1,ACVR1,TGFBR1,7.86,5.28,=,=
COC(=O)c1ccc2c(c1)NC(=O)/C2=C(\Nc1ccc(N(C)C(=O)CN2CCN(C)CC2)cc1)c1ccccc1,ABL1,MYLK4,7.19,6.36,=,=
C1=N/C2=N/c3ccc(OCCN4CCCC4)c(c3)COC/C=C/COCc3cccc(c3)C(=C1)N2,ACVR1,JAK3,7.66,6.28,=,=
CN(C)C[C@@H]1CCn2cc(c3ccccc32)C2=C(C(=O)NC2=O)c2cn(c3ccccc23)CCO1,AAK1,HIPK4,6.05,7.0,=,=
CS(=O)(=O)N1CCN(Cc2cc3nc(-c4cccc5[nH]ncc45)nc(N4CCOCC4)c3s2)CC1,AAK1,PI4KB,5.04,4.4,=,=
C#Cc1cn(C2CCCC2)c2ncnc(N)c12,ABL1,CDK5,6.0,7.0,=,=
C=CC(=O)N1CCC[C@@H](n2nc(-c3ccc(Oc4ccccc4)cc3)c3c(N)ncnc32)C1,ABL2,CSK,6.04,8.64,=,=
C#Cc1cccc(Nc2ncnc3cc(OCCOC)c(OCCOC)cc23)c1,ABL2,PDGFRA,6.7,5.75,=,=
CCN(CC)CCNC(=O)c1c(C)[nH]c(/C=C2\C(=O)Nc3ccc(F)cc32)c1C,AAK1,LATS2,7.96,6.34,=,=
CN[C@@H]1C[C@H]2O[C@@](C)([C@@H]1OC)n1c3ccccc3c3c4c(c5c6ccccc6n2c5c31)C(=O)NC4,AAK1,PRKCH,8.92,8.32,=,=
CN[C@@H]1C[C@H]2O[C@@](C)([C@@H]1OC)n1c3ccccc3c3c4c(c5c6ccccc6n2c5c31)C(=O)NC4,ACVR1B,CAMK2D,6.17,9.84,=,=
CC(=O)c1cnc2ccc(-c3cc(Cl)c(O)c(Cl)c3)nc2c1N[C@H]1CC[C@H](CN(C)C)CC1,ABL1,MELK,6.55,8.96,=,=
CO[C@@H]1[C@H](NCCOCCOCCOCCNC(=O)CCC2=[N+]3C(=Cc4c(C)cc(C)n4[B-]3(F)F)C=C2)C[C@H]2O[C@]1(C)n1c3ccccc3c3c4c(c5c6ccccc6n2c5c31)C(=O)NC4,AAK1,BMX,8.22,6.16,=,=
CN(C)CC(=O)N1CCC(c2ccc(NC(=O)c3nc(C#N)c[nH]3)c(C3=CCCCC3)c2)CC1.Cl,ACVR1B,CLK1,8.0,6.05,=,=
CC(C)(C)n1nc(-c2ccc(Cl)cc2)c2c(N)ncnc21,ABL1,TNK2,6.76,6.0,=,=
CC(C)(C)c1cc(NC(=O)Nc2ccc(-c3cn4c(n3)sc3cc(OCCN5CCOCC5)ccc34)cc2)no1,ABL1,MAPK9,6.04,5.05,=,=
CCCS(=O)(=O)Nc1ccc(F)c(C(=O)c2c[nH]c3ncc(Cl)cc23)c1F,ABL1,SIK1,5.64,6.28,=,=
CC(=O)NCC(=O)N1C2CCC1c1cc(Nc3ncc(C(F)(F)F)c(NC4CCC4)n3)ccc12,ABL1,MAPK12,6.6,5.8,=,=
COC(=O)c1ccc2c(c1)NC(=O)/C2=C(\Nc1ccc(N(C)C(=O)CN2CCN(C)CC2)cc1)c1ccccc1,AAK1,TXK,7.2,6.07,=,=
CN[C@@H]1C[C@H]2O[C@@](C)([C@@H]1OC)n1c3ccccc3c3c4c(c5c6ccccc6n2c5c31)C(=O)NC4,ABL2,MATK,7.46,6.36,=,=
CC(C)c1cc(CNc2nc(Nc3cc(C4CC4)[nH]n3)cc(N3CCN(C)CC3)n2)on1,ABL2,DDR2,8.1,5.3,=,=
CSc1cccc(Nc2ncc3cc(-c4c(Cl)cccc4Cl)c(=O)n(C)c3n2)c1,ABL2,NEK2,9.16,6.96,=,=
CCS(=O)(=O)N1CCN(c2ccc(Nc3ncc(C(N)=O)c(NC4CC4)n3)cc2)CC1.Cl,AAK1,MAPK9,9.0,5.84,=,=
CC(O)Cn1cc(-c2cnc(N)c3c(-c4ccc(NC(=O)Nc5cccc(F)c5)cc4)csc23)cn1,ABL1,ROCK2,9.1,6.9,=,=
CN(C)CC(=O)N1CCC(c2ccc(NC(=O)c3nc(C#N)c[nH]3)c(C3=CCCCC3)c2)CC1.Cl,ACVR1,PKN1,6.41,5.62,=,=
CC(C)(C)c1ccc2nc(-c3n[nH]c4ccccc34)[nH]c2c1,ABL1,NTRK3,6.8,8.2,=,=
CC(C)n1nc(-c2cc3cc(O)ccc3[nH]2)c2c(N)ncnc21,ACVR1,STK17B,8.4,5.5,=,=
CC(C)n1nc(-c2cc3cc(O)ccc3[nH]2)c2c(N)ncnc21,ABL1,ACVR2A,6.82,7.75,=,=
CC(=O)NCC(=O)N1C2CCC1c1cc(Nc3ncc(C(F)(F)F)c(NC4CCC4)n3)ccc12,ABL1,DYRK3,6.6,5.3,=,=
CN(C)CC(=O)N1CCC(c2ccc(NC(=O)c3nc(C#N)c[nH]3)c(C3=CCCCC3)c2)CC1.Cl,ACVR1,CAMKK1,6.41,5.55,=,=
CC(C)n1nc(-c2cc3cc(O)ccc3[nH]2)c2c(N)ncnc21,ACVR1,SLK,8.4,7.08,=,=
CC(C)n1nc(-c2cc3cc(O)ccc3[nH]2)c2c(N)ncnc21,AAK1,PIK3C2B,5.8,6.66,=,=
CC(=O)NCC(=O)N1C2CCC1c1cc(Nc3ncc(C(F)(F)F)c(NC4CCC4)n3)ccc12,ACVR1,PLK1,6.4,5.1,=,=
C#Cc1cccc(Nc2ncnc3cc(OCCOC)c(OCCOC)cc23)c1,ABL2,CAMK2D,6.7,5.19,=,=
CC(C)(C)c1ccc2nc(-c3n[nH]c4ccccc34)[nH]c2c1,ABL1,CAMK2G,6.8,5.5,=,=
CC1(C)C(=O)N([C@H]2CCc3c(O)cccc32)c2nc(Nc3ccccc3)ncc21,ABL1,NUAK1,5.94,8.3,=,=
CCN1CCN(Cc2ccc(NC(=O)Nc3ccc(Oc4cc(NC)ncn4)cc3)cc2C(F)(F)F)CC1,ABL2,STK39,8.47,5.82,=,=
CC1(C)OCC(=O)Nc2cc(Nc3nc(NCC(F)(F)F)c4occc4n3)ccc21,ABL1,CAMKK2,6.39,5.72,=,=
CC(C)n1nc(-c2cc3cc(O)ccc3[nH]2)c2c(N)ncnc21,ACVR1,HIPK2,8.4,6.46,=,=
CN[C@@H]1C[C@H]2O[C@@](C)([C@@H]1OC)n1c3ccccc3c3c4c(c5c6ccccc6n2c5c31)C(=O)NC4,AAK1,SGK2,8.92,7.82,=,=
CC(C)NCc1ccc(Nc2cc(-c3ccc(-c4ccc(O)cc4O)cc3)[nH]n2)cc1,ABL1,SGK1,5.96,6.54,=,=
CCN1CCN(Cc2ccc(NC(=O)Nc3ccc(Oc4cc(NC)ncn4)cc3)cc2C(F)(F)F)CC1,ABL2,EPHA2,8.47,6.8,=,=
CCN1CCN(Cc2ccc(NC(=O)Nc3ccc(Oc4cc(NC)ncn4)cc3)cc2C(F)(F)F)CC1,ABL2,CDK9,8.47,6.72,=,=
CN1CCN(C2CCN(C(=O)Nc3cc(Oc4ccc(NC(=O)C5(C(=O)Nc6ccc(F)cc6)CC5)c(F)c4)ccn3)CC2)CC1,ABL1,EPHB3,6.2,5.32,=,=
CC(O)Cn1cc(-c2cnc(N)c3c(-c4ccc(NC(=O)Nc5cccc(F)c5)cc4)csc23)cn1,ABL1,PLK3,9.1,5.6,=,=
CN(C)CC(=O)N1CCC(c2ccc(NC(=O)c3nc(C#N)c[nH]3)c(C3=CCCCC3)c2)CC1.Cl,AAK1,PDGFRA,6.28,7.57,=,=
CCN(CC)CCNC(=O)c1c(C)[nH]c(/C=C2\C(=O)Nc3ccc(F)cc32)c1C,ABL2,LRRK2,6.0,7.4,=,=
CCN1CCN(Cc2ccc(NC(=O)c3ccc(C)c(/C=C/c4cnc5[nH]ccc5c4OC)c3)cc2C(F)(F)F)CC1,ABL2,MAP3K20,7.29,6.33,=,=
CCn1cc(-c2ccnc3[nH]c(-c4cccc(CN(C)C)c4)cc23)c(-c2ccc(NC(=O)N(C)C)cc2)n1,ACVR1,SIK1,5.43,7.16,=,=
C=CC(=O)Nc1cc2c(Nc3ccc(F)c(Cl)c3)ncnc2cc1OCCCN1CCOCC1,ABL1,TEC,6.47,5.82,=,=
Nc1ncnc2c1c(-c1cccc(OCc3ccccc3)c1)cn2[C@H]1C[C@H](N2CCC2)C1,ACVR1,ATR,5.92,8.3,=,=
CCN1CCN(Cc2ccc(Nc3ncc(F)c(-c4cc(F)c5nc(C)n(C(C)C)c5c4)n3)nc2)CC1,AAK1,CLK3,6.99,5.13,=,=
CCN1CCN(Cc2ccc(NC(=O)Nc3ccc(Oc4cc(NC)ncn4)cc3)cc2C(F)(F)F)CC1,ABL2,CLK4,8.47,6.54,=,=
CC(Oc1cc(-c2cnn(C3CCNCC3)c2)cnc1N)c1c(Cl)ccc(F)c1Cl,ACVR1,DCLK1,6.35,5.8,=,=
CC(C)n1nc(-c2cc3cc(O)ccc3[nH]2)c2c(N)ncnc21,ACVR1,PIK3CD,8.4,7.25,=,=
C=CC(=O)N[C@H]1CC[C@@H](n2nc(-c3ccc(Oc4ccccc4)cc3)c3c(N)ncnc32)CC1,ABL1,LCK,7.49,9.0,=,=
CC1(C)C(=O)N([C@H]2CCc3c(O)cccc32)c2nc(Nc3ccccc3)ncc21,ABL1,PRKCQ,5.94,5.0,=,=
CN(C)CC(=O)N1CCC(c2ccc(NC(=O)c3nc(C#N)c[nH]3)c(C3=CCCCC3)c2)CC1.Cl,AAK1,BTK,6.28,7.11,=,=
CC(=O)c1cnc2ccc(-c3cc(Cl)c(O)c(Cl)c3)nc2c1N[C@H]1CC[C@H](CN(C)C)CC1,ABL1,PIM1,6.55,7.85,=,=
C=CC(=O)Nc1cc2c(Nc3ccc(F)c(Cl)c3)ncnc2cc1OCCCN1CCOCC1,ABL2,CSNK1D,6.06,5.34,=,=
COC(=O)[C@@]1(O)C[C@H]2O[C@]1(C)n1c3ccccc3c3c4c(c5c6ccccc6n2c5c31)C(=O)NC4,AAK1,TGFBR1,8.3,5.66,=,=
CC(C)c1cc(CNc2nc(Nc3cc(C4CC4)[nH]n3)cc(N3CCN(C)CC3)n2)on1,AAK1,CDK16,6.86,5.98,=,=
CN(C)CC(=O)N1CCC(c2ccc(NC(=O)c3nc(C#N)c[nH]3)c(C3=CCCCC3)c2)CC1.Cl,ACVR1,EPHA5,6.41,5.26,=,=
CN[C@@H]1C[C@H]2O[C@@](C)([C@@H]1OC)n1c3ccccc3c3c4c(c5c6ccccc6n2c5c31)C(=O)NC4,ACVR1,CDK13,6.33,7.16,=,=
COc1cc(Nc2ncc3c(n2)-c2ccc(Cl)cc2C(c2c(F)cccc2OC)=NC3)ccc1C(=O)O,ABL2,PIM3,6.0,5.1,=,=
CC(C)n1nc(-c2cc3cc(O)ccc3[nH]2)c2c(N)ncnc21,ABL2,MTOR,5.92,8.1,=,=
CNC(=O)c1ccccc1Sc1ccc2c(/C=C/c3ccccn3)n[nH]c2c1,AAK1,TEK,5.79,6.51,=,=
CN(C)CC(=O)N1CCC(c2ccc(NC(=O)c3nc(C#N)c[nH]3)c(C3=CCCCC3)c2)CC1.Cl,ABL1,ERN1,6.41,5.24,=,=
CC(C)(C)NS(=O)(=O)c1cncc(-c2ccn3nc(N)nc3c2)c1,AAK1,PIK3CG,5.23,7.76,=,=
COc1cc2c(Oc3ccc(NC(=O)C4(C(=O)Nc5ccc(F)cc5)CC4)cc3F)ccnc2cc1OCCCN1CCOCC1,ABL2,CAMK1,7.42,5.23,=,=
CN[C@@H]1C[C@H]2O[C@@](C)([C@@H]1OC)n1c3ccccc3c3c4c(c5c6ccccc6n2c5c31)C(=O)NC4,ACVR1,MAPK15,6.33,8.07,=,=
CN[C@@H]1C[C@H]2O[C@@](C)([C@@H]1OC)n1c3ccccc3c3c4c(c5c6ccccc6n2c5c31)C(=O)NC4,ABL2,MAPKAPK2,7.46,6.4,=,=
CCN(CC)CCNC(=O)c1c(C)[nH]c(/C=C2\C(=O)Nc3ccc(F)cc32)c1C,ABL2,PRKCA,6.0,5.22,=,=
CN(C)CC(=O)N1CCC(c2ccc(NC(=O)c3nc(C#N)c[nH]3)c(C3=CCCCC3)c2)CC1.Cl,ACVR1,HIPK2,6.41,5.44,=,=
CNC(=O)c1cc(Oc2ccc(NC(=O)Nc3cc(C(C)(C)C)nn3-c3ccc4ncccc4c3)c(F)c2)ccn1,ABL2,MAPK8,6.87,4.58,=,=
CC(=O)c1cnc2ccc(-c3cc(Cl)c(O)c(Cl)c3)nc2c1N[C@H]1CC[C@H](CN(C)C)CC1,AAK1,LATS1,6.76,7.85,=,=
CN1CCN(Cc2ccc(-c3cnc4[nH]cc(-c5ccc6[nH]ccc6c5)c4c3)cc2)CC1,ABL1,CHUK,8.34,6.23,=,=
CCN1CCN(Cc2ccc(NC(=O)Nc3ccc(Oc4cc(NC)ncn4)cc3)cc2C(F)(F)F)CC1,ABL2,CAMKK2,8.47,6.66,=,=
CC1(C)C(=O)N([C@H]2CCc3c(O)cccc32)c2nc(Nc3ccccc3)ncc21,ABL1,MAPK13,5.94,5.0,=,=
CC(=O)NCC(=O)N1C2CCC1c1cc(Nc3ncc(C(F)(F)F)c(NC4CCC4)n3)ccc12,ACVR1,SRC,6.4,7.2,=,=
CCS(=O)(=O)c1cccc(-c2cc(C(=O)NC3CCN(C)CC3)c(C)c3[nH]c4ncc(C)cc4c23)c1,ABL1,EPHB3,6.51,5.63,=,=
CC(=O)NCC(=O)N1[C@@H]2CC[C@H]1c1ccc(Nc3ncc(C(F)(F)F)c(NC4CCC4)n3)cc12,AAK1,ABL1,8.05,5.6,=,=
CC(=O)c1c(C)c2cnc(Nc3ccc(N4CCNCC4)cn3)nc2n(C2CCCC2)c1=O,AAK1,CSNK2A2,5.38,6.31,=,=
CC(C)(C)c1nc(-c2cccc(NS(=O)(=O)c3c(F)cccc3F)c2F)c(-c2ccnc(N)n2)s1,ABL2,PTK6,6.52,5.85,=,=
CCN1CCN(Cc2ccc(NC(=O)Nc3ccc(Oc4cc(NC)ncn4)cc3)cc2C(F)(F)F)CC1,ABL1,MAP3K12,8.0,5.6,=,=
C=CCc1cccc2c(=NO)cc(-c3ccccc3)oc12,ACVR1,MET,5.9,6.5,=,=
CC(C)c1cc(CNc2nc(Nc3cc(C4CC4)[nH]n3)cc(N3CCN(C)CC3)n2)on1,ABL2,PRKD3,8.1,5.73,=,=
CC(C)C[C@H](N)c1cc(C#N)c2cc(-c3ccncc3)ccc2n1,AAK1,GSK3B,8.24,6.95,=,=
CC(C)(C)c1ccc2nc(-c3n[nH]c4ccccc34)[nH]c2c1,ABL1,CHUK,6.8,5.7,=,=
CC(C)n1nc(-c2cc3cc(O)ccc3[nH]2)c2c(N)ncnc21,ACVR1,RPS6KA5,8.4,5.82,=,=
CNS(=O)(=O)c1ccccc1Nc1nc(Nc2cc(OC)c(OC)c(OC)c2)ncc1Cl,ABL1,TSSK2,8.1,7.0,=,=
CC(C)n1nc(-c2cc3cc(O)ccc3[nH]2)c2c(N)ncnc21,ABL1,STK26,6.82,5.43,=,=
CC(C)n1nc(-c2cc3cc(O)ccc3[nH]2)c2c(N)ncnc21,AAK1,EPHA3,5.8,6.41,=,=
COc1cc(N2CCC(N3CCN(C)CC3)CC2)ccc1Nc1ncc(Cl)c(Nc2ccccc2S(=O)(=O)C(C)C)n1,ACVR1,PLK2,7.77,5.92,=,=
CC(C)n1nc(-c2cc3cc(O)ccc3[nH]2)c2c(N)ncnc21,ACVR1,PI4KB,8.4,6.03,=,=
CNC(=O)c1nn(C)c2c1C(C)(C)Cc1cnc(Nc3ccc(N4CCN(C)CC4)cc3)nc1-2,ABL2,CDK1,5.43,7.35,=,=
CC(=O)NCC(=O)N1C2CCC1c1cc(Nc3ncc(C(F)(F)F)c(NC4CCC4)n3)ccc12,ABL1,FGFR1,6.6,7.7,=,=
CC(Oc1cc(-c2cnn(C3CCNCC3)c2)cnc1N)c1c(Cl)ccc(F)c1Cl,ACVR1,NEK4,6.35,5.5,=,=
CCN(CC)CC#Cc1cnc(N)c2c(-c3ccc(NC(=O)Nc4cccc(C)c4)cc3)csc12,ABL1,CAMK1,6.3,5.4,=,=
CC(=O)NCC(=O)N1C2CCC1c1cc(Nc3ncc(C(F)(F)F)c(NC4CCC4)n3)ccc12,ABL1,PLK1,6.6,5.1,=,=
CN(C)CC(=O)N1CCC(c2ccc(NC(=O)c3nc(C#N)c[nH]3)c(C3=CCCCC3)c2)CC1.Cl,AAK1,EPHB4,6.28,5.57,=,=
CN(C)C[C@@H]1CCn2cc(c3ccccc32)C2=C(C(=O)NC2=O)c2cn(c3ccccc23)CCO1,AAK1,PRKG2,6.05,5.51,=,=
CC[C@@](C)(Nc1ccnc(-c2c[nH]c3ncccc23)n1)C(=O)NCC(F)(F)F,AAK1,CDC42BPA,5.37,6.25,=,=
CC(C)(C)c1cc(NC(=O)Nc2ccc(-c3cn4c(n3)sc3cc(OCCN5CCOCC5)ccc34)cc2)no1,ABL1,ZAP70,6.04,4.52,=,=
CC(C)c1cc(CNc2nc(Nc3cc(C4CC4)[nH]n3)cc(N3CCN(C)CC3)n2)on1,ABL2,TBK1,8.1,5.95,=,=
CN(C)CC(=O)N1CCC(c2ccc(NC(=O)c3nc(C#N)c[nH]3)c(C3=CCCCC3)c2)CC1.Cl,ABL2,NUAK2,5.28,6.89,=,=
CNC1CC2OC(C)(C1OC)n1c3ccccc3c3c4c(c5c6ccccc6n2c5c31)C(=O)NC4,ACVR1,PLK1,7.2,5.9,=,=
CC(=O)c1cnc2ccc(-c3cc(Cl)c(O)c(Cl)c3)nc2c1N[C@H]1CC[C@H](CN(C)C)CC1,AAK1,CSNK1G1,6.76,6.18,=,=
CCN(CC)CCNC(=O)c1c(C)[nH]c(/C=C2\C(=O)Nc3ccc(F)cc32)c1C,ABL1,MARK4,6.14,5.44,=,=
CN1CCN(CCOc2cc(OC3CCOCC3)c3c(Nc4c(Cl)ccc5c4OCO5)ncnc3c2)CC1,ABL1,ACVR1B,7.52,6.85,=,=
CCN1CCN(Cc2ccc(NC(=O)Nc3ccc(Oc4cc(NC)ncn4)cc3)cc2C(F)(F)F)CC1,ABL2,CDK4,8.47,6.04,=,=
CC(C)(O)c1cn(-c2ccc3[nH]ncc3c2)nn1,ACVR1,GRK5,4.1,4.7,=,=
CC(=O)NCC(=O)N1[C@@H]2CC[C@H]1c1ccc(Nc3ncc(C(F)(F)F)c(NC4CCC4)n3)cc12,AAK1,IKBKE,8.05,6.1,=,=
C=CC(=O)Nc1cc2c(Nc3ccc(F)c(Cl)c3)ncnc2cc1OCCCN1CCOCC1,ABL1,SRMS,6.47,5.17,=,=
CCNC(=O)c1c(OC)cc(-n2cnc3cc(-c4cnn(C)c4)ccc32)cc1OC,ABL1,SIK3,7.13,8.36,=,=
CC(C)(C)c1nc(-c2cccc(NS(=O)(=O)c3c(F)cccc3F)c2F)c(-c2ccnc(N)n2)s1,ABL2,YES1,6.52,5.89,=,=
COc1cc(Nc2c(C#N)cnc3cc(OCCCN4CCN(C)CC4)c(OC)cc23)c(Cl)cc1Cl,ABL1,TLK2,9.0,5.68,=,=
CCOc1ccn(-c2ccc(F)cc2)c(=O)c1C(=O)Nc1ccc(Oc2ccnc(N)c2Cl)c(F)c1,ABL2,NTRK2,5.82,6.72,=,=
CC(C)n1nc(-c2cc3cc(O)ccc3[nH]2)c2c(N)ncnc21,ACVR1,EPHA6,8.4,6.68,=,=
C1=N/C2=N/c3ccc(OCCN4CCCC4)c(c3)COC/C=C/COCc3cccc(c3)C(=C1)N2,ACVR1,CAMKK2,7.66,5.11,=,=
CC(C)c1cc(CNc2nc(Nc3cc(C4CC4)[nH]n3)cc(N3CCN(C)CC3)n2)on1,AAK1,PRKCA,6.86,5.64,=,=
CC(C)Oc1cc(-n2cnc3ccc(N[C@@H](C)c4ccc(F)cn4)nc32)n[nH]1,ABL1,MAP3K9,8.92,7.35,=,=
C=Cc1ccc(-c2cccc3nnc(N)n23)cc1,ABL1,FGFR1,4.4,5.1,=,=
CC(=O)c1ccccc1-c1ncnc2[nH]ccc12,ABL1,PRKACA,4.1,4.8,=,=
CC(=O)NCC(=O)N1C2CCC1c1cc(Nc3ncc(C(F)(F)F)c(NC4CCC4)n3)ccc12,ACVR1,NTRK3,6.4,7.4,=,=
CN[C@@H]1C[C@H]2O[C@@](C)([C@@H]1OC)n1c3ccccc3c3c4c(c5c6ccccc6n2c5c31)C(=O)NC4,ABL2,PLK3,7.46,6.35,=,=
COc1cc(Nc2ncc(F)c(Nc3ccc4c(n3)NC(=O)C(C)(C)O4)n2)cc(OC)c1OC,ACVR1,CHUK,5.32,6.92,=,=
CCCS(=O)(=O)Nc1ccc(F)c(C(=O)c2c[nH]c3ncc(Cl)cc23)c1F,ABL2,SRMS,5.57,7.68,=,=
CCN1CCN(Cc2ccc(NC(=O)Nc3ccc(Oc4cc(NC)ncn4)cc3)cc2C(F)(F)F)CC1,ABL2,MAPK14,8.47,7.14,=,=
CC(=O)c1cnc2ccc(-c3cc(Cl)c(O)c(Cl)c3)nc2c1N[C@H]1CC[C@H](CN(C)C)CC1,ACVR1B,CDK16,6.71,7.47,=,=
C#Cc1cccc(Nc2ncnc3cc(OCCOC)c(OCCOC)cc23)c1,AAK1,STK17B,5.92,5.03,=,=
CC(C)n1nc(-c2cc3cc(O)ccc3[nH]2)c2c(N)ncnc21,ACVR1,CLK2,8.4,6.0,=,=
CC(C)c1cc(CNc2nc(Nc3cc(C4CC4)[nH]n3)cc(N3CCN(C)CC3)n2)on1,ACVR1,MAP2K2,8.3,5.38,=,=
CC(=O)NCC(=O)N1C2CCC1c1cc(Nc3ncc(C(F)(F)F)c(NC4CCC4)n3)ccc12,ACVR1,FLT1,6.4,8.0,=,=
CN[C@@H]1C[C@H]2O[C@@](C)([C@@H]1OC)n1c3ccccc3c3c4c(c5c6ccccc6n2c5c31)C(=O)NC4,ABL2,DAPK1,7.46,8.03,=,=
COc1cc(N2CCC(N3CCN(C)CC3)CC2)ccc1Nc1ncc(Cl)c(Nc2ccccc2S(=O)(=O)C(C)C)n1,AAK1,PAK2,6.33,5.24,=,=
CN1C/C=C/CCOc2cccc(c2)-c2ccnc(n2)Nc2cccc(c2)C1,ABL1,CDK6,4.49,5.8,=,=
CC(C)c1cc(CNc2nc(Nc3cc(C4CC4)[nH]n3)cc(N3CCN(C)CC3)n2)on1,AAK1,LYN,6.86,5.88,=,=
CC(C)n1nc(-c2cc3cc(O)ccc3[nH]2)c2c(N)ncnc21,ABL1,PIP4K2C,6.82,6.11,=,=
CC(C)n1nc(-c2cc3cc(O)ccc3[nH]2)c2c(N)ncnc21,ACVR1B,CHEK2,7.24,5.54,=,=
C#Cc1cccc(Nc2ncnc3cc(OCCOC)c(OCCOC)cc23)c1,ABL2,PDGFRB,6.7,4.91,=,=
CCN(CC)CCNC(=O)c1c(C)[nH]c(/C=C2\C(=O)Nc3ccc(F)cc32)c1C,AAK1,MAP2K5,7.96,6.39,=,=
CCN(CC)CCNC(=O)c1c(C)[nH]c(/C=C2\C(=O)Nc3ccc(F)cc32)c1C,ABL2,STK3,6.0,7.25,=,=
CC(=O)c1cnc2ccc(-c3cc(Cl)c(O)c(Cl)c3)nc2c1N[C@H]1CC[C@H](CN(C)C)CC1,AAK1,EPHA7,6.76,7.8,=,=
CC(=O)NCC(=O)N1[C@@H]2CC[C@H]1c1ccc(Nc3ncc(C(F)(F)F)c(NC4CCC4)n3)cc12,ABL1,MAP3K11,5.6,7.3,=,=
C=CC(=O)Nc1cc2c(Nc3ccc(F)c(Cl)c3)ncnc2cc1OCCCN1CCOCC1,ABL1,CSNK1G2,6.47,5.73,=,=
CCN1CCN(Cc2ccc(NC(=O)Nc3ccc(Oc4cc(NC)ncn4)cc3)cc2C(F)(F)F)CC1,ABL2,EPHA3,8.47,7.1,=,=
CC(C)n1nc(-c2cc3cc(O)ccc3[nH]2)c2c(N)ncnc21,ACVR1,NLK,8.4,6.32,=,=
CO[C@@H]1[C@H](N(C)CCOCCOCCOCCNC(=O)CCC2=[N+]3C(=Cc4c(C)cc(C)n4[B-]3(F)F)C=C2)C[C@H]2O[C@]1(C)n1c3ccccc3c3c4c(c5c6ccccc6n2c5c31)C(=O)NC4,AAK1,ITK,8.3,6.12,=,=
C1=N/C2=N/c3ccc(OCCN4CCCC4)c(c3)COC/C=C/COCc3cccc(c3)C(=C1)N2,AAK1,CAMKK2,7.38,5.11,=,=
CN1CCN(c2ccc3nc(-c4c(N)c5c(F)cccc5[nH]c4=O)[nH]c3c2)CC1,AAK1,PRKX,6.77,5.8,=,=
CC(C)n1nc(-c2cc3cc(O)ccc3[nH]2)c2c(N)ncnc21,ABL2,STK10,5.92,7.11,=,=
CN[C@@H]1C[C@H]2O[C@@](C)([C@@H]1OC)n1c3ccccc3c3c4c(c5c6ccccc6n2c5c31)C(=O)NC4,AAK1,MAP3K13,8.92,6.68,=,=
CC(C)n1nc(-c2cc3cc(O)ccc3[nH]2)c2c(N)ncnc21,ABL2,KIT,5.92,6.44,=,=
CC(=O)NCC(=O)N1C2CCC1c1cc(Nc3ncc(C(F)(F)F)c(NC4CCC4)n3)ccc12,ACVR1,TAOK1,6.4,7.0,=,=
CC1(C)C(=O)N([C@H]2CCc3c(O)cccc32)c2nc(Nc3ccccc3)ncc21,ACVR1B,CLK2,5.0,6.0,=,=
CCN1CCN(Cc2ccc(NC(=O)Nc3ccc(Oc4cc(NC)ncn4)cc3)cc2C(F)(F)F)CC1,ABL2,LIMK2,8.47,5.75,=,=
CC(C)n1nc(-c2cc3cc(O)ccc3[nH]2)c2c(N)ncnc21,ABL1,BRAF,6.82,5.93,=,=
CN1CCN(c2ccc3nc(-c4c(N)c5c(F)cccc5[nH]c4=O)[nH]c3c2)CC1,ABL1,MYLK,6.64,5.46,=,=
CC(=O)NCC(=O)N1[C@@H]2CC[C@H]1c1ccc(Nc3ncc(C(F)(F)F)c(NC4CCC4)n3)cc12,ABL1,CDK5,5.6,6.32,=,=
CC(C)n1nc(-c2cc3cc(O)ccc3[nH]2)c2c(N)ncnc21,ABL2,CAMK2A,5.92,5.25,=,=
Cc1nc(Nc2n[nH]c3c2CN(C(=O)N[C@H](CN(C)C)c2ccccc2)C3(C)C)c2sccc2n1,ABL2,PRKCI,6.03,4.56,=,=
C=CC(=O)Nc1cc2c(Nc3ccc(F)c(Cl)c3)ncnc2cc1OCCCN1CCOCC1,ABL1,JAK3,6.47,5.95,=,=
C1=N/C2=N/c3ccc(OCCN4CCCC4)c(c3)COC/C=C/COCc3cccc(c3)C(=C1)N2,AAK1,TNK2,7.38,5.03,=,=
CCN1CCN(Cc2ccc(NC(=O)Nc3ccc(Oc4cc(NC)ncn4)cc3)cc2C(F)(F)F)CC1,ABL1,MAP2K4,8.0,6.0,=,=
CC(C)n1nc(-c2cc3cc(O)ccc3[nH]2)c2c(N)ncnc21,AAK1,PIK3CG,5.8,6.63,=,=
CCN(CC)CCNC(=O)c1c(C)[nH]c(/C=C2\C(=O)Nc3ccc(F)cc32)c1C,AAK1,STK17B,7.96,6.96,=,=
COC(=O)c1ccc2c(c1)NC(=O)/C2=C(\Nc1ccc(N(C)C(=O)CN2CCN(C)CC2)cc1)c1ccccc1,AAK1,ZAP70,7.2,5.46,=,=
CO[C@@H]1[C@H](NCCOCCOCCOCCNC(=O)CCC2=[N+]3C(=Cc4c(C)cc(C)n4[B-]3(F)F)C=C2)C[C@H]2O[C@]1(C)n1c3ccccc3c3c4c(c5c6ccccc6n2c5c31)C(=O)NC4,ABL2,CAMK2B,6.28,7.72,=,=
C[C@]12O[C@H](C[C@]1(O)CO)n1c3ccccc3c3c4c(c5c6ccccc6n2c5c31)CNC4=O,ACVR1,CDK6,7.12,5.75,=,=
CC(C)n1nc(-c2cc3cc(O)ccc3[nH]2)c2c(N)ncnc21,AAK1,TNK2,5.8,5.02,=,=
C#Cc1cccc(Nc2ncnc3cc(OCCOC)c(OCCOC)cc23)c1,ABL2,FLT1,6.7,5.36,=,=
CN1CCN(CCOc2cc(OC3CCOCC3)c3c(Nc4c(Cl)ccc5c4OCO5)ncnc3c2)CC1,ABL2,EPHA1,7.04,8.0,=,=
CC(=O)NCC(=O)N1C2CCC1c1cc(Nc3ncc(C(F)(F)F)c(NC4CCC4)n3)ccc12,ACVR1,ITK,6.4,8.4,=,=
COc1cc(N2CCC(N3CCN(C)CC3)CC2)ccc1Nc1ncc(Cl)c(Nc2ccccc2S(=O)(=O)C(C)C)n1,ABL2,PAK1,6.42,5.79,=,=
CC(=O)c1cnc2ccc(-c3cc(Cl)c(O)c(Cl)c3)nc2c1N[C@H]1CC[C@H](CN(C)C)CC1,ACVR1,EPHA7,6.65,7.8,=,=
CC(C)n1nc(-c2cc3cc(O)ccc3[nH]2)c2c(N)ncnc21,ABL1,MARK2,6.82,5.21,=,=
CC(=O)c1cnc2ccc(-c3cc(Cl)c(O)c(Cl)c3)nc2c1N[C@H]1CC[C@H](CN(C)C)CC1,ABL1,STK3,6.55,7.16,=,=
CO[C@@H]1[C@H](NCCOCCOCCOCCNC(=O)CCC2=[N+]3C(=Cc4c(C)cc(C)n4[B-]3(F)F)C=C2)C[C@H]2O[C@]1(C)n1c3ccccc3c3c4c(c5c6ccccc6n2c5c31)C(=O)NC4,AAK1,EPHA8,8.22,5.8,=,=
CN[C@@H]1C[C@H]2O[C@@](C)([C@@H]1OC)n1c3ccccc3c3c4c(c5c6ccccc6n2c5c31)C(=O)NC4,ABL2,LATS2,7.46,8.06,=,=
CNS(=O)(=O)c1ccccc1Nc1nc(Nc2cc(OC)c(OC)c(OC)c2)ncc1Cl,ACVR1,TSSK1A,6.8,8.1,=,=
CC(C)n1nc(-c2cc3cc(O)ccc3[nH]2)c2c(N)ncnc21,AAK1,EPHA6,5.8,6.68,=,=
CCN1CCN(Cc2ccc(NC(=O)Nc3ccc(Oc4cc(NC)ncn4)cc3)cc2C(F)(F)F)CC1,ABL2,SYK,8.47,6.22,=,=
CC(C)n1nc(-c2cc3cc(O)ccc3[nH]2)c2c(N)ncnc21,ACVR1,CAMK1D,8.4,5.82,=,=
CN1CC[C@H](c2c(O)cc(O)c3c(=O)cc(-c4ccccc4Cl)oc23)[C@H](O)C1,AAK1,RPS6KA2,5.28,5.81,=,=
C1=N/C2=N/c3ccc(OCCN4CCCC4)c(c3)COC/C=C/COCc3cccc(c3)C(=C1)N2,AAK1,MAP3K20,7.38,5.53,=,=
CC(C)n1nc(-c2cc3cc(O)ccc3[nH]2)c2c(N)ncnc21,ACVR1,LATS2,8.4,5.4,=,=
COc1cc(N2CCC(N3CCN(C)CC3)CC2)ccc1Nc1ncc(Cl)c(Nc2ccccc2S(=O)(=O)C(C)C)n1,ABL2,PAK2,6.42,5.24,=,=
CC(=O)c1cnc2ccc(-c3cc(Cl)c(O)c(Cl)c3)nc2c1N[C@H]1CC[C@H](CN(C)C)CC1,ABL1,BMPR1B,6.55,8.7,=,=
CN1CC[C@H](c2c(O)cc(O)c3c(=O)cc(-c4ccccc4Cl)oc23)[C@H](O)C1,AAK1,CDK1,5.28,7.52,=,=
CC(O)Cn1cc(-c2cnc(N)c3c(-c4ccc(NC(=O)Nc5cccc(F)c5)cc4)csc23)cn1,ABL1,CAMK2D,9.1,5.3,=,=
CCN(CC)CCNC(=O)c1c(C)[nH]c(/C=C2\C(=O)Nc3ccc(F)cc32)c1C,ABL2,PIM2,6.0,5.3,=,=
CCN1CCN(Cc2ccc(NC(=O)Nc3ccc(Oc4cc(NC)ncn4)cc3)cc2C(F)(F)F)CC1,ABL2,SIK1,8.47,5.77,=,=
CC[C@@H]1C(=O)N(C)c2cnc(Nc3ccc(C(=O)NC4CCN(C)CC4)cc3OC)nc2N1C1CCCC1,AAK1,PRKD1,5.55,6.5,=,=
CC(=O)NCC(=O)N1[C@@H]2CC[C@H]1c1ccc(Nc3ncc(C(F)(F)F)c(NC4CCC4)n3)cc12,ABL1,LATS1,5.6,6.39,=,=
CN[C@@H]1C[C@H]2O[C@@](C)([C@@H]1OC)n1c3ccccc3c3c4c(c5c6ccccc6n2c5c31)C(=O)NC4,ACVR1,CSNK1E,6.33,7.14,=,=
CCN1CCN(Cc2ccc(NC(=O)Nc3ccc(Oc4cc(NC)ncn4)cc3)cc2C(F)(F)F)CC1,ABL2,CLK3,8.47,5.26,=,=
CC(C)n1nc(-c2cc3cc(O)ccc3[nH]2)c2c(N)ncnc21,ACVR1B,AKT3,7.24,5.58,=,=
CCc1nc(C(N)=O)c(Nc2ccc(N3CCC(N4CCN(C)CC4)CC3)c(OC)c2)nc1NC1CCOCC1,ACVR1,RIPK3,7.41,5.88,=,=
CC(C)n1nc(-c2cc3cc(O)ccc3[nH]2)c2c(N)ncnc21,AAK1,ERBB3,5.8,6.92,=,=
CCOc1cc2ncc(C#N)c(Nc3ccc(F)c(Cl)c3)c2cc1NC(=O)/C=C/CN(C)C,AAK1,NEK2,5.46,6.18,=,=
CCN1CCN(Cc2ccc(NC(=O)Nc3ccc(Oc4cc(NC)ncn4)cc3)cc2C(F)(F)F)CC1,ABL2,PRKACA,8.47,5.43,=,=
CC(C)c1c2cc(-c3ccnc(Nc4ccc5c(N6CCN(C)CC6)ccnc5c4)n3)ccc2nn1C,ACVR1,FLT3,6.73,8.66,=,=
CCN1CCN(Cc2ccc(NC(=O)Nc3ccc(Oc4cc(NC)ncn4)cc3)cc2C(F)(F)F)CC1,ABL2,EPHA7,8.47,5.96,=,=
CCN(CC)CCNC(=O)c1c(C)[nH]c(/C=C2\C(=O)Nc3ccc(F)cc32)c1C,AAK1,FGR,7.96,6.55,=,=
CC(C)n1nc(-c2cc3cc(O)ccc3[nH]2)c2c(N)ncnc21,AAK1,PRKDC,5.8,6.39,=,=
CN(C)CC(=O)N1CCC(c2ccc(NC(=O)c3nc(C#N)c[nH]3)c(C3=CCCCC3)c2)CC1.Cl,AAK1,HIPK3,6.28,5.4,=,=
CC(C)n1nc(-c2cc3cc(O)ccc3[nH]2)c2c(N)ncnc21,ABL1,RPS6KA6,6.82,5.67,=,=
CC(C)n1nc(-c2cc3cc(O)ccc3[nH]2)c2c(N)ncnc21,ACVR1B,CLK4,7.24,6.1,=,=
C#Cc1cccc(Nc2ncnc3cc(OCCOC)c(OCCOC)cc23)c1,ABL1,AURKA,6.51,5.66,=,=
CC(C)n1nc(-c2cc3cc(O)ccc3[nH]2)c2c(N)ncnc21,AAK1,BLK,5.8,6.62,=,=
CCN(CC)CCNC(=O)c1c(C)[nH]c(/C=C2\C(=O)Nc3ccc(F)cc32)c1C,AAK1,JAK1,7.96,7.31,=,=
CC(C)n1nc(-c2cc3cc(O)ccc3[nH]2)c2c(N)ncnc21,AAK1,MAP4K2,5.8,7.0,=,=
CN[C@@H]1C[C@H]2O[C@@](C)([C@@H]1OC)n1c3ccccc3c3c4c(c5c6ccccc6n2c5c31)C(=O)NC4,AAK1,IRAK1,8.92,7.39,=,=
CC(C)n1nc(-c2cc3cc(O)ccc3[nH]2)c2c(N)ncnc21,ACVR1,LYN,8.4,6.25,=,=
CC(=O)NCC(=O)N1[C@@H]2CC[C@H]1c1ccc(Nc3ncc(C(F)(F)F)c(NC4CCC4)n3)cc12,ABL1,SYK,5.6,6.17,=,=
CC(C)n1nc(-c2cc3cc(O)ccc3[nH]2)c2c(N)ncnc21,ABL2,ULK2,5.92,5.31,=,=
CN[C@@H]1C[C@H]2O[C@@](C)([C@@H]1OC)n1c3ccccc3c3c4c(c5c6ccccc6n2c5c31)C(=O)NC4,AAK1,ERBB4,8.92,6.81,=,=
CC(C)c1cc(CNc2nc(Nc3cc(C4CC4)[nH]n3)cc(N3CCN(C)CC3)n2)on1,AAK1,FGFR1,6.86,8.05,=,=
CCN(CC)CCNC(=O)c1c(C)[nH]c(/C=C2\C(=O)Nc3ccc(F)cc32)c1C,AAK1,CDK7,7.96,6.48,=,=
CC(C)(C)c1nc(-c2cccc(NS(=O)(=O)c3c(F)cccc3F)c2F)c(-c2ccnc(N)n2)s1,ABL2,IRAK1,6.52,5.81,=,=
C=CC(=O)Nc1cc2c(Nc3ccc(F)c(Cl)c3)ncnc2cc1OCCCN1CCOCC1,ABL1,BMPR1B,6.47,5.58,=,=
CC(C)n1nc(-c2cc3cc(O)ccc3[nH]2)c2c(N)ncnc21,ACVR1,YES1,8.4,6.8,=,=
COc1cc(Nc2ncc(F)c(Nc3ccc4c(n3)NC(=O)C(C)(C)O4)n2)cc(OC)c1OC,ACVR1,MYLK4,5.32,6.09,=,=
CO[C@@H]1[C@H](N(C)C(=O)c2ccccc2)C[C@H]2O[C@]1(C)n1c3ccccc3c3c4c(c5c6ccccc6n2c5c31)C(=O)NC4,AAK1,PAK1,7.32,5.68,=,=
CC(=O)NCC(=O)N1[C@@H]2CC[C@H]1c1ccc(Nc3ncc(C(F)(F)F)c(NC4CCC4)n3)cc12,AAK1,MAP4K2,8.05,5.87,=,=
C#Cc1cccc(Nc2ncnc3cc(OCCOC)c(OCCOC)cc23)c1,ABL1,MAP3K19,6.51,7.6,=,=
CC(C)c1cc(CNc2nc(Nc3cc(C4CC4)[nH]n3)cc(N3CCN(C)CC3)n2)on1,ACVR1,TNIK,8.3,6.74,=,=
CC(=O)NCC(=O)N1C2CCC1c1cc(Nc3ncc(C(F)(F)F)c(NC4CCC4)n3)ccc12,ACVR1,CSF1R,6.4,7.2,=,=
CC(C)n1nc(-c2cc3cc(O)ccc3[nH]2)c2c(N)ncnc21,ABL2,PIM2,5.92,6.62,=,=
CC(=O)Nc1cccc(Nc2ncc3cc(-c4c(Cl)cccc4Cl)c(=O)n(C)c3n2)c1,ABL1,MAPK14,8.3,6.6,=,=
CNC(=O)c1ccccc1Sc1ccc2c(/C=C/c3ccccn3)n[nH]c2c1,ABL2,SRPK1,6.57,5.75,=,=
CN[C@@H]1C[C@H]2O[C@@](C)([C@@H]1OC)n1c3ccccc3c3c4c(c5c6ccccc6n2c5c31)C(=O)NC4,ABL2,CAMK1D,7.46,9.24,=,=
CC(C)n1nc(-c2cc3cc(O)ccc3[nH]2)c2c(N)ncnc21,ABL1,NTRK2,6.82,5.55,=,=
CC1(C)C(=O)N([C@H]2CCc3c(O)cccc32)c2nc(Nc3ccccc3)ncc21,ABL1,MARK4,5.94,7.68,=,=
C#Cc1cccc(Nc2ncnc3cc(OCCOC)c(OCCOC)cc23)c1,ABL1,SIK2,6.51,5.58,=,=
C#Cc1cccc(Nc2ncnc3cc(OCCOC)c(OCCOC)cc23)c1,ABL2,TIE1,6.7,6.07,=,=
CC#CCn1cc(N(CC2CC2)c2nc(C(N)=O)c(-c3cc(C(=O)N(C)C)c[nH]3)s2)cn1,ACVR1B,BMPR2,7.46,5.49,=,=
CC(C)(C)c1nc(-c2cccc(NS(=O)(=O)c3c(F)cccc3F)c2F)c(-c2ccnc(N)n2)s1,ABL2,LYN,6.52,5.87,=,=
CCN(CC)CCNC(=O)c1c(C)[nH]c(/C=C2\C(=O)Nc3ccc(F)cc32)c1C,ABL2,STK39,6.0,6.85,=,=
CO[C@@H]1[C@H](N(C)C(=O)c2ccccc2)C[C@H]2O[C@]1(C)n1c3ccccc3c3c4c(c5c6ccccc6n2c5c31)C(=O)NC4,AAK1,PAK2,7.32,5.48,=,=
CC(C)n1nc(-c2cc3cc(O)ccc3[nH]2)c2c(N)ncnc21,ABL2,PIP5K1C,5.92,7.75,=,=
CCN(CC)CCNC(=O)c1c(C)[nH]c(/C=C2\C(=O)Nc3ccc(F)cc32)c1C,ABL1,ULK2,6.14,7.89,=,=
CN1CC[C@H](c2c(O)cc(O)c3c(=O)cc(-c4ccccc4Cl)oc23)[C@H](O)C1,ACVR1,PRKCH,5.72,6.46,=,=
CCN(CCO)CCCOc1ccc2c(Nc3cc(CC(=O)Nc4cccc(F)c4)[nH]n3)ncnc2c1,AAK1,TIE1,5.52,6.46,=,=
CC(=O)c1cnc2ccc(-c3cc(Cl)c(O)c(Cl)c3)nc2c1N[C@H]1CC[C@H](CN(C)C)CC1,ABL2,CSNK1G2,6.73,7.34,=,=
CCN1CCN(Cc2ccc(NC(=O)Nc3ccc(Oc4cc(NC)ncn4)cc3)cc2C(F)(F)F)CC1,ABL1,EPHA1,8.0,5.27,=,=
CCc1c(-c2ccc(C(C)(C)O)cc2)[nH]c2nccnc12,ACVR1,MINK1,7.4,6.3,=,=
CNC(=O)c1ccccc1Sc1ccc2c(/C=C/c3ccccn3)n[nH]c2c1,ABL2,PAK4,6.57,5.35,=,=
C=CC(=O)N1CCC[C@@H](n2nc(-c3ccc(Oc4ccccc4)cc3)c3c(N)ncnc32)C1,ABL2,TEC,6.04,8.15,=,=
CN1CCN(c2ccc3nc(-c4c(N)c5c(F)cccc5[nH]c4=O)[nH]c3c2)CC1,ABL1,CDK6,6.64,5.55,=,=
CN[C@@H]1C[C@H]2O[C@@](C)([C@@H]1OC)n1c3ccccc3c3c4c(c5c6ccccc6n2c5c31)C(=O)NC4,ABL2,GRK2,7.46,5.97,=,=
CC(O)Cn1cc(-c2cnc(N)c3c(-c4ccc(NC(=O)Nc5cccc(F)c5)cc4)csc23)cn1,ABL1,CHEK2,9.1,5.8,=,=
CC(C)n1nc(-c2cc3cc(O)ccc3[nH]2)c2c(N)ncnc21,AAK1,PRKCE,5.8,8.05,=,=
CC(C)(C)c1ccc2nc(-c3n[nH]c4ccccc34)[nH]c2c1,ABL1,GSK3A,6.8,5.7,=,=
CCN(CC)CCNC(=O)c1c(C)[nH]c(/C=C2\C(=O)Nc3ccc(F)cc32)c1C,ABL1,MAP3K9,6.14,5.47,=,=
CCOc1cc2ncc(C#N)c(Nc3ccc(F)c(Cl)c3)c2cc1NC(=O)/C=C/CN(C)C,ABL1,TXK,6.65,5.26,=,=
CC(C)c1cc(CNc2nc(Nc3cc(C4CC4)[nH]n3)cc(N3CCN(C)CC3)n2)on1,ACVR1,HCK,8.3,5.19,=,=
CCOc1ccc(NC(=O)Nc2ccc(-c3csc4c(-c5cnn(C)c5)cnc(N)c34)cc2)cc1,ABL1,MAPKAPK2,9.2,5.2,=,=
CCN1CCN(Cc2ccc(NC(=O)Nc3ccc(Oc4cc(NC)ncn4)cc3)cc2C(F)(F)F)CC1,ABL2,RPS6KA5,8.47,6.14,=,=
C[C@]12O[C@H](C[C@]1(O)CO)n1c3ccccc3c3c4c(c5c6ccccc6n2c5c31)CNC4=O,ABL2,PRKCI,5.19,5.75,=,=
CCN1CCN(Cc2ccc(NC(=O)Nc3ccc(Oc4cc(NC)ncn4)cc3)cc2C(F)(F)F)CC1,ABL2,MAP2K7,8.47,7.08,=,=
C1=N/C2=N/c3ccc(OCCN4CCCC4)c(c3)COC/C=C/COCc3cccc(c3)C(=C1)N2,ACVR1,TBK1,7.66,4.3,=,=
Cc1ccc(C(=O)Nc2cccc(C(F)(F)F)c2)cc1Nc1nc(-c2cccnc2)nc2nn(C)cc12,ABL1,CSNK2B,6.14,7.05,=,=
C=CC(=O)N1CCC[C@@H](n2nc(-c3ccc(Oc4ccccc4)cc3)c3c(N)ncnc32)C1,ABL1,FGR,7.07,8.64,=,=
CC(C)n1nc(-c2cc3cc(O)ccc3[nH]2)c2c(N)ncnc21,ABL2,DAPK2,5.92,7.03,=,=
CN(C)CC(=O)N1CCC(c2ccc(NC(=O)c3nc(C#N)c[nH]3)c(C3=CCCCC3)c2)CC1.Cl,AAK1,PDPK1,6.28,5.41,=,=
CC(C)n1nc(-c2cc3cc(O)ccc3[nH]2)c2c(N)ncnc21,ACVR1,MAP2K4,8.4,6.09,=,=
CC(C)n1nc(-c2cc3cc(O)ccc3[nH]2)c2c(N)ncnc21,ACVR1,STK16,8.4,5.4,=,=
COc1cc2/c(=N/c3ccc(Br)cc3F)nc[nH]c2cc1OCC1CCN(C)CC1,ACVR1,MAPK6,6.82,5.82,=,=
CC(C)n1nc(-c2cc3cc(O)ccc3[nH]2)c2c(N)ncnc21,AAK1,CDK8,5.8,5.2,=,=
CC(C)n1nc(-c2cc3cc(O)ccc3[nH]2)c2c(N)ncnc21,ABL2,JAK2,5.92,7.96,=,=
CC(C)Oc1cc(Nc2nc(NC(C)c3ccc(F)cn3)ncc2Cl)n[nH]1,ACVR1,MST1R,5.8,6.7,=,=
CC(C)(O)c1cn(-c2ccc3[nH]ncc3c2)nn1,ACVR1,PRKX,4.1,4.7,=,=
CC(C)n1nc(-c2cc3cc(O)ccc3[nH]2)c2c(N)ncnc21,ACVR1,MAP3K20,8.4,5.75,=,=
CCN1CCN(Cc2ccc(NC(=O)Nc3ccc(Oc4cc(NC)ncn4)cc3)cc2C(F)(F)F)CC1,ABL1,MAP3K13,8.0,6.13,=,=
CN1CCN(c2ccc3nc(-c4c(N)c5c(F)cccc5[nH]c4=O)[nH]c3c2)CC1,AAK1,NEK4,6.77,5.44,=,=
CN1CCN(CCOc2cc(OC3CCOCC3)c3c(Nc4c(Cl)ccc5c4OCO5)ncnc3c2)CC1,ACVR1B,CDK2,6.85,5.0,=,=
CC(C)c1cc(CNc2nc(Nc3cc(C4CC4)[nH]n3)cc(N3CCN(C)CC3)n2)on1,ABL2,MAP4K3,8.1,6.28,=,=
C1=N/C2=N/c3ccc(OCCN4CCCC4)c(c3)COC/C=C/COCc3cccc(c3)C(=C1)N2,ACVR1,TNK1,7.66,6.05,=,=
CC(=O)NCC(=O)N1C2CCC1c1cc(Nc3ncc(C(F)(F)F)c(NC4CCC4)n3)ccc12,ACVR1,JAK2,6.4,8.4,=,=
CC(C)n1nc(-c2cc3cc(O)ccc3[nH]2)c2c(N)ncnc21,AAK1,RIOK2,5.8,5.04,=,=
Cc1cc(Nc2cc(N3CCN(C)CC3)nc(Sc3ccc(NC(=O)C4CC4)cc3)n2)n[nH]1,ACVR1,PRKCZ,5.72,5.1,=,=
CN1CC[C@H](c2c(O)cc(O)c3c(=O)cc(-c4ccccc4Cl)oc23)[C@H](O)C1,AAK1,PRKCE,5.28,6.37,=,=
CN(C)CC(=O)N1CCC(c2ccc(NC(=O)c3nc(C#N)c[nH]3)c(C3=CCCCC3)c2)CC1.Cl,ABL1,ACVRL1,6.41,5.72,=,=
C1=N/C2=N/c3ccc(OCCN4CCCC4)c(c3)COC/C=C/COCc3cccc(c3)C(=C1)N2,ACVR1,TAOK1,7.66,5.66,=,=
CCOc1cc2ncc(C#N)c(Nc3ccc(F)c(Cl)c3)c2cc1NC(=O)/C=C/CN(C)C,ABL2,DYRK1B,6.62,5.4,=,=
CC(N)C1CCC(C(=O)Nc2ccnc3[nH]ccc23)CC1,ACVR1,PKN2,6.0,6.7,=,=
CC(C)n1nc(-c2cc3cc(O)ccc3[nH]2)c2c(N)ncnc21,ACVR1,EPHA3,8.4,6.41,=,=
CC(=O)c1cnc2ccc(-c3cc(Cl)c(O)c(Cl)c3)nc2c1N[C@H]1CC[C@H](CN(C)C)CC1,ACVR1,PTK2B,6.65,7.52,=,=
C[C@@H](Oc1cc(-c2cnn(C3CCNCC3)c2)cnc1N)c1c(Cl)ccc(F)c1Cl,ACVR1,RIPK3,6.36,5.17,=,=
CC(=O)c1cnc2ccc(-c3cc(Cl)c(O)c(Cl)c3)nc2c1N[C@H]1CC[C@H](CN(C)C)CC1,ABL1,PRKD2,6.55,7.16,=,=
CC(C)Oc1cc(-n2cnc3ccc(N[C@@H](C)c4ccc(F)cn4)nc32)n[nH]1,ABL1,ALK,8.92,7.47,=,=
CCS(=O)(=O)N1CC(CC#N)(n2cc(-c3ncnc4[nH]ccc34)cn2)C1,AAK1,MAP3K1,8.09,5.72,=,=
CN(C)CC(=O)N1CCC(c2ccc(NC(=O)c3nc(C#N)c[nH]3)c(C3=CCCCC3)c2)CC1.Cl,AAK1,LATS2,6.28,5.68,=,=
CO[C@@H]1[C@H](NCCOCCOCCOCCNC(=O)CCC2=[N+]3C(=Cc4c(C)cc(C)n4[B-]3(F)F)C=C2)C[C@H]2O[C@]1(C)n1c3ccccc3c3c4c(c5c6ccccc6n2c5c31)C(=O)NC4,AAK1,PRKCZ,8.22,5.9,=,=
CCN1CCN(Cc2ccc(NC(=O)Nc3ccc(Oc4cc(NC)ncn4)cc3)cc2C(F)(F)F)CC1,ABL2,AURKB,8.47,5.36,=,=
CC(C)(C)c1ccc2nc(-c3n[nH]c4ccccc34)[nH]c2c1,ABL1,FRK,6.8,6.2,=,=
C#Cc1cccc(Nc2ncnc3cc(OCCOC)c(OCCOC)cc23)c1,AAK1,MAPK10,5.92,5.37,=,=
CCN(CC)CCNC(=O)c1c(C)[nH]c(/C=C2\C(=O)Nc3ccc(F)cc32)c1C,AAK1,EGFR,7.96,5.17,=,=
COc1cc2nccc(Oc3ccc(NC(=O)Nc4cc(C)on4)c(Cl)c3)c2cc1OC,ABL2,MAPK3,6.52,9.89,=,=
CC1(C)CNc2cc(NC(=O)c3cccnc3NCc3ccncc3)ccc21,ABL1,TNNI3K,5.41,6.66,=,=
CN[C@@H]1C[C@H]2O[C@@](C)([C@@H]1OC)n1c3ccccc3c3c4c(c5c6ccccc6n2c5c31)C(=O)NC4,ACVR1,BMX,6.33,7.49,=,=
CCN(CC)CCNC(=O)c1c(C)[nH]c(/C=C2\C(=O)Nc3ccc(F)cc32)c1C,AAK1,NEK2,7.96,5.85,=,=
C=CC(=O)Nc1cc2c(Nc3ccc(F)c(Cl)c3)ncnc2cc1OCCCN1CCOCC1,ACVR1,MAP4K2,5.77,6.48,=,=
CC(C)C[C@](C)(N)COc1ccc(-c2ccnc(C(F)F)c2)cc1C(F)F,AAK1,PRKG2,9.29,6.38,=,=
COCCN1CCN(Cc2ccc(-c3n[nH]c4c3C(=O)c3c(NC(=O)NN5CCOCC5)cccc3-4)cc2)CC1,AAK1,TGFBR2,7.66,7.1,=,=
CCN1CCN(Cc2ccc(NC(=O)Nc3ccc(Oc4cc(NC)ncn4)cc3)cc2C(F)(F)F)CC1,ABL2,CSNK1G1,8.47,6.0,=,=
C=CC(=O)N[C@H]1CC[C@@H](n2nc(-c3ccc(Oc4ccccc4)cc3)c3c(N)ncnc32)CC1,ABL1,HCK,7.49,9.0,=,=
C#Cc1cccc(Nc2ncnc3cc(OCCOC)c(OCCOC)cc23)c1,ABL1,AXL,6.51,5.4,=,=
CC(C)n1nc(-c2cc3cc(O)ccc3[nH]2)c2c(N)ncnc21,AAK1,MARK2,5.8,5.21,=,=
CC(C)c1cc(CNc2nc(Nc3cc(C4CC4)[nH]n3)cc(N3CCN(C)CC3)n2)on1,ACVR1,TEC,8.3,7.35,=,=
CCCC(=O)Nc1cccc(-c2nc(Nc3ccc4[nH]ncc4c3)c3cc(OCCN4CCCC4)ccc3n2)c1,ACVR1,PRKCQ,5.4,6.2,=,=
CCN(CC)CCNC(=O)c1c(C)[nH]c(/C=C2\C(=O)Nc3ccc(F)cc32)c1C,AAK1,CAMK1D,7.96,6.29,=,=
CC(=O)c1cccc(-c2cnc3[nH]ccc3c2)c1,ACVR1,FES,5.4,6.4,=,=
CC(C)c1cc(CNc2nc(Nc3cc(C4CC4)[nH]n3)cc(N3CCN(C)CC3)n2)on1,AAK1,CAMKK2,6.86,5.63,=,=
CCN1CCN(Cc2ccc(NC(=O)Nc3ccc(Oc4cc(NC)ncn4)cc3)cc2C(F)(F)F)CC1,ABL2,BMX,8.47,5.24,=,=
CC(C)c1cc(CNc2nc(Nc3cc(C4CC4)[nH]n3)cc(N3CCN(C)CC3)n2)on1,ACVR1,CSNK2A2,8.3,5.61,=,=
CCN1CCN(Cc2ccc(NC(=O)Nc3ccc(Oc4cc(NC)ncn4)cc3)cc2C(F)(F)F)CC1,ABL1,MAPK15,8.0,7.03,=,=
CC(Oc1cc(-c2cnn(C3CCNCC3)c2)cnc1N)c1c(Cl)ccc(F)c1Cl,ACVR1,MET,6.35,7.77,=,=
CCS(=O)(=O)N1CCN(c2ccc(Nc3ncc(C(N)=O)c(NC4CC4)n3)cc2)CC1.Cl,AAK1,SIK2,9.0,6.89,=,=
CCN(CC)CCNC(=O)c1c(C)[nH]c(/C=C2\C(=O)Nc3ccc(F)cc32)c1C,AAK1,CAMK2A,7.96,7.1,=,=
CN1CCN(c2ccc3nc(-c4c(N)c5c(F)cccc5[nH]c4=O)[nH]c3c2)CC1,ABL2,ULK1,5.98,6.7,=,=
C=CC(=O)N[C@H]1CC[C@@H](n2nc(-c3ccc(Oc4ccccc4)cc3)c3c(N)ncnc32)CC1,ABL1,JAK3,7.49,5.08,=,=
CC(=O)NCC(=O)N1[C@@H]2CC[C@H]1c1ccc(Nc3ncc(C(F)(F)F)c(NC4CCC4)n3)cc12,ABL1,CHEK1,5.6,6.38,=,=
C#Cc1cccc(Nc2ncnc3cc(OCCOC)c(OCCOC)cc23)c1,ABL1,BMP2K,6.51,5.83,=,=
CC(C)c1cc(CNc2nc(Nc3cc(C4CC4)[nH]n3)cc(N3CCN(C)CC3)n2)on1,ABL2,CDK16,8.1,5.98,=,=
CC(C)Oc1cc(Nc2nc(NC(C)c3ccc(F)cn3)ncc2Cl)n[nH]1,ACVR1,PTK2,5.8,7.5,=,=
CC(=O)c1cnc2ccc(-c3cc(Cl)c(O)c(Cl)c3)nc2c1N[C@H]1CC[C@H](CN(C)C)CC1,ABL1,EPHA5,6.55,7.12,=,=
CCN(CC)CCNC(=O)c1c(C)[nH]c(/C=C2\C(=O)Nc3ccc(F)cc32)c1C,AAK1,PIK3CG,7.96,4.89,=,=
C#Cc1cccc(Nc2ncnc3cc(OCCOC)c(OCCOC)cc23)c1,ABL2,EPHA3,6.7,5.62,=,=
C#Cc1cccc(Nc2ncnc3cc(OCCOC)c(OCCOC)cc23)c1,ABL1,PDGFRB,6.51,4.91,=,=
CN[C@@H]1C[C@H]2O[C@@](C)([C@@H]1OC)n1c3ccccc3c3c4c(c5c6ccccc6n2c5c31)C(=O)NC4,ACVR1,GRK6,6.33,7.29,=,=
CCN(CC)CCNC(=O)c1c(C)[nH]c(/C=C2\C(=O)Nc3ccc(F)cc32)c1C,ABL2,RIOK2,6.0,7.31,=,=
CN[C@@H]1C[C@H]2O[C@@](C)([C@@H]1OC)n1c3ccccc3c3c4c(c5c6ccccc6n2c5c31)C(=O)NC4,AAK1,MAPK6,8.92,5.51,=,=
CC(=O)c1cnc2ccc(-c3cc(Cl)c(O)c(Cl)c3)nc2c1N[C@H]1CC[C@H](CN(C)C)CC1,AAK1,DYRK1A,6.76,8.3,=,=
CC(C)c1cc(CNc2nc(Nc3cc(C4CC4)[nH]n3)cc(N3CCN(C)CC3)n2)on1,ABL2,MAP2K1,8.1,5.15,=,=
CN[C@@H]1C[C@H]2O[C@@](C)([C@@H]1OC)n1c3ccccc3c3c4c(c5c6ccccc6n2c5c31)C(=O)NC4,ACVR1,PIP5K1C,6.33,5.57,=,=
CO[C@@H]1[C@H](N(C)CCOCCOCCOCCNC(=O)CCC2=[N+]3C(=Cc4c(C)cc(C)n4[B-]3(F)F)C=C2)C[C@H]2O[C@]1(C)n1c3ccccc3c3c4c(c5c6ccccc6n2c5c31)C(=O)NC4,ABL2,PRKG2,6.02,7.36,=,=
CC(C)n1nc(-c2cc3cc(O)ccc3[nH]2)c2c(N)ncnc21,ACVR1,BMP2K,8.4,5.22,=,=
CC(C)n1nc(-c2cc3cc(O)ccc3[nH]2)c2c(N)ncnc21,AAK1,JAK3,5.8,7.07,=,=
CC(C)n1nc(-c2cc3cc(O)ccc3[nH]2)c2c(N)ncnc21,ACVR1,EPHB4,8.4,5.47,=,=
C#Cc1cn(C2CCCC2)c2ncnc(N)c12,ABL1,DAPK3,6.0,5.4,=,=
CC(C)(C)n1nc(-c2ccc(Cl)cc2)c2c(N)ncnc21,ABL1,MAPK8,6.76,5.4,=,=
C=CC(=O)Nc1cc2c(Nc3ccc(F)c(Cl)c3)ncnc2cc1OCCCN1CCOCC1,ABL2,PDGFRB,6.06,5.12,=,=
CCc1ccc2nccc(NC(=O)Nc3cccc(C(F)(F)F)n3)c2c1,ACVR1,KIT,6.1,6.7,=,=
CN1CC[C@H](c2c(O)cc(O)c3c(=O)cc(-c4ccccc4Cl)oc23)[C@H](O)C1,AAK1,CLK3,5.28,5.8,=,=
CC(=O)c1cnc2ccc(-c3cc(Cl)c(O)c(Cl)c3)nc2c1N[C@H]1CC[C@H](CN(C)C)CC1,ABL2,IRAK3,6.73,7.92,=,=
CC(C)c1cc(CNc2nc(Nc3cc(C4CC4)[nH]n3)cc(N3CCN(C)CC3)n2)on1,ABL2,EPHB2,8.1,5.6,=,=
COc1cc(Nc2ncc(F)c(Nc3ccc4c(n3)NC(=O)C(C)(C)O4)n2)cc(OC)c1OC,AAK1,CDC7,6.39,8.1,=,=
C#Cc1cccc(Nc2ncnc3cc(OCCOC)c(OCCOC)cc23)c1,ABL2,KIT,6.7,5.8,=,=
CC(C)c1cc(CNc2nc(Nc3cc(C4CC4)[nH]n3)cc(N3CCN(C)CC3)n2)on1,AAK1,SRC,6.86,6.34,=,=
C#Cc1cn(C2CCCC2)c2ncnc(N)c12,ABL1,CLK2,6.0,6.9,=,=
COc1cc(N2CCC(N3CCN(C)CC3)CC2)ccc1Nc1ncc(Cl)c(Nc2ccccc2S(=O)(=O)C(C)C)n1,ACVR1,STK33,7.77,8.49,=,=
CN(C)CC(=O)N1CCC(c2ccc(NC(=O)c3nc(C#N)c[nH]3)c(C3=CCCCC3)c2)CC1.Cl,AAK1,CAMKK1,6.28,5.55,=,=
CC(=O)NCC(=O)N1[C@@H]2CC[C@H]1c1ccc(Nc3ncc(C(F)(F)F)c(NC4CCC4)n3)cc12,ABL1,MAP3K3,5.6,6.61,=,=
C=CC(=O)Nc1cc2c(Nc3ccc(F)c(Cl)c3)ncnc2cc1OCCCN1CCOCC1,ACVR1,TNNI3K,5.77,5.25,=,=
CN[C@@H]1C[C@H]2O[C@@](C)([C@@H]1OC)n1c3ccccc3c3c4c(c5c6ccccc6n2c5c31)C(=O)NC4,ABL2,MARK1,7.46,9.38,=,=
CCN1CCN(Cc2ccc(NC(=O)Nc3ccc(Oc4cc(NC)ncn4)cc3)cc2C(F)(F)F)CC1,ABL2,CHUK,8.47,7.39,=,=
CC(C)c1cc(CNc2nc(Nc3cc(C4CC4)[nH]n3)cc(N3CCN(C)CC3)n2)on1,ABL1,TGFBR1,7.85,6.64,=,=
CCN(CC)CCNC(=O)c1c(C)[nH]c(/C=C2\C(=O)Nc3ccc(F)cc32)c1C,AAK1,BMPR2,7.96,6.24,=,=
CC(C)c1cc(CNc2nc(Nc3cc(C4CC4)[nH]n3)cc(N3CCN(C)CC3)n2)on1,ACVR1,MAP3K11,8.3,5.54,=,=
CC(C)n1nc(-c2cc3cc(O)ccc3[nH]2)c2c(N)ncnc21,ACVR1,CLK1,8.4,6.04,=,=
CNC(=O)c1cc(Oc2ccc(NC(=O)Nc3ccc(Cl)c(C(F)(F)F)c3)cc2)ccn1,ABL2,MKNK2,5.54,6.74,=,=
CN[C@@H]1C[C@H]2O[C@@](C)([C@@H]1OC)n1c3ccccc3c3c4c(c5c6ccccc6n2c5c31)C(=O)NC4,AAK1,MYLK4,8.92,7.26,=,=
CCN1CCN(Cc2ccc(NC(=O)Nc3ccc(Oc4cc(NC)ncn4)cc3)cc2C(F)(F)F)CC1,ABL2,LATS2,8.47,5.52,=,=
Nc1nc(N)c2nc(-c3cccc(O)c3)c(-c3cccc(O)c3)nc2n1,AAK1,PIP4K2A,5.77,5.15,=,=
CC(C)c1cc(CNc2nc(Nc3cc(C4CC4)[nH]n3)cc(N3CCN(C)CC3)n2)on1,ACVR1,EPHA7,8.3,7.77,=,=
CC(=O)NCC(=O)N1C2CCC1c1cc(Nc3ncc(C(F)(F)F)c(NC4CCC4)n3)ccc12,ABL1,RPS6KA3,6.6,8.0,=,=
CC(=O)NCC(=O)N1C2CCC1c1cc(Nc3ncc(C(F)(F)F)c(NC4CCC4)n3)ccc12,ABL1,SYK,6.6,7.5,=,=
CCS(=O)(=O)N1CC(CC#N)(n2cc(-c3ncnc4[nH]ccc34)cn2)C1,AAK1,PRKCD,8.09,5.97,=,=
CN[C@@H]1C[C@H]2O[C@@](C)([C@@H]1OC)n1c3ccccc3c3c4c(c5c6ccccc6n2c5c31)C(=O)NC4,ACVR1,BRAF,6.33,8.06,=,=
CC(=O)c1c(C)c2cnc(Nc3ccc(N4CCNCC4)cn3)nc2n(C2CCCC2)c1=O,AAK1,DAPK3,5.38,6.9,=,=
CN[C@@H]1C[C@H]2O[C@@](C)([C@@H]1OC)n1c3ccccc3c3c4c(c5c6ccccc6n2c5c31)C(=O)NC4,AAK1,ZAP70,8.92,7.91,=,=
CSc1cccc(Nc2ncc3cc(-c4c(Cl)cccc4Cl)c(=O)n(C)c3n2)c1,ACVR1B,CDC42BPA,7.02,5.89,=,=
COc1cc(N2CCC(N3CCN(C)CC3)CC2)ccc1Nc1ncc(Cl)c(Nc2ccccc2S(=O)(=O)C(C)C)n1,ACVR1,PRKCE,7.77,5.7,=,=
CCS(=O)(=O)N1CC(CC#N)(n2cc(-c3ncnc4[nH]ccc34)cn2)C1,AAK1,EIF2AK1,8.09,6.47,=,=
CNC(=O)c1cc(Oc2ccc(NC(=O)Nc3ccc(Cl)c(C(F)(F)F)c3)cc2)ccn1,ABL2,MAPK1,5.54,6.96,=,=
Cc1ccc(C(=O)Nc2cccc(C(F)(F)F)c2)cc1Nc1nc(-c2cccnc2)nc2c1cnn2C,ABL2,AKT3,6.46,8.27,=,=
COc1cc2c(Oc3ccc(NC(=O)C4(C(=O)Nc5ccc(F)cc5)CC4)cc3F)ccnc2cc1OCCCN1CCOCC1,ABL2,CDK13,7.42,6.68,=,=
CCN(CC)CCNC(=O)c1c(C)[nH]c(/C=C2\C(=O)Nc3ccc(F)cc32)c1C,ABL2,HIPK2,6.0,7.51,=,=
CC(C)n1nc(-c2cc3cc(O)ccc3[nH]2)c2c(N)ncnc21,ACVR1,FGFR4,8.4,5.96,=,=
CC(=O)c1c(C)c2cnc(Nc3ccc(N4CCNCC4)cn3)nc2n(C2CCCC2)c1=O,AAK1,RPS6KA3,5.38,6.1,=,=
CN1CC[C@H](c2c(O)cc(O)c3c(=O)cc(-c4ccccc4Cl)oc23)[C@H](O)C1,AAK1,ULK2,5.28,6.33,=,=
C#Cc1cccc(Nc2ncnc3cc(OCCOC)c(OCCOC)cc23)c1,ABL2,EGFR,6.7,7.64,=,=
Cc1ccc(C(=O)Nc2cccc(C(F)(F)F)c2)cc1Nc1nc(-c2cccnc2)nc2nn(C)cc12,ABL1,GRK6,6.14,5.62,=,=
CC(C)c1cc(CNc2nc(Nc3cc(C4CC4)[nH]n3)cc(N3CCN(C)CC3)n2)on1,ABL1,EPHA5,7.85,7.09,=,=
CNC(=O)c1cc(Oc2ccc(NC(=O)Nc3cc(C(C)(C)C)nn3-c3ccc4ncccc4c3)c(F)c2)ccn1,ABL1,DYRK3,8.7,6.15,=,=
CCOc1cc2ncc(C#N)c(Nc3ccc(F)c(Cl)c3)c2cc1NC(=O)/C=C/CN(C)C,ABL2,PAK1,6.62,5.57,=,=
CC(C)c1cc(CNc2nc(Nc3cc(C4CC4)[nH]n3)cc(N3CCN(C)CC3)n2)on1,ABL1,ULK3,7.85,6.31,=,=
CC(C)c1cc(CNc2nc(Nc3cc(C4CC4)[nH]n3)cc(N3CCN(C)CC3)n2)on1,ABL1,MAP2K1,7.85,5.15,=,=
CCN(CC)CCNC(=O)c1c(C)[nH]c(/C=C2\C(=O)Nc3ccc(F)cc32)c1C,AAK1,PTK6,7.96,5.34,=,=
CC(=O)c1cnc2ccc(-c3cc(Cl)c(O)c(Cl)c3)nc2c1N[C@H]1CC[C@H](CN(C)C)CC1,ABL2,TAOK1,6.73,7.77,=,=
CC(C)c1cc(CNc2nc(Nc3cc(C4CC4)[nH]n3)cc(N3CCN(C)CC3)n2)on1,ABL1,TNK2,7.85,7.12,=,=
CN1CCN(c2ccc(-c3cnc4c(-c5ccnc6ccccc56)cnn4c3)cc2)CC1,ACVR1B,BMPR2,6.74,5.63,=,=
CC(=O)c1cnc2ccc(-c3cc(Cl)c(O)c(Cl)c3)nc2c1N[C@H]1CC[C@H](CN(C)C)CC1,AAK1,DDR2,6.76,5.64,=,=
CC(C)(C)OC(=O)n1ccc2cc(-c3nn(C4CCCC4)c4ncnc(N)c34)ccc21,ABL1,PI4KB,6.04,4.0,=,=
Cc1ccc(C(=O)Nc2cccc(C(F)(F)F)c2)cc1Nc1nc(-c2cccnc2)nc2c1cnn2C,AAK1,MAPK3,5.38,7.52,=,=
CC(=O)c1cccc(-c2cnc3[nH]ccc3c2)c1,ACVR1,MAP4K4,5.4,6.3,=,=
CCN(CC)CCNC(=O)c1c(C)[nH]c(/C=C2\C(=O)Nc3ccc(F)cc32)c1C,ABL2,MAP3K7,6.0,7.03,=,=
C#Cc1cccc(Nc2ncnc3cc(OCCOC)c(OCCOC)cc23)c1,ABL2,RIPK2,6.7,6.17,=,=
CN[C@@H]1C[C@H]2O[C@@](C)([C@@H]1OC)n1c3ccccc3c3c4c(c5c6ccccc6n2c5c31)C(=O)NC4,AAK1,MAP3K9,8.92,8.41,=,=
CCN1CCN(Cc2ccc(NC(=O)Nc3ccc(Oc4cc(NC)ncn4)cc3)cc2C(F)(F)F)CC1,ABL2,ULK2,8.47,6.44,=,=
CC(Oc1cc(-c2cnn(C3CCNCC3)c2)cnc1N)c1c(Cl)ccc(F)c1Cl,ABL1,FES,6.45,7.3,=,=
CN[C@@H]1C[C@H]2O[C@@](C)([C@@H]1OC)n1c3ccccc3c3c4c(c5c6ccccc6n2c5c31)C(=O)NC4,AAK1,MAP3K14,8.92,5.64,=,=
CC(=O)c1cnc2ccc(-c3cc(Cl)c(O)c(Cl)c3)nc2c1N[C@H]1CC[C@H](CN(C)C)CC1,AAK1,TAOK3,6.76,7.68,=,=
CCCC(=O)Nc1cccc(-c2nc(Nc3ccc4[nH]ncc4c3)c3cc(OCCN4CCCC4)ccc3n2)c1,ACVR1,SGK2,5.4,6.3,=,=
CCN(CC)CCNC(=O)c1c(C)[nH]c(/C=C2\C(=O)Nc3ccc(F)cc32)c1C,ABL1,MYLK4,6.14,7.82,=,=
CC(C)c1cc(CNc2nc(Nc3cc(C4CC4)[nH]n3)cc(N3CCN(C)CC3)n2)on1,ACVR1,CAMKK2,8.3,5.63,=,=
CN(C)CC(=O)N1CCC(c2ccc(NC(=O)c3nc(C#N)c[nH]3)c(C3=CCCCC3)c2)CC1.Cl,ACVR1,DCLK1,6.41,5.08,=,=
C=CC(=O)Nc1cc2c(Nc3ccc(F)c(Cl)c3)ncnc2cc1OCCCN1CCOCC1,ABL1,IRAK3,6.47,5.52,=,=
CCN1CCN(Cc2ccc(NC(=O)Nc3ccc(Oc4cc(NC)ncn4)cc3)cc2C(F)(F)F)CC1,ABL2,EPHB2,8.47,6.89,=,=
CC(=O)NCC(=O)N1C2CCC1c1cc(Nc3ncc(C(F)(F)F)c(NC4CCC4)n3)ccc12,ACVR1,CSNK1G1,6.4,5.4,=,=
C#Cc1cccc(Nc2ncnc3cc(OCCOC)c(OCCOC)cc23)c1,ABL1,EGFR,6.51,7.64,=,=
CC(=O)c1cccc(-c2cnc3[nH]ccc3c2)c1,ACVR1,FER,5.4,6.9,=,=
COC(=O)[C@@]1(O)C[C@H]2O[C@]1(C)n1c3ccccc3c3c4c(c5c6ccccc6n2c5c31)C(=O)NC4,ACVR1B,CDK3,4.82,7.5,=,=
CNC1CC2OC(C)(C1OC)n1c3ccccc3c3c4c(c5c6ccccc6n2c5c31)C(=O)NC4,ACVR1,CSNK2A1,7.2,5.8,=,=
CCN1CCN(Cc2ccc(NC(=O)Nc3ccc(Oc4cc(NC)ncn4)cc3)cc2C(F)(F)F)CC1,ABL1,STK33,8.0,5.92,=,=
CN[C@@H]1C[C@H]2O[C@@](C)([C@@H]1OC)n1c3ccccc3c3c4c(c5c6ccccc6n2c5c31)C(=O)NC4,ABL2,TSSK1A,7.46,10.22,=,=
CNC(=O)c1nn(C)c2c1C(C)(C)Cc1cnc(Nc3ccc(N4CCN(C)CC4)cc3)nc1-2,ABL2,WEE1,5.43,7.87,=,=
C1=N/C2=N/c3ccc(OCCN4CCCC4)c(c3)COC/C=C/COCc3cccc(c3)C(=C1)N2,ACVR1,PDGFRB,7.66,5.57,=,=
C#Cc1cccc(Nc2ncnc3cc(OCCOC)c(OCCOC)cc23)c1,ABL1,PIP4K2C,6.51,6.0,=,=
CN[C@@H]1C[C@H]2O[C@@](C)([C@@H]1OC)n1c3ccccc3c3c4c(c5c6ccccc6n2c5c31)C(=O)NC4,ABL2,PRKCE,7.46,9.0,=,=
Cn1c(=O)n(-c2ccc(C(C)(C)C#N)cc2)c2c3cc(-c4cnc5ccccc5c4)ccc3ncc21,ACVR1,MTOR,5.9,7.7,=,=
C#Cc1cccc(Nc2ncnc3cc(OCCOC)c(OCCOC)cc23)c1,ABL1,MAP3K2,6.51,5.6,=,=
CC(=O)c1cnc2ccc(-c3cc(Cl)c(O)c(Cl)c3)nc2c1N[C@H]1CC[C@H](CN(C)C)CC1,ABL2,LATS1,6.73,7.85,=,=
CCN(CC)CCNC(=O)c1c(C)[nH]c(/C=C2\C(=O)Nc3ccc(F)cc32)c1C,AAK1,SRC,7.96,5.68,=,=
CC(C)(C)n1nc(Cc2cccc3ccccc23)c2c(N)ncnc21,ABL1,PRKD1,5.11,6.29,=,=
CCOc1cc2ncc(C#N)c(Nc3ccc(F)c(Cl)c3)c2cc1NC(=O)/C=C/CN(C)C,AAK1,YES1,5.46,6.02,=,=
CCN1CCN(Cc2ccc(NC(=O)Nc3ccc(Oc4cc(NC)ncn4)cc3)cc2C(F)(F)F)CC1,ABL2,HIPK1,8.47,6.77,=,=
CC(C)(C)c1ccc2nc(-c3n[nH]c4ccccc34)[nH]c2c1,ABL1,PRKCD,6.8,5.4,=,=
C#Cc1cn(C2CCCC2)c2ncnc(N)c12,ABL1,MAPK8,6.0,5.4,=,=
CN(C)C1CCC(Nc2nc(Cl)cc(-c3c[nH]c4ncccc34)n2)CC1,ACVR1,GRK5,5.6,6.2,=,=
CC(C)c1cc(CNc2nc(Nc3cc(C4CC4)[nH]n3)cc(N3CCN(C)CC3)n2)on1,ABL2,MAP3K11,8.1,5.54,=,=
C1=N/C2=N/c3ccc(OCCN4CCCC4)c(c3)COC/C=C/COCc3cccc(c3)C(=C1)N2,AAK1,FER,7.38,5.44,=,=
Cn1c(=O)n(-c2ccc(C(C)(C)C#N)cc2)c2c3cc(-c4cnc5ccccc5c4)ccc3ncc21,ACVR1,PRKDC,5.9,8.9,=,=
CCN1CCN(Cc2ccc(NC(=O)Nc3ccc(Oc4cc(NC)ncn4)cc3)cc2C(F)(F)F)CC1,ABL1,RIOK2,8.0,6.26,=,=
CC(C)n1nc(-c2cc3cc(O)ccc3[nH]2)c2c(N)ncnc21,ABL2,JAK3,5.92,7.07,=,=
CCN(CC)CCNC(=O)c1c(C)[nH]c(/C=C2\C(=O)Nc3ccc(F)cc32)c1C,ABL1,SRPK2,6.14,6.72,=,=
CC(=O)c1cnc2ccc(-c3cc(Cl)c(O)c(Cl)c3)nc2c1N[C@H]1CC[C@H](CN(C)C)CC1,ACVR1,MAP2K1,6.65,6.01,=,=
CN[C@@H]1C[C@H]2O[C@@](C)([C@@H]1OC)n1c3ccccc3c3c4c(c5c6ccccc6n2c5c31)C(=O)NC4,ABL2,PRKG1,7.46,8.48,=,=
C=CC(=O)Nc1cc2c(Nc3ccc(F)c(Cl)c3)ncnc2cc1OCCCN1CCOCC1,ACVR1,STK17B,5.77,5.14,=,=
COc1cc(N2CCC(N3CCN(C)CC3)CC2)ccc1Nc1ncc(Cl)c(Nc2ccccc2S(=O)(=O)C(C)C)n1,ACVR1,PIP4K2C,7.77,5.64,=,=
CCN1CCN(Cc2ccc(NC(=O)Nc3ccc(Oc4cc(NC)ncn4)cc3)cc2C(F)(F)F)CC1,ABL2,EIF2AK2,8.47,5.96,=,=
CCCS(=O)(=O)Nc1ccc(F)c(C(=O)c2c[nH]c3ncc(Cl)cc23)c1F,ABL1,HIPK3,5.64,5.01,=,=
CC1(C)C(=O)N([C@H]2CCc3c(O)cccc32)c2nc(Nc3ccccc3)ncc21,ABL1,ROCK2,5.94,5.0,=,=
Cc1ccc(C(=O)Nc2cccc(C(F)(F)F)c2)cc1Nc1nc(-c2cccnc2)nc2c1cnn2C,ABL1,DCK,6.04,5.3,=,=
CC(=O)NCC(=O)N1C2CCC1c1cc(Nc3ncc(C(F)(F)F)c(NC4CCC4)n3)ccc12,ABL1,ROS1,6.6,7.5,=,=
COC(=O)c1ccc2c(c1)NC(=O)/C2=C(\Nc1ccc(N(C)C(=O)CN2CCN(C)CC2)cc1)c1ccccc1,ABL2,GSK3B,5.7,7.08,=,=
CC(C)n1nc(-c2cc3cc(O)ccc3[nH]2)c2c(N)ncnc21,ABL2,EPHA1,5.92,7.0,=,=
CC(=O)NCC(=O)N1C2CCC1c1cc(Nc3ncc(C(F)(F)F)c(NC4CCC4)n3)ccc12,ABL1,CDC42BPA,6.6,5.7,=,=
CC[C@@](C)(Nc1ccnc(-c2c[nH]c3ncccc23)n1)C(=O)NCC(F)(F)F,ABL1,CDK17,6.08,6.86,=,=
CCN1CCN(Cc2ccc(Nc3ncc(F)c(-c4cc(F)c5nc(C)n(C(C)C)c5c4)n3)nc2)CC1,AAK1,EIF2AK1,6.99,5.32,=,=
CC(O)Cn1cc(-c2cnc(N)c3c(-c4ccc(NC(=O)Nc5cccc(F)c5)cc4)csc23)cn1,ABL1,CAMK2B,9.1,5.1,=,=
C#Cc1cccc(Nc2ncnc3cc(OCCOC)c(OCCOC)cc23)c1,ABL2,CIT,6.7,6.17,=,=
CC(=O)NCC(=O)N1[C@@H]2CC[C@H]1c1ccc(Nc3ncc(C(F)(F)F)c(NC4CCC4)n3)cc12,AAK1,MAP4K3,8.05,6.12,=,=
CN(C)CC(=O)N1CCC(c2ccc(NC(=O)c3nc(C#N)c[nH]3)c(C3=CCCCC3)c2)CC1.Cl,ACVR1,CDK4,6.41,5.3,=,=
CC(C)c1cc(CNc2nc(Nc3cc(C4CC4)[nH]n3)cc(N3CCN(C)CC3)n2)on1,ABL1,EPHB2,7.85,5.6,=,=
CCN1CCN(Cc2ccc(-c3cc4c(N[C@H](C)c5ccccc5)ncnc4[nH]3)cc2)CC1,ACVR1,YES1,4.79,7.76,=,=
C=CC(=O)N1CCC[C@@H](n2nc(-c3ccc(Oc4ccccc4)cc3)c3c(N)ncnc32)C1,ABL1,HCK,7.07,7.68,=,=
CO[C@@H]1[C@H](N(C)CCOCCOCCOCCNC(=O)CCC2=[N+]3C(=Cc4c(C)cc(C)n4[B-]3(F)F)C=C2)C[C@H]2O[C@]1(C)n1c3ccccc3c3c4c(c5c6ccccc6n2c5c31)C(=O)NC4,AAK1,PRKCZ,8.3,5.87,=,=
CC(C)n1nc(-c2cc3cc(O)ccc3[nH]2)c2c(N)ncnc21,ABL2,ACVR1B,5.92,7.24,=,=
C=CC(=O)Nc1cc2c(Nc3ccc(F)c(Cl)c3)ncnc2cc1OCCCN1CCOCC1,ACVR1,IRAK1,5.77,6.35,=,=
C=CC(=O)Nc1cc2c(Nc3ccc(F)c(Cl)c3)ncnc2cc1OCCCN1CCOCC1,ABL1,MAPK6,6.47,5.77,=,=
CC(=O)NCC(=O)N1[C@@H]2CC[C@H]1c1ccc(Nc3ncc(C(F)(F)F)c(NC4CCC4)n3)cc12,AAK1,TAOK3,8.05,5.62,=,=
CN[C@@H]1C[C@H]2O[C@@](C)([C@@H]1OC)n1c3ccccc3c3c4c(c5c6ccccc6n2c5c31)C(=O)NC4,AAK1,GRK2,8.92,5.97,=,=
C=CC(=O)N1CCC[C@@H](n2nc(-c3ccc(Oc4ccccc4)cc3)c3c(N)ncnc32)C1,ABL2,CSF1R,6.04,5.26,=,=
Cn1nccc1Nc1nccc(-c2ccn([C@H](CO)c3ccc(Cl)c(F)c3)c(=O)c2)n1,AAK1,MAPK6,6.4,4.59,=,=
CC(C)(C)c1nc(-c2cccc(NS(=O)(=O)c3c(F)cccc3F)c2F)c(-c2ccnc(N)n2)s1,ABL2,LIMK2,6.52,7.09,=,=
CC(C)(C)c1cc(NC(=O)Nc2ccc(-c3cn4c(n3)sc3cc(OCCN5CCOCC5)ccc34)cc2)no1,ABL1,IRAK4,6.04,8.69,=,=
C=CS(=O)(=O)N1CCC[C@@H]1Cn1cc(-c2ccc3c(c2)OCO3)c2c(N)ncnc21,ABL1,LCK,6.1,6.71,=,=
COc1cc(Nc2ncc(F)c(Nc3ccc4c(n3)NC(=O)C(C)(C)O4)n2)cc(OC)c1OC,ACVR1,TLK2,5.32,6.42,=,=
COc1cc(Nc2ncc(F)c(Nc3ccc4c(n3)NC(=O)C(C)(C)O4)n2)cc(OC)c1OC,ACVR1,BRAF,5.32,6.52,=,=
CC(C)n1nc(-c2cc3cc(O)ccc3[nH]2)c2c(N)ncnc21,AAK1,BMPR1B,5.8,8.68,=,=
CC(C)Oc1cc(Nc2nc(NC(C)c3ccc(F)cn3)ncc2Cl)n[nH]1,ACVR1,JAK2,5.8,7.0,=,=
CC(C)c1cc(CNc2nc(Nc3cc(C4CC4)[nH]n3)cc(N3CCN(C)CC3)n2)on1,ACVR1,STK10,8.3,6.42,=,=
CCN(CC)CCNC(=O)c1c(C)[nH]c(/C=C2\C(=O)Nc3ccc(F)cc32)c1C,ABL1,MAP3K12,6.14,7.0,=,=
CN1CCN(c2ccc3nc(-c4c(N)c5c(F)cccc5[nH]c4=O)[nH]c3c2)CC1,ACVR1,FGR,5.9,6.72,=,=
CN(C)CC(=O)N1CCC(c2ccc(NC(=O)c3nc(C#N)c[nH]3)c(C3=CCCCC3)c2)CC1.Cl,ABL2,MAPK9,5.28,5.85,=,=
CN[C@@H]1C[C@H]2O[C@@](C)([C@@H]1OC)n1c3ccccc3c3c4c(c5c6ccccc6n2c5c31)C(=O)NC4,ABL2,PIK3CG,7.46,5.75,=,=
CC(C)(C)c1ccc2nc(-c3n[nH]c4ccccc34)[nH]c2c1,ABL1,LIMK1,6.8,5.7,=,=
CC(C)(C)c1ccc2nc(-c3n[nH]c4ccccc34)[nH]c2c1,ABL1,PHKG2,6.8,6.0,=,=
C=CC(=O)N1CCC[C@H]1C(=O)Nc1cc2c(Nc3cccc(Cl)c3F)ncnc2cc1OCCOC,ABL1,FLT4,6.3,5.57,=,=
CCN(C(C)=O)c1ccc(Nc2nc(NC3CC3)c3nc[nH]c3n2)cc1,ACVR1,RPS6KA3,6.3,7.0,=,=
CN(C)CC(=O)N1CCC(c2ccc(NC(=O)c3nc(C#N)c[nH]3)c(C3=CCCCC3)c2)CC1.Cl,AAK1,MARK4,6.28,5.28,=,=
CN[C@@H]1C[C@H]2O[C@@](C)([C@@H]1OC)n1c3ccccc3c3c4c(c5c6ccccc6n2c5c31)C(=O)NC4,ACVR1,MAP3K3,6.33,7.64,=,=
CNC(=O)c1nn(C)c2c1C(C)(C)Cc1cnc(Nc3ccc(N4CCN(C)CC4)cc3)nc1-2,AAK1,EPHB4,5.13,5.97,=,=
C=CC(=O)Nc1cc2c(Nc3ccc(F)c(Cl)c3)ncnc2cc1OCCCN1CCOCC1,ABL2,TNNI3K,6.06,5.25,=,=
CC(C)c1cc(CNc2nc(Nc3cc(C4CC4)[nH]n3)cc(N3CCN(C)CC3)n2)on1,ACVR1,EPHB6,8.3,7.58,=,=
CO[C@@H]1[C@H](NCCOCCOCCOCCNC(=O)CCC2=[N+]3C(=Cc4c(C)cc(C)n4[B-]3(F)F)C=C2)C[C@H]2O[C@]1(C)n1c3ccccc3c3c4c(c5c6ccccc6n2c5c31)C(=O)NC4,AAK1,EPHA4,8.22,5.96,=,=
CC(C)n1nc(-c2cc3cc(O)ccc3[nH]2)c2c(N)ncnc21,ABL2,MARK2,5.92,5.21,=,=
CS(=O)(=O)CCNCc1ccc(-c2ccc3ncnc(Nc4ccc(OCc5cccc(F)c5)c(Cl)c4)c3c2)o1,ABL1,PIK3C2B,4.64,6.17,=,=
CC(Oc1cc(-c2cnn(C3CCNCC3)c2)cnc1N)c1c(Cl)ccc(F)c1Cl,ABL1,DCLK1,6.45,5.8,=,=
CO[C@@H]1[C@H](NCCOCCOCCOCCNC(=O)CCC2=[N+]3C(=Cc4c(C)cc(C)n4[B-]3(F)F)C=C2)C[C@H]2O[C@]1(C)n1c3ccccc3c3c4c(c5c6ccccc6n2c5c31)C(=O)NC4,ABL2,PDK1,6.28,8.3,=,=
C=CC(=O)Nc1cc2c(Nc3ccc(F)c(Cl)c3)ncnc2cc1OCCCN1CCOCC1,ACVR1,MAP2K5,5.77,7.22,=,=
CC(C)n1nc(-c2cc3cc(O)ccc3[nH]2)c2c(N)ncnc21,ACVR1,EPHA5,8.4,5.51,=,=
CO[C@@H]1[C@H](N(C)C(=O)c2ccccc2)C[C@H]2O[C@]1(C)n1c3ccccc3c3c4c(c5c6ccccc6n2c5c31)C(=O)NC4,AAK1,AKT1,7.32,6.02,=,=
C#Cc1cccc(Nc2ncnc3cc(OCCOC)c(OCCOC)cc23)c1,ABL2,DDR1,6.7,6.1,=,=
CCN1CCN(Cc2ccc(Nc3ncc(F)c(-c4cc(F)c5nc(C)n(C(C)C)c5c4)n3)nc2)CC1,AAK1,CAMK2B,6.99,8.46,=,=
CCN1CCN(Cc2ccc(NC(=O)Nc3ccc(Oc4cc(NC)ncn4)cc3)cc2C(F)(F)F)CC1,ABL1,CDK13,8.0,9.03,=,=
CCN(CC)CCNC(=O)c1c(C)[nH]c(/C=C2\C(=O)Nc3ccc(F)cc32)c1C,ABL1,CSNK1E,6.14,7.89,=,=
CN(C)CC(=O)N1CCC(c2ccc(NC(=O)c3nc(C#N)c[nH]3)c(C3=CCCCC3)c2)CC1.Cl,AAK1,AURKC,6.28,5.52,=,=
CC[C@@](C)(Nc1ccnc(-c2c[nH]c3ncccc23)n1)C(=O)NCC(F)(F)F,ABL2,JAK1,5.15,7.79,=,=
C#Cc1cccc(Nc2ncnc3cc(OCCOC)c(OCCOC)cc23)c1,ABL1,PTK2,6.51,5.13,=,=
CC(=O)c1cnc2ccc(-c3cc(Cl)c(O)c(Cl)c3)nc2c1N[C@H]1CC[C@H](CN(C)C)CC1,ABL2,NLK,6.73,7.62,=,=
CC(=O)NCC(=O)N1C2CCC1c1cc(Nc3ncc(C(F)(F)F)c(NC4CCC4)n3)ccc12,ABL1,IKBKE,6.6,7.4,=,=
CCN1CCN(Cc2ccc(NC(=O)Nc3ccc(Oc4cc(NC)ncn4)cc3)cc2C(F)(F)F)CC1,ABL2,CDK3,8.47,6.97,=,=
C=CC(=O)Nc1cc2c(Nc3ccc(F)c(Cl)c3)ncnc2cc1OCCCN1CCOCC1,ABL1,DYRK1A,6.47,5.82,=,=
C=CC(=O)N1CCC[C@@H](n2nc(-c3ccc(Oc4ccccc4)cc3)c3c(N)ncnc32)C1,ABL2,RIPK2,6.04,7.24,=,=
CC(=O)NCC(=O)N1[C@@H]2CC[C@H]1c1ccc(Nc3ncc(C(F)(F)F)c(NC4CCC4)n3)cc12,AAK1,TBK1,8.05,7.11,=,=
Cc1ccc(C(=O)Nc2cccc(C(F)(F)F)c2)cc1Nc1nc(-c2cccnc2)nc2nn(C)cc12,ACVR1B,BUB1,7.6,7.08,=,=
CC(C)n1nc(-c2cc3cc(O)ccc3[nH]2)c2c(N)ncnc21,AAK1,DAPK1,5.8,7.01,=,=
CN1C/C=C/CCOc2cccc(c2)-c2ccnc(n2)Nc2cccc(c2)C1,ABL1,CDK12,4.49,5.25,=,=
CCc1nc(C(N)=O)c(Nc2ccc(N3CCC(N4CCN(C)CC4)CC3)c(OC)c2)nc1NC1CCOCC1,AAK1,MAP2K6,7.6,5.72,=,=
CN[C@@H]1C[C@H]2O[C@@](C)([C@@H]1OC)n1c3ccccc3c3c4c(c5c6ccccc6n2c5c31)C(=O)NC4,AAK1,PRKCZ,8.92,7.16,=,=
CCN(CC)CCNC(=O)c1c(C)[nH]c(/C=C2\C(=O)Nc3ccc(F)cc32)c1C,AAK1,INSR,7.96,6.3,=,=
COc1cc2/c(=N/c3ccc(Br)cc3F)nc[nH]c2cc1OCC1CCN(C)CC1,ABL2,MAPK6,7.16,5.82,=,=
COC[C@@H](CC(C)C)NC1=N/C(=C\c2ccc3ncsc3c2)C(=O)N1,AAK1,GSG2,6.97,5.91,=,=
C1=N/C2=N/c3ccc(OCCN4CCCC4)c(c3)COC/C=C/COCc3cccc(c3)C(=C1)N2,ACVR1,JAK1,7.66,5.89,=,=
CN1CCN(c2ccc3nc(-c4c(N)c5c(F)cccc5[nH]c4=O)[nH]c3c2)CC1,ACVR1,PIP4K2B,5.9,6.58,=,=
COC(=O)c1ccc2c(c1)NC(=O)/C2=C(\Nc1ccc(N(C)C(=O)CN2CCN(C)CC2)cc1)c1ccccc1,AAK1,ITK,7.2,6.68,=,=
CC(=O)NCC(=O)N1[C@@H]2CC[C@H]1c1ccc(Nc3ncc(C(F)(F)F)c(NC4CCC4)n3)cc12,ABL1,NTRK1,5.6,6.58,=,=
CN1CCN(c2ccc3nc(-c4c(N)c5c(F)cccc5[nH]c4=O)[nH]c3c2)CC1,AAK1,MARK4,6.77,5.89,=,=
CO[C@@H]1[C@H](N(C)C(=O)c2ccccc2)C[C@H]2O[C@]1(C)n1c3ccccc3c3c4c(c5c6ccccc6n2c5c31)C(=O)NC4,AAK1,IKBKB,7.32,5.2,=,=
C=CC(=O)Nc1cc2c(Nc3ccc(F)c(Cl)c3)ncnc2cc1OCCCN1CCOCC1,ACVR1,CSK,5.77,5.21,=,=
CC(C)n1nc(-c2cc3cc(O)ccc3[nH]2)c2c(N)ncnc21,ABL2,EPHB6,5.92,5.05,=,=
CC(=O)NCC(=O)N1C2CCC1c1cc(Nc3ncc(C(F)(F)F)c(NC4CCC4)n3)ccc12,ACVR1,CDK7,6.4,7.0,=,=
Cc1cc(Nc2cc(N3CCN(C)CC3)nc(Sc3ccc(NC(=O)C4CC4)cc3)n2)n[nH]1,ACVR1,CDK11A,5.72,6.58,=,=
CO[C@@H]1[C@H](N(C)CCOCCOCCOCCNC(=O)CCC2=[N+]3C(=Cc4c(C)cc(C)n4[B-]3(F)F)C=C2)C[C@H]2O[C@]1(C)n1c3ccccc3c3c4c(c5c6ccccc6n2c5c31)C(=O)NC4,ABL2,TSSK1A,6.02,7.72,=,=
CCN1CCN(Cc2ccc(NC(=O)Nc3ccc(Oc4cc(NC)ncn4)cc3)cc2C(F)(F)F)CC1,ABL1,MAPK11,8.0,6.37,=,=
O=C(Nc1c[nH]nc1-c1nc2ccc(CN3CCOCC3)cc2[nH]1)NC1CC1,ACVR1,PDK1,7.11,8.0,=,=
C=CCn1nc(-c2ccc(OCC)c(OC)c2)c2c(N)ncnc21,ABL1,PIK3CD,4.84,6.56,=,=
CC(C)n1nc(-c2cc3cc(O)ccc3[nH]2)c2c(N)ncnc21,ACVR1,CSNK1D,8.4,6.5,=,=
Cc1nc(N)sc1-c1ccnc(Nc2ccc(N3CCOCC3)cc2)n1,AAK1,CDC7,8.22,6.7,=,=
C1=N/C2=N/c3ccc(OCCN4CCCC4)c(c3)COC/C=C/COCc3cccc(c3)C(=C1)N2,AAK1,PRKCB,7.38,5.14,=,=
CC(C)(C)c1nc(-c2cccc(NS(=O)(=O)c3c(F)cccc3F)c2F)c(-c2ccnc(N)n2)s1,ABL2,MAP3K11,6.52,6.0,=,=
CC(=O)c1cnc2ccc(-c3cc(Cl)c(O)c(Cl)c3)nc2c1N[C@H]1CC[C@H](CN(C)C)CC1,ABL1,GSK3A,6.55,7.06,=,=
CC(C)(O)c1cn(-c2ccc3[nH]ncc3c2)nn1,ACVR1,DAPK3,4.1,5.7,=,=
CC(C)c1cc(CNc2nc(Nc3cc(C4CC4)[nH]n3)cc(N3CCN(C)CC3)n2)on1,ABL2,TNIK,8.1,6.74,=,=
C#Cc1cn(C2CCCC2)c2ncnc(N)c12,ACVR1,DYRK1B,6.1,7.0,=,=
C1=N/C2=N/c3ccc(OCCN4CCCC4)c(c3)COC/C=C/COCc3cccc(c3)C(=C1)N2,AAK1,CSNK2A2,7.38,6.41,=,=
CC(C)(C)c1cc(NC(=O)Nc2ccc(-c3cn4c(n3)sc3cc(OCCN5CCOCC5)ccc34)cc2)no1,ABL1,TIE1,6.04,5.5,=,=
CC(=O)c1cnc2ccc(-c3cc(Cl)c(O)c(Cl)c3)nc2c1N[C@H]1CC[C@H](CN(C)C)CC1,ABL2,MAP2K1,6.73,6.01,=,=
CCN1CCN(Cc2ccc(NC(=O)Nc3ccc(Oc4cc(NC)ncn4)cc3)cc2C(F)(F)F)CC1,ABL2,MAP3K12,8.47,5.6,=,=
CC(C)c1cc(CNc2nc(Nc3cc(C4CC4)[nH]n3)cc(N3CCN(C)CC3)n2)on1,AAK1,PHKG2,6.86,5.62,=,=
CC(C)(C)c1cc(NC(=O)Nc2ccc(-c3cn4c(n3)sc3cc(OCCN5CCOCC5)ccc34)cc2)no1,ABL1,TEK,6.04,4.96,=,=
CC(Oc1cc(-c2cnn(C3CCNCC3)c2)cnc1N)c1c(Cl)ccc(F)c1Cl,ABL1,RPS6KB1,6.45,5.8,=,=
CC(C)n1nc(-c2cc3cc(O)ccc3[nH]2)c2c(N)ncnc21,AAK1,BMPR1A,5.8,7.19,=,=
CC(C)n1nc(-c2cc3cc(O)ccc3[nH]2)c2c(N)ncnc21,ABL1,JAK1,6.82,5.97,=,=
COc1cc(Nc2ncc(F)c(Nc3ccc4c(n3)NC(=O)C(C)(C)O4)n2)cc(OC)c1OC,ACVR1,EIF2AK2,5.32,6.75,=,=
CN[C@@H]1C[C@H]2O[C@@](C)([C@@H]1OC)n1c3ccccc3c3c4c(c5c6ccccc6n2c5c31)C(=O)NC4,AAK1,DYRK3,8.92,7.75,=,=
CC(C)n1nc(-c2cc3cc(O)ccc3[nH]2)c2c(N)ncnc21,AAK1,BRSK1,5.8,7.85,=,=
CCN1CCN(Cc2ccc(NC(=O)Nc3ccc(Oc4cc(NC)ncn4)cc3)cc2C(F)(F)F)CC1,ABL2,EPHA1,8.47,5.27,=,=
CCN(CC)CCNC(=O)c1c(C)[nH]c(/C=C2\C(=O)Nc3ccc(F)cc32)c1C,AAK1,MET,7.96,5.33,=,=
CCN1CCN(Cc2ccc(NC(=O)Nc3ccc(Oc4cc(NC)ncn4)cc3)cc2C(F)(F)F)CC1,ABL1,RIPK1,8.0,6.68,=,=
COc1cc2/c(=N/c3ccc(Br)cc3F)nc[nH]c2cc1OCC1CCN(C)CC1,ABL1,MAPK6,7.07,5.82,=,=
CCc1nc(C(N)=O)c(Nc2ccc(N3CCC(N4CCN(C)CC4)CC3)c(OC)c2)nc1NC1CCOCC1,AAK1,IRAK4,7.6,5.75,=,=
CN[C@@H]1C[C@H]2O[C@@](C)([C@@H]1OC)n1c3ccccc3c3c4c(c5c6ccccc6n2c5c31)C(=O)NC4,ABL2,PRKX,7.46,8.83,=,=
CC(=O)NCC(=O)N1[C@@H]2CC[C@H]1c1ccc(Nc3ncc(C(F)(F)F)c(NC4CCC4)n3)cc12,AAK1,MAP4K4,8.05,5.47,=,=
C[C@]12O[C@H](C[C@]1(O)CO)n1c3ccccc3c3c4c(c5c6ccccc6n2c5c31)CNC4=O,ACVR1B,CHUK,7.07,8.05,=,=
CCN1CCN(Cc2ccc(NC(=O)Nc3ccc(Oc4cc(NC)ncn4)cc3)cc2C(F)(F)F)CC1,ABL1,ULK2,8.0,6.44,=,=
COc1cc(Nc2ncc(F)c(Nc3ccc4c(n3)NC(=O)C(C)(C)O4)n2)cc(OC)c1OC,ABL2,MAPK12,6.14,6.66,=,=
CCS(=O)(=O)c1cccc(-c2cc(C(=O)NC3CCN(C)CC3)c(C)c3[nH]c4ncc(C)cc4c23)c1,ACVR1,RPS6KA1,6.6,5.47,=,=
CN[C@@H]1C[C@H]2O[C@@](C)([C@@H]1OC)n1c3ccccc3c3c4c(c5c6ccccc6n2c5c31)C(=O)NC4,ABL2,DYRK1B,7.46,8.82,=,=
CCOC(=O)C1=c2sc(=Cc3ccco3)c(=O)n2C(N)=C(C#N)C1c1ccco1,ABL1,MAPKAPK5,7.1,5.9,=,=
CCN1CCN(Cc2ccc(NC(=O)c3cccc(-c4ccc5nc(NC(=O)C6CC6)sc5n4)c3)cc2C(F)(F)F)CC1,ABL1,MAPK12,8.92,7.0,=,=
CCN(CC)CCNC(=O)c1c(C)[nH]c(/C=C2\C(=O)Nc3ccc(F)cc32)c1C,AAK1,NEK7,7.96,5.39,=,=
C=CC(=O)Nc1cc2c(Nc3ccc(F)c(Cl)c3)ncnc2cc1OCCCN1CCOCC1,ABL1,MKNK2,6.47,5.75,=,=
C=CC(=O)Nc1cc2c(Nc3ccc(F)c(Cl)c3)ncnc2cc1OCCCN1CCOCC1,ABL1,MAPK10,6.47,5.26,=,=
CC(C)n1nc(-c2cc3cc(O)ccc3[nH]2)c2c(N)ncnc21,ACVR1B,BMX,7.24,6.17,=,=
CN1CC[C@H](c2c(O)cc(O)c3c(=O)cc(-c4ccccc4Cl)oc23)[C@H](O)C1,ABL1,PRKCE,5.79,6.37,=,=
C#Cc1cccc(Nc2ncnc3cc(OCCOC)c(OCCOC)cc23)c1,AAK1,CAMK2D,5.92,5.19,=,=
CC(C)n1nc(-c2cc3cc(O)ccc3[nH]2)c2c(N)ncnc21,ACVR1,PIP4K2C,8.4,6.11,=,=
CN(C)CC(=O)N1CCC(c2ccc(NC(=O)c3nc(C#N)c[nH]3)c(C3=CCCCC3)c2)CC1.Cl,ACVR1,MARK1,6.41,5.38,=,=
CCN(CC)CC#Cc1cnc(N)c2c(-c3ccc(NC(=O)Nc4cccc(C)c4)cc3)csc12,ABL1,RPS6KA4,6.3,6.9,=,=
C#Cc1cccc(Nc2ncnc3cc(OCCOC)c(OCCOC)cc23)c1,ABL1,FRK,6.51,5.7,=,=
CCN(CCO)CCCOc1ccc2c(Nc3cc(CC(=O)Nc4cccc(F)c4)[nH]n3)ncnc2c1,AAK1,KDR,5.52,6.3,=,=
CN[C@@H]1C[C@H]2O[C@@](C)([C@@H]1OC)n1c3ccccc3c3c4c(c5c6ccccc6n2c5c31)C(=O)NC4,ACVR1,NUAK1,6.33,8.85,=,=
CN(C)CC(=O)N1CCC(c2ccc(NC(=O)c3nc(C#N)c[nH]3)c(C3=CCCCC3)c2)CC1.Cl,ACVR1,TTK,6.41,7.47,=,=
CN1CCN(c2ccc3nc(-c4c(N)c5c(F)cccc5[nH]c4=O)[nH]c3c2)CC1,ACVR1,ULK1,5.9,6.7,=,=
C=CC(=O)N1CCC[C@@H](n2nc(-c3ccc(Oc4ccccc4)cc3)c3c(N)ncnc32)C1,ABL2,LIMK1,6.04,4.68,=,=
Cn1cc(-c2[nH]c3cc(NC(=O)[C@H](N)C4CCCCC4)cc4c3c2C=NNC4=O)cn1,AAK1,GRK2,8.7,5.45,=,=
C#Cc1cccc(Nc2ncnc3cc(OCCOC)c(OCCOC)cc23)c1,ABL2,HIPK4,6.7,5.61,=,=
CN(C)CC(=O)N1CCC(c2ccc(NC(=O)c3nc(C#N)c[nH]3)c(C3=CCCCC3)c2)CC1.Cl,AAK1,NUAK1,6.28,5.64,=,=
CN[C@@H]1C[C@H]2O[C@@](C)([C@@H]1OC)n1c3ccccc3c3c4c(c5c6ccccc6n2c5c31)C(=O)NC4,ACVR1,STK24,6.33,6.92,=,=
CC(C)n1nc(-c2cc3cc(O)ccc3[nH]2)c2c(N)ncnc21,ACVR1,DYRK2,8.4,7.23,=,=
CC(=O)c1c(C)c2cnc(Nc3ccc(N4CCNCC4)cn3)nc2n(C2CCCC2)c1=O,AAK1,CDK2,5.38,7.32,=,=
CC(=O)NCC(=O)N1C2CCC1c1cc(Nc3ncc(C(F)(F)F)c(NC4CCC4)n3)ccc12,ABL1,STK17A,6.6,8.5,=,=
CN[C@@H]1C[C@H]2O[C@@](C)([C@@H]1OC)n1c3ccccc3c3c4c(c5c6ccccc6n2c5c31)C(=O)NC4,ACVR1,RPS6KA2,6.33,8.05,=,=
C=CC(=O)N1CCC[C@@H](n2nc(-c3ccc(Oc4ccccc4)cc3)c3c(N)ncnc32)C1,ABL1,BLK,7.07,9.3,=,=
C[C@]12O[C@H](C[C@]1(O)CO)n1c3ccccc3c3c4c(c5c6ccccc6n2c5c31)CNC4=O,ACVR1B,AKT2,7.07,5.68,=,=
CC(C)C[C@H](N)c1cc(C#N)c2cc(-c3ccncc3)ccc2n1,AAK1,CHEK1,8.24,6.0,=,=
C=CC(=O)N1CCC[C@@H](n2nc(-c3ccc(Oc4ccccc4)cc3)c3c(N)ncnc32)C1,ABL2,FGFR2,6.04,6.55,=,=
C#Cc1cccc(Nc2ncnc3cc(OCCOC)c(OCCOC)cc23)c1,ABL1,RPS6KA4,6.51,5.16,=,=
CCN1CCN(Cc2ccc(NC(=O)Nc3ccc(Oc4cc(NC)ncn4)cc3)cc2C(F)(F)F)CC1,ABL2,NTRK3,8.47,7.47,=,=
CC(C)n1nc(-c2cc3cc(O)ccc3[nH]2)c2c(N)ncnc21,ABL2,EPHA8,5.92,6.6,=,=
C=CC(=O)N1CCC[C@@H](n2nc(-c3ccc(Oc4ccccc4)cc3)c3c(N)ncnc32)C1,ABL2,BTK,6.04,8.91,=,=
CN[C@@H]1C[C@H]2O[C@@](C)([C@@H]1OC)n1c3ccccc3c3c4c(c5c6ccccc6n2c5c31)C(=O)NC4,ACVR1,MYLK,6.33,7.4,=,=
CC(C)(C)n1nc(-c2ccc(Cl)cc2)c2c(N)ncnc21,ACVR1,MELK,7.2,6.2,=,=
CCN1CCN(Cc2ccc(NC(=O)Nc3ccc(Oc4cc(NC)ncn4)cc3)cc2C(F)(F)F)CC1,ABL1,MAP2K7,8.0,7.08,=,=
CN1CCN(c2ccc3nc(-c4c(N)c5c(F)cccc5[nH]c4=O)[nH]c3c2)CC1,AAK1,PDPK1,6.77,6.0,=,=
CN[C@@H]1C[C@H]2O[C@@](C)([C@@H]1OC)n1c3ccccc3c3c4c(c5c6ccccc6n2c5c31)C(=O)NC4,ABL2,AKT3,7.46,8.0,=,=
CC(C)c1cc(CNc2nc(Nc3cc(C4CC4)[nH]n3)cc(N3CCN(C)CC3)n2)on1,ABL1,PRKD3,7.85,5.73,=,=
C#Cc1cccc(Nc2ncnc3cc(OCCOC)c(OCCOC)cc23)c1,ABL1,TXK,6.51,5.42,=,=
CCN(CC)CCNC(=O)c1c(C)[nH]c(/C=C2\C(=O)Nc3ccc(F)cc32)c1C,ABL2,ULK1,6.0,7.64,=,=
CC(=O)c1cnc2ccc(-c3cc(Cl)c(O)c(Cl)c3)nc2c1N[C@H]1CC[C@H](CN(C)C)CC1,ABL1,TAOK1,6.55,7.77,=,=
CN(C)CC(=O)N1CCC(c2ccc(NC(=O)c3nc(C#N)c[nH]3)c(C3=CCCCC3)c2)CC1.Cl,AAK1,HIPK2,6.28,5.44,=,=
CC(C)c1cc(CNc2nc(Nc3cc(C4CC4)[nH]n3)cc(N3CCN(C)CC3)n2)on1,ABL2,SIK2,8.1,5.75,=,=
CCNC(=O)c1c(OC)cc(-n2cnc3cc(-c4cnn(CC)c4)ccc32)cc1OC,ABL1,TGFBR2,7.28,6.15,=,=
Cc1ccc(C(=O)Nc2cccc(C(F)(F)F)c2)cc1Nc1nc(-c2cccnc2)nc2c1cnn2C,ACVR1,MAP3K5,8.82,7.01,=,=
CN1CCN(c2ccc3nc(-c4c(N)c5c(F)cccc5[nH]c4=O)[nH]c3c2)CC1,ABL1,STK16,6.64,5.82,=,=
CC(=O)c1cnc2ccc(-c3cc(Cl)c(O)c(Cl)c3)nc2c1N[C@H]1CC[C@H](CN(C)C)CC1,AAK1,MAP3K11,6.76,7.28,=,=
CCN(CC)CCNC(=O)c1c(C)[nH]c(/C=C2\C(=O)Nc3ccc(F)cc32)c1C,AAK1,GRK5,7.96,6.08,=,=
Cc1ccc(C(=O)Nc2cccc(C(F)(F)F)c2)cc1Nc1nc(-c2cccnc2)nc2c1cnn2C,ABL1,ILK,6.04,4.24,=,=
CN1CC[C@H](c2c(O)cc(O)c3c(=O)cc(-c4ccccc4Cl)oc23)[C@H](O)C1,AAK1,CDK8,5.28,6.92,=,=
CN[C@@H]1C[C@H]2O[C@@](C)([C@@H]1OC)n1c3ccccc3c3c4c(c5c6ccccc6n2c5c31)C(=O)NC4,ABL2,TLK2,7.46,8.12,=,=
CCN(CC)CCNC(=O)c1c(C)[nH]c(/C=C2\C(=O)Nc3ccc(F)cc32)c1C,AAK1,JAK2,7.96,6.39,=,=
CCN1CCN(Cc2ccc(NC(=O)Nc3ccc(Oc4cc(NC)ncn4)cc3)cc2C(F)(F)F)CC1,ABL2,MAP3K1,8.47,5.75,=,=
CN1CCN(c2ccc3nc(-c4c(N)c5c(F)cccc5[nH]c4=O)[nH]c3c2)CC1,ABL1,GRK1,6.64,5.66,=,=
C#Cc1cccc(Nc2ncnc3cc(OCCOC)c(OCCOC)cc23)c1,ABL1,PKN2,6.51,5.6,=,=
CN[C@@H]1C[C@H]2O[C@@](C)([C@@H]1OC)n1c3ccccc3c3c4c(c5c6ccccc6n2c5c31)C(=O)NC4,AAK1,TEK,8.92,7.18,=,=
CCN1CCN(Cc2ccc(NC(=O)Nc3ccc(Oc4cc(NC)ncn4)cc3)cc2C(F)(F)F)CC1,ABL2,TYK2,8.47,5.71,=,=
C=CC(=O)Nc1cc2c(Nc3ccc(F)c(Cl)c3)ncnc2cc1OCCCN1CCOCC1,ABL1,CIT,6.47,5.89,=,=
CCN(CC)CCNC(=O)c1c(C)[nH]c(/C=C2\C(=O)Nc3ccc(F)cc32)c1C,AAK1,DAPK2,7.96,6.82,=,=
CN[C@@H]1C[C@H]2O[C@@](C)([C@@H]1OC)n1c3ccccc3c3c4c(c5c6ccccc6n2c5c31)C(=O)NC4,AAK1,MAP3K12,8.92,6.6,=,=
CC(C)(C)n1nc(-c2ccc(Cl)cc2)c2c(N)ncnc21,ACVR1,MAPK9,7.2,5.8,=,=
C#Cc1cccc(Nc2ncnc3cc(OCCOC)c(OCCOC)cc23)c1,ABL2,ALK,6.7,5.92,=,=
CN1CC[C@H](c2c(O)cc(O)c3c(=O)cc(-c4ccccc4Cl)oc23)[C@H](O)C1,ACVR1,CDK3,5.72,6.39,=,=
CC(C)c1cc(CNc2nc(Nc3cc(C4CC4)[nH]n3)cc(N3CCN(C)CC3)n2)on1,AAK1,ACVR1,6.86,8.3,=,=
CCS(=O)(=O)c1cccc(-c2cc(C(=O)NC3CCN(C)CC3)c(C)c3[nH]c4ncc(C)cc4c23)c1,ABL2,RPS6KA3,6.38,5.22,=,=
CC(C)n1nc(-c2cc3cc(O)ccc3[nH]2)c2c(N)ncnc21,ACVR1,BTK,8.4,5.5,=,=
CN(C)CC(=O)N1CCC(c2ccc(NC(=O)c3nc(C#N)c[nH]3)c(C3=CCCCC3)c2)CC1.Cl,ACVR1,AURKC,6.41,5.52,=,=
C=CC(=O)Nc1cc2c(Nc3ccc(F)c(Cl)c3)ncnc2cc1OCCCN1CCOCC1,ABL1,EPHA8,6.47,5.7,=,=
CCN(CC)CCNC(=O)c1c(C)[nH]c(/C=C2\C(=O)Nc3ccc(F)cc32)c1C,ABL2,JAK1,6.0,7.31,=,=
CCN1CCN(Cc2ccc(-c3cc4c(N[C@H](C)c5ccccc5)ncnc4[nH]3)cc2)CC1,ACVR1,WEE1,4.79,4.19,=,=
CC(C)(C)n1nc(Cc2cccc3ccccc23)c2c(N)ncnc21,ABL1,PRKACA,5.11,6.3,=,=
CNC1CC2OC(C)(C1OC)n1c3ccccc3c3c4c(c5c6ccccc6n2c5c31)C(=O)NC4,ACVR1,CAMK1,7.2,7.9,=,=
CC(C)c1cc(CNc2nc(Nc3cc(C4CC4)[nH]n3)cc(N3CCN(C)CC3)n2)on1,ABL1,BMPR1B,7.85,6.67,=,=
CC(C)(C)c1nc(-c2cccc(NS(=O)(=O)c3c(F)cccc3F)c2F)c(-c2ccnc(N)n2)s1,ACVR1B,CDK4,6.22,6.9,=,=
C#Cc1cccc(Nc2ncnc3cc(OCCOC)c(OCCOC)cc23)c1,ABL1,ALK,6.51,5.92,=,=
C#Cc1cccc(Nc2ncnc3cc(OC)c(OCCCCCCC(=O)NO)cc23)c1,ABL1,STK10,5.54,4.24,=,=
CN(C)CC(=O)N1CCC(c2ccc(NC(=O)c3nc(C#N)c[nH]3)c(C3=CCCCC3)c2)CC1.Cl,ABL2,IKBKE,5.28,5.89,=,=
CC(C)n1nc(-c2cc3cc(O)ccc3[nH]2)c2c(N)ncnc21,ACVR1,ROS1,8.4,5.92,=,=
CN1CC[C@H](c2c(O)cc(O)c3c(=O)cc(-c4ccccc4Cl)oc23)[C@H](O)C1,ABL1,CDK12,5.79,6.8,=,=
CN1CCN(c2ccc3nc(-c4c(N)c5c(F)cccc5[nH]c4=O)[nH]c3c2)CC1,AAK1,MERTK,6.77,5.75,=,=
CCN(CC)CCNC(=O)c1c(C)[nH]c(/C=C2\C(=O)Nc3ccc(F)cc32)c1C,ABL2,STK17A,6.0,9.0,=,=
CN[C@@H]1C[C@H]2O[C@@](C)([C@@H]1OC)n1c3ccccc3c3c4c(c5c6ccccc6n2c5c31)C(=O)NC4,AAK1,CSNK1A1,8.92,5.38,=,=
CN1CCN(c2ccc3nc(-c4c(N)c5c(F)cccc5[nH]c4=O)[nH]c3c2)CC1,ABL2,PKN2,5.98,5.0,=,=
C=CC(=O)Nc1cc2c(Nc3ccc(F)c(Cl)c3)ncnc2cc1OCCCN1CCOCC1,ACVR1,ITK,5.77,5.25,=,=
C#Cc1cccc(Nc2ncnc3cc(OCCOC)c(OCCOC)cc23)c1,ABL2,RPS6KA4,6.7,5.16,=,=
CN(C)CC(=O)N1CCC(c2ccc(NC(=O)c3nc(C#N)c[nH]3)c(C3=CCCCC3)c2)CC1.Cl,ACVR1B,BMP2K,8.0,6.85,=,=
C#Cc1cccc(Nc2ncnc3cc(OCCOC)c(OCCOC)cc23)c1,ABL1,MET,6.51,5.55,=,=
COc1cc(Nc2ncc(F)c(Nc3ccc4c(n3)NC(=O)C(C)(C)O4)n2)cc(OC)c1OC,AAK1,PLK3,6.39,7.79,=,=
CCS(=O)(=O)c1cccc(-c2cc(C(=O)NC3CCN(C)CC3)c(C)c3[nH]c4ncc(C)cc4c23)c1,ABL2,FGFR1,6.38,5.86,=,=
CC(C)c1cc(CNc2nc(Nc3cc(C4CC4)[nH]n3)cc(N3CCN(C)CC3)n2)on1,ABL2,EPHA5,8.1,7.09,=,=
CC(C)n1nc(-c2cc3cc(O)ccc3[nH]2)c2c(N)ncnc21,ACVR1,HIPK1,8.4,6.52,=,=
CCN(CC)CC#Cc1cnc(N)c2c(-c3ccc(NC(=O)Nc4cccc(C)c4)cc3)csc12,ABL1,CSNK1G3,6.3,5.2,=,=
CN1CCN(c2ccc3nc(-c4c(N)c5c(F)cccc5[nH]c4=O)[nH]c3c2)CC1,AAK1,MAP3K10,6.77,5.8,=,=
CN(C)CC(=O)N1CCC(c2ccc(NC(=O)c3nc(C#N)c[nH]3)c(C3=CCCCC3)c2)CC1.Cl,AAK1,PRKAA2,6.28,8.39,=,=
C#Cc1cn(C2CCCC2)c2ncnc(N)c12,ACVR1,DAPK3,6.1,5.4,=,=
CC1(C)CNc2cc(NC(=O)c3cccnc3NCc3ccncc3)ccc21,ABL2,FLT4,5.35,8.22,=,=
CCCCCC(=O)Nc1cccc(Nc2nccc(-c3cccnc3)n2)c1,ABL1,PRKCA,6.7,5.7,=,=
C#Cc1cn(C2CCCC2)c2ncnc(N)c12,ACVR1,FGFR1,6.1,5.5,=,=
C=CC(=O)Nc1cc2c(Nc3ccc(F)c(Cl)c3)ncnc2cc1OCCCN1CCOCC1,ABL2,BMP2K,6.06,5.42,=,=
CCN(CC)CCNC(=O)c1c(C)[nH]c(/C=C2\C(=O)Nc3ccc(F)cc32)c1C,AAK1,PKN2,7.96,5.89,=,=
CC(C)c1cc(CNc2nc(Nc3cc(C4CC4)[nH]n3)cc(N3CCN(C)CC3)n2)on1,ABL1,DDR1,7.85,6.66,=,=
CCN1CCN(Cc2ccc(NC(=O)Nc3ccc(Oc4cc(NC)ncn4)cc3)cc2C(F)(F)F)CC1,ABL2,MAPK8,8.47,6.34,=,=
CO[C@@H]1[C@H](NCCOCCOCCOCCNC(=O)CCC2=[N+]3C(=Cc4c(C)cc(C)n4[B-]3(F)F)C=C2)C[C@H]2O[C@]1(C)n1c3ccccc3c3c4c(c5c6ccccc6n2c5c31)C(=O)NC4,AAK1,MAP2K7,8.22,6.53,=,=
CN1CCN(c2ccc3nc(-c4c(N)c5c(F)cccc5[nH]c4=O)[nH]c3c2)CC1,ACVR1,DYRK2,5.9,5.22,=,=
CC(=O)c1cccc(-c2cnc3[nH]ccc3c2)c1,ACVR1,CHEK2,5.4,6.2,=,=
CC(C)c1cc(CNc2nc(Nc3cc(C4CC4)[nH]n3)cc(N3CCN(C)CC3)n2)on1,AAK1,SIK2,6.86,5.75,=,=
CCN(CC)CCNC(=O)c1c(C)[nH]c(/C=C2\C(=O)Nc3ccc(F)cc32)c1C,ABL2,MYLK,6.0,6.55,=,=
CC(C)(C)n1nc(-c2ccc(Cl)cc2)c2c(N)ncnc21,ACVR1,FYN,7.2,5.02,=,=
CC(=O)NCC(=O)N1[C@@H]2CC[C@H]1c1ccc(Nc3ncc(C(F)(F)F)c(NC4CCC4)n3)cc12,AAK1,CDK6,8.05,5.68,=,=
CCOc1cc2ncc(C#N)c(Nc3ccc(F)c(Cl)c3)c2cc1NC(=O)/C=C/CN(C)C,ABL2,TEK,6.62,5.54,=,=
CC(c1ccc(-c2cnc3c(-c4ccc(S(N)(=O)=O)c5ccccc45)cnn3c2)cc1)N1CCCC1,ACVR1B,ACVR2A,4.74,5.62,=,=
COc1cc(N2CCC(N3CCN(C)CC3)CC2)ccc1Nc1ncc(Cl)c(Nc2ccccc2S(=O)(=O)C(C)C)n1,ABL2,ZAP70,6.42,5.8,=,=
CC(C)c1cc(CNc2nc(Nc3cc(C4CC4)[nH]n3)cc(N3CCN(C)CC3)n2)on1,AAK1,MAP4K1,6.86,7.82,=,=
CCN(C(C)=O)c1ccc(Nc2nc(NC3CC3)c3nc[nH]c3n2)cc1,ABL1,GRK5,7.0,5.7,=,=
CO[C@@H]1[C@H](NCCOCCOCCOCCNC(=O)CCC2=[N+]3C(=Cc4c(C)cc(C)n4[B-]3(F)F)C=C2)C[C@H]2O[C@]1(C)n1c3ccccc3c3c4c(c5c6ccccc6n2c5c31)C(=O)NC4,AAK1,MAP3K14,8.22,6.45,=,=
CC(C)n1nc(-c2cc3cc(O)ccc3[nH]2)c2c(N)ncnc21,ABL2,DDR2,5.92,5.21,=,=
CCc1nc(C(N)=O)c(Nc2ccc(N3CCC(N4CCN(C)CC4)CC3)c(OC)c2)nc1NC1CCOCC1,AAK1,MAPK9,7.6,6.37,=,=
CC(=O)NCC(=O)N1[C@@H]2CC[C@H]1c1ccc(Nc3ncc(C(F)(F)F)c(NC4CCC4)n3)cc12,AAK1,FER,8.05,6.99,=,=
CC[C@@](C)(Nc1ccnc(-c2c[nH]c3ncccc23)n1)C(=O)NCC(F)(F)F,AAK1,MET,5.37,7.03,=,=
CC(C)n1nc(-c2cc3cc(O)ccc3[nH]2)c2c(N)ncnc21,ACVR1,EPHB2,8.4,6.25,=,=
CCN1CCN(Cc2ccc(NC(=O)Nc3ccc(Oc4cc(NC)ncn4)cc3)cc2C(F)(F)F)CC1,ABL2,CSNK1G3,8.47,7.01,=,=
Cc1ccc(C(=O)Nc2cccc(C(F)(F)F)c2)cc1Nc1nc(-c2cccnc2)nc2c1cnn2C,ACVR1,MAPKAPK5,8.82,4.61,=,=
Cc1nc2cc(-c3nn(C(C)C)c4ncnc(N)c34)ccc2o1,ACVR1,DCK,7.4,5.21,=,=
CCC(N)(C#Cc1cnc(N)c2c(-c3ccc(NC(=O)Nc4cccc(C)c4)cc3)csc12)CC,ABL1,SGK2,6.3,5.4,=,=
C=CCn1c(=O)c2cnc(Nc3ccc(N4CCN(C)CC4)cc3)nc2n1-c1cccc(C(C)(C)O)n1,ABL1,TYRO3,6.5,5.7,=,=
CC(C)n1nc(-c2cc3cc(O)ccc3[nH]2)c2c(N)ncnc21,ACVR1,MAP3K3,8.4,6.19,=,=
CC(O)Cn1cc(-c2cnc(N)c3c(-c4ccc(NC(=O)Nc5cccc(F)c5)cc4)csc23)cn1,ABL1,PAK1,9.1,5.7,=,=
CCN(CC)CCNC(=O)c1c(C)[nH]c(/C=C2\C(=O)Nc3ccc(F)cc32)c1C,AAK1,PIP4K2B,7.96,7.41,=,=
C=CC(=O)Nc1cc2c(Nc3ccc(F)c(Cl)c3)ncnc2cc1OCCCN1CCOCC1,ABL2,AXL,6.06,5.24,=,=
CN(C)CC(=O)N1CCC(c2ccc(NC(=O)c3nc(C#N)c[nH]3)c(C3=CCCCC3)c2)CC1.Cl,ABL2,BMPR2,5.28,6.51,=,=
CCS(=O)(=O)c1cccc(-c2cc(C(=O)NC3CCN(C)CC3)c(C)c3[nH]c4ncc(C)cc4c23)c1,ABL2,GSK3B,6.38,5.21,=,=
CSc1cccc(Nc2ncc3cc(-c4c(Cl)cccc4Cl)c(=O)n(C)c3n2)c1,ABL2,MAPK6,9.16,6.77,=,=
Cn1c(=O)n(-c2ccc(C(C)(C)C#N)cc2)c2c3cc(-c4cnc5ccccc5c4)ccc3ncc21,ACVR1,PIK3CB,5.9,7.12,=,=
CCS(=O)(=O)c1cccc(-c2cc(C(=O)NC3CCN(C)CC3)c(C)c3[nH]c4ncc(C)cc4c23)c1,ACVR1,EPHA4,6.6,7.66,=,=
CCN1CCN(Cc2ccc(NC(=O)Nc3ccc(Oc4cc(NC)ncn4)cc3)cc2C(F)(F)F)CC1,ABL1,CDK3,8.0,6.97,=,=
CCN(CC)CCNC(=O)c1c(C)[nH]c(/C=C2\C(=O)Nc3ccc(F)cc32)c1C,ABL2,RPS6KA5,6.0,6.6,=,=
CC(C)C[C@](C)(N)COc1ccc(-c2ccnc(C(F)F)c2)cc1C(F)F,AAK1,ROCK2,9.29,6.38,=,=
CC(C)(C)n1nc(-c2ccc(Cl)cc2)c2c(N)ncnc21,ACVR1,CDK5,7.2,5.5,=,=
C(#Cc1cnc2c(-c3ccnc4ccccc34)cnn2c1)CN1CCNCC1,ACVR1B,ACVRL1,4.22,6.47,=,=
CN[C@@H]1C[C@H]2O[C@@](C)([C@@H]1OC)n1c3ccccc3c3c4c(c5c6ccccc6n2c5c31)C(=O)NC4,ACVR1B,CSNK1A1,6.17,5.38,=,=
CC(=O)NCC(=O)N1[C@@H]2CC[C@H]1c1ccc(Nc3ncc(C(F)(F)F)c(NC4CCC4)n3)cc12,ABL1,MAP3K2,5.6,6.79,=,=
CO[C@@H]1[C@H](N(C)C(=O)c2ccccc2)C[C@H]2O[C@]1(C)n1c3ccccc3c3c4c(c5c6ccccc6n2c5c31)C(=O)NC4,AAK1,PRKCH,7.32,6.54,=,=
CO[C@@H]1[C@H](N(C)CCOCCOCCOCCNC(=O)CCC2=[N+]3C(=Cc4c(C)cc(C)n4[B-]3(F)F)C=C2)C[C@H]2O[C@]1(C)n1c3ccccc3c3c4c(c5c6ccccc6n2c5c31)C(=O)NC4,AAK1,MAPK12,8.3,5.99,=,=
CC(C)n1nc(-c2cc3cc(O)ccc3[nH]2)c2c(N)ncnc21,AAK1,MAP2K5,5.8,8.14,=,=
CC(C)n1nc(-c2cc3cc(O)ccc3[nH]2)c2c(N)ncnc21,AAK1,RIPK2,5.8,7.11,=,=
CN(C)CC(=O)N1CCC(c2ccc(NC(=O)c3nc(C#N)c[nH]3)c(C3=CCCCC3)c2)CC1.Cl,ACVR1,ERN1,6.41,5.24,=,=
CC(C)C[C@H](N)c1cc(C#N)c2cc(-c3ccncc3)ccc2n1,AAK1,BMP2K,8.24,6.79,=,=
CC(C)(C)c1ccc2nc(-c3n[nH]c4ccccc34)[nH]c2c1,ABL1,SGK2,6.8,5.9,=,=
COC(=O)c1ccc2c(c1)NC(=O)/C2=C(\Nc1ccc(N(C)C(=O)CN2CCN(C)CC2)cc1)c1ccccc1,AAK1,RIPK1,7.2,6.62,=,=
CN[C@@H]1C[C@H]2O[C@@](C)([C@@H]1OC)n1c3ccccc3c3c4c(c5c6ccccc6n2c5c31)C(=O)NC4,AAK1,TNNI3K,8.92,6.0,=,=
C#Cc1cccc(Nc2ncnc3cc(OCCOC)c(OCCOC)cc23)c1,ABL2,MAP3K2,6.7,5.6,=,=
CC(C)n1nc(-c2cc3cc(O)ccc3[nH]2)c2c(N)ncnc21,AAK1,PIM2,5.8,6.62,=,=
CC(=O)NCC(=O)N1[C@@H]2CC[C@H]1c1ccc(Nc3ncc(C(F)(F)F)c(NC4CCC4)n3)cc12,AAK1,RPS6KA4,8.05,6.81,=,=
CCS(=O)(=O)N1CC(CC#N)(n2cc(-c3ncnc4[nH]ccc34)cn2)C1,AAK1,PRKCB,8.09,4.58,=,=
C#Cc1cccc(Nc2ncnc3cc(OCCOC)c(OCCOC)cc23)c1,ABL1,MKNK2,6.51,5.9,=,=
Cc1ccc(C(=O)Nc2cccc(C(F)(F)F)c2)cc1Nc1nc(-c2cccnc2)nc2nn(C)cc12,ACVR1B,CDK12,7.6,6.36,=,=
CC(C)c1cc(CNc2nc(Nc3cc(C4CC4)[nH]n3)cc(N3CCN(C)CC3)n2)on1,ABL2,MAP2K2,8.1,5.38,=,=
CCc1nc(C(N)=O)c(Nc2ccc(N3CCC(N4CCN(C)CC4)CC3)c(OC)c2)nc1NC1CCOCC1,AAK1,ROS1,7.6,8.72,=,=
C=CC(=O)Nc1cc2c(Nc3ccc(F)c(Cl)c3)ncnc2cc1OCCCN1CCOCC1,ACVR1,ERBB4,5.77,8.07,=,=
CC(C)(C)c1nc(-c2cccc(NS(=O)(=O)c3c(F)cccc3F)c2F)c(-c2ccnc(N)n2)s1,ACVR1B,CDK16,6.22,7.89,=,=
C=CC(=O)Nc1cc2c(Nc3ccc(F)c(Cl)c3)ncnc2cc1OCCCN1CCOCC1,ABL2,MAPK10,6.06,5.26,=,=
C=CC(=O)Nc1cc2c(Nc3ccc(F)c(Cl)c3)ncnc2cc1OCCCN1CCOCC1,ABL1,MAP2K1,6.47,5.75,=,=
CO[C@@H](C(=O)N1Cc2[nH]nc(NC(=O)c3ccc(N4CCN(C)CC4)cc3)c2C1)c1ccccc1,ACVR1,PLK1,6.28,5.46,=,=
C#Cc1cccc(Nc2ncnc3cc(OCCOC)c(OCCOC)cc23)c1,ABL2,CSK,6.7,5.02,=,=
CNC(=O)c1cc(Oc2ccc(NC(=O)Nc3cc(C(C)(C)C)nn3-c3ccc4ncccc4c3)c(F)c2)ccn1,ABL2,ERN1,6.87,5.52,=,=
C(#Cc1cnc2c(-c3ccnc4ccccc34)cnn2c1)CN1CCNCC1,ACVR1B,BMPR1A,4.22,5.12,=,=
COc1cc(Nc2c(C#N)cnc3cc(OCCCN4CCN(C)CC4)c(OC)cc23)c(Cl)cc1Cl,ABL2,NEK2,8.82,5.8,=,=
CCN1CCN(Cc2ccc(NC(=O)Nc3ccc(Oc4cc(NC)ncn4)cc3)cc2C(F)(F)F)CC1,ABL1,RPS6KA2,8.0,5.96,=,=
COC(=O)c1ccc2c(c1)NC(=O)/C2=C(\Nc1ccc(N(C)C(=O)CN2CCN(C)CC2)cc1)c1ccccc1,ABL2,STK39,5.7,6.28,=,=
COc1ccc(C(=O)Nc2n[nH]c3ccc(-c4cn(Cc5ccccc5)nn4)cc23)cc1OC,ACVR1,TSSK2,6.0,7.1,=,=
CC(=O)NCC(=O)N1C2CCC1c1cc(Nc3ncc(C(F)(F)F)c(NC4CCC4)n3)ccc12,ABL1,EPHA2,6.6,6.0,=,=
CNC(=O)c1nn(C)c2c1C(C)(C)Cc1cnc(Nc3ccc(N4CCN(C)CC4)cc3)nc1-2,ABL2,PKMYT1,5.43,6.0,=,=
COC(=O)c1ccc2c(c1)NC(=O)/C2=C(\Nc1ccc(N(C)C(=O)CN2CCN(C)CC2)cc1)c1ccccc1,ACVR1B,BLK,5.31,6.42,=,=
CC(C)n1nc(-c2cc3cc(O)ccc3[nH]2)c2c(N)ncnc21,ACVR1,RPS6KA3,8.4,6.7,=,=
CCN(CC)CCNC(=O)c1c(C)[nH]c(/C=C2\C(=O)Nc3ccc(F)cc32)c1C,AAK1,SRPK2,7.96,6.72,=,=
C=CC(=O)Nc1cc2c(Nc3ccc(F)c(Cl)c3)ncnc2cc1OCCCN1CCOCC1,ABL2,ITK,6.06,5.25,=,=
CCN(CC)CCNC(=O)c1c(C)[nH]c(/C=C2\C(=O)Nc3ccc(F)cc32)c1C,ABL2,MYLK4,6.0,7.82,=,=
CC1(C)C(=O)N([C@H]2CCc3c(O)cccc32)c2nc(Nc3ccccc3)ncc21,ABL1,ROCK1,5.94,5.0,=,=
CC(C)n1nc(-c2cc3cc(O)ccc3[nH]2)c2c(N)ncnc21,ABL1,CLK1,6.82,6.04,=,=
CO[C@@H]1[C@H](N(C)CCOCCOCCOCCNC(=O)CCC2=[N+]3C(=Cc4c(C)cc(C)n4[B-]3(F)F)C=C2)C[C@H]2O[C@]1(C)n1c3ccccc3c3c4c(c5c6ccccc6n2c5c31)C(=O)NC4,ABL2,GRK1,6.02,6.96,=,=
C=CC(=O)Nc1cccc(CNc2nc(Nc3ccc(N4CCN(CCCNC(=O)CC5C6CC7CC(C6)CC5C7)CC4)cc3)ncc2Cl)c1,ABL1,TYK2,5.64,6.27,=,=
CCN1CCN(Cc2ccc(Nc3ncc(F)c(-c4cc(F)c5nc(C)n(C(C)C)c5c4)n3)nc2)CC1,AAK1,PIM1,6.99,7.72,=,=
O=C(Nc1c[nH]nc1-c1nc2ccc(CN3CCOCC3)cc2[nH]1)NC1CC1,ACVR1B,BUB1,6.09,7.03,=,=
CN[C@@H]1C[C@H]2O[C@@](C)([C@@H]1OC)n1c3ccccc3c3c4c(c5c6ccccc6n2c5c31)C(=O)NC4,AAK1,CDC42BPA,8.92,8.24,=,=
CCN1CCN(c2ccc(Nc3cc(N(C)C(=O)Nc4c(Cl)c(OC)cc(OC)c4Cl)ncn3)cc2)CC1,ABL1,FGFR4,5.64,7.22,=,=
CC(C)n1nc(-c2cc3cc(O)ccc3[nH]2)c2c(N)ncnc21,ACVR1,PIM1,8.4,5.82,=,=
CNS(=O)(=O)c1ccccc1Nc1nc(Nc2cc(OC)c(OC)c(OC)c2)ncc1Cl,ACVR1,HIPK4,6.8,5.6,=,=
CCNC(=O)C#Cc1ccc2c(c1)NC(=O)/C2=C(\Nc1ccc(CN(C)C)cc1)c1ccccc1,ABL2,AURKA,5.83,7.6,=,=
CC(=O)c1cnc2ccc(-c3cc(Cl)c(O)c(Cl)c3)nc2c1N[C@H]1CC[C@H](CN(C)C)CC1,ABL1,NLK,6.55,7.62,=,=
CC(=O)NCC(=O)N1[C@@H]2CC[C@H]1c1ccc(Nc3ncc(C(F)(F)F)c(NC4CCC4)n3)cc12,AAK1,PRKD3,8.05,6.08,=,=
CN1C/C=C/CCOc2cccc(c2)-c2ccnc(n2)Nc2cccc(c2)C1,ABL1,MAPK15,4.49,5.97,=,=
COc1cc(Nc2ncc(F)c(Nc3ccc4c(n3)NC(=O)C(C)(C)O4)n2)cc(OC)c1OC,ACVR1,PLK2,5.32,7.47,=,=
CCc1nc(C(N)=O)c(Nc2ccc(N3CCC(N4CCN(C)CC4)CC3)c(OC)c2)nc1NC1CCOCC1,ACVR1,CDK4,7.41,5.71,=,=
CN[C@@H]1C[C@H]2O[C@@](C)([C@@H]1OC)n1c3ccccc3c3c4c(c5c6ccccc6n2c5c31)C(=O)NC4,ABL1,BMPR1A,7.04,5.43,=,=
CCc1nc(C(N)=O)c(Nc2ccc(N3CCC(N4CCN(C)CC4)CC3)c(OC)c2)nc1NC1CCOCC1,AAK1,RIPK2,7.6,6.32,=,=
CCCNC(=O)c1ccc(Nc2nc(NCC(F)(F)F)c3cc[nH]c3n2)cc1,ABL1,PRKCQ,6.11,5.12,=,=
CC(C)(C)n1nc(-c2ccc(Cl)cc2)c2c(N)ncnc21,ACVR1,PDGFRA,7.2,6.6,=,=
CN[C@@H]1C[C@H]2O[C@@](C)([C@@H]1OC)n1c3ccccc3c3c4c(c5c6ccccc6n2c5c31)C(=O)NC4,AAK1,IGF1R,8.92,6.72,=,=
CC(C)n1nc(-c2cc3cc(O)ccc3[nH]2)c2c(N)ncnc21,AAK1,LCK,5.8,6.7,=,=
CC(C)n1nc(-c2cc3cc(O)ccc3[nH]2)c2c(N)ncnc21,ACVR1B,CDK7,7.24,5.26,=,=
C#Cc1nc(Nc2ccccc2)nc2[nH]cnc12,ABL1,AURKA,4.88,5.89,=,=
CC(C)n1nc(-c2cc3cc(O)ccc3[nH]2)c2c(N)ncnc21,ACVR1,BRSK1,8.4,7.85,=,=
CN(C)CC(=O)N1CCC(c2ccc(NC(=O)c3nc(C#N)c[nH]3)c(C3=CCCCC3)c2)CC1.Cl,AAK1,EPHA4,6.28,5.11,=,=
C=CC(=O)Nc1cc2c(Nc3ccc(F)c(Cl)c3)ncnc2cc1OCCCN1CCOCC1,ABL2,EPHA4,6.06,5.44,=,=
CN(C)C1CCC(Nc2nc(Cl)cc(-c3c[nH]c4ncccc34)n2)CC1,ACVR1,ROCK2,5.6,8.6,=,=
CCN(CC)CCNC(=O)c1c(C)[nH]c(/C=C2\C(=O)Nc3ccc(F)cc32)c1C,AAK1,EIF2AK4,7.96,6.75,=,=
CN[C@@H]1C[C@H]2O[C@@](C)([C@@H]1OC)n1c3ccccc3c3c4c(c5c6ccccc6n2c5c31)C(=O)NC4,ABL2,MAP2K6,7.46,8.47,=,=
CC(=O)Nc1ccc2c(-c3cnn4cc(-c5ccc(N6CCNCC6)cc5)cnc34)ccnc2c1,ACVR1B,BMPR1A,4.09,5.53,=,=
CN1CCN(c2ccc3nc(-c4c(N)c5c(F)cccc5[nH]c4=O)[nH]c3c2)CC1,AAK1,LIMK1,6.77,5.7,=,=
CC(=O)NCC(=O)N1C2CCC1c1cc(Nc3ncc(C(F)(F)F)c(NC4CCC4)n3)ccc12,ACVR1,BLK,6.4,7.0,=,=
CC(=O)c1cccc(-c2cnc3[nH]ccc3c2)c1,ACVR1,ROS1,5.4,6.1,=,=
C#Cc1cccc(Nc2ncnc3cc(OC)c(OCCCCCCC(=O)NO)cc23)c1,ABL1,ERBB2,5.54,7.8,=,=
CN[C@@H]1C[C@H]2O[C@@](C)([C@@H]1OC)n1c3ccccc3c3c4c(c5c6ccccc6n2c5c31)C(=O)NC4,ACVR1B,CDK17,6.17,7.02,=,=
C#Cc1cccc(Nc2ncnc3cc(OCCOC)c(OCCOC)cc23)c1,ABL2,TXK,6.7,5.42,=,=
CCN(CC)CCNC(=O)c1c(C)[nH]c(/C=C2\C(=O)Nc3ccc(F)cc32)c1C,AAK1,MAPK10,7.96,5.37,=,=
CNS(=O)(=O)c1ccccc1Nc1nc(Nc2cc(OC)c(OC)c(OC)c2)ncc1Cl,ACVR1,DYRK3,6.8,5.4,=,=
CN1CCN(c2ccc3nc(-c4c(N)c5c(F)cccc5[nH]c4=O)[nH]c3c2)CC1,AAK1,TLK2,6.77,5.58,=,=
CC(C)n1nc(-c2cc3cc(O)ccc3[nH]2)c2c(N)ncnc21,ABL1,CDK19,6.82,5.6,=,=
CN[C@@H]1C[C@H]2O[C@@](C)([C@@H]1OC)n1c3ccccc3c3c4c(c5c6ccccc6n2c5c31)C(=O)NC4,AAK1,NEK1,8.92,7.86,=,=
CN[C@@H]1C[C@H]2O[C@@](C)([C@@H]1OC)n1c3ccccc3c3c4c(c5c6ccccc6n2c5c31)C(=O)NC4,ACVR1,MAP3K5,6.33,7.2,=,=
CC(=O)NCC(=O)N1[C@@H]2CC[C@H]1c1ccc(Nc3ncc(C(F)(F)F)c(NC4CCC4)n3)cc12,AAK1,PRKD2,8.05,6.03,=,=
CC(=O)NCC(=O)N1C2CCC1c1cc(Nc3ncc(C(F)(F)F)c(NC4CCC4)n3)ccc12,ACVR1,CSNK1D,6.4,5.5,=,=
CC(C)(C)c1cc(NC(=O)Nc2ccc(Nc3ncnc4ccccc34)cc2)n(-c2cccc(N)c2)n1,ABL1,DDR2,7.16,8.13,=,=
C=CC(=O)Nc1cc2c(Nc3ccc(F)c(Cl)c3)ncnc2cc1OCCCN1CCOCC1,ABL2,SRMS,6.06,5.17,=,=
CCN(CC)CC#Cc1cnc(N)c2c(-c3ccc(NC(=O)Nc4cccc(C)c4)cc3)csc12,ABL1,RPS6KA5,6.3,7.5,=,=
C#Cc1cccc(Nc2ncnc3cc(OCCOC)c(OCCOC)cc23)c1,ABL2,MAPK9,6.7,5.55,=,=
C=CC(=O)N[C@H]1CC[C@@H](n2nc(-c3ccc(Oc4ccccc4)cc3)c3c(N)ncnc32)CC1,ABL1,BLK,7.49,9.7,=,=
CC[C@@H]1C(=O)N(C)c2cnc(Nc3ccc(C(=O)NC4CCN(C)CC4)cc3OC)nc2N1C1CCCC1,AAK1,PLK3,5.55,8.05,=,=
CCOc1cc2ncc(C#N)c(Nc3ccc(F)c(Cl)c3)c2cc1NC(=O)/C=C/CN(C)C,AAK1,FRK,5.46,6.72,=,=
CC[C@@](C)(Nc1ccnc(-c2c[nH]c3ncccc23)n1)C(=O)NCC(F)(F)F,ABL2,PRKCD,5.15,7.17,=,=
CCN(CC)CCNC(=O)c1c(C)[nH]c(/C=C2\C(=O)Nc3ccc(F)cc32)c1C,ABL2,PRKD3,6.0,6.55,=,=
CN(C)C[C@@H]1CCn2cc(c3ccccc32)C2=C(C(=O)NC2=O)c2cn(c3ccccc23)CCO1,AAK1,MAPK15,6.05,7.06,=,=
CN[C@@H]1C[C@H]2O[C@@](C)([C@@H]1OC)n1c3ccccc3c3c4c(c5c6ccccc6n2c5c31)C(=O)NC4,ACVR1,MAPK3,6.33,5.18,=,=
CC1(C)CNc2cc(NC(=O)c3cccnc3NCc3ccncc3)ccc21,ABL2,MAP3K7,5.35,5.89,=,=
CNS(=O)(=O)c1ccccc1Nc1nc(Nc2cc(OC)c(OC)c(OC)c2)ncc1Cl,ACVR1,DYRK4,6.8,5.9,=,=
Oc1c2ccccc2c2c3c(cccc13)N=N2,AAK1,PBK,7.46,6.0,=,=
CC(C)c1cc(CNc2nc(Nc3cc(C4CC4)[nH]n3)cc(N3CCN(C)CC3)n2)on1,ACVR1,CDK3,8.3,6.37,=,=
CC(=O)c1c(C)c2cnc(Nc3ccc(N4CCNCC4)cn3)nc2n(C2CCCC2)c1=O,AAK1,BMP2K,5.38,4.58,=,=
CNC(=O)c1cc(Oc2ccc(NC(=O)Nc3ccc(Cl)c(C(F)(F)F)c3)cc2)ccn1,ABL1,MAPK3,6.24,7.74,=,=
COCCN1CCN(Cc2ccc(-c3n[nH]c4c3C(=O)c3c(NC(=O)NN5CCOCC5)cccc3-4)cc2)CC1,AAK1,CDK12,7.66,6.02,=,=
CC(C)n1nc(-c2cc3cc(O)ccc3[nH]2)c2c(N)ncnc21,AAK1,MTOR,5.8,8.1,=,=
CC(C)n1nc(-c2cc3cc(O)ccc3[nH]2)c2c(N)ncnc21,ABL2,PLK4,5.92,7.16,=,=
CCN(CC)CCNC(=O)c1c(C)[nH]c(/C=C2\C(=O)Nc3ccc(F)cc32)c1C,AAK1,FGFR3,7.96,6.52,=,=
CC(=O)c1c(C)c2cnc(Nc3ccc(N4CCNCC4)cn3)nc2n(C2CCCC2)c1=O,AAK1,CSNK2A1,5.38,6.12,=,=
COc1cc(N2CCC(N3CCN(C)CC3)CC2)ccc1Nc1ncc(Cl)c(Nc2ccccc2S(=O)(=O)C(C)C)n1,ACVR1,PLK3,7.77,6.09,=,=
CCN(CC)CCNC(=O)c1c(C)[nH]c(/C=C2\C(=O)Nc3ccc(F)cc32)c1C,AAK1,IGF1R,7.96,5.58,=,=
CCN(CC)CCNC(=O)c1c(C)[nH]c(/C=C2\C(=O)Nc3ccc(F)cc32)c1C,ABL1,MAP3K13,6.14,7.02,=,=
CNC(=O)c1nn(C)c2c1C(C)(C)Cc1cnc(Nc3ccc(N4CCN(C)CC4)cc3)nc1-2,AAK1,CSNK1A1,5.13,6.3,=,=
CC(=O)NCC(=O)N1C2CCC1c1cc(Nc3ncc(C(F)(F)F)c(NC4CCC4)n3)ccc12,ABL1,SLK,6.6,7.7,=,=
CC(=O)NCC(=O)N1[C@@H]2CC[C@H]1c1ccc(Nc3ncc(C(F)(F)F)c(NC4CCC4)n3)cc12,AAK1,SYK,8.05,6.17,=,=
CO[C@@H]1[C@H](N(C)CCOCCOCCOCCNC(=O)CCC2=[N+]3C(=Cc4c(C)cc(C)n4[B-]3(F)F)C=C2)C[C@H]2O[C@]1(C)n1c3ccccc3c3c4c(c5c6ccccc6n2c5c31)C(=O)NC4,ABL2,PDK1,6.02,8.4,=,=
CN[C@@H]1C[C@H]2O[C@@](C)([C@@H]1OC)n1c3ccccc3c3c4c(c5c6ccccc6n2c5c31)C(=O)NC4,AAK1,AKT1,8.92,7.94,=,=
C=CC(=O)N1CCC[C@@H](n2nc(-c3ccc(Oc4ccccc4)cc3)c3c(N)ncnc32)C1,ABL1,CSF1R,7.07,5.26,=,=
C#Cc1cccc(Nc2ncnc3cc(OCCOC)c(OCCOC)cc23)c1,ABL1,ERBB4,6.51,5.95,=,=
C#Cc1cn(C2CCCC2)c2ncnc(N)c12,ABL1,CSNK1A1,6.0,7.3,=,=
CC1(C)C(=O)N([C@H]2CCc3c(O)cccc32)c2nc(Nc3ccccc3)ncc21,ABL1,PAK1,5.94,5.0,=,=
CC(C)(C)n1nc(-c2ccc3ccccc3c2)c2c(N)ncnc21,ABL1,PRKDC,5.22,6.38,=,=
CCN1CCN(Cc2ccc(Nc3ncc(F)c(-c4cc(F)c5nc(C)n(C(C)C)c5c4)n3)nc2)CC1,AAK1,DYRK4,6.99,5.45,=,=
Cc1ccc(C(=O)Nc2cccc(C(F)(F)F)c2)cc1Nc1nc(-c2cccnc2)nc2c1cnn2C,ABL1,GRK2,6.04,4.99,=,=
CC(=O)NCC(=O)N1C2CCC1c1cc(Nc3ncc(C(F)(F)F)c(NC4CCC4)n3)ccc12,ABL1,TSSK1A,6.6,7.3,=,=
CN[C@@H]1C[C@H]2O[C@@](C)([C@@H]1OC)n1c3ccccc3c3c4c(c5c6ccccc6n2c5c31)C(=O)NC4,AAK1,PTK6,8.92,6.56,=,=
C=CC(=O)N1CCC[C@@H](n2nc(-c3ccc(Oc4ccccc4)cc3)c3c(N)ncnc32)C1,ABL2,YES1,6.04,8.19,=,=
CN1CC[C@H](c2c(O)cc(O)c3c(=O)cc(-c4ccccc4Cl)oc23)[C@H](O)C1,AAK1,MAPK15,5.28,6.48,=,=
CC#CCn1cc(N(CC2CC2)c2nc(C(N)=O)c(-c3cc(C(=O)N(C)C)c[nH]3)s2)cn1,ACVR1B,BMPR1A,7.46,6.57,=,=
CC(Oc1cc(-c2cnn(C3CCNCC3)c2)cnc1N)c1c(Cl)ccc(F)c1Cl,ACVR1,AXL,6.35,8.15,=,=
CC(=O)c1cnc2ccc(-c3cc(Cl)c(O)c(Cl)c3)nc2c1N[C@H]1CC[C@H](CN(C)C)CC1,ACVR1,LATS1,6.65,7.85,=,=
CC(=O)NCC(=O)N1C2CCC1c1cc(Nc3ncc(C(F)(F)F)c(NC4CCC4)n3)ccc12,ACVR1,SLK,6.4,7.7,=,=
CN(C)CC(=O)N1CCC(c2ccc(NC(=O)c3nc(C#N)c[nH]3)c(C3=CCCCC3)c2)CC1.Cl,ACVR1B,CAMKK1,8.0,5.55,=,=
CC(C)n1nc(-c2cc3cc(O)ccc3[nH]2)c2c(N)ncnc21,ABL1,EPHA4,6.82,6.01,=,=
CCN(CC)CCNC(=O)c1c(C)[nH]c(/C=C2\C(=O)Nc3ccc(F)cc32)c1C,AAK1,RPS6KA6,7.96,5.62,=,=
CN1CCN(c2ccc3nc(-c4c(N)c5c(F)cccc5[nH]c4=O)[nH]c3c2)CC1,ABL2,NUAK1,5.98,6.62,=,=
C=CC(=O)Nc1cc2c(Nc3ccc(F)c(Cl)c3)ncnc2cc1OCCCN1CCOCC1,ABL2,SIK2,6.06,5.31,=,=
CC(C)(C)c1nc(-c2cccc(NS(=O)(=O)c3c(F)cccc3F)c2F)c(-c2ccnc(N)n2)s1,ABL2,SIK3,6.52,5.7,=,=
C[C@]12O[C@H](C[C@]1(O)CO)n1c3ccccc3c3c4c(c5c6ccccc6n2c5c31)CNC4=O,AAK1,MAPK3,8.51,5.01,=,=
CC1CN(c2ccncc2NC(=O)c2ccnn3cc(-c4ccccc4)nc23)CCO1,AAK1,GSK3B,6.7,9.42,=,=
COC(=O)c1ccc2c(c1)NC(=O)/C2=C(\Nc1ccc(N(C)C(=O)CN2CCN(C)CC2)cc1)c1ccccc1,ACVR1,MAP3K13,6.04,6.85,=,=
CN[C@@H]1C[C@H]2O[C@@](C)([C@@H]1OC)n1c3ccccc3c3c4c(c5c6ccccc6n2c5c31)C(=O)NC4,ACVR1B,CAMK1D,6.17,9.24,=,=
CCN(CC)CCNC(=O)c1c(C)[nH]c(/C=C2\C(=O)Nc3ccc(F)cc32)c1C,ABL1,HIPK1,6.14,7.26,=,=
CC(C)c1cc(CNc2nc(Nc3cc(C4CC4)[nH]n3)cc(N3CCN(C)CC3)n2)on1,ACVR1,EPHA5,8.3,7.09,=,=
CC(=O)c1c(C)c2cnc(Nc3ccc(N4CCNCC4)cn3)nc2n(C2CCCC2)c1=O,AAK1,CLK1,5.38,6.56,=,=
CN[C@@H]1C[C@H]2O[C@@](C)([C@@H]1OC)n1c3ccccc3c3c4c(c5c6ccccc6n2c5c31)C(=O)NC4,ACVR1,MAP3K19,6.33,8.39,=,=
CCC(N)(C#Cc1cnc(N)c2c(-c3ccc(NC(=O)Nc4cccc(C)c4)cc3)csc12)CC,ABL1,HIPK2,6.3,5.6,=,=
CC(=O)NCC(=O)N1[C@@H]2CC[C@H]1c1ccc(Nc3ncc(C(F)(F)F)c(NC4CCC4)n3)cc12,ABL1,RPS6KA6,5.6,6.55,=,=
CN1CCN(c2ccc3nc(-c4c(N)c5c(F)cccc5[nH]c4=O)[nH]c3c2)CC1,AAK1,FGFR3,6.77,7.72,=,=
CC(=O)NCC(=O)N1[C@@H]2CC[C@H]1c1ccc(Nc3ncc(C(F)(F)F)c(NC4CCC4)n3)cc12,ABL1,AURKB,5.6,7.96,=,=
CC(C)n1nc(-c2cc3cc(O)ccc3[nH]2)c2c(N)ncnc21,ABL1,TTK,6.82,6.2,=,=
CCN1CCN(Cc2ccc(NC(=O)Nc3ccc(Oc4cc(NC)ncn4)cc3)cc2C(F)(F)F)CC1,ABL2,CLK1,8.47,6.96,=,=
CCN1CCN(Cc2ccc(NC(=O)Nc3ccc(Oc4cc(NC)ncn4)cc3)cc2C(F)(F)F)CC1,ABL2,RPS6KA2,8.47,5.96,=,=
CC(=O)c1cnc2ccc(-c3cc(Cl)c(O)c(Cl)c3)nc2c1N[C@H]1CC[C@H](CN(C)C)CC1,ACVR1,TAOK2,6.65,8.0,=,=
CCN(CC)CCNC(=O)c1c(C)[nH]c(/C=C2\C(=O)Nc3ccc(F)cc32)c1C,ABL1,HIPK3,6.14,7.39,=,=
CN1CCN(c2nc(C3=C(c4c[nH]c5ccccc45)C(=O)NC3=O)c3ccccc3n2)CC1,ABL1,PRKCH,5.48,8.21,=,=
COc1cc(N2CCC(N3CCN(C)CC3)CC2)ccc1Nc1ncc(Cl)c(Nc2ccccc2S(=O)(=O)C(C)C)n1,ACVR1,STK39,7.77,6.82,=,=
CN[C@@H]1C[C@H]2O[C@@](C)([C@@H]1OC)n1c3ccccc3c3c4c(c5c6ccccc6n2c5c31)C(=O)NC4,AAK1,SGK1,8.92,8.04,=,=
C[C@]12O[C@H](C[C@]1(O)CO)n1c3ccccc3c3c4c(c5c6ccccc6n2c5c31)CNC4=O,AAK1,MAPK13,8.51,5.46,=,=
CC(C)n1nc(-c2cc3cc(O)ccc3[nH]2)c2c(N)ncnc21,AAK1,FGFR2,5.8,6.68,=,=
CC(C)n1nc(-c2cc3cc(O)ccc3[nH]2)c2c(N)ncnc21,ACVR1,HIPK4,8.4,5.66,=,=
CN1CCC(NC(=O)c2cnc(NCc3cc(Cl)ccc3Cl)nc2NC2CCCC2)CC1,ABL1,MAPK1,5.5,4.52,=,=
CN[C@@H]1C[C@H]2O[C@@](C)([C@@H]1OC)n1c3ccccc3c3c4c(c5c6ccccc6n2c5c31)C(=O)NC4,ACVR1,PRKCG,6.33,7.96,=,=
CN[C@@H]1C[C@H]2O[C@@](C)([C@@H]1OC)n1c3ccccc3c3c4c(c5c6ccccc6n2c5c31)C(=O)NC4,ACVR1,PRKG2,6.33,7.8,=,=
CCN1CCN(Cc2ccc(Nc3ncc(F)c(-c4cc(F)c5nc(C)n(C(C)C)c5c4)n3)nc2)CC1,AAK1,PIM2,6.99,5.47,=,=
C=CC(=O)Nc1cc2c(Nc3ccc(F)c(Cl)c3)ncnc2cc1OCCCN1CCOCC1,ACVR1,FLT1,5.77,5.12,=,=
C#Cc1cccc(Nc2ncnc3cc(OCCOC)c(OCCOC)cc23)c1,ABL2,AURKB,6.7,5.85,=,=
CCN(CC)CCNC(=O)c1c(C)[nH]c(/C=C2\C(=O)Nc3ccc(F)cc32)c1C,AAK1,MAP4K3,7.96,6.75,=,=
COc1cc(N2CCC(N3CCN(C)CC3)CC2)ccc1Nc1ncc(Cl)c(Nc2ccccc2S(=O)(=O)C(C)C)n1,ACVR1B,CDK1,7.01,6.5,=,=
CC(C)(C)c1nc(-c2cccc(NS(=O)(=O)c3c(F)cccc3F)c2F)c(-c2ccnc(N)n2)s1,ABL2,RAF1,6.52,8.3,=,=
CC(C)NC1=NNC(=O)C1=Cc1cc2ccccc2[nH]1,ACVR1,FLT3,5.4,6.8,=,=
CCN1CCN(Cc2ccc(Nc3ncc(F)c(-c4cc(F)c5nc(C)n(C(C)C)c5c4)n3)nc2)CC1,AAK1,STK17A,6.99,6.18,=,=
CC(=O)NCC(=O)N1[C@@H]2CC[C@H]1c1ccc(Nc3ncc(C(F)(F)F)c(NC4CCC4)n3)cc12,AAK1,TNK1,8.05,6.43,=,=
CCn1cc(-c2ccnc3[nH]c(-c4cccc(CN(C)C)c4)cc23)c(-c2ccc(NC(=O)N(C)C)cc2)n1,ACVR1,TEK,5.43,7.23,=,=
CC(=O)c1cnc2ccc(-c3cc(Cl)c(O)c(Cl)c3)nc2c1N[C@H]1CC[C@H](CN(C)C)CC1,ABL2,GAK,6.73,8.3,=,=
CN[C@@H]1C[C@H]2O[C@@](C)([C@@H]1OC)n1c3ccccc3c3c4c(c5c6ccccc6n2c5c31)C(=O)NC4,AAK1,MAPK1,8.92,5.35,=,=
CC(=O)c1cnc2ccc(-c3cc(Cl)c(O)c(Cl)c3)nc2c1N[C@H]1CC[C@H](CN(C)C)CC1,ACVR1,CSNK1G2,6.65,7.34,=,=
CO[C@@H](C(=O)N1Cc2[nH]nc(NC(=O)c3ccc(N4CCN(C)CC4)cc3)c2C1)c1ccccc1,ABL2,MAPK7,8.0,6.37,=,=
CC(C)c1cc(CNc2nc(Nc3cc(C4CC4)[nH]n3)cc(N3CCN(C)CC3)n2)on1,ABL1,IRAK3,7.85,7.1,=,=
COC(=O)c1ccc2c(c1)NC(=O)/C2=C(\Nc1ccc(N(C)C(=O)CN2CCN(C)CC2)cc1)c1ccccc1,ACVR1B,CHEK1,5.31,5.95,=,=
COc1cc2c(cc1F)C(c1ccccc1Cl)=Nc1c(n[nH]c1C)N2,ACVR1,TSSK2,6.6,6.0,=,=
CC(C)Oc1cc(Nc2nc(NC(C)c3ccc(F)cn3)ncc2Cl)n[nH]1,ACVR1,NTRK1,5.8,8.4,=,=
CCN1CCN(Cc2ccc(NC(=O)Nc3ccc(Oc4cc(NC)ncn4)cc3)cc2C(F)(F)F)CC1,ABL1,TGFBR2,8.0,6.58,=,=
CN1CCN(Cc2ccc(-c3cnc4[nH]cc(-c5ccc6[nH]ccc6c5)c4c3)cc2)CC1,ABL1,ZAP70,8.34,5.3,=,=
C#Cc1cn(C2CCCC2)c2ncnc(N)c12,ACVR1,KDR,6.1,6.7,=,=
CC1(C)C(=O)N([C@H]2CCc3c(O)cccc32)c2nc(Nc3ccccc3)ncc21,ABL1,SGK1,5.94,5.0,=,=
Cc1ccc(C(=O)Nc2cccc(C(F)(F)F)c2)cc1Nc1nc(-c2cccnc2)nc2c1cnn2C,ABL2,PIP4K2A,6.46,7.02,=,=
CC(=O)c1cnc2ccc(-c3cc(Cl)c(O)c(Cl)c3)nc2c1N[C@H]1CC[C@H](CN(C)C)CC1,ABL1,STK4,6.55,7.17,=,=
CC(C)c1cc(CNc2nc(Nc3cc(C4CC4)[nH]n3)cc(N3CCN(C)CC3)n2)on1,ABL2,MST1R,8.1,5.63,=,=
CCN(CCO)CCCOc1ccc2c(Nc3cc(CC(=O)Nc4cccc(F)c4)[nH]n3)ncnc2c1,AAK1,KIT,5.52,7.47,=,=
CCS(=O)(=O)N1CCN(c2ccc(Nc3ncc(C(N)=O)c(NC4CC4)n3)cc2)CC1.Cl,AAK1,RPS6KA6,9.0,6.34,=,=
Cn1cc(-c2cnc(N)c3c(-c4ccc(NC(=O)Nc5ccc(OC(F)F)cc5)cc4)csc23)cn1,ABL1,MAPKAPK3,8.6,5.0,=,=
CCOc1cc2ncc(C#N)c(Nc3ccc(F)c(Cl)c3)c2cc1NC(=O)/C=C/CN(C)C,ABL2,PRKCD,6.62,5.34,=,=
CN1CCN(CCOc2cc(OC3CCOCC3)c3c(Nc4c(Cl)ccc5c4OCO5)ncnc3c2)CC1,ACVR1,CSK,8.4,6.08,=,=
CC(C)Nc1nccc(Nc2ncc(-c3ccccc3)s2)n1,ABL1,CDK7,7.1,5.8,=,=
CN1CCN(CCOc2cc(OC3CCOCC3)c3c(Nc4c(Cl)ccc5c4OCO5)ncnc3c2)CC1,ACVR1,SIK3,8.4,5.31,=,=
CN[C@@H]1C[C@H]2O[C@@](C)([C@@H]1OC)n1c3ccccc3c3c4c(c5c6ccccc6n2c5c31)C(=O)NC4,ABL1,DAPK2,7.04,8.4,=,=
CN(C)CC(=O)N1CCC(c2ccc(NC(=O)c3nc(C#N)c[nH]3)c(C3=CCCCC3)c2)CC1.Cl,ACVR1,TGFBR2,6.41,5.7,=,=
COc1cc(N2CCC(N3CCN(C)CC3)CC2)ccc1Nc1ncc(Cl)c(Nc2ccccc2S(=O)(=O)C(C)C)n1,ACVR1,MKNK2,7.77,6.68,=,=
C#Cc1cn(C2CCCC2)c2ncnc(N)c12,ABL1,DYRK1A,6.0,6.6,=,=
C=CC(=O)N1CCC[C@@H](n2nc(-c3ccc(Oc4ccccc4)cc3)c3c(N)ncnc32)C1,ABL2,ITK,6.04,7.96,=,=
CC(=O)c1cnc2ccc(-c3cc(Cl)c(O)c(Cl)c3)nc2c1N[C@H]1CC[C@H](CN(C)C)CC1,ACVR1,RET,6.65,7.55,=,=
CN[C@@H]1C[C@H]2O[C@@](C)([C@@H]1OC)n1c3ccccc3c3c4c(c5c6ccccc6n2c5c31)C(=O)NC4,AAK1,GSG2,8.92,7.39,=,=
CN[C@@H]1C[C@H]2O[C@@](C)([C@@H]1OC)n1c3ccccc3c3c4c(c5c6ccccc6n2c5c31)C(=O)NC4,ACVR1,EPHB1,6.33,6.89,=,=
CO[C@@H]1[C@H](NCCOCCOCCOCCNC(=O)CCC2=[N+]3C(=Cc4c(C)cc(C)n4[B-]3(F)F)C=C2)C[C@H]2O[C@]1(C)n1c3ccccc3c3c4c(c5c6ccccc6n2c5c31)C(=O)NC4,ABL2,PIM3,6.28,8.4,=,=
CCN(CC)CCNC(=O)c1c(C)[nH]c(/C=C2\C(=O)Nc3ccc(F)cc32)c1C,ABL1,CDK4,6.14,5.46,=,=
CCN(CC)CCNC(=O)c1c(C)[nH]c(/C=C2\C(=O)Nc3ccc(F)cc32)c1C,AAK1,EPHB1,7.96,6.32,=,=
CCN(CC)CCNC(=O)c1c(C)[nH]c(/C=C2\C(=O)Nc3ccc(F)cc32)c1C,AAK1,HCK,7.96,6.06,=,=
CC(=O)c1cnc2ccc(-c3cc(Cl)c(O)c(Cl)c3)nc2c1N[C@H]1CC[C@H](CN(C)C)CC1,ABL2,RIPK2,6.73,8.3,=,=
CC(C)n1nc(-c2cc3cc(O)ccc3[nH]2)c2c(N)ncnc21,ACVR1,RPS6KA4,8.4,7.19,=,=
CC(C)n1nc(-c2cc3cc(O)ccc3[nH]2)c2c(N)ncnc21,ABL2,HIPK1,5.92,6.52,=,=
CC(=O)c1cnc2ccc(-c3cc(Cl)c(O)c(Cl)c3)nc2c1N[C@H]1CC[C@H](CN(C)C)CC1,AAK1,CLK1,6.76,7.96,=,=
CC(C)C[C@](C)(N)COc1ccc(-c2ccnc(C(F)F)c2)cc1C(F)(F)F,AAK1,MKNK2,9.11,6.42,=,=
CC(=O)c1cnc2ccc(-c3cc(Cl)c(O)c(Cl)c3)nc2c1N[C@H]1CC[C@H](CN(C)C)CC1,ABL1,CSNK1G2,6.55,7.34,=,=
CN[C@@H]1C[C@H]2O[C@@](C)([C@@H]1OC)n1c3ccccc3c3c4c(c5c6ccccc6n2c5c31)C(=O)NC4,ACVR1B,CAMKK2,6.17,9.7,=,=
COc1cc(Nc2ncc(F)c(Nc3ccc4c(n3)NC(=O)C(C)(C)O4)n2)cc(OC)c1OC,ACVR1,IKBKB,5.32,7.15,=,=
CC(C)n1nc(-c2cc3cc(O)ccc3[nH]2)c2c(N)ncnc21,ACVR1B,BRAF,7.24,5.93,=,=
CCN1CCN(Cc2ccc(NC(=O)Nc3ccc(Oc4cc(NC)ncn4)cc3)cc2C(F)(F)F)CC1,ABL2,STK4,8.47,5.52,=,=
CCN(CC)CCNC(=O)c1c(C)[nH]c(/C=C2\C(=O)Nc3ccc(F)cc32)c1C,AAK1,CDK3,7.96,5.99,=,=
CC(Nc1nc(-c2cccc(N(C)C)c2)cnc1N)c1ccccc1,ABL1,NEK2,5.28,6.06,=,=
CCN1CCN(Cc2ccc(Nc3ncc(F)c(-c4cc(F)c5nc(C)n(C(C)C)c5c4)n3)nc2)CC1,AAK1,CDK6,6.99,8.0,=,=
CC(C)S(=O)(=O)n1c(N)nc2ccc(-c3c(-c4ccc(F)cc4)nc4sccn34)cc21,ABL1,CDC42BPA,6.3,5.0,=,=
CNC(=O)c1nn(C)c2c1C(C)(C)Cc1cnc(Nc3ccc(N4CCN(C)CC4)cc3)nc1-2,AAK1,CSNK1D,5.13,6.67,=,=
CCOc1cc2ncc(C#N)c(Nc3ccc(F)c(Cl)c3)c2cc1NC(=O)/C=C/CN(C)C,ABL2,CAMKK2,6.62,5.66,=,=
CCN(CC)CCNC(=O)c1c(C)[nH]c(/C=C2\C(=O)Nc3ccc(F)cc32)c1C,ABL2,ULK2,6.0,7.89,=,=
C=CC(=O)N[C@H]1CC[C@@H](n2nc(-c3ccc(Oc4ccccc4)cc3)c3c(N)ncnc32)CC1,ABL1,FGR,7.49,9.4,=,=
CC(C)n1nc(-c2cc3cc(O)ccc3[nH]2)c2c(N)ncnc21,ACVR1,RPS6KA6,8.4,5.67,=,=
CC(=O)NCC(=O)N1C2CCC1c1cc(Nc3ncc(C(F)(F)F)c(NC4CCC4)n3)ccc12,ABL1,PRKX,6.6,6.0,=,=
C#Cc1cccc(Nc2ncnc3cc(OCCOC)c(OCCOC)cc23)c1,AAK1,MAP3K19,5.92,7.6,=,=
CC(C)(C)c1cc(NC(=O)Nc2ccc(-c3cn4c(n3)sc3cc(OCCN5CCOCC5)ccc34)cc2)no1,ABL1,AXL,6.04,4.75,=,=
CCN(CC)CCNC(=O)c1c(C)[nH]c(/C=C2\C(=O)Nc3ccc(F)cc32)c1C,ABL2,MAPK10,6.0,5.37,=,=
C1=N/C2=N/c3ccc(OCCN4CCCC4)c(c3)COC/C=C/COCc3cccc(c3)C(=C1)N2,ACVR1,MAP4K2,7.66,5.43,=,=
C#Cc1cccc(Nc2ncnc3cc(OCCOC)c(OCCOC)cc23)c1,ABL2,EPHA8,6.7,6.03,=,=
CCN(CC)CCNC(=O)c1c(C)[nH]c(/C=C2\C(=O)Nc3ccc(F)cc32)c1C,AAK1,MAP3K12,7.96,7.0,=,=
C#Cc1cccc(Nc2ncnc3cc(OCCOC)c(OCCOC)cc23)c1,AAK1,TNIK,5.92,5.35,=,=
CC(C)n1nc(-c2cc3cc(O)ccc3[nH]2)c2c(N)ncnc21,ABL1,AKT3,6.82,5.58,=,=
CCN(CC)CCNC(=O)c1c(C)[nH]c(/C=C2\C(=O)Nc3ccc(F)cc32)c1C,ABL1,EIF2AK4,6.14,6.75,=,=
CCN(CC)CCNC(=O)c1c(C)[nH]c(/C=C2\C(=O)Nc3ccc(F)cc32)c1C,ABL2,PTK2B,6.0,7.09,=,=
CCN(CC)CCNC(=O)c1c(C)[nH]c(/C=C2\C(=O)Nc3ccc(F)cc32)c1C,ABL2,DAPK1,6.0,6.92,=,=
CCN(CC)CCOc1ccc(Nc2ncc3cc(-c4c(Cl)cccc4Cl)c(=O)n(C)c3n2)cc1,ABL1,PKMYT1,9.3,8.12,=,=
CN[C@@H]1C[C@H]2O[C@@](C)([C@@H]1OC)n1c3ccccc3c3c4c(c5c6ccccc6n2c5c31)C(=O)NC4,AAK1,FGFR4,8.92,6.87,=,=
CC(Nc1nc(-c2cccc(N(C)C)c2)cnc1N)c1ccccc1,ABL1,MAPKAPK2,5.28,6.12,=,=
CC(C)(C)c1nc(-c2cccc(NS(=O)(=O)c3c(F)cccc3F)c2F)c(-c2ccnc(N)n2)s1,ABL1,LIMK1,5.81,7.48,=,=
CC(=O)c1cccc(-c2cnc3[nH]ccc3c2)c1,ACVR1,DYRK1B,5.4,6.1,=,=
CC(C)c1cc(CNc2nc(Nc3cc(C4CC4)[nH]n3)cc(N3CCN(C)CC3)n2)on1,AAK1,MAP2K1,6.86,5.15,=,=
CN[C@@H]1C[C@H]2O[C@@](C)([C@@H]1OC)n1c3ccccc3c3c4c(c5c6ccccc6n2c5c31)C(=O)NC4,ABL2,CDC42BPA,7.46,8.24,=,=
CCN(CC)CCNC(=O)c1c(C)[nH]c(/C=C2\C(=O)Nc3ccc(F)cc32)c1C,ABL2,STK4,6.0,7.36,=,=
CC(C)(C)c1nc(-c2cccc(NS(=O)(=O)c3c(F)cccc3F)c2F)c(-c2ccnc(N)n2)s1,ABL2,CDK16,6.52,7.89,=,=
CN[C@@H]1C[C@H]2O[C@@](C)([C@@H]1OC)n1c3ccccc3c3c4c(c5c6ccccc6n2c5c31)C(=O)NC4,ABL2,PIK3C2G,7.46,6.37,=,=
CCN(CC)CCNC(=O)c1c(C)[nH]c(/C=C2\C(=O)Nc3ccc(F)cc32)c1C,ABL1,NUAK1,6.14,7.32,=,=
COc1cc(Nc2ncc(F)c(Nc3ccc4c(n3)NC(=O)C(C)(C)O4)n2)cc(OC)c1OC,ABL1,DYRK4,6.41,5.8,=,=
CNC1CC2OC(C)(C1OC)n1c3ccccc3c3c4c(c5c6ccccc6n2c5c31)C(=O)NC4,ACVR1,PIM2,7.2,8.5,=,=
CN(C)CC(=O)N1CCC(c2ccc(NC(=O)c3nc(C#N)c[nH]3)c(C3=CCCCC3)c2)CC1.Cl,ACVR1,EIF2AK4,6.41,7.09,=,=
CC(=O)Nc1ccc(Nc2ncc3cc(-c4c(Cl)cccc4Cl)c(=O)n(C)c3n2)cc1,ABL1,MAPK14,8.32,6.97,=,=
C=CCn1c(=O)c2cnc(Nc3ccc(N4CCN(C)CC4)cc3)nc2n1-c1cccc(C(C)(C)O)n1,ABL1,TBK1,6.5,5.89,=,=
C#Cc1cccc(Nc2ncnc3cc(OCCOC)c(OCCOC)cc23)c1,ABL1,TYK2,6.51,5.62,=,=
CC(C)n1nc(-c2cc3cc(O)ccc3[nH]2)c2c(N)ncnc21,ABL2,ERBB3,5.92,6.92,=,=
CN[C@@H]1C[C@H]2O[C@@](C)([C@@H]1OC)n1c3ccccc3c3c4c(c5c6ccccc6n2c5c31)C(=O)NC4,AAK1,ITK,8.92,7.89,=,=
CN(C)CC(=O)N1CCC(c2ccc(NC(=O)c3nc(C#N)c[nH]3)c(C3=CCCCC3)c2)CC1.Cl,ABL2,ACVR1B,5.28,8.0,=,=
C#Cc1cccc(Nc2ncnc3cc(OCCOC)c(OCCOC)cc23)c1,ABL1,FLT4,6.51,5.68,=,=
C=CC(=O)Nc1cc2c(Nc3ccc(F)c(Cl)c3)ncnc2cc1OCCCN1CCOCC1,ABL2,CSK,6.06,5.21,=,=
CCc1nc(C(N)=O)c(Nc2ccc(N3CCC(N4CCN(C)CC4)CC3)c(OC)c2)nc1NC1CCOCC1,ACVR1,MAPK15,7.41,6.58,=,=
CN1C/C=C/CCOc2cccc(c2)-c2ccnc(n2)Nc2cccc(c2)C1,ABL1,MAPK7,4.49,7.37,=,=
CCN1CCN(Cc2ccc(NC(=O)c3ccc(C)c(/C=C/c4cnc5[nH]ccc5c4OC)c3)cc2C(F)(F)F)CC1,ABL2,MAP4K4,7.29,5.01,=,=
CCN(CC)CCNC(=O)c1c(C)[nH]c(/C=C2\C(=O)Nc3ccc(F)cc32)c1C,AAK1,MARK4,7.96,5.44,=,=
C#Cc1cccc(Nc2ncnc3cc(OCCOC)c(OCCOC)cc23)c1,ABL1,HIPK4,6.51,5.61,=,=
CC(C)n1nc(-c2cc3cc(O)ccc3[nH]2)c2c(N)ncnc21,ACVR1,STK33,8.4,5.35,=,=
CC(C)n1nc(-c2cc3cc(O)ccc3[nH]2)c2c(N)ncnc21,AAK1,NLK,5.8,6.32,=,=
CN1CC[C@H](c2c(O)cc(O)c3c(=O)cc(-c4ccccc4Cl)oc23)[C@H](O)C1,ACVR1,PRKCE,5.72,6.37,=,=
COc1cc(Nc2ncc(F)c(Nc3ccc4c(n3)NC(=O)C(C)(C)O4)n2)cc(OC)c1OC,ABL2,PLK3,6.14,7.79,=,=
CCN1CCN(Cc2ccc(NC(=O)Nc3ccc(Oc4cc(NC)ncn4)cc3)cc2C(F)(F)F)CC1,ABL2,TNNI3K,8.47,6.77,=,=
CO[C@@H]1[C@H](N(C)C(=O)c2ccccc2)C[C@H]2O[C@]1(C)n1c3ccccc3c3c4c(c5c6ccccc6n2c5c31)C(=O)NC4,AAK1,BRSK1,7.32,5.92,=,=
CC(C)(C)n1nc(-c2ccc(Cl)cc2)c2c(N)ncnc21,ABL1,EPHB2,6.76,4.36,=,=
CN[C@@H]1C[C@H]2O[C@@](C)([C@@H]1OC)n1c3ccccc3c3c4c(c5c6ccccc6n2c5c31)C(=O)NC4,ABL2,MAPKAPK5,7.46,6.58,=,=
Cc1nc(N)sc1-c1ccnc(Nc2ccc(N3CCOCC3)cc2)n1,AAK1,RIPK3,8.22,5.32,=,=
CN(C[C@@H]1COCCO1)S(=O)(=O)Nc1ccc2ccc3ncc(-c4cnn(C)c4)cc3c(=O)c2c1,AAK1,FGFR3,5.44,7.3,=,=
CC(C)NC1=NNC(=O)C1=Cc1cc2ccccc2[nH]1,ACVR1,CSF1R,5.4,6.1,=,=
CN1CCN(c2ccc3nc(-c4c(N)c5c(F)cccc5[nH]c4=O)[nH]c3c2)CC1,AAK1,MAP3K12,6.77,5.68,=,=
C=CC(=O)Nc1cc2c(Nc3ccc(F)c(Cl)c3)ncnc2cc1OCCCN1CCOCC1,ACVR1,CSNK1E,5.77,6.38,=,=
CO[C@@H]1[C@H](N(C)CCOCCOCCOCCNC(=O)CCC2=[N+]3C(=Cc4c(C)cc(C)n4[B-]3(F)F)C=C2)C[C@H]2O[C@]1(C)n1c3ccccc3c3c4c(c5c6ccccc6n2c5c31)C(=O)NC4,ABL2,PRKCD,6.02,8.52,=,=
CC(C)c1cc(CNc2nc(Nc3cc(C4CC4)[nH]n3)cc(N3CCN(C)CC3)n2)on1,ABL2,BTK,8.1,4.8,=,=
CCOc1cc2ncc(C#N)c(Nc3ccc(F)c(Cl)c3)c2cc1NC(=O)/C=C/CN(C)C,ABL1,PKMYT1,6.65,5.96,=,=
CCN(CC)CCNC(=O)c1c(C)[nH]c(/C=C2\C(=O)Nc3ccc(F)cc32)c1C,AAK1,ULK3,7.96,7.38,=,=
CCN(CC)CCNC(=O)c1c(C)[nH]c(/C=C2\C(=O)Nc3ccc(F)cc32)c1C,ABL2,MAP2K6,6.0,5.28,=,=
CC(=O)c1cnc2ccc(-c3cc(Cl)c(O)c(Cl)c3)nc2c1N[C@H]1CC[C@H](CN(C)C)CC1,ABL2,CSNK2A2,6.73,8.0,=,=
C#Cc1cccc(Nc2ncnc3cc(OCCOC)c(OCCOC)cc23)c1,ABL1,TNIK,6.51,5.35,=,=
CN1CCN(c2ccc(C(=O)Nc3n[nH]c4ccc(Cc5cc(F)cc(F)c5)cc34)c(NC3CCOCC3)c2)CC1,ABL1,ACVRL1,6.5,7.92,=,=
CN[C@@H]1C[C@H]2O[C@@](C)([C@@H]1OC)n1c3ccccc3c3c4c(c5c6ccccc6n2c5c31)C(=O)NC4,ABL2,IGF1R,7.46,6.72,=,=
Cc1nc2cc(-c3nn(C(C)C)c4ncnc(N)c34)ccc2o1,ACVR1,CLK3,7.4,5.46,=,=
CCOc1cc2ncc(C#N)c(Nc3ccc(F)c(Cl)c3)c2cc1NC(=O)/C=C/CN(C)C,ABL1,PIP4K2B,6.65,5.58,=,=
C=CC(=O)Nc1cc2c(Nc3ccc(F)c(Cl)c3)ncnc2cc1OCCCN1CCOCC1,ACVR1,DDR1,5.77,6.4,=,=
C=CC(=O)Nc1cc2c(Nc3ccc(F)c(Cl)c3)ncnc2cc1OCCCN1CCOCC1,ABL1,ITK,6.47,5.25,=,=
CN(C)CC(=O)N1CCC(c2ccc(NC(=O)c3nc(C#N)c[nH]3)c(C3=CCCCC3)c2)CC1.Cl,AAK1,EPHA2,6.28,5.21,=,=
C#Cc1cccc(Nc2ncnc3cc(OCCOC)c(OCCOC)cc23)c1,ABL1,BRAF,6.51,7.22,=,=
CCN(CC)CCNC(=O)c1c(C)[nH]c(/C=C2\C(=O)Nc3ccc(F)cc32)c1C,AAK1,AURKC,7.96,6.66,=,=
CC1(C)C(=O)N([C@H]2CCc3c(O)cccc32)c2nc(Nc3ccccc3)ncc21,ABL1,PRKCZ,5.94,5.0,=,=
CC(C)(C)c1nc(-c2cccc(NS(=O)(=O)c3c(F)cccc3F)c2F)c(-c2ccnc(N)n2)s1,ABL2,JAK2,6.52,5.49,=,=
CC(C)n1nc(-c2cc3cc(O)ccc3[nH]2)c2c(N)ncnc21,ACVR1,HIPK3,8.4,6.89,=,=
CC1(C)CNc2cc(NC(=O)c3cccnc3NCc3ccncc3)ccc21,ABL2,MAP3K19,5.35,6.7,=,=
CCN1CCN(Cc2ccc(NC(=O)Nc3ccc(Oc4cc(NC)ncn4)cc3)cc2C(F)(F)F)CC1,ABL2,CDK2,8.47,6.23,=,=
CCc1nc(C(N)=O)c(Nc2ccc(N3CCC(N4CCN(C)CC4)CC3)c(OC)c2)nc1NC1CCOCC1,ACVR1,LATS1,7.41,6.66,=,=
CC(C)(C)c1cc(NC(=O)Nc2ccc(-c3cn4c(n3)sc3cc(OCCN5CCOCC5)ccc34)cc2)no1,ABL1,AURKC,6.04,4.55,=,=
CC(C)(C)c1ccc2nc(-c3n[nH]c4ccccc34)[nH]c2c1,ABL1,PRKACA,6.8,5.2,=,=
CN(C)CC(=O)N1CCC(c2ccc(NC(=O)c3nc(C#N)c[nH]3)c(C3=CCCCC3)c2)CC1.Cl,ABL1,STK16,6.41,7.75,=,=
C=CC(=O)Nc1cc2c(Nc3ccc(F)c(Cl)c3)ncnc2cc1OCCCN1CCOCC1,ABL1,RIPK3,6.47,5.65,=,=
CO[C@@H]1[C@H](N(C)C(=O)c2ccccc2)C[C@H]2O[C@]1(C)n1c3ccccc3c3c4c(c5c6ccccc6n2c5c31)C(=O)NC4,AAK1,ZAP70,7.32,5.58,=,=
Cc1ccc(-n2nc(C(C)(C)C)cc2NC(=O)Nc2ccc(OCCN3CCOCC3)c3ccccc23)cc1,ACVR1B,CDK13,4.36,5.96,=,=
CC(C)n1nc(-c2cc3cc(O)ccc3[nH]2)c2c(N)ncnc21,ACVR1,CSNK1G1,8.4,5.41,=,=
CC1(C)C(=O)N([C@H]2CCc3c(O)cccc32)c2nc(Nc3ccccc3)ncc21,ABL1,MAPKAPK5,5.94,5.0,=,=
CN[C@@H]1C[C@H]2O[C@@](C)([C@@H]1OC)n1c3ccccc3c3c4c(c5c6ccccc6n2c5c31)C(=O)NC4,ABL1,MAPK7,7.04,5.26,=,=
CN(C)CC(=O)N1CCC(c2ccc(NC(=O)c3nc(C#N)c[nH]3)c(C3=CCCCC3)c2)CC1.Cl,ACVR1,LATS2,6.41,5.68,=,=
C#Cc1cccc(Nc2ncnc3cc(OCCOC)c(OCCOC)cc23)c1,ABL2,MAP3K3,6.7,5.64,=,=
CN(C)C1CCC(Nc2nc(Cl)cc(-c3c[nH]c4ncccc34)n2)CC1,ACVR1,PKN2,5.6,8.0,=,=
CC(C)n1nc(-c2cc3cc(O)ccc3[nH]2)c2c(N)ncnc21,ACVR1,MELK,8.4,6.77,=,=
CC(C)n1nc(-c2cc3cc(O)ccc3[nH]2)c2c(N)ncnc21,ABL1,FGFR4,6.82,5.96,=,=
CCN(CC)CCCNC(=O)c1cnc(N)c2c(-c3ccc(NC(=O)Nc4cccc(C)c4)cc3)csc12,ACVR1,IGF1R,7.3,5.7,=,=
CCN(CC)CCNC(=O)c1c(C)[nH]c(/C=C2\C(=O)Nc3ccc(F)cc32)c1C,AAK1,SIK2,7.96,6.24,=,=
COc1cc(Nc2c(C#N)cnc3cc(OCCCN4CCN(C)CC4)c(OC)cc23)c(Cl)cc1Cl,AAK1,ERBB3,5.73,9.11,=,=
CCC(N)(C#Cc1cnc(N)c2c(-c3ccc(NC(=O)Nc4cccc(C)c4)cc3)csc12)CC,ABL1,CAMK2G,6.3,5.5,=,=
CC(=O)NCC(=O)N1[C@@H]2CC[C@H]1c1ccc(Nc3ncc(C(F)(F)F)c(NC4CCC4)n3)cc12,ABL1,ULK1,5.6,7.55,=,=
CCS(=O)(=O)N1CCN(c2ccc(Nc3ncc(C(N)=O)c(NC4CC4)n3)cc2)CC1.Cl,AAK1,STK26,9.0,7.54,=,=
CCN1CCN(Cc2ccc(NC(=O)Nc3ccc(Oc4cc(NC)ncn4)cc3)cc2C(F)(F)F)CC1,ABL2,ROCK1,8.47,5.82,=,=
CN1C(=O)[C@@H](N2CCc3cn(CC4CCS(=O)(=O)CC4)nc3C2=O)COc2ccccc21,AAK1,RIPK1,6.0,5.16,=,=
CC(C)n1nc(-c2cc3cc(O)ccc3[nH]2)c2c(N)ncnc21,ABL2,CDK7,5.92,5.26,=,=
CO[C@@H]1[C@H](N(C)C(=O)c2ccccc2)C[C@H]2O[C@]1(C)n1c3ccccc3c3c4c(c5c6ccccc6n2c5c31)C(=O)NC4,ABL1,PIK3C2G,5.5,6.24,=,=
CC(C)(C)c1ccc2nc(-c3n[nH]c4ccccc34)[nH]c2c1,ABL1,PRKCG,6.8,5.9,=,=
CCN(CC)CCNC(=O)c1c(C)[nH]c(/C=C2\C(=O)Nc3ccc(F)cc32)c1C,ABL2,RPS6KB1,6.0,7.01,=,=
CC(=O)NCC(=O)N1C2CCC1c1cc(Nc3ncc(C(F)(F)F)c(NC4CCC4)n3)ccc12,ABL1,MAP4K2,6.6,7.4,=,=
CC(C)(C)n1nc(-c2ccc(Cl)cc2)c2c(N)ncnc21,ACVR1,TNK2,7.2,6.0,=,=
C=CS(=O)(=O)N1CCC[C@@H]1Cn1cc(-c2ccc3c(c2)OCO3)c2c(N)ncnc21,ABL1,CSF1R,6.1,5.33,=,=
CCOc1cc2ncc(C#N)c(Nc3ccc(F)c(Cl)c3)c2cc1NC(=O)/C=C/CN(C)C,ABL2,BTK,6.62,5.82,=,=
C=CC(=O)Nc1cc2c(Nc3ccc(F)c(Cl)c3)ncnc2cc1OCCCN1CCOCC1,ABL1,BMP2K,6.47,5.42,=,=
CC(C)c1cc(CNc2nc(Nc3cc(C4CC4)[nH]n3)cc(N3CCN(C)CC3)n2)on1,ABL2,STK10,8.1,6.42,=,=
CCOc1cc2ncc(C#N)c(Nc3ccc(F)c(Cl)c3)c2cc1NC(=O)/C=C/CN(C)C,ABL2,NEK1,6.62,5.41,=,=
CC(C)n1nc(-c2cc3cc(O)ccc3[nH]2)c2c(N)ncnc21,ACVR1,TEK,8.4,5.66,=,=
CN1CC[C@H](c2c(O)cc(O)c3c(=O)cc(-c4ccccc4Cl)oc23)[C@H](O)C1,ACVR1,CDK17,5.72,6.32,=,=
CC(=O)NCC(=O)N1[C@@H]2CC[C@H]1c1ccc(Nc3ncc(C(F)(F)F)c(NC4CCC4)n3)cc12,AAK1,SIK3,8.05,5.02,=,=
C1=N/C2=N/c3ccc(OCCN4CCCC4)c(c3)COC/C=C/COCc3cccc(c3)C(=C1)N2,AAK1,IKBKE,7.38,6.15,=,=
CNCc1ccc(-c2cc(-c3nc(-c4ccc(S(=O)(=O)C(C)C)cc4)cnc3N)on2)cc1,ABL1,ATR,7.23,9.7,=,=
CC(C)(C)c1nc(-c2cccc(NS(=O)(=O)c3c(F)cccc3F)c2F)c(-c2ccnc(N)n2)s1,ABL1,NEK1,5.81,6.32,=,=
CC(C)c1cc(CNc2nc(Nc3cc(C4CC4)[nH]n3)cc(N3CCN(C)CC3)n2)on1,AAK1,STK3,6.86,6.33,=,=
CN[C@@H]1C[C@H]2O[C@@](C)([C@@H]1OC)n1c3ccccc3c3c4c(c5c6ccccc6n2c5c31)C(=O)NC4,ABL2,BMPR2,7.46,5.8,=,=
CN[C@@H]1C[C@H]2O[C@@](C)([C@@H]1OC)n1c3ccccc3c3c4c(c5c6ccccc6n2c5c31)C(=O)NC4,AAK1,MAP2K7,8.92,6.06,=,=
CO[C@@H]1[C@H](NCCOCCOCCOCCNC(=O)CCC2=[N+]3C(=Cc4c(C)cc(C)n4[B-]3(F)F)C=C2)C[C@H]2O[C@]1(C)n1c3ccccc3c3c4c(c5c6ccccc6n2c5c31)C(=O)NC4,AAK1,PRKCG,8.22,7.14,=,=
CNC1CC2OC(C)(C1OC)n1c3ccccc3c3c4c(c5c6ccccc6n2c5c31)C(=O)NC4,ACVR1,TYRO3,7.2,8.0,=,=
CCN(CC)CCNC(=O)c1c(C)[nH]c(/C=C2\C(=O)Nc3ccc(F)cc32)c1C,ABL2,MAP4K4,6.0,6.85,=,=
CCn1cc(-c2ccnc3[nH]c(-c4cccc(CN(C)C)c4)cc23)c(-c2ccc(NC(=O)N(C)C)cc2)n1,ACVR1,BMP2K,5.43,6.77,=,=
Nc1nc(Nc2ccc(S(N)(=O)=O)cc2)nn1C(=O)c1c(F)cccc1F,ACVR1,CLK3,5.37,6.51,=,=
CN[C@@H]1C[C@H]2O[C@@](C)([C@@H]1OC)n1c3ccccc3c3c4c(c5c6ccccc6n2c5c31)C(=O)NC4,ABL2,MAPKAPK3,7.46,5.54,=,=
CNC(=O)c1cc(Oc2ccc(NC(=O)Nc3cc(C(C)(C)C)nn3-c3ccc4ncccc4c3)c(F)c2)ccn1,ABL2,DYRK3,6.87,6.15,=,=
CN(C)CC(=O)N1CCC(c2ccc(NC(=O)c3nc(C#N)c[nH]3)c(C3=CCCCC3)c2)CC1.Cl,ABL1,LATS2,6.41,5.68,=,=
CN(C)CC(=O)N1CCC(c2ccc(NC(=O)c3nc(C#N)c[nH]3)c(C3=CCCCC3)c2)CC1.Cl,ACVR1B,BMX,8.0,6.11,=,=
CCN(CC)CCNC(=O)c1c(C)[nH]c(/C=C2\C(=O)Nc3ccc(F)cc32)c1C,ABL2,STK33,6.0,7.77,=,=
CCN(CC)CCNC(=O)c1c(C)[nH]c(/C=C2\C(=O)Nc3ccc(F)cc32)c1C,ABL2,CHEK1,6.0,6.52,=,=
CC(C)n1nc(-c2cc3cc(O)ccc3[nH]2)c2c(N)ncnc21,ABL1,CSNK2A1,6.82,5.92,=,=
CCN(CC)CCNC(=O)c1c(C)[nH]c(/C=C2\C(=O)Nc3ccc(F)cc32)c1C,AAK1,GRK1,7.96,6.54,=,=
CC(=O)NCC(=O)N1C2CCC1c1cc(Nc3ncc(C(F)(F)F)c(NC4CCC4)n3)ccc12,ACVR1,PDGFRB,6.4,7.2,=,=
CN(C)CC(=O)N1CCC(c2ccc(NC(=O)c3nc(C#N)c[nH]3)c(C3=CCCCC3)c2)CC1.Cl,ACVR1,MERTK,6.41,7.07,=,=
CC(O)Cn1cc(-c2cnc(N)c3c(-c4ccc(NC(=O)Nc5cccc(F)c5)cc4)csc23)cn1,ABL1,SRMS,9.1,6.6,=,=
COCCN1CCN(Cc2ccc(-c3n[nH]c4c3C(=O)c3c(NC(=O)NN5CCOCC5)cccc3-4)cc2)CC1,AAK1,CDK13,7.66,6.0,=,=
C[C@]12O[C@H](C[C@]1(O)CO)n1c3ccccc3c3c4c(c5c6ccccc6n2c5c31)CNC4=O,ACVR1,RIOK2,7.12,5.17,=,=
CN[C@@H]1C[C@H]2O[C@@](C)([C@@H]1OC)n1c3ccccc3c3c4c(c5c6ccccc6n2c5c31)C(=O)NC4,ACVR1B,CDK3,6.17,7.52,=,=
CN1C(=O)[C@@H](N2CCc3c(nn(Cc4ccccc4)c3Br)C2=O)COc2ccccc21,ACVR1,RIPK1,6.0,9.13,=,=
CC(C)n1nc(-c2cc3cc(O)ccc3[nH]2)c2c(N)ncnc21,ACVR1B,CSNK1D,7.24,6.5,=,=
CCN(CC)CCNC(=O)c1c(C)[nH]c(/C=C2\C(=O)Nc3ccc(F)cc32)c1C,ABL2,PLK2,6.0,5.33,=,=
C=CCn1nc(-c2ccc(OCC)c(OC)c2)c2c(N)ncnc21,ABL1,EPHB4,4.84,4.0,=,=
CC(C)(C)NS(=O)(=O)c1cncc(-c2ccn3nc(N)nc3c2)c1,AAK1,PIK3CD,5.23,6.15,=,=
CC(C)Oc1cc(-n2cnc3ccc(N[C@@H](C)c4ccc(F)cn4)nc32)n[nH]1,ABL1,PHKG2,8.92,8.21,=,=
CCS(=O)(=O)N1CC(CC#N)(n2cc(-c3ncnc4[nH]ccc34)cn2)C1,AAK1,TYK2,8.09,7.28,=,=
CC(C)n1nc(-c2cc3cc(O)ccc3[nH]2)c2c(N)ncnc21,AAK1,TGFBR1,5.8,7.0,=,=
CC(=O)c1cnc2ccc(-c3cc(Cl)c(O)c(Cl)c3)nc2c1N[C@H]1CC[C@H](CN(C)C)CC1,ACVR1,PRKD2,6.65,7.16,=,=
CC(=O)c1cnc2ccc(-c3cc(Cl)c(O)c(Cl)c3)nc2c1N[C@H]1CC[C@H](CN(C)C)CC1,ACVR1,PIM1,6.65,7.85,=,=
CC(=O)c1ccccc1-c1ncnc2[nH]ccc12,ABL1,DYRK1B,4.1,4.7,=,=
CCc1nc(C(N)=O)c(Nc2ccc(N3CCC(N4CCN(C)CC4)CC3)c(OC)c2)nc1NC1CCOCC1,ACVR1,MAP4K3,7.41,6.22,=,=
CCN(CC)CCNC(=O)c1c(C)[nH]c(/C=C2\C(=O)Nc3ccc(F)cc32)c1C,ABL2,PDPK1,6.0,5.46,=,=
CCN(CC)CCNC(=O)c1c(C)[nH]c(/C=C2\C(=O)Nc3ccc(F)cc32)c1C,AAK1,FGFR1,7.96,6.12,=,=
C=CCc1cccc2c(=NO)cc(-c3ccccc3)oc12,ACVR1,CLK4,5.9,7.6,=,=
CN[C@@H]1C[C@H]2O[C@@](C)([C@@H]1OC)n1c3ccccc3c3c4c(c5c6ccccc6n2c5c31)C(=O)NC4,ACVR1,PIP4K2B,6.33,7.11,=,=
CN[C@@H]1C[C@H]2O[C@@](C)([C@@H]1OC)n1c3ccccc3c3c4c(c5c6ccccc6n2c5c31)C(=O)NC4,AAK1,NLK,8.92,7.11,=,=
COC(=O)c1ccc2c(c1)NC(=O)/C2=C(\Nc1ccc(N(C)C(=O)CN2CCN(C)CC2)cc1)c1ccccc1,AAK1,MAP3K10,7.2,5.64,=,=
CC(C)c1cc(CNc2nc(Nc3cc(C4CC4)[nH]n3)cc(N3CCN(C)CC3)n2)on1,ABL1,PHKG2,7.85,5.62,=,=
CN[C@@H]1C[C@H]2O[C@@](C)([C@@H]1OC)n1c3ccccc3c3c4c(c5c6ccccc6n2c5c31)C(=O)NC4,ABL1,TSSK2,7.04,8.46,=,=
CC(=O)c1cnc2ccc(-c3cc(Cl)c(O)c(Cl)c3)nc2c1N[C@H]1CC[C@H](CN(C)C)CC1,ABL2,PLK4,6.73,7.48,=,=
COc1cc(N2CCC(N3CCN(C)CC3)CC2)ccc1Nc1ncc(Cl)c(Nc2ccccc2S(=O)(=O)C(C)C)n1,ACVR1B,CDC42BPA,7.01,5.4,=,=
CC1(C)CNc2cc(NC(=O)c3cccnc3NCc3ccncc3)ccc21,ABL2,BRAF,5.35,6.38,=,=
C[C@@H](Oc1cc(-c2cnn(C3CCNCC3)c2)cnc1N)c1c(Cl)ccc(F)c1Cl,ACVR1,MAP3K1,6.36,5.85,=,=
CC(=O)c1ccccc1-c1ncnc2[nH]ccc12,ABL1,CLK2,4.1,4.7,=,=
CN(C)CC(=O)N1CCC(c2ccc(NC(=O)c3nc(C#N)c[nH]3)c(C3=CCCCC3)c2)CC1.Cl,ABL1,ACVR1B,6.41,8.0,=,=
Cc1cnc(Nc2ccc(OCCN3CCCC3)cc2)nc1Nc1cccc(S(=O)(=O)NC(C)(C)C)c1,ACVR1,TLK2,6.35,5.7,=,=
CN[C@@H]1C[C@H]2O[C@@](C)([C@@H]1OC)n1c3ccccc3c3c4c(c5c6ccccc6n2c5c31)C(=O)NC4,ACVR1,TEK,6.33,7.18,=,=
CC(C)NC1=NNC(=O)C1=Cc1cc2ccccc2[nH]1,ACVR1,TYRO3,5.4,6.1,=,=
CNS(=O)(=O)c1ccccc1Nc1nc(Nc2cc(OC)c(OC)c(OC)c2)ncc1Cl,ACVR1,PRKCI,6.8,5.7,=,=
C=CS(=O)(=O)N1CCC[C@@H]1Cn1cc(-c2ccc3c(c2)OCO3)c2c(N)ncnc21,ABL1,FLT3,6.1,5.49,=,=
CC(C)(C)c1nc(-c2cccc(NS(=O)(=O)c3c(F)cccc3F)c2F)c(-c2ccnc(N)n2)s1,ABL2,BRAF,6.52,8.85,=,=
CCN(CC)CCNC(=O)c1c(C)[nH]c(/C=C2\C(=O)Nc3ccc(F)cc32)c1C,ABL1,TAOK3,6.14,6.68,=,=
CN[C@@H]1C[C@H]2O[C@@](C)([C@@H]1OC)n1c3ccccc3c3c4c(c5c6ccccc6n2c5c31)C(=O)NC4,ABL2,CAMK2G,7.46,9.28,=,=
CC(C)n1nc(-c2cc3cc(O)ccc3[nH]2)c2c(N)ncnc21,ACVR1B,CDK8,7.24,5.2,=,=
CCc1nc(C(N)=O)c(Nc2ccc(N3CCC(N4CCN(C)CC4)CC3)c(OC)c2)nc1NC1CCOCC1,AAK1,STK24,7.6,6.64,=,=
CC(C)c1cc(CNc2nc(Nc3cc(C4CC4)[nH]n3)cc(N3CCN(C)CC3)n2)on1,AAK1,PLK4,6.86,8.52,=,=
CC(C)c1cc(CNc2nc(Nc3cc(C4CC4)[nH]n3)cc(N3CCN(C)CC3)n2)on1,AAK1,CDK17,6.86,8.3,=,=
CCc1c(-c2ccc(C(C)(C)O)cc2)[nH]c2nccnc12,ACVR1,AKT1,7.4,5.1,=,=
CN1CCN(c2ccc3nc(-c4c(N)c5c(F)cccc5[nH]c4=O)[nH]c3c2)CC1,AAK1,CLK4,6.77,5.19,=,=
CC(=O)c1cnc2ccc(-c3cc(Cl)c(O)c(Cl)c3)nc2c1N[C@H]1CC[C@H](CN(C)C)CC1,ACVR1,CLK1,6.65,7.96,=,=
C#Cc1nc(Nc2ccccc2)nc2[nH]cnc12,ABL1,AKT2,4.88,4.26,=,=
CN[C@@H]1C[C@H]2O[C@@](C)([C@@H]1OC)n1c3ccccc3c3c4c(c5c6ccccc6n2c5c31)C(=O)NC4,ABL2,CAMK2A,7.46,10.1,=,=
CC(C)n1nc(-c2cc3cc(O)ccc3[nH]2)c2c(N)ncnc21,ABL2,RIOK2,5.92,5.04,=,=
CC(C)c1cc(CNc2nc(Nc3cc(C4CC4)[nH]n3)cc(N3CCN(C)CC3)n2)on1,ABL2,IGF1R,8.1,6.71,=,=
CC(C)n1nc(-c2cc3cc(O)ccc3[nH]2)c2c(N)ncnc21,AAK1,FGR,5.8,6.8,=,=
CN[C@@H]1C[C@H]2O[C@@](C)([C@@H]1OC)n1c3ccccc3c3c4c(c5c6ccccc6n2c5c31)C(=O)NC4,AAK1,BRAF,8.92,8.06,=,=
CC(=O)c1cnc2ccc(-c3cc(Cl)c(O)c(Cl)c3)nc2c1N[C@H]1CC[C@H](CN(C)C)CC1,ABL2,STK10,6.73,7.85,=,=
C=CC(=O)N1CCC[C@@H](n2nc(-c3ccc(Oc4ccccc4)cc3)c3c(N)ncnc32)C1,ABL1,ABL2,7.07,6.04,=,=
CN1CCN(c2ccc3nc(-c4c(N)c5c(F)cccc5[nH]c4=O)[nH]c3c2)CC1,AAK1,PIP5K1C,6.77,5.37,=,=
CN[C@@H]1C[C@H]2O[C@@](C)([C@@H]1OC)n1c3ccccc3c3c4c(c5c6ccccc6n2c5c31)C(=O)NC4,ACVR1,PRKD1,6.33,7.57,=,=
CC(=O)NCC(=O)N1[C@@H]2CC[C@H]1c1ccc(Nc3ncc(C(F)(F)F)c(NC4CCC4)n3)cc12,AAK1,RPS6KA6,8.05,6.55,=,=
C#Cc1cccc(Nc2ncnc3cc(OCCOC)c(OCCOC)cc23)c1,AAK1,EIF2AK4,5.92,5.36,=,=
CN1CC[C@H](c2c(O)cc(O)c3c(=O)cc(-c4ccccc4Cl)oc23)[C@H](O)C1,ACVR1,ULK2,5.72,6.33,=,=
CN[C@@H]1C[C@H]2O[C@@](C)([C@@H]1OC)n1c3ccccc3c3c4c(c5c6ccccc6n2c5c31)C(=O)NC4,ACVR1B,CLK4,6.17,7.82,=,=
C#Cc1cccc(Nc2ncnc3cc(OCCOC)c(OCCOC)cc23)c1,ABL2,KDR,6.7,6.14,=,=
CC(=O)NCC(=O)N1[C@@H]2CC[C@H]1c1ccc(Nc3ncc(C(F)(F)F)c(NC4CCC4)n3)cc12,AAK1,TNIK,8.05,6.13,=,=
Cc1ccc(C(=O)Nc2cccc(C(F)(F)F)c2)cc1Nc1nc(-c2cccnc2)nc2c1cnn2C,ACVR1,PKMYT1,8.82,8.14,=,=
CN1CCN(c2ccc3nc(-c4c(N)c5c(F)cccc5[nH]c4=O)[nH]c3c2)CC1,AAK1,PRKAA2,6.77,6.09,=,=
CC(C)n1nc(-c2cc3cc(O)ccc3[nH]2)c2c(N)ncnc21,ACVR1,BMX,8.4,6.17,=,=
CN(C)CC(=O)N1CCC(c2ccc(NC(=O)c3nc(C#N)c[nH]3)c(C3=CCCCC3)c2)CC1.Cl,AAK1,MARK1,6.28,5.38,=,=
CCN(CC)CCNC(=O)c1c(C)[nH]c(/C=C2\C(=O)Nc3ccc(F)cc32)c1C,ABL1,TTK,6.14,7.2,=,=
CC(C)n1nc(-c2cc3cc(O)ccc3[nH]2)c2c(N)ncnc21,ABL1,PIM3,6.82,5.52,=,=
CC(=O)NCC(=O)N1[C@@H]2CC[C@H]1c1ccc(Nc3ncc(C(F)(F)F)c(NC4CCC4)n3)cc12,AAK1,MAP2K5,8.05,5.92,=,=
CCS(=O)(=O)c1cccc(-c2cc(C(=O)NC3CCN(C)CC3)c(C)c3[nH]c4ncc(C)cc4c23)c1,ACVR1,STK16,6.6,6.07,=,=
CC1(C)CNc2cc(NC(=O)c3cccnc3NCc3ccncc3)ccc21,ABL2,CIT,5.35,6.52,=,=
CN[C@@H]1C[C@H]2O[C@@](C)([C@@H]1OC)n1c3ccccc3c3c4c(c5c6ccccc6n2c5c31)C(=O)NC4,ABL2,MAPK6,7.46,5.51,=,=
CC(C)n1nc(-c2cc3cc(O)ccc3[nH]2)c2c(N)ncnc21,ACVR1,EPHA2,8.4,6.21,=,=
CC(C)(C)n1nc(Cc2cccc3ccccc23)c2c(N)ncnc21,ABL1,CAMK2A,5.11,8.1,=,=
CC(Oc1cc(-c2cnn(C3CCNCC3)c2)cnc1N)c1c(Cl)ccc(F)c1Cl,ABL1,PKN2,6.45,5.65,=,=
CCN(CC)CCNC(=O)c1c(C)[nH]c(/C=C2\C(=O)Nc3ccc(F)cc32)c1C,AAK1,AURKB,7.96,6.42,=,=
CCN(CC)CCNC(=O)c1c(C)[nH]c(/C=C2\C(=O)Nc3ccc(F)cc32)c1C,ABL2,BUB1,6.0,5.46,=,=
CC(=O)c1cccc(-c2nn(C(C)C)c3ncnc(N)c23)c1,ABL1,PIK3CA,4.8,5.47,=,=
CNS(=O)(=O)c1ccccc1Nc1nc(Nc2cc(OC)c(OC)c(OC)c2)ncc1Cl,ACVR1,MAPK1,6.8,8.4,=,=
C=CC(=O)Nc1cc2c(Nc3ccc(F)c(Cl)c3)ncnc2cc1OCCCN1CCOCC1,ABL1,TNNI3K,6.47,5.25,=,=
CCOc1cc2ncc(C#N)c(Nc3ccc(F)c(Cl)c3)c2cc1NC(=O)/C=C/CN(C)C,ABL2,CAMKK1,6.62,5.29,=,=
CCN(CC)CCNC(=O)c1c(C)[nH]c(/C=C2\C(=O)Nc3ccc(F)cc32)c1C,AAK1,PRKAA2,7.96,7.05,=,=
CCN1CCN(Cc2ccc(NC(=O)Nc3ccc(Oc4cc(NC)ncn4)cc3)cc2C(F)(F)F)CC1,ABL2,NTRK2,8.47,6.72,=,=
CN(C)CC(=O)N1CCC(c2ccc(NC(=O)c3nc(C#N)c[nH]3)c(C3=CCCCC3)c2)CC1.Cl,ABL1,PIP4K2B,6.41,5.43,=,=
CN1CCN(c2ccc3nc(-c4c(N)c5c(F)cccc5[nH]c4=O)[nH]c3c2)CC1,AAK1,CLK2,6.77,5.77,=,=
CCN(CC)CCNC(=O)c1c(C)[nH]c(/C=C2\C(=O)Nc3ccc(F)cc32)c1C,AAK1,PIM3,7.96,5.62,=,=
CC(C)n1nc(-c2cc3cc(O)ccc3[nH]2)c2c(N)ncnc21,ACVR1,MKNK2,8.4,6.09,=,=
CC(=O)NCC(=O)N1C2CCC1c1cc(Nc3ncc(C(F)(F)F)c(NC4CCC4)n3)ccc12,ABL1,HIPK4,6.6,5.2,=,=
CO[C@@H](C(=O)N1Cc2[nH]nc(NC(=O)c3ccc(N4CCN(C)CC4)cc3)c2C1)c1ccccc1,ABL2,TEC,8.0,5.94,=,=
CN[C@@H]1C[C@H]2O[C@@](C)([C@@H]1OC)n1c3ccccc3c3c4c(c5c6ccccc6n2c5c31)C(=O)NC4,ACVR1B,AXL,6.17,8.17,=,=
CCS(=O)(=O)c1cccc(-c2cc(C(=O)NC3CCN(C)CC3)c(C)c3[nH]c4ncc(C)cc4c23)c1,ACVR1,GRK6,6.6,5.92,=,=
CC(C)n1nc(-c2cc3cc(O)ccc3[nH]2)c2c(N)ncnc21,ABL2,BMP2K,5.92,5.22,=,=
CC1(C)C(=O)N([C@H]2CCc3c(O)cccc32)c2nc(Nc3ccccc3)ncc21,ABL1,JAK1,5.94,5.0,=,=
CC(C)n1nc(-c2cc3cc(O)ccc3[nH]2)c2c(N)ncnc21,ABL2,CDK4,5.92,5.11,=,=
C=CC(=O)N1CCC[C@@H](n2nc(-c3ccc(Oc4ccccc4)cc3)c3c(N)ncnc32)C1,ABL2,ERBB4,6.04,8.62,=,=
CN[C@@H]1C[C@H]2O[C@@](C)([C@@H]1OC)n1c3ccccc3c3c4c(c5c6ccccc6n2c5c31)C(=O)NC4,ACVR1,SIK3,6.33,9.01,=,=
CN[C@@H]1C[C@H]2O[C@@](C)([C@@H]1OC)n1c3ccccc3c3c4c(c5c6ccccc6n2c5c31)C(=O)NC4,ACVR1,STK26,6.33,6.85,=,=
COc1cc2c(Oc3ccc(NC(=O)C4(C(=O)Nc5ccc(F)cc5)CC4)cc3F)ccnc2cc1OCCCN1CCOCC1,ABL2,CDK11A,7.42,6.32,=,=
CC(C)n1nc(-c2cc3cc(O)ccc3[nH]2)c2c(N)ncnc21,ABL2,PIK3CG,5.92,6.63,=,=
O=C(O)c1ccc(Nc2ncc3c(n2)-c2ccc(Cl)cc2C(c2c(F)cccc2F)=NC3)cc1,ABL2,GRK5,5.48,6.0,=,=
C#Cc1cn(C2CCCC2)c2ncnc(N)c12,ACVR1,CSNK1A1,6.1,7.3,=,=
CCN(CC)CCNC(=O)c1c(C)[nH]c(/C=C2\C(=O)Nc3ccc(F)cc32)c1C,AAK1,MAP4K5,7.96,7.25,=,=
CC(C)n1nc(-c2cc3cc(O)ccc3[nH]2)c2c(N)ncnc21,AAK1,YES1,5.8,6.8,=,=
CC(=O)Nc1ccc(-c2ccc(NCC(=O)Nc3ccc(CN4CCNCC4)c(C(F)(F)F)c3)cc2)cn1,ABL1,MKNK1,6.62,5.41,=,=
C=CC(=O)Nc1cc2c(Nc3ccc(F)c(Cl)c3)ncnc2cc1OCCCN1CCOCC1,ACVR1,ERBB2,5.77,7.52,=,=
CCS(=O)(=O)c1cccc(-c2cc(C(=O)NC3CCN(C)CC3)c(C)c3[nH]c4ncc(C)cc4c23)c1,ABL2,GSK3A,6.38,4.65,=,=
C#Cc1cccc(Nc2ncnc3cc(OCCOC)c(OCCOC)cc23)c1,ABL2,AXL,6.7,5.4,=,=
CC(C)c1cc(CNc2nc(Nc3cc(C4CC4)[nH]n3)cc(N3CCN(C)CC3)n2)on1,ACVR1,DDR2,8.3,5.3,=,=
CC(=O)c1c(C)c2cnc(Nc3ccc(N4CCNCC4)cn3)nc2n(C2CCCC2)c1=O,AAK1,CAMK2D,5.38,6.21,=,=
CCN(CC)CCNC(=O)c1c(C)[nH]c(/C=C2\C(=O)Nc3ccc(F)cc32)c1C,AAK1,FES,7.96,6.02,=,=
CN[C@@H]1C[C@H]2O[C@@](C)([C@@H]1OC)n1c3ccccc3c3c4c(c5c6ccccc6n2c5c31)C(=O)NC4,AAK1,MAPKAPK2,8.92,6.4,=,=
CNC(=O)c1cc(Oc2ccc(NC(=O)Nc3ccc(Cl)c(C(F)(F)F)c3)cc2)ccn1,ABL2,MAPK11,5.54,6.64,=,=
CN[C@@H]1C[C@H]2O[C@@](C)([C@@H]1OC)n1c3ccccc3c3c4c(c5c6ccccc6n2c5c31)C(=O)NC4,ACVR1,AKT3,6.33,8.0,=,=
CC(C)n1nc(-c2cc3cc(O)ccc3[nH]2)c2c(N)ncnc21,ACVR1,PIK3CA,8.4,6.7,=,=
CN[C@@H]1C[C@H]2O[C@@](C)([C@@H]1OC)n1c3ccccc3c3c4c(c5c6ccccc6n2c5c31)C(=O)NC4,ACVR1,BMPR2,6.33,5.8,=,=
CSc1cccc(Nc2ncc3cc(-c4c(Cl)cccc4Cl)c(=O)n(C)c3n2)c1,ACVR1,EPHA8,6.8,8.23,=,=
COc1cc(Nc2ncc(F)c(Nc3ccc4c(n3)NC(=O)C(C)(C)O4)n2)cc(OC)c1OC,ABL2,PRKG2,6.14,5.44,=,=
C=CC(=O)N1CCC[C@@H](n2nc(-c3ccc(Oc4ccccc4)cc3)c3c(N)ncnc32)C1,ABL2,PTK6,6.04,8.12,=,=
CN(CCc1ccc(-c2ccccc2)cc1)Cc1cn(C)c2ccc(C(=O)Nc3ccc(F)cc3)cc12,ABL1,GSG2,4.16,8.22,=,=
CC(=O)NCC(=O)N1[C@@H]2CC[C@H]1c1ccc(Nc3ncc(C(F)(F)F)c(NC4CCC4)n3)cc12,AAK1,TYK2,8.05,5.73,=,=
C#Cc1cn(C2CCCC2)c2ncnc(N)c12,ACVR1,RET,6.1,6.9,=,=
CN1CCN(c2ccc3nc(-c4c(N)c5c(F)cccc5[nH]c4=O)[nH]c3c2)CC1,AAK1,ACVR1,6.77,5.9,=,=
CC(=O)NC[C@H]1CC[C@H](c2nc(-c3cc4ccccc4[nH]3)c3c(N)nccn32)CC1,ABL1,PDPK1,5.71,4.95,=,=
C[S+]([O-])c1ccc(-c2nc(-c3ccc(F)cc3)c(-c3ccncc3)[nH]2)cc1,ACVR1B,CSNK1A1,5.52,6.81,=,=
COC(=O)c1ccc2c(c1)NC(=O)/C2=C(\Nc1ccc(N(C)C(=O)CN2CCN(C)CC2)cc1)c1ccccc1,AAK1,CAMK1,7.2,5.23,=,=
CCN(CC)CCNC(=O)c1c(C)[nH]c(/C=C2\C(=O)Nc3ccc(F)cc32)c1C,ABL2,FGFR3,6.0,6.52,=,=
CCN(CC)CCNC(=O)c1c(C)[nH]c(/C=C2\C(=O)Nc3ccc(F)cc32)c1C,AAK1,PRKCQ,7.96,5.37,=,=
CC(C)c1cc(CNc2nc(Nc3cc(C4CC4)[nH]n3)cc(N3CCN(C)CC3)n2)on1,ACVR1,MARK3,8.3,6.88,=,=
CN[C@@H]1C[C@H]2O[C@@](C)([C@@H]1OC)n1c3ccccc3c3c4c(c5c6ccccc6n2c5c31)C(=O)NC4,AAK1,MAPK13,8.92,6.84,=,=
CN[C@@H]1C[C@H]2O[C@@](C)([C@@H]1OC)n1c3ccccc3c3c4c(c5c6ccccc6n2c5c31)C(=O)NC4,ACVR1,CDK3,6.33,7.52,=,=
Cc1ccc(C(=O)Nc2cccc(C(F)(F)F)c2)cc1Nc1nc(-c2cccnc2)nc2c1cnn2C,ABL2,ILK,6.46,4.24,=,=
CN[C@@H]1C[C@H]2O[C@@](C)([C@@H]1OC)n1c3ccccc3c3c4c(c5c6ccccc6n2c5c31)C(=O)NC4,ABL2,NUAK1,7.46,8.85,=,=
COc1cc2c(Oc3ccc(NC(=O)C4(C(=O)Nc5ccc(F)cc5)CC4)cc3F)ccnc2cc1OCCCN1CCOCC1,ABL2,MAP3K10,7.42,6.28,=,=
Cc1nc(N)sc1-c1ccnc(Nc2ccc(N3CCOCC3)cc2)n1,ACVR1,BUB1,6.4,6.96,=,=
CC(=O)c1cnc2ccc(-c3cc(Cl)c(O)c(Cl)c3)nc2c1N[C@H]1CC[C@H](CN(C)C)CC1,AAK1,BMPR1B,6.76,8.7,=,=
C#Cc1cccc(Nc2ncnc3cc(OCCOC)c(OCCOC)cc23)c1,ABL1,EPHA7,6.51,5.85,=,=
COc1cc(N2CCC(N3CCN(C)CC3)CC2)ccc1Nc1ncnc(Nc2ccccc2S(=O)(=O)C(C)C)n1,AAK1,EPHB3,5.88,5.26,=,=
CCN(CC)CCNC(=O)c1c(C)[nH]c(/C=C2\C(=O)Nc3ccc(F)cc32)c1C,ABL2,CLK2,6.0,7.7,=,=
CC(C)n1nc(-c2cc3cc(O)ccc3[nH]2)c2c(N)ncnc21,ABL2,PRKCE,5.92,8.05,=,=
CC(=O)NCC(=O)N1[C@@H]2CC[C@H]1c1ccc(Nc3ncc(C(F)(F)F)c(NC4CCC4)n3)cc12,AAK1,WEE1,8.05,6.45,=,=
CC(=O)c1cnc2ccc(-c3cc(Cl)c(O)c(Cl)c3)nc2c1N[C@H]1CC[C@H](CN(C)C)CC1,ABL1,IRAK3,6.55,7.92,=,=
CN(C)CC(=O)N1CCC(c2ccc(NC(=O)c3nc(C#N)c[nH]3)c(C3=CCCCC3)c2)CC1.Cl,ACVR1,LYN,6.41,5.8,=,=
C=CC(=O)Nc1cc2c(Nc3ccc(F)c(Cl)c3)ncnc2cc1OCCCN1CCOCC1,ABL1,TGFBR1,6.47,5.02,=,=
CN1CCN(c2ccc3nc(-c4c(N)c5c(F)cccc5[nH]c4=O)[nH]c3c2)CC1,ABL2,PIP5K1C,5.98,5.37,=,=
CCN1CCN(Cc2ccc(NC(=O)Nc3ccc(Oc4cc(NC)ncn4)cc3)cc2C(F)(F)F)CC1,ABL2,AURKA,8.47,5.8,=,=
CCN(CC)CCNC(=O)c1c(C)[nH]c(/C=C2\C(=O)Nc3ccc(F)cc32)c1C,ABL1,PRKAA2,6.14,7.05,=,=
CC[C@@H]1C(=O)N(C)c2cnc(Nc3ccc(C(=O)NC4CCN(C)CC4)cc3OC)nc2N1C1CCCC1,AAK1,MYLK,5.55,7.01,=,=
C=CC(=O)Nc1cc2c(Nc3ccc(F)c(Cl)c3)ncnc2cc1OCCCN1CCOCC1,ABL2,FLT1,6.06,5.12,=,=
CCN1CCN(Cc2ccc(NC(=O)Nc3ccc(Oc4cc(NC)ncn4)cc3)cc2C(F)(F)F)CC1,ABL2,TNK1,8.47,7.22,=,=
CCN(CC)CCNC(=O)c1c(C)[nH]c(/C=C2\C(=O)Nc3ccc(F)cc32)c1C,ABL1,TIE1,6.14,5.41,=,=
C=CC(=O)Nc1cc2c(Nc3ccc(F)c(Cl)c3)ncnc2cc1OCCCN1CCOCC1,ABL1,STK17A,6.47,5.42,=,=
