smiles_a,gene,smiles_b,pic50_a,pic50_b,relation_a,relation_b
Cc1ccc(C)c(NC(=O)c2cc(-c3ccco3)nc3ccccc23)c1,LTK,CNC(=O)c1ccccc1Nc1nc(Nc2ccc(N3CCOCC3)cc2OC)ncc1Cl,6.0,8.1,=,=
Cc1cc(Nc2cc(N3CCN(C)CC3)nc(Sc3ccc(NC(=O)C4CC4)cc3)n2)n[nH]1,MARK1,CC1(C)C(=O)N([C@H]2CCc3c(O)cccc32)c2nc(Nc3cccc(CN4CCCC4)c3)ncc21,5.31,8.7,=,=
COCCOc1cc(-c2cncc(C#N)c2Nc2cccc3[nH]ccc23)ccc1OC,PRKCQ,Cc1ncc(C#N)c(Nc2ccc3[nH]ccc3c2C)c1/C=C/c1cccc(S(=O)(=O)N2CCN(C)CC2)c1,7.2,9.36,=,=
O=[N+]([O-])c1ccc2[nH]c(-c3ccncc3)nc2c1,PKN2,CCN1CCN(c2ccc(Nc3nccc(-c4c(-c5cccc(C(=O)Nc6ccccc6F)c5)nc5ccccn45)n3)cc2)CC1,4.74,5.4,=,=
NC(=O)c1cc(-c2ccncc2)[nH]c1-c1ccncc1,CDC7,O=c1cc(-c2cccc(F)c2)[nH]c2c(-c3ccc(F)cc3)cnn12,6.7,7.2,=,=
CC(=O)Nc1cccc(Nc2ccc3ncc(-c4cccc(NC(C)=O)c4)n3n2)c1,DYRK2,Oc1ccc(-c2cnc3[nH]cc(-c4ccc(F)cc4)c3c2)cc1O,7.4,5.47,=,=
Cc1ccc2c(-c3cnn4cc(-c5ccc(OC6CCNCC6)cn5)cnc34)cccc2n1,ACVR1B,C[S+]([O-])c1ccc(-c2nc(-c3ccc(F)cc3)c(-c3ccncc3)[nH]2)cc1,4.32,5.52,=,=
CC(C)n1cnnc1-c1cccc(NC(=O)Nc2ccccn2)n1,MAP3K6,CC(C)n1cnnc1-c1cccc(NC(=O)Nc2cnc3ccccc3n2)n1,5.96,5.31,=,=
CC#CCn1cc(N(c2nc(C(N)=O)c(-c3cc(C(=O)N4CCOCC4)c[nH]3)s2)C2CC2)cn1,AURKC,Oc1cccc(Nc2ccnc3[nH]c4ccccc4c23)c1,7.54,6.59,=,=
CNC(=O)c1ccccc1Sc1ccc2c(/C=C/c3ccccn3)n[nH]c2c1,ULK2,O=C(N[C@@H](C1CC1)C(F)(F)F)c1cc(C2C=C3N=C(c4ccc(F)cc4)C=CN3N2)cs1,5.0,7.52,=,=
CNC(=O)c1ccccc1Sc1ccc2c(/C=C/c3ccccn3)n[nH]c2c1,EPHB6,Cc1cc(Nc2cc(N3CCN(C)CC3)nc(Sc3ccc(NC(=O)C4CC4)cc3)n2)n[nH]1,6.44,7.55,=,=
C[C@@H]1COCCN1c1nc(-c2cncc3[nH]ccc23)cc2c1ncn2C,ATR,C[C@@H]1COCCN1c1cc(-c2cccnc2F)c2ccnc(-c3ccn[nH]3)c2n1,9.4,8.09,=,=
CN(c1ccccc1)c1cc[n+](Cc2ccc(-c3ccccc3)cc2)c2cc(Cl)ccc12.[Br-],CHKB,CN1CCc2nc(NC(=O)[C@H]3CC[C@@H](n4cnc5c(N)nc(Cl)nc54)CC3)sc2C1,4.7,5.18,=,=
C[C@@H]1CN(c2c(C#N)c(=O)n(C)c3ccc(C#N)nc23)CCN1C(c1ccccc1)c1ccc(Cl)cc1,DGKA,C[C@H]1CN(c2c(Cl)c(=O)n(C)c3ccc(C#N)nc23)CCN1C(c1ccc(F)cc1)c1ccc(F)cc1,5.89,5.48,=,=
CCN1CCN(c2ccc(Nc3ncc(Cl)c(Nc4ccc5[nH]ncc5c4)n3)cc2)CC1,CAMK1D,CN[C@@H]1C[C@H]2O[C@@](C)([C@@H]1OC)n1c3ccccc3c3c4c(c5c6ccccc6n2c5c31)C(=O)NC4,5.9,9.24,=,=
COc1cc(N2CCC(N3CCN(C)CC3)CC2)ccc1Nc1ncc(Cl)c(Nc2ccccc2S(=O)(=O)C(C)C)n1,CDK17,Cn1cc(C2=C(c3cccc(NCC(O)CO)c3)C(=O)NC2=O)c2cc(F)ccc21,6.09,7.16,=,=
Cn1ccnc1C(O)c1ccc(F)c(-c2nc(Cl)nc3cc(N4CCOCC4)ccc23)c1,PRKDC,CCC(=O)N1CC[C@H](Nc2ncnc3c2CN(c2cnc(OC)c(C(F)(F)F)c2)CC3)C1,8.3,6.06,=,=
CC(=O)N[C@@H]1C[C@H](n2c3ccc(O)cc3c3c4c(c5c6ccccc6[nH]c5c32)CNC4=O)O[C@@H](C)[C@@H]1O,PRKCQ,CN1CCCCOc2ccnc3[nH]c(=O)n(c23)-c2ccc(C(N)=O)c1n2,6.55,7.14,=,=
CN[C@@H]1C[C@H]2O[C@@](C)([C@@H]1OC)n1c3ccccc3c3c4c(c5c6ccccc6n2c5c31)C(=O)NC4,SIK1,CC1(C)C(=O)N([C@H]2CCc3c(O)cccc32)c2nc(Nc3cccc(CN4CCCC4)c3)ncc21,8.87,6.96,=,=
Cc1ccc(F)c(NC(=O)Nc2ccc(-c3cccc4[nH]nc(N)c34)cc2)c1,PBK,NC1CCC(Nc2nccc(-c3c[nH]c4ncccc34)n2)CC1,5.4,6.2,=,=
Cn1nccc1Nc1nccc(-c2cc3n4c(nnc4c2)[C@H](Cc2ccc(F)cc2)CO3)n1,MAPK1,COc1cccc([C@H](NC(=O)CN2Cc3ccc(-c4nc(NC5CCOCC5)ncc4Br)cc3C2=O)[C@H](C)O)c1,8.3,8.8,=,=
CN1C/C=C/CCOc2cccc(c2)-c2ccnc(n2)Nc2cccc(c2)C1,CDK12,C=CC(=O)N1CC=C(c2ccc(C(C)C(=O)Nc3cc(C4CC4)[nH]n3)cc2F)CC1,5.25,7.2,=,=
Nc1ncnc2c1c(-c1cccc(OCc3ccccc3)c1)cn2C1CC(CN2CCCC2)C1,ERBB4,C=CC(=O)N1CC[C@@H](N2N=C(Nc3ccc(Oc4ccccc4)cc3)c3c[nH]c4ncnc2c34)C1,5.7,6.39,=,=
Cc1cc(-c2cc(O)ccc2Cl)cc2nnc(Nc3ccc(OCCN4CCCC4)cc3)nc12,EPHB4,CC(C)n1nc(-c2ccc3nc(Cl)ccc3c2)c2c(N)ncnc21,7.8,5.5,=,=
COc1cc2c(Nc3ccc(C)c(Cl)c3Cl)ncnc2cc1OCC1CN(C)CCO1,EPHA2,COc1cc2c(Nc3ccc(F)c(Cl)c3F)ncnc2cc1O[C@@H]1CO[C@@H]2[C@H]1OC[C@H]2F,7.3,6.28,=,=
Cc1cc(Nc2cc(N3CCN(C)CC3)nc(Sc3ccc(NC(=O)C4CC4)cc3)n2)n[nH]1,TESK1,C[C@]12O[C@H](C[C@]1(O)CO)n1c3ccccc3c3c4c(c5c6ccccc6n2c5c31)CNC4=O,5.25,6.54,=,=
Cc1ccc2[nH]nc(-c3ccc(C(N)=O)cc3)c2c1,MAPKAPK3,Cc1c(Cl)c(N2CCC(CN)C2)nc2[nH]cc(C(=O)O)c(=O)c12,5.39,5.0,=,=
CN1C(=O)[C@@H](N2CCc3cn(CC4CCS(=O)(=O)CC4)nc3C2=O)COc2ccccc21,PAK6,C[C@@]1(C(=O)Nc2ccc(F)nc2)CCCN1c1nc(Nc2cc(C3CC3)n[nH]2)c2cccn2n1,6.0,4.5,=,=
c1ncc(-c2c[nH]c3nccc(N4CCC[C@H](N5CCCC5)C4)c23)cn1,CDC42BPB,Cn1nccc1-c1c[nH]c2nccc(N3CCCCC3)c12,8.42,6.09,=,=
Nc1ncc(-c2cc([C@H]3[C@@H]4CN(C5COC5)C[C@@H]43)n(CC3CC3)n2)cc1C(F)(F)F,EPHA7,CNC(=O)c1ncc(C#Cc2cc(C(=O)Nc3ccc(CN4CCN(CCO)CC4)c(C(F)(F)F)c3)ccc2C)n1C,6.18,8.38,=,=
Cn1c(C(O)c2cc(-c3ncnc4cc(N5CCOCC5)ccc34)c(F)cc2F)cccc1=O,PRKDC,CO[C@H]1/C=C\C=C(/C)C(=O)NC2=CC(=O)C(NCCCCCCCOc3ccc4c(=O)cc(N5CCOCC5)oc4c3C)=C(C[C@@H](C)C[C@H](OC)[C@H](O)[C@@H](C)/C=C(\C)[C@@H]1OC(N)=O)C2=O,8.3,5.43,=,=
CN1CCN([C@H]2CC[C@@H](n3cc(-c4ccc(Oc5ccccc5)cc4)c4c(N)ncnc43)CC2)CC1,CSK,Cc1ccc(NC(=O)c2ccc(C)c(C(F)(F)F)c2)cc1C#Cc1nn([C@H]2CC[C@H](O)CC2)c2ncnc(N)c12,7.39,8.05,=,=
O=c1[nH]cnc2c(Cl)cccc12,NTRK3,CN(Cc1cc(Cl)c(O)c2ncccc12)C1CCCCC1,4.6,6.0,=,=
Cc1nnc(-c2cnc(-c3cccc(-c4cnn(C)c4)c3)nc2NC2CCN(S(C)(=O)=O)CC2)s1,IRAK1,O=C(NC(CO)Cc1ccc(Cl)cc1)c1ccc(-c2ccncc2)cc1,6.26,5.1,=,=
c1cc(-c2cnn3cc(-c4ccc(N5CCNCC5)cc4)cnc23)c2cccnc2c1,BMPR1B,CCCN1C(=O)Cc2cc(-c3cncc(-c4ccc(=O)n(C(C)C)c4)c3)ccc21,7.03,6.0,=,=
NC(=O)c1nc(Nc2ccc3ccccc3c2)sc1NC(=O)C1CC1,TNIK,Cc1cc(NS(C)(=O)=O)ccc1Nc1cc(-c2ccc(-n3cccn3)cc2)[nH]n1,7.82,8.52,=,=
CC(C)COc1ncnc2[nH]cc(/C=C\C#N)c12,TAB1,CC(C)COc1ncnc2[nH]cc(C/C=C/C(N)=O)c12,6.77,6.38,=,=
CCS(=O)(=O)N1CCCCC(=O)N2CCc3cc(ccc32)Nc2ncc(C(F)(F)F)c(n2)NCc2ccccc21,PTK2B,Cc1ccc(-n2nc(C(C)(C)C)cc2NC(=O)NCc2cc(F)ccc2Oc2ccc3c(cnn3CCO)c2)cc1,8.72,4.52,=,=
O=C(Nc1ccc(-c2ccnc(Nc3ccc(N4CCOCC4)cc3)n2)cc1)C1CCCN1,NEK9,CNC(=O)c1nn(C)c2c1C(C)(C)Cc1cnc(Nc3ccc(N4CCN(C)CC4)cc3)nc1-2,5.66,4.71,=,=
Cc1ccc2[nH]nc(-c3ccc4c(c3)OCO4)c2c1,MAPKAPK3,Fc1ccc2c(-c3ccc4c(c3)OCO4)n[nH]c2c1,5.07,4.68,=,=
CC(C)n1nc(-c2cc3cc(O)ccc3[nH]2)c2c(N)ncnc21,EPHB6,CCN(CCO)CCCOc1ccc2c(Nc3cc(CC(=O)Nc4cccc(F)c4)[nH]n3)ncnc2c1,5.05,7.3,=,=
COc1cc(-c2ccn3nc(Nc4cccc(CNC(=O)CC(F)F)n4)cc3n2)cnc1OC,PIK3CG,CS(=O)(=O)c1cncc(-c2ccc3nc(N)sc3c2)c1,8.52,6.9,=,=
CN(C)CCC(Nc1ncnc2c(C(N)=O)cccc12)c1cccc(NC(O)c2cc(C3CC3)n[nH]2)c1,RPS6KB1,NC(=O)c1cccc2c(N[C@H](CO)c3ccccc3)ncnc12,7.37,6.27,=,=
CC(=O)N[C@@H](CCCNC(=N)N)C(=O)N[C@@H](CCCNC(=N)N)C(=O)N[C@@H](CC(C)C)C(=O)N[C@@H](CC(N)=O)C(=O)N[C@@H](Cc1cccc(Cl)c1)C(N)=O,CCNA2,CC[C@H](C)[C@H](NC(=O)[C@H](CC(C)C)NC(=O)[C@H](CCCNC(=N)N)NC(=O)[C@@H](N)CCCNC(=N)N)C(=O)N[C@@H](Cc1ccccc1)C(N)=O,5.25,6.17,=,=
CCNc1nc2cc(Cl)c([N+](=O)[O-])cc2nc1NCC,PGK1,CCNc1nc2cc(Cl)c(C#CCCCCO)cc2nc1NCC,7.01,6.42,=,=
CC(C)[C@@H]1NC(=O)[C@@H](NC(=O)[C@H](Cc2ccc(O)cc2)NC(=O)[C@@H](N)Cc2cnc[nH]2)CSSC[C@@H](C(N)=O)NC(=O)[C@H](CO)NC(=O)[C@H](Cc2c[nH]c3ccccc23)NC(=O)[C@H](CO)NC(=O)CCNC(=O)[C@H](CCCNC(=N)N)NC(=O)[C@H](Cc2ccc(O)cc2)NC1=O,EPHA4,Cc1cc(Nc2cc(N3CCN(C)CC3)nc(Sc3ccc(NC(=O)C4CC4)cc3)n2)n[nH]1,6.32,5.37,=,=
O=C(N[C@@H]1CNCCC[C@H]1OC(=O)c1cc(O)c(C(=O)c2c(O)cccc2C(=O)O)c(O)c1)c1ccc(O)cc1,GRK4,CNC(=O)c1ccccc1Sc1ccc2c(/C=C/c3ccccn3)n[nH]c2c1,6.58,5.64,=,=
COc1ccc2[nH]c3c(c2c1)C1CCN(C1)C3C(=O)O,MAPKAPK3,O=C(O)c1ccc2c(c1)nc(Nc1cccc(Cl)c1)c1ccncc12,4.05,7.58,=,=
Cn1nc2c3c(cccc31)C(=O)c1ccccc1-2,EIF2AK2,Nc1ncnc2[nH]nc(Nc3ccc(F)cc3)c12,4.92,5.3,=,=
CC(=O)N[C@@H](CCCNC(=N)N)C(=O)N[C@@H](CCCNC(=N)N)C(=O)N[C@@H](CC(C)C)C(=O)N[C@@H](CC(N)=O)C(=O)N[C@@H](Cc1cccc(Cl)c1)C(N)=O,CCNA2,Cc1ncc(-c2ccnc(Nc3ccc(S(C)(=O)=O)cc3)n2)n1C(C)C,5.25,7.35,=,=
COc1cnc(-c2nn(Cc3ccccc3C#N)c3ccccc23)nc1Nc1ccncc1,BUB1,CC1(C)CC(=O)c2c([nH]c(-c3ccnc4c3OCCO4)c2Nc2ccccc2)C1,7.68,6.89,=,=
COc1cc(-c2cnc(Nc3cc(N4CCN(CCO)CC4)nc(C)n3)s2)cc2c1C(=O)N(CC(F)(F)F)CC2,SIK3,NC(=O)c1c(OCc2c(F)cc(Br)cc2F)nsc1NC(=O)NCCCCN1CCCC1,8.19,5.81,=,=
CC(C)n1nc(-c2cc3cc(O)ccc3[nH]2)c2c(N)ncnc21,GAK,CCN(CC)S(=O)(=O)NCc1cccc(-c2ccc3c(NC(=O)C4CC4)n[nH]c3c2)c1,6.5,5.5,=,=
CCOCCOc1cccc(C(=O)Nc2cc(-n3ccn4nc(-c5cccnc5)cc34)c(C)cc2C)c1,TEK,Cn1cc(-c2ccc(F)cc2)c(=O)c2c(Nc3ccc(Oc4ccnc(NC(=O)C5CC5)c4)c(F)c3)nccc21,6.22,7.58,=,=
COc1cc(C)c(S(N)(=O)=O)cc1C(=O)Nc1cccc(-c2nncn2C(C)C)n1,MAP3K5,CC(C)n1cnnc1-c1cccc(NC(=O)c2ccn(C)n2)n1,8.54,7.54,=,=
CCn1cc(-c2ccc3c(c2)CCN3C(=O)Cc2cccc(OC(F)(F)F)c2)c2c(N)ncnc21,MAP3K9,O=C(CS(=O)(=O)c1ccc(Cl)cc1)N/N=C/c1cc(C(=O)O)c(Nc2ccc(I)cc2F)c(F)c1F,7.28,5.16,=,=
CCOC(=O)/C=C\Sc1nc(-c2ccc(F)cc2)c(-c2ccnc(Nc3ccccc3)c2)[nH]1,MAPK10,CCCCCCn1c(S)nc2c1c(=O)[nH]c(=O)n2C,7.1,7.45,=,=
O=C(NC1CCNCC1)c1n[nH]cc1NC(=O)c1c(Cl)cccc1Cl,DMPK,CC[C@@H]1C(=O)N(C)c2cnc(Nc3ccc(C(=O)NC4CCN(C)CC4)cc3OC)nc2N1C1CCCC1,5.96,5.54,=,=
Cc1n[nH]c2ccc(-c3cncc(OCC(N)Cc4c[nH]c5ccccc45)c3)cc12,CDC7,N#Cc1ccc2ccn(-c3cccc(N)n3)c2c1,7.9,4.98,=,=
CC(=O)N1Cc2c(-c3ccc(C(=O)N4CCCc5ccccc54)cc3)cnn2C[C@@H]1C,PINK1,CN1C(=O)[C@@H](N2CCc3cn(CC4CCS(=O)(=O)CC4)nc3C2=O)COc2ccccc21,4.84,6.0,=,=
Cc1nc(NC(=O)N2CC[C@@H](C)[C@H]2C(N)=O)sc1-c1ccnc(C(C)(C)C(F)(F)F)c1,PIK3CD,CCn1ncnc1-c1cn2c(n1)-c1ccc(O[C@@H](C)C(N)=O)cc1OCC2,6.31,7.95,=,=
CC(C)NC(=O)COc1coc(CN2CCN(c3ccccc3F)CC2)cc1=O,PDK3,CCCCN(Cc1ccncc1)C(=O)c1cc(-c2ccccc2O)n[nH]1,4.61,5.11,=,=
Nc1ncc(-c2cc(C3CC3)nc(N3C[C@@H]4C[C@H]3CO4)c2)nc1OC(F)F,MAP3K13,Nc1ncc(-c2cc(N3C[C@@H]4C[C@H]3CO4)nc(N3CC4CC3C4)n2)nc1C(F)(F)F,7.54,6.83,=,=
Cc1n[nH]c2ccc(-c3cncc(OCC(N)Cc4ccc(Cl)c(Cl)c4)c3)cc12,CAMK2B,Cc1nn(C)c(C)c1-c1cccc2c(CCCOc3cccc4ccccc34)c(C(=O)O)[nH]c12,6.6,5.1,=,=
c1cc(OCCN2CCCCC2)cc(-c2n[nH]c3ccc(-c4nnc[nH]4)cc23)c1,CSNK1G2,Cc1cc(O)ccc1-n1cc(C(N)=O)c(=O)c2ccc(-c3ccncc3)cc21,6.98,5.7,=,=
CS(=O)(=O)N1CCN(Cc2cc3nc(-c4cccc5[nH]ncc45)nc(N4CCOCC4)c3s2)CC1,ICK,Cc1cnc(Nc2ccc(OCCN3CCCC3)cc2)nc1Nc1cccc(S(=O)(=O)NC(C)(C)C)c1,5.03,5.72,=,=
N#CC[C@H](C1CCCC1)n1cc(-c2ncnc3[nH]ccc23)cn1,MAP3K15,CN(C)CC(=O)N1CCC(c2ccc(NC(=O)c3nc(C#N)c[nH]3)c(C3=CCCCC3)c2)CC1.Cl,5.96,5.6,=,=
COc1cc2ncnc(Oc3ccc(Nc4nccc5c4c(=O)c(-c4cccc(C)c4)cn5C)cc3F)c2cc1OC,AXL,CNc1cc2c(cn1)c(-c1cnn(C(C)(C)C#N)c1)nn2C1CCC(Oc2ccccn2)CC1,8.96,6.96,=,=
COc1ccc(OC2CCN(C(=O)c3ccc(C(=O)NC4CCN(Cc5ccc(C#N)cc5)CC4)cn3)CC2)c(N)c1,PRKAA2,CC(=O)Nc1cccc(OC2CCN(C(=O)c3ccc(C(=O)NC4CCN(Cc5ccc(F)cc5)CC4)cn3)CC2)c1,6.12,5.52,=,=
Nc1ncc(C2CC2)nc1CN/C(=N\C(=O)c1ccc(Cl)cc1)Nc1ccc2[nH]c(=O)oc2c1,MAPKAPK2,CC(C)OC1CCN(Cc2cnc(Cl)nc2Oc2ccc3c(ccc4sc5c(c43)NC[C@@H](C)NC5=O)n2)CC1,5.72,6.52,=,=
c1cc(-c2cncc3[nH]c(-c4n[nH]c5ccc(-c6cncc(CN7CCCCC7)c6)nc45)cc23)ccn1,CLK3,O=C(Nc1cc2cc(-c3cncc(N[C@H]4CCNC[C@@H]4F)n3)ccc2cn1)C1CC1,6.51,7.96,=,=
O=C1Nc2nccc(Oc3ccc4c(c3)C3C(O4)C3c3nc4ccc(C(F)(F)F)cc4[nH]3)c2CO1,RAF1,Cc1ccc(NC(=O)c2cccc(OC(C)C)c2)cc1-c1cc(N2CCOCC2)c(=O)n(C)c1,8.49,9.52,=,=
O=C(NC1CCNCC1)c1n[nH]cc1NC(=O)c1c(Cl)cccc1Cl,CASK,CO[C@@H]1[C@H](NCCOCCOCCOCCNC(=O)CCC2=[N+]3C(=Cc4c(C)cc(C)n4[B-]3(F)F)C=C2)C[C@H]2O[C@]1(C)n1c3ccccc3c3c4c(c5c6ccccc6n2c5c31)C(=O)NC4,7.62,6.34,=,=
CN1CC[C@H](c2c(O)cc(O)c3c(=O)cc(-c4ccccc4Cl)oc23)[C@H](O)C1,RPS6KA2,O=C(Nc1cccnc1)c1ccc2cc3n(c2c1)CC1(CCC1)CNC3=O,5.81,5.48,=,=
CC(C)c1cc(CNc2nc(Nc3cc(C4CC4)[nH]n3)cc(N3CCN(C)CC3)n2)on1,PKN1,Cc1c(O)c(O)c2c(c1C=O)[C@@H]1O[C@H](O2)c2c(C)c(O)c(O)c(O)c2C1=O,7.96,5.35,=,=
O=C1NCCc2[nH]c(-c3ccnc(-c4cnc5ccccc5c4)c3)cc21,CSNK1G1,Cc1cc(C)cc(NC(=O)Nc2ccc3c(c2)CCc2sc4ncnc(N)c4c2-3)c1,6.6,5.5,=,=
NC(=O)c1c(-c2ccc(Oc3ccccc3)cc2)nn2c1CCCc1cc([N+](=O)[O-])ccc1-2,BTK,CCn1c(=O)c(-c2ccccc2)cc2cnc(Nc3ccc(N(C)C)cn3)cc21,7.72,5.52,=,=
O=c1[nH]c(=O)n([C@H]2C[C@H](O)[C@]3(CO)C[C@H]23)cc1I,TK1,CCCc1cn([C@H]2C[C@H](O)[C@@H](CO)O2)c(=O)[nH]c1=O,4.07,4.7,=,=
COc1cc(Oc2ccnc3cc(OC)c(OC)cc23)ccc1NC(=O)NC(C)c1nccs1,EPHB6,Cc1ccc(Nc2nccc(N(C)c3ccc4c(C)n(C)nc4c3)n2)cc1S(N)(=O)=O,8.3,7.09,=,=
[C-]#[N+]c1cc(-c2ccnc(Nc3cnn(C4CCNCC4)c3)c2)ccc1OCC1CCN(C(C)=O)CC1,IKBKE,O=c1[nH]n2ccccc2c1Br,6.72,5.5,=,=
COc1cccc(-c2cc(C(=O)N3CCN(Cc4ccccc4)CC3)c3ccccc3n2)c1,WNK1,O=[N+]([O-])c1cc(S(=O)(=O)C(Cl)(Cl)Br)ccc1NC1CCCCC1,6.21,5.4,=,=
Cc1cc(CS(=O)(=O)c2ccccc2)cc(OCc2ccc(CN3CC[C@H](O)C3)cc2)c1,SPHK1,Cc1nc(-c2cccc(OCc3ccc(CN4CCC[C@@H]4CO)cc3)c2)no1,8.55,7.97,=,=
C=CC(=O)N1CCC([C@@H]2CCNc3c(C(N)=O)c(-c4cc(OC)c(C)c(OC)c4)nn32)CC1,MYO3B,COC(=O)c1ccc2c(c1)NC(=O)/C2=C(\Nc1ccc(N(C)C(=O)CN2CCN(C)CC2)cc1)c1ccccc1,6.67,5.57,=,=
CC(=O)C1=C(C)N=C2Sc3ccccc3N2C1c1ccc(O)cc1,MYLK,Oc1cccc(-c2nc(N3CCOCC3)c3oc4ncccc4c3n2)c1,5.38,5.82,=,=
Cc1[nH]c(/C=C2\C(=O)Nc3ccc(S(=O)(=O)Cc4c(Cl)cccc4Cl)cc32)c(C)c1C(=O)N1CCC[C@@H]1CN1CCCC1,STK11,COC(=O)c1ccc2c(c1)NC(=O)/C2=C(\Nc1ccc(N(C)C(=O)CN2CCN(C)CC2)cc1)c1ccccc1,5.58,7.75,=,=
CO[C@H]1CCC[C@H](NC2=N/C(=C\c3ccc4ncsc4c3)C(=O)N2)CC1,CLK3,Cn1cncc1-c1ccc2cnc(NC(=O)c3ccnc(N4CC(N)C4)c3)cc2c1,6.07,7.96,=,=
CCN1CCN(Cc2ccc(NC(=O)Nc3ccc(Oc4cc(NC)ncn4)cc3)cc2C(F)(F)F)CC1,CDK15,O=C(c1ccc(/C=C/c2n[nH]c3ccccc23)cc1)N1CCNCC1,7.08,5.58,=,=
Clc1ccc(Oc2ccc(Nc3ncnc4[nH]ccc34)cc2)cc1,TTBK1,CC[C@](C)(O)C#Cc1cc2c(ccn2-c2nc(N)ncc2OC)cn1,6.62,7.31,=,=
Cc1ccc2c(Nc3cccc(Cl)c3F)nccc2c1NC(=O)c1csc2c(N)ncnc12,ARAF,Cc1ccc(C(=O)Nc2ccc(Cl)c(C(F)(F)F)c2)cc1NC(=O)C1(c2cc(NCCN3CCCC3)ncn2)CC1,6.82,7.33,=,=
O=C(Cc1csc(NC(=O)CSc2nc3nccnc3c(=O)n2CCc2ccccc2)n1)NCc1ccncc1,PIK3C2A,O=C(CSc1nc2nccnc2c(=O)n1CCC1CCCCC1)Nc1nccs1,6.86,5.72,=,=
CN[C@@H]1C[C@H]2O[C@@](C)([C@@H]1OC)n1c3ccccc3c3c4c(c5c6ccccc6n2c5c31)C(=O)NC4,FLT4,CCCCNC(=O)Nc1ccc(Oc2ncnc3cc(OCCCN4CCCC4)c(OC)cc23)cc1Cl,8.48,9.27,=,=
C[C@@H](NC(=O)c1cnc2ccc(-c3cnn(C)c3)cn12)c1ccc(Cl)cc1,CLK1,COc1ccc(-c2ccnc(NCc3ccc(Cl)c(Cl)c3)n2)cc1,7.96,7.12,=,=
Oc1ccccc1Nc1ncc(C(F)(F)F)c(NC2CC2)n1,ULK1,Nc1ccc(Nc2nc(Nc3cc(C4CC4)[nH]n3)c3ccccc3n2)cc1,6.26,6.8,=,=
C#CCCCn1c(Sc2cc(OC)ccc2C(C)=O)nc2c(N)nccc21,CDC37,C#CCCCn1c(Sc2cc3c(cc2I)OCO3)nc2c(N)nccc21,5.26,6.26,=,=
CN1C(=O)[C@@H](N2CCc3cn(CC4CCS(=O)(=O)CC4)nc3C2=O)COc2ccccc21,TSSK1A,Cc1cccc(Nc2nc(NC3CCCCC3N)cnc2C(N)=O)c1,6.0,7.1,=,=
Cc1cccc(-c2ccc(-c3cc4cnc(Nc5ccc(C)c(O)c5)nc4n(CCCCN)c3=O)c(Cl)c2)n1,STK24,CNc1ncc2cc(-c3ccc(-c4cccc(C)n4)cc3Cl)c(=O)n(CCCCCO)c2n1,7.47,6.5,=,=
O=C(NN=Cc1ccc(O)cc1O)Nc1cccc2nsnc12,MARK2,COc1cccc(C(=O)Nc2cnc3[nH]cc(-c4ccccc4)c3c2)c1,5.6,5.9,=,=
CC(C)(C)c1ccc2nc(-c3n[nH]c4ccccc34)[nH]c2c1,CSNK2A1,CC(C)Nc1ccc2cnn(-c3cncc(-c4csc(C(=O)O)c4)n3)c2c1,5.9,7.58,=,=
CN(C)CCCn1cc(C2=C(c3cn(C)c4ccccc34)C(=O)NC2=O)c2ccccc21,PRKCA,Nc1ncc(-c2cc(N3CCOCC3)ccc2C(F)(F)F)nc1C(=O)Nc1ncccc1N1CCC(N)CC1,7.7,9.89,=,=
COc1cc(N2CCC(N3CCN(C)CC3)CC2)ccc1Nc1ncc(Cl)c(Nc2ccccc2S(=O)(=O)C(C)C)n1,CDC42BPG,CN[C@@H]1C[C@H]2O[C@@](C)([C@@H]1OC)n1c3ccccc3c3c4c(c5c6ccccc6n2c5c31)C(=O)NC4,5.02,9.07,=,=
Cc1nc(COc2ccccc2Cl)sc1-c1ccnc(N)n1,CAMK2G,COC(=O)[C@@]1(O)C[C@H]2O[C@]1(C)n1c3ccccc3c3c4c(c5c6ccccc6n2c5c31)C(=O)NC4,5.2,6.76,=,=
Nc1nc(Nc2ccc(S(N)(=O)=O)cc2)nn1C(=O)c1c(F)cccc1F,PAK6,CC(C)(O)C#Cc1ccc2[nH]c3c(c2c1)-c1nc(N)ncc1CCC3,5.85,7.22,=,=
CCN(CC)CCNC(=O)c1c(C)[nH]c(/C=C2\C(=O)Nc3ccc(F)cc32)c1C,PRKAG1,CO[C@@H](C(=O)N1Cc2[nH]nc(NC(=O)c3ccc(N4CCN(C)CC4)cc3)c2C1)c1ccccc1,5.94,7.1,=,=
CC(C)(CNc1cc(-c2c[nH]c3ncccc23)cc(Cl)n1)CNS(C)(=O)=O,HIPK2,Cc1ccc(Nc2nccc(Nc3ccccc3C(=O)O)n2)cc1F,6.9,8.2,=,=
O=C(c1ccc(-c2cn3c4nc(ncc24)NCCCCCCCC(O)CCCC3)cc1)N1CCOCC1,AXL,CCCCNc1ncc2c(-c3ccc(F)c(F)c3)cn(C3CCC(O)CC3)c2n1,7.19,6.38,=,=
CN[C@@H]1C[C@H]2O[C@@](C)([C@@H]1OC)n1c3ccccc3c3c4c(c5c6ccccc6n2c5c31)C(=O)NC4,RPS6KB2,c1csc(-c2nc3cc4ccccc4cc3nc2-c2cccs2)c1,8.82,5.87,=,=
Cn1cc(Nc2ncc(Br)c(Nc3ccccc3C(N)=O)n2)cn1,STK17A,COc1cc(-c2ccc3c(c2)Nc2ccc(C(=O)NCCNC(C)=O)cc2NC3=O)ccc1O,8.2,7.5,=,=
COC[C@@H]1COc2ccc(-c3nnc(SCc4ccc(-c5ccccc5C#N)cc4)o3)cc2O1,GSK3A,Cc1cc(Nc2nc(Cl)cc(NCc3ccccc3)n2)n[nH]1,6.71,7.3,=,=
O=C(N[C@@H]1C2CC(C3CCCC32)[C@H]1OC(=O)c1cc(O)c(C(=O)c2c(O)cccc2C(=O)O)c(O)c1)c1ccc(O)cc1,PRKCG,O=C(N[C@@H]1CCCC1OC(=O)c1cc(O)c(C(=O)c2c(O)cccc2C(=O)O)c(O)c1)c1ccc(O)cc1,7.3,8.0,=,=
O=C(Nc1c[nH]nc1-c1nc2ccc(CN3CCOCC3)cc2[nH]1)NC1CC1,PRKACG,CN1C(=O)[C@@H](N2CCc3cn(Cc4ccccc4)nc3C2=O)COc2ccccc21,8.52,6.0,=,=
Cc1[nH]c(/C=C2\C(=O)Nc3ccc(F)cc32)c(C)c1C(=O)NC[C@H](O)CN1CCOCC1,STK38,Cc1nc(Nc2n[nH]c3c2CN(C(=O)N[C@H](CN(C)C)c2ccccc2)C3(C)C)c2sccc2n1,6.16,7.12,=,=
COc1cc2nc(-c3cccs3)c(-c3cccs3)nc2cc1OC,RPS6KB2,O=C(O)C1COc2cc3nc(-c4cccs4)c(-c4cccs4)nc3cc2O1,4.79,6.02,=,=
Cc1ccc(Nc2nccc(N(C)c3ccc4c(C)n(C)nc4c3)n2)cc1S(N)(=O)=O,MAP3K1,CN1CCN(C2CCN(C(=O)Nc3cc(Oc4ccc(NC(=O)C5(C(=O)Nc6ccc(F)cc6)CC5)c(F)c4)ccn3)CC2)CC1,5.54,5.96,=,=
CCN(CC)CCNC(=O)c1c(C)[nH]c(/C=C2\C(=O)Nc3ccc(F)cc32)c1C,STK38,COc1cc(Nc2ncc(F)c(Nc3ccc4c(n3)NC(=O)C(C)(C)O4)n2)cc(OC)c1OC,6.39,5.03,=,=
CN(c1ccnc(Nc2ccc(C(=O)O)cc2)n1)C1CCCCC1,JAK3,CCc1cc(O)c(F)cc1-c1ccc2c(-c3nc4c([nH]3)CCN(C(=O)c3ccc(Cl)cn3)CC4)n[nH]c2c1,7.14,8.85,=,=
Cn1c(=O)c(Oc2ccc(F)cc2F)cc2cnc(NC(CCO)CCO)nc21,MAPK11,Cn1c(=O)c(Oc2ccc(F)cc2F)cc2cnc(NC3CCOCC3)nc21,6.92,7.54,=,=
Cc1nc2c(F)cc(-c3nc(Nc4ccc5c(n4)CCN(C[C@H]4CNCCO4)C5)ncc3F)cc2n1C(C)(C)C,CDK4,C[C@H]1CN(c2ccc(Nc3ncc4c5ccncc5n([C@H]5CCC[C@H]5O)c4n3)nc2)CCN1,8.99,7.15,=,=
CCC[C@@H]1CCOc2cc(-c3ccnc(Nc4ccnn4C)c3)cc3nnc1n23,MAPK6,CN1C(=O)C[C@H](Cc2ccc(Cl)cn2)c2nnc3cc(-c4ccnc(Nc5ccnn5C)n4)cc1n23,8.56,7.49,=,=
Oc1ccc(-c2nc(-c3ccc(F)cc3)c(-c3ccncc3)[nH]2)cc1,NTRK3,Nc1ncnc2sccc12,5.6,4.6,=,=
CNc1cc(-c2ccc3nc(Nc4cc(CN5CCN(C(=O)CC(F)(F)F)CC5)ccn4)[nH]c3c2)ncn1,RPS6KA6,Nc1c(C(=O)NCc2ccc(C(=O)NCCCC3CCCCC3)cc2)cnn1-c1ccccc1,6.75,4.85,=,=
CN1CCN(Cc2ccc3c(c2)Cc2c(-c4cncs4)n[nH]c2-3)CC1,KDR,CN(C)CCCO/N=C/c1c(N)ncnc1Oc1ccc(NC(=O)C2(C(=O)Nc3ccc(F)cc3)CC2)cc1F,5.55,6.77,=,=
CC[C@H]1CN(C(c2ccc(F)cc2)c2cccc(C(F)(F)F)n2)[C@H](C)CN1c1nc(=O)n(C)c2ccc(C#N)nc12,DGKA,C[C@@H]1CN(c2nc(=O)n(C)c3ccc(C#N)nc23)[C@@H](C)CN1C(c1ccc(F)cc1)c1nc(C2CC2)no1,5.74,7.15,=,=
COC(=O)c1cc(O)c(O)c(C[C@]2(C)[C@@H](C)CC[C@@]3(C)C(C)=CCC[C@@H]23)c1,AXL,CNS(=O)(=O)c1ccccc1Nc1nc(Nc2cc(N3CCN(C(C)=O)CC3)ccc2OC)ncc1Br,4.88,7.2,=,=
CC(=O)N1CCN(CC(=O)Nc2cc(Nc3nc(-c4cccc(C(F)(F)F)n4)nn4cccc34)ccn2)CC1,TGFBR1,CCC(CC)CN1C(=O)Cc2cc(-c3cncc(-c4ccc(=O)n(C(C)C)c4)c3)ccc21,9.07,5.38,=,=
Cc1n[nH]c2ccc(-c3cncc(OC[C@@H](N)Cc4ccccc4)c3)cc12,CIT,COc1cc(-c2ccnc3[nH]ccc23)ccc1NC(=O)[C@H](N)CC(C)C,7.89,7.4,=,=
CC(C)(C)OC(=O)CN1C(=O)CCc2cc(-c3ccc4nnc(Cc5ccc6ncccc6c5)n4n3)ccc21,MET,COC1OC(=O)c2c(O)c(O)c(O)c(C)c21,8.84,5.01,=,=
COc1ccc2c(NC(=O)Nc3cccc(C(F)(F)F)n3)ccnc2c1,SLK,Nc1ncnc(Nc2cc(CNC(=O)C(F)(F)F)c(O)c(-c3ccc(Cl)cc3)c2)n1,6.4,6.1,=,=
COc1cnccc1Nc1nc(-c2nn(Cc3c(F)cc(OCCO)cc3F)c3ccccc23)ncc1OC,CDC42BPG,C#Cc1cccc(Nc2ncnc3cc(OCCOC)c(OCCOC)cc23)c1,6.07,5.47,=,=
Cc1ccnc2c(-c3ccc(Cl)c4[nH]ncc34)c(N)c(=O)[nH]c12,PKMYT1,Cc1ccc(O)cc1-c1c(N)c(=O)[nH]c2cc(Cl)cnc12,8.72,7.74,=,=
COc1ccc(OC)c(Nc2cc(Nc3ccc(F)cc3)ncn2)c1,ERBB3,CCOc1ccc(Nc2cc(NC(=O)c3ccccc3)ncn2)cc1,6.64,5.92,=,=
O=C(N[C@@H]1CNC[C@H]1NC(=O)c1cc(O)c(C(=O)c2c(O)cccc2C(=O)O)c(O)c1)c1ccc(O)cc1,PRKCE,CC(C)=C1CC(CO)(COC(=O)c2cn(C)c3ccccc23)OC1=O,7.1,6.52,=,=
COC(C(=O)N1Cc2[nH]nc(NC(=O)c3ccc(N4CCN(C)CC4)cc3)c2C1)c1ccccc1,NTRK3,O=c1[nH]c(=O)n(-c2ccc(Oc3ccccc3)c(OCC3COC3)c2)c(=O)n1-c1ccccc1,6.6,6.0,=,=
C[C@]12O[C@H](C[C@]1(O)CO)n1c3ccccc3c3c4c(c5c6ccccc6n2c5c31)CNC4=O,MAST1,CN1C(=O)[C@@H](N2CCc3cn(Cc4ccccc4)nc3C2=O)COc2ccccc21,7.72,6.0,=,=
COc1cccc(C(CN)NC(=O)c2cc(-c3ccc4[nH]nc(C)c4c3)cc3cccnc23)c1,ROCK1,c1cc(-c2c[nH]c3nccc(N4CCC[C@]5(CCCCN5)C4)c23)ncn1,5.85,4.3,=,=
Cc1[nH]c(/C=C2\C(=O)Nc3ccc(F)cc32)c(C)c1C(=O)NC[C@H](O)CN1CCOCC1,SBK1,CN[C@@H]1C[C@H]2O[C@@](C)([C@@H]1OC)n1c3ccccc3c3c4c(c5c6ccccc6n2c5c31)C(=O)NC4,6.21,6.94,=,=
CN1C(=O)[C@@H](N2CCc3c(nn(Cc4ccccc4)c3Br)C2=O)COc2ccccc21,CDK18,COC[C@@H](C)N[C@H]1CC[C@H](Nc2cc(-c3cccc(NCC4(C#N)CCOCC4)n3)c(Cl)cn2)CC1,6.0,5.31,=,=
C#CCCCn1c(Sc2cc3c(cc2Br)OCO3)nc2c(N)nccc21,CDC37,C#CCCCn1c(Sc2cc(OC)ccc2Cl)nc2c(N)nccc21,6.26,5.26,=,=
COc1cc(Nc2ncc(F)c(Nc3ccc4c(n3)NC(=O)C(C)(C)O4)n2)cc(OC)c1OC,ADCK1,O=C(Nc1ccc(-c2ccnc(Nc3ccc(N4CCOCC4)cc3)n2)cc1)C1CCCN1,7.62,6.7,=,=
COc1cc(N2CCC(N3CCN(C)CC3)CC2)ccc1Nc1ncc(Cl)c(Nc2ccccc2S(=O)(=O)C(C)C)n1,STK32A,COc1cc(Nc2c(C#N)cnc3cc(OCCCN4CCN(C)CC4)c(OC)cc23)c(Cl)cc1Cl,7.89,5.75,=,=
Cc1ccc(C(=O)Nc2cccc(C(F)(F)F)c2)cc1Nc1nc(-c2cccnc2)nc2c1cnn2C,ADCK1,Cc1cnc(Nc2ccc(OCCN3CCCC3)cc2)nc1Nc1cccc(S(=O)(=O)NC(C)(C)C)c1,5.63,6.64,=,=
Cc1cn(-c2cc(NC(=O)c3ccc(C)c(Nc4nccc(-c5cccnc5)n4)c3)cc(C(F)(F)F)c2)cn1,TIE1,COc1cc2c(Oc3ccc(Nc4nn(C)cc4C(=O)NC4CCCCC4)cc3F)ccnc2cc1OCCCN1CCOCC1,6.0,9.13,=,=
Nc1ncnc2sc3c(c12)-c1ccc(NC(=O)Nc2ccccc2)cc1CC3,NLK,CNC(=O)c1cc(Oc2ccc(NC(=O)Nc3ccc(Cl)c(C(F)(F)F)c3)cc2)ccn1,6.9,6.19,=,=
CN1C(=O)[C@@H](N2CCc3cn(CC4CCS(=O)(=O)CC4)nc3C2=O)COc2ccccc21,TSSK3,CO[C@@H]1[C@H](N(C)CCOCCOCCOCCNC(=O)CCC2=[N+]3C(=Cc4c(C)cc(C)n4[B-]3(F)F)C=C2)C[C@H]2O[C@]1(C)n1c3ccccc3c3c4c(c5c6ccccc6n2c5c31)C(=O)NC4,6.0,6.48,=,=
COc1cc(-c2cnc(O)c(C(=O)Nc3ccc(CN4CCN(C)CC4)cc3)c2)cc(OC)c1OC,ALK,CN1CCN(c2ccc(-c3ccc4[nH]c5nccc(-c6ccc(Cc7ccccc7)cc6)c5c4c3)cc2)CC1,5.12,7.05,=,=
CN(C(=O)c1ccccc1)c1ccc2c(c1)[nH]/c(=N\C(=O)c1ccc(C=O)s1)n2CCC(N)=O,INSR,Nc1ncnc2c1c(-c1cccc(OCc3ccccc3)c1)cn2C1CCC(N2CCCC2)CC1,7.29,6.9,=,=
C#Cc1cccc(Nc2ncnc3cc(OCCOC)c(OCCOC)cc23)c1,ULK3,COc1cc(N2CCC(N3CCN(C)CC3)CC2)ccc1Nc1ncc(Cl)c(Nc2ccccc2S(=O)(=O)C(C)C)n1,6.04,7.96,=,=
C[C@]12O[C@H](C[C@]1(O)CO)n1c3ccccc3c3c4c(c5c6ccccc6n2c5c31)CNC4=O,STK32A,COc1cc2/c(=N/c3ccc(Br)cc3F)nc[nH]c2cc1OCC1CCN(C)CC1,5.68,5.3,=,=
Cc1n[nH]c2ccc(-c3cncc(OC[C@@H](N)Cc4ccccc4)c3)cc12,CDK15,CCN1CCN(Cc2ccc(NC(=O)Nc3ccc(Oc4cc(NC)ncn4)cc3)cc2C(F)(F)F)CC1,5.68,7.08,=,=
CCN(CC)CCN(C)c1ccc([N+](=O)[O-])cc1S(=O)(=O)N(C)/N=C/c1cnn2ccc(C#N)cc12,PIK3CD,Nc1ncnn2c(-c3cccc(C4(C5CCS(=O)(=O)CC5)COC4)c3)cc(-c3ccnn3C3CCOCC3)c12,7.18,9.4,=,=
C[C@@H]1CN(c2nc(=O)n(C)c3ccc(C#N)nc23)[C@@H](C)CN1C(c1ccc(F)cc1)c1ccc(C(F)(F)F)cn1,DGKA,C[C@@H]1CN(c2c(C#N)c(=O)n(C)c3ccc(C#N)nc23)CCN1C(c1ccccc1)c1ccc(Cl)cc1,6.73,5.89,=,=
Nc1ncnc2occ(-c3ccc(NC(=O)Nc4cccc(C(F)(F)F)c4)cc3)c12,TEK,COc1cc(Nc2nccc(Nc3cnc4ccccc4c3)n2)cc(OC)c1OC,7.99,6.13,=,=
COc1cnc(Nc2cccc(S(N)(=O)=O)c2)nc1N1CCN(c2ccccc2)C(=O)C1,BMPR2,COc1cnc(Nc2cccc(S(N)(=O)=O)c2)nc1N1CCN(c2ccccc2)CC1,6.85,7.4,=,=
CCCc1cn([C@H]2C[C@H](O)[C@@H](CO)O2)c(=O)[nH]c1=O,TK1,Cc1cn(C/C=C\CNC(=O)Cc2ccc(-c3ccccc3)cc2)c(=O)[nH]c1=O,4.7,5.39,=,=
Cc1ccccc1N1C(=O)NCc2nc(Sc3ccc(F)cc3Cl)ccc21,MAPK11,CCc1c(OCc2ccc(F)cc2F)ncn(-c2cc(C(=O)NCCO)ccc2C)c1=O,7.28,8.22,=,=
O=C1CN2C(=NN1)COc1ccccc12,GSK3A,CC(C)(C)c1cc(NC(=O)Nc2ccc(Oc3ccnc(Nc4ccc(SCCO)cc4)n3)c3ccccc23)n(-c2ccc(P(C)(C)=O)cc2)n1,4.3,6.78,=,=
CN1C(=O)[C@@H](N2CCc3cn(CC4CCS(=O)(=O)CC4)nc3C2=O)COc2ccccc21,CDKL1,C[C@]12O[C@H](C[C@]1(O)CO)n1c3ccccc3c3c4c(c5c6ccccc6n2c5c31)CNC4=O,6.0,6.31,=,=
O=C1CN=C(c2ccc(F)cc2)c2cn[nH]c2N1,RET,COc1ccc(C(=O)N2C3CC2CN(c2ccc(-c4cc(OCC(C)(C)O)cn5ncc(C#N)c45)cn2)C3)cn1,4.1,7.23,=,=
CC(Nc1cncc(-n2cnc3ccc(C#N)cc32)n1)c1ccccc1F,PRKACA,O=c1c(NCc2ccc(Cl)cc2Cl)c(Nc2ccc3[nH]ncc3c2)c1=O,6.1,7.8,=,=
N#Cc1ccc(N2CCN(Cc3ccc4c5c(c(=O)[nH]c4c3)CCCN5)CC2)c(Cl)c1,TNK1,N#Cc1nsc(N2CCN(Cc3ccc4c5c(c(=O)[nH]c4c3)CCCN5)CC2)n1,7.5,8.2,=,=
C[C@H](NC(=O)C1CN(c2ncnn3cc(-c4cnn(C)c4)cc23)C1)c1ccc(Cl)cc1,KIT,Cc1ccc(CNC(=O)C2CN(c3ncnn4cc(-c5cccc(OC(C)(C)C)c5)cc34)C2)cc1,7.26,6.26,=,=
C=CC(=O)Nc1cccc(-c2ccc(NC(=O)Nc3ccc(Cl)cc3Cl)cc2)n1,EPHB4,CC(C)n1nc(-c2ccc3nc(Cl)ccc3c2)c2c(N)ncnc21,7.06,5.5,=,=
Cc1sc(C(=O)N[C@@H]2[C@H](N)CCCC2(F)F)cc1-c1cnn2cc(Cl)cnc12,CAMK4,CC(C)(C)c1nc(-c2cccc(NS(=O)(=O)c3c(F)cccc3F)c2F)c(-c2ccnc(N)n2)s1,4.54,5.64,=,=
CC(=O)Nc1cc(NC(C)(C)C(=O)Nc2nc3c(C(F)(F)F)cc4[nH]ncc4c3s2)ccc1Cl,GRK2,O=c1c2cc(-c3cn[nH]c3)cc(F)c2ncn1Cc1ccccc1,8.7,6.33,=,=
COc1ccc(-c2c(C)nc3c(NCCNC(C)=O)cc(Cl)nn23)cc1S(=O)(=O)N1CCOCC1,PI4KA,Nc1nc2ccc(-c3ccccc3)cc2s1,4.32,5.6,=,=
C[C@]12O[C@H](C[C@]1(O)CO)n1c3ccccc3c3c4c(c5c6ccccc6n2c5c31)CNC4=O,STK38,CN[C@@H]1C[C@H]2O[C@@](C)([C@@H]1OC)n1c3ccccc3c3c4c(c5c6ccccc6n2c5c31)C(=O)NC4,6.66,8.68,=,=
CNC(=O)c1ccccc1Nc1nc(Nc2ccc(N3CCOCC3)cc2OC)ncc1Cl,PRKD2,COc1nccn2c(-c3ccnc(NCC(C)(C)CO)n3)c(-c3ccc(F)cc3)nc12,6.0,5.2,=,=
CN(C)C/C=C/C(=O)Nc1cc2c(Nc3ccc(F)c(Cl)c3)ncnc2cc1O[C@H]1CCOC1,SBK1,COc1cc(N2CCC(N3CCN(C)CC3)CC2)ccc1Nc1ncc(Cl)c(Nc2ccccc2S(=O)(=O)C(C)C)n1,5.32,7.68,=,=
Cc1n[nH]c2cnc(-c3cncc(OCC(N)Cc4cccc(C(F)(F)F)c4)c3)cc12,CDK8,O=C(CCc1cccc(-c2cnc3[nH]ccc3c2)c1)Nc1cc(F)cc(F)c1,7.9,6.36,=,=
COc1cnc(CCc2ccc(F)cc2)nc1-c1cc2c([nH]1)CCNC2=O,CSNK1G2,Cc1n[nH]c2sc(C(=O)NCCc3ccc(Cl)cc3)cc12,7.77,6.1,=,=
O=C(N[C@H](CO)c1ccccc1)c1ccc2nc(N[C@H]3CC[C@H](O)CC3)c3nccn3c2c1,MAST3,CN1C(=O)[C@@H](N2CCc3cn(Cc4ccccc4)nc3C2=O)COc2ccccc21,6.54,6.0,=,=
CN(C)CC(=O)N1CCC(c2ccc(NC(=O)c3nc(C#N)c[nH]3)c(C3=CCCCC3)c2)CC1.Cl,RIOK1,CCN(CC)CCNC(=O)c1c(C)[nH]c(/C=C2\C(=O)Nc3ccc(F)cc32)c1C,5.64,7.46,=,=
COC[C@@H]1COc2ccc(-c3nnc(SCc4ccc(-c5ccccc5C#N)cc4)o3)cc2O1,GSK3A,C#Cc1cc(Nc2cc(Oc3ccc(NC(=O)Nc4cc(C(C)(C)C)cc(NS(C)(=O)=O)c4OC)c4ccccc34)ccn2)cc(C(=O)NCCCN2CCOCC2)c1,6.71,5.16,=,=
COc1cc2c(Nc3ccc(Cc4ccccn4)cc3)c(C#N)cnc2cc1OCCCN1CCOCC1,MAP2K1,O=C(CCCONC(=O)c1ccc(F)c(F)c1Nc1ccc(I)cc1F)NO,7.45,7.0,=,=
Cc1[nH]c(/C=C2\C(=O)Nc3ccc(C(=O)N[C@H](C)c4ccc(F)cc4)cc32)c(C)c1NC(=O)c1ccc(F)nc1,GRK5,Nc1n[nH]c2cccc(-c3ccc(F)cc3)c12,5.77,4.5,=,=
COc1cc(Nc2c(C#N)cnc3cc(OCCCN4CCN(C)CC4)c(OC)cc23)c(Cl)cc1Cl,DDR2,C[C@H]1CN(c2cncnc2)Cc2cc(C(=O)Nc3cc(CN4CCN(C)CC4)cc(C(F)(F)F)c3)ccc21,6.85,6.29,=,=
CCCCCCCCCCCCCCCC[n+]1ccn(Cc2ccccc2)c1C.[I-],EEF2K,CC1(C)CCc2c1nc1sc(C(N)=O)c(N)c1c2-c1cncs1,7.22,6.4,=,=
Cc1nc2ccc(NS(=O)(=O)c3ccc(N)cc3)cc2nc1C,MINK1,Cc1ccc(-n2nc(C(C)(C)C)cc2NC(=O)Nc2ccc(OCCN3CCOCC3)c3ccccc23)cc1,5.6,6.96,=,=
CC(=O)c1c(C)c2cnc(Nc3ccc(C4CCNCC4)cn3)nc2n(C2CCCC2)c1=O,CDK4,CC(C)N1CCOc2c(F)cc(-c3nc(Nc4ccc(N5CCC(N(C)C)CC5)cn4)ncc3F)cc21,7.92,8.82,=,=
C=CC(=O)N1CC[C@]2(C1)C[C@H](n1c(NC(=O)c3ccc(-c4cnco4)s3)nc3ccccc31)C2,TEC,C=CC(=O)N1CCC(C2CCNc3c(C(N)=O)c(-c4cc(OC)c5c(C)csc5c4)nn32)CC1,9.21,7.66,=,=
O=C(O)c1c2c(nc3ccccc13)C(=C1CCCC1)CC2,SRPK1,CN(c1ncccc1Cn1ccc2cnc(-c3nc4cc(Cl)ccc4[nH]3)nc21)S(C)(=O)=O,6.5,7.82,=,=
Cc1ccc2c(-c3cnn4cc(-c5ccc(O[C@H]6CCNC6)cn5)cnc34)cccc2n1,ACVRL1,Nc1ncnn2c(CN3CCCC(O)C3)cc(-c3cc(F)c(CO)c(F)c3)c12,6.27,7.16,=,=
Cc1cc(N=S(C)(C)=O)cc2ncnc(Nc3ccc(Cl)cc3O[C@H](C)C(=O)NCC(F)F)c12,MKNK2,O=C1NC2(CCCCC2)n2c1c(Cl)cc(Nc1nncs1)c2=O,8.7,7.26,=,=
CO[C@@H]1[C@H](N(C)C(=O)c2ccccc2)C[C@H]2O[C@]1(C)n1c3ccccc3c3c4c(c5c6ccccc6n2c5c31)C(=O)NC4,MAP3K3,CC(C)n1nc(-c2cc3cc(O)ccc3[nH]2)c2c(N)ncnc21,6.68,6.19,=,=
Cc1cc(Nc2cc(N3CCN(C)CC3)nc(Sc3ccc(NC(=O)C4CC4)cc3)n2)n[nH]1,INSR,CC(=O)NCC(=O)N1C2CCC1c1cc(Nc3ncc(C(F)(F)F)c(NC4CCC4)n3)ccc12,6.2,7.6,=,=
Cc1ccc(C(=O)Nc2ccc(Oc3cc4cnn(C)c4cc3-c3cn[nH]c3)c(F)c2)c(=O)n1-c1ccc(F)cc1,MKNK1,COc1cccc(-n2cc(-c3ccnc(NCCc4c[nH]cn4)n3)cn2)c1,7.52,5.16,=,=
Cc1cc2c(F)c(Oc3ncnn4cc(OC[C@@H](C)O)c(C)c34)ccc2[nH]1,EPHB6,CNC(=O)c1ccccc1Sc1ccc2c(/C=C/c3ccccn3)n[nH]c2c1,5.85,6.44,=,=
COc1ccc2c(NC(=O)Nc3cccc(Br)n3)ccnc2c1,HIPK2,O=C1NC(=S)SC1=C1C(=O)Nc2ccc(Br)cc21,8.2,5.8,=,=
Cc1n[nH]c2ccc(-c3cncc(OC[C@@H](N)Cc4ccccc4)c3)cc12,PRKACB,CCN1CCN(Cc2ccc(NC(=O)Nc3ccc(Oc4cc(NC)ncn4)cc3)cc2C(F)(F)F)CC1,7.05,6.58,=,=
CN1CCC(NC(=O)c2cnc(Nc3cc(Cl)cc(Cl)c3)nc2N[C@@H]2COC[C@H]2O)CC1,NEK2,C#Cc1nc(Nc2ccc3c(c2)CC(=O)N3)nc2[nH]cnc12,4.52,7.0,=,=
CN(C)CC(=O)N1CCC(c2ccc(NC(=O)c3nc(C#N)c[nH]3)c(C3=CCCCC3)c2)CC1.Cl,PIP4K2B,O=C(c1ccc(/C=C/c2n[nH]c3ccccc23)cc1)N1CCNCC1,5.43,7.03,=,=
OC1CCC(Nc2cc(Cl)nc(-c3c[nH]c4ncccc34)n2)CC1,MAP3K10,CN(c1ncccc1CNc1nc(Nc2ccc3c(c2)CC(=O)N3)ncc1C(F)(F)F)S(C)(=O)=O,7.1,6.7,=,=
CCN(CC)CCNC(=O)c1c(C)[nH]c(/C=C2\C(=O)Nc3ccc(F)cc32)c1C,DSTYK,CC(C)(C)c1nc(-c2cccc(NS(=O)(=O)c3c(F)cccc3F)c2F)c(-c2ccnc(N)n2)s1,5.89,4.53,=,=
COc1cc2nccc(Oc3ccc4c(C(=O)Nc5ccc(Cl)cc5)cccc4c3)c2cc1OC,FLT1,COC(=O)c1cc2c(cc1C)/C(=C(/Nc1ccc(C(=O)N(C)[C@H]3CN(C)C[C@@H]3O)cc1)c1ccccc1)C(=O)N2,9.3,7.28,=,=
O=C(N[C@@H]1CNCCC[C@H]1OC(=O)c1cc(O)c(C(=O)c2c(O)cccc2C(=O)O)c(O)c1)c1ccc(O)cc1,GRK1,CCCn1c(CNc2cccc(C(=O)NCc3c(F)cccc3F)c2)nnc1-c1ccncn1,6.47,5.05,=,=
CNC(=O)c1cc(-n2ncc3cc(Nc4c(F)cccc4Cl)cnc32)cs1,MAPK9,O=C(Nc1cnn(-c2cccnc2)c1)Nc1cccc2ccccc12,7.28,5.56,=,=
CCc1ccc2c(c1)c(=O)c(C(=O)Nc1ccc(Oc3ncnc4cc(OC)c(OC)cc34)c(F)c1)c(C)n2C,CDK11B,Nc1nc(Nc2ccc(S(N)(=O)=O)cc2)nn1C(=O)c1c(F)cccc1F,6.33,6.82,=,=
Cc1cc(OC2CCCC2)c(NC(=O)Nc2cnc(C#N)cn2)cc1Cl,SRPK1,O=C(Nc1cc(C(F)(F)F)ccc1N1CCN(Cc2cnoc2)CC1)c1ccccn1,5.4,8.06,=,=
O=C(Nc1ccc(Oc2ccc3ccccc3c2Br)c(Cl)c1)c1cc([N+](=O)[O-])ccc1O,STK39,Cc1[nH]c(/C=C2\C(=O)Nc3ccc(F)cc32)c(C)c1C(=O)NC[C@H](O)CN1CCOCC1,6.96,6.37,=,=
C=CC(=O)N1CCC=C(c2ccc(C(C)C(=O)Nc3cc(C4CC4)[nH]n3)cn2)C1,CDK13,CCN1CCN(Cc2ccc(NC(=O)Nc3ccc(Oc4cc(NC)ncn4)cc3)cc2C(F)(F)F)CC1,8.22,9.03,=,=
C[C@H]1CN(C(=O)c2cc(-c3ccccc3)nn2C)Cc2cnc([C@@](C)(O)C(F)(F)F)n21,PDK1,CC(=O)Nc1ccc(-c2ccc(N(Cc3ccsc3)C(=O)c3ccc(O)cc3O)cc2)c(C)c1,8.52,6.0,=,=
Cc1cc(C(=O)Nc2cccc(C(C)Nc3ncnc4c(C(N)=O)cccc34)c2)c(C(F)(F)F)o1,AURKA,COc1ccc(Nc2nccc(Nc3ccccc3C(=O)O)n2)cc1O,8.8,7.7,=,=
COC(=O)c1ccc(NC(=O)C2=C(C)NC(Nc3nc4ccccc4o3)=NC2c2ccccc2Cl)cn1,GALK1,CC1=C(C(=O)NCc2cnn(C)c2)C(c2ccc(C)cc2Cl)N=C(Nc2nc3cccnc3o2)N1,5.21,4.76,=,=
Cc1cc(-c2cc(OC(=O)c3ccccc3)ccc2Cl)cc2nnc(Nc3ccc(OCCN4CCCC4)cc3)nc12,EPHB2,Cc1ccc(NC(=O)c2cccc(C(F)(F)F)c2)cc1C#Cc1nn(C2CCN(C)CC2)c2ncnc(N)c12,5.89,8.0,=,=
CCOC(=O)N1CCN(C(=O)Cn2sc3nc(C)cc(C)c3c2=O)CC1,DTYMK,Cc1cn([C@H]2CCCN([C@H](CC(C)(C)C)c3ccc(C(=O)O)c(Oc4cccc(Br)c4)c3)C2)c(=O)[nH]c1=O,5.78,4.21,=,=
CC(C)(C)c1nc(-c2cccc(NS(=O)(=O)c3c(F)cccc3F)c2F)c(-c2ccnc(N)n2)s1,ERN2,CN[C@@H]1C[C@H]2O[C@@](C)([C@@H]1OC)n1c3ccccc3c3c4c(c5c6ccccc6n2c5c31)C(=O)NC4,6.94,7.66,=,=
CC1(C)c2cc(N3CCN(C(=O)C4CC4)CC3)ccc2C(=O)c2c1[nH]c1cc(C#N)ccc21,ALK,O=C(O)c1ccccc1Nc1ccnc(Nc2cccc(O)c2)n1,8.38,6.4,=,=
Cc1cc(-c2cnn3cc(-c4ccc(N5[C@H](C)CNC[C@@H]5C)cc4)cnc23)c2ccccc2n1,BMPR1B,COc1cc(N2CCC(N3CCN(C)CC3)CC2)ccc1Nc1ncnc(Nc2ccccc2S(=O)(=O)C(C)C)n1,7.66,5.74,=,=
Cc1ccc(C(=O)Nc2cccc(C(F)(F)F)c2)cc1Nc1nc(-c2cccnc2)nc2nn(C)cc12,PKN3,Nc1ncnc2c1c(-c1cccc(OCc3ccccc3)c1)cn2[C@H]1C[C@H](N2CCC2)C1,5.76,7.64,=,=
N#Cc1c[nH]c2nc(N)nc(-c3cccc(CO)c3)c12,CHUK,NS(=O)(=O)c1ccc(-c2ncnc3[nH]ccc23)cc1,5.01,5.82,=,=
O=C(O)CC(NC(=O)c1ccc(F)cc1)c1ccccc1F,EEF2K,CC1(C)CCc2c1nc1sc(C(N)=O)c(N)c1c2-c1cncs1,4.43,6.4,=,=
C#CCCCn1c(Sc2cc3c(cc2Br)OCO3)nc2c(N)nccc21,CDC37,C#CCCCn1c(Sc2cc(OC)ccc2I)nc2c(N)nccc21,6.26,5.26,=,=
CCC(N1C[C@H](C)N(c2nc(=O)n(C)c3ccc(C#N)nc23)C[C@H]1C)C12CC(C(F)(F)F)(C1)C2,DGKZ,CCC(c1ccc(C2CC2)cc1)N1C[C@H](CC)N(c2nc(=O)n(C)c3ccc(C#N)nc23)C[C@H]1CC,5.29,6.97,=,=
CSc1nc(N2CCCCC2)c2cnn(CC(Br)c3ccccc3)c2n1,ABL1,COc1ccccc1-c1ccc2nc(NC(=O)NCCCO)sc2c1,6.06,9.8,=,=
COC(=O)c1c(CNC(=O)c2cccnc2)c(=O)c2ccc(Cl)cc2n1-c1ccccc1,MAPK8,O=C(Nc1ccccc1Cl)N1CCN(C(=O)c2ccc(CNc3n[nH]c4ccccc34)cc2)CC1,7.89,5.11,=,=
COc1cc(N2CCOCC2)ccc1Nc1ncc2cc(-c3ccc(-c4cccc(C)n4)cc3Cl)c(=O)n(CCCCN)c2n1,STK24,CN1C(=O)[C@@H](N2CCc3cn(Cc4ccccc4)nc3C2=O)COc2ccccc21,6.94,6.0,=,=
C[C@]12O[C@H](C[C@]1(O)CO)n1c3ccccc3c3c4c(c5c6ccccc6n2c5c31)CNC4=O,CDC42BPG,Oc1ccc(-c2nc(-c3ccc(F)cc3)c(-c3ccncc3)[nH]2)cc1,5.6,6.19,=,=
COc1cc(Nc2nc(NCC(=O)OC(C)(C)C)n3cnnc3c2C(N)=O)cc(OC)c1,ZAP70,Cc1c(CCC(=O)O)c[nH]c1/C=C1\C(=O)Nc2ccccc21,5.05,4.6,=,=
CC(=O)c1nc(C2CC2)n2cc(-c3nc(Nc4ccc(N5CCNCC5)cn4)ncc3F)cc(F)c12,CDK6,O[C@H]1CCN(C2CCN(c3ccc(Nc4ncc5c6ccncc6n(C6CCCC6)c5n4)nn3)CC2)C1,7.22,7.8,=,=
CNS(=O)(=O)c1ccccc1Nc1nc(Nc2cc(OC)c(OC)c(OC)c2)ncc1Cl,TSSK2,NC(=O)c1cnc(N[C@H]2CC[C@H](N)CC2)c2nc(-c3ccc(Cl)cc3)cn12,7.0,4.92,=,=
CCN(CCN)c1ccc(Nc2cc(NC3CC3)n3ncc(C#N)c3n2)cc1-n1cnnc1,PHKG1,Cc1cc(Nc2cc(N3CCN(C)CC3)nc(Sc3ccc(NC(=O)C4CC4)cc3)n2)n[nH]1,5.2,5.66,=,=
Nc1ncnn2c(-c3ccc4cnn(C5CCOCC5)c4c3)cc(-c3cnnn3C3CCCCC3)c12,PIK3CD,C[C@H](Nc1nc(N)nc(N)c1C#N)c1cc2ccc(F)cn2c(=O)c1-c1ccccc1,8.15,8.83,=,=
COc1cc2ncn(-c3cc(OCc4ccccc4C(F)(F)F)c(C(=O)O)s3)c2cc1OC,TSSK1A,N#CCOc1ccc(Nc2nc(Nc3cccc(S(N)(=O)=O)c3)ncc2Br)cc1,5.9,7.5,=,=
c1cc2c3cnc(Nc4ccc(N5CCNCC5)cn4)nc3n(C3CCC3)c2cn1,CDK6,COc1ccc(NC(=S)NC(=O)c2cn(-c3ccccc3)nc2-c2ccc(F)cc2)cc1,8.21,7.48,=,=
N#CCc1cnc(-c2ccc3ccccc3c2)n1-c1ccnc(N[C@H]2CCCN(C(=O)C3CC3)C2)n1,MAPK9,O=C(Nc1cnn(-c2cccc(NCC3CC3)c2)c1)Nc1cccc2ccccc12,6.84,6.14,=,=
O=c1ncn2nc(Sc3ccc(F)cc3F)ccc2c1-c1c(Cl)cccc1Cl,EPHB1,CN(C)CC(=O)N1CCC(c2ccc(NC(=O)c3nc(C#N)c[nH]3)c(C3=CCCCC3)c2)CC1.Cl,5.5,5.82,=,=
Cc1n[nH]c2ccc(-c3cncc(OCC(N)Cc4ccccc4)c3)cc12,MAPK13,Cn1cc(-c2cnc3c(-c4csc(C(=O)NCC(F)(F)F)c4)cnn3c2)cn1,5.3,5.66,=,=
COc1cc(N2CCC(O)CC2)ccc1Nc1ncc2c(n1)N(C)c1ccccc1C(=O)N2C,MAPK7,COc1cc2ncnc(C3CCN(C(=O)c4ccc(C(C)(C)C)cc4)CC3)c2cc1OC,6.62,5.39,=,=
[C-]#[N+]c1cnc2c(Nc3nc(C)n(C)n3)nc(Nc3ccc4c(c3)c(C#N)nn4C)nn12,CSNK2A1,CC(C)Cc1ccc(S(=O)(=O)NCCN2CCC(Cn3cc(-c4c[nH]c5ccc(F)cc45)nn3)CC2)cc1,9.89,6.29,=,=
Nc1nc(N)c2nc(-c3cccc(O)c3)c(-c3cccc(O)c3)nc2n1,OXSR1,CN1C(=O)[C@@H](N2CCc3c(nn(Cc4ccccc4)c3Br)C2=O)COc2ccccc21,5.6,6.0,=,=
Cc1cc(-c2ncnc3[nH]ccc23)ccc1F,RPS6KA3,CN(C(=O)C1CCCCC1)c1ccc2c(c1)nc(NC(=O)c1ccc(C#N)cc1)n2C,5.4,6.4,=,=
N[C@H](CNc1nc(-c2ccncc2F)nc2c(-c3ccsc3)csc12)Cc1ccccc1,PRKCI,c1cc(-c2nc(N3CCCNCC3)c3c4c(sc3n2)CCCCC4)ccn1,6.0,7.0,=,=
Cc1c(Nc2c(C#N)cncc2-c2coc(CN3CCN(C4CCCC4)CC3)c2)ccc2[nH]ccc12,PRKCD,Nc1ncnc(Nc2cc(CNC(=O)C(F)(F)F)c(O)c(-c3ccc(Cl)cc3)c2)n1,7.75,5.1,=,=
O=C(NC1CCNCC1)c1n[nH]cc1NC(=O)c1c(Cl)cccc1Cl,CDKL5,CNC(=O)c1ccc(-c2cnc3ncc(Cc4ccc5ncccc5c4)n3n2)cc1F,8.59,5.69,=,=
Cc1cccc(C=NNc2cc(N3CCOCC3)nc(OCCc3ccccn3)n2)c1,TYK2,Cc1cc(-c2cc3ncccc3c(-c3ccn(C4(CC#N)CN(S(C)(=O)=O)C4)n3)n2)cnc1N,5.9,6.31,=,=
O=S(=O)(c1cccc2cnccc12)N1CCCNCC1,LATS1,CC(C)(CS(C)(=O)=O)Nc1nc(-c2ccncc2)nc2cnccc12,5.38,7.44,=,=
Nc1ncc(-c2cnc(C3CCNCC3)s2)cc1OC1CCCCC1,MAP4K3,Nc1ncc(-c2cnn(C3CCNCC3)c2)c2cc(-c3c(Cl)ccc(F)c3Cl)oc12,6.19,7.11,=,=
CN1CC[C@H](c2c(OP(=O)(O)O)cc(O)c3c(=O)cc(-c4ccccc4Cl)oc23)[C@H](O)C1,CDK12,CCn1cnc2c(NCc3nc4ccc(F)c(F)c4[nH]3)nc(N3CCCC[C@H]3CCO)nc21,8.0,6.99,=,=
Cc1cn([C@H]2C[C@H](O)[C@@H](COP(=O)(O)OP(=O)(O)OP(=O)(O)OP(=O)(O)OP(=O)(O)OC[C@H]3O[C@@H](n4cnc5c(N)ncnc54)[C@H](O)[C@@H]3O)O2)c(=O)[nH]c1=O,DTYMK,O=C(O)CCCCCc1ccc(Cn2cc(Br)c(=O)[nH]c2=O)cc1,5.1,4.04,=,=
NS(=O)(=O)c1ccc(NC(=S)NC(=O)c2ccccc2)c(I)c1,PLK1,C=CCn1c(=O)c2cnc(Nc3ccc4c(c3)CN(C)CC43CC3)nc2n1-c1ccccn1,5.25,6.02,=,=
CC[C@@](C)(N)c1ccnc(Nc2cc3cc(-c4cnnn4C)nc(N)c3cn2)c1,MASTL,CN1C(=O)[C@@H](N2CCc3cn(Cc4ccccc4)nc3C2=O)COc2ccccc21,9.42,6.0,=,=
O=C(c1ccc(/C=C/c2n[nH]c3ccccc23)cc1)N1CCNCC1,BRSK2,COc1cc(S(C)(=O)=O)ccc1Nc1nc2ccc(-c3ccc(NC(=O)[C@H](C)c4ccc(F)cc4)cc3)cn2n1,5.92,4.4,=,=
Cc1ccc(O)c(C)c1-n1c(N)c(C(N)=O)c2nc(N3CCOCC3)cnc21,PKMYT1,Cc1ccc(O)c(C)c1-n1c(N)c(C(N)=O)c2nc(C)c(C)nc21,7.6,8.3,=,=
COc1cc(Nc2ccnc3ccc(C(F)(F)F)cc23)cc(OC)c1OC,NLK,Nc1ncnc2sc3c(c12)-c1ccc(NC(=O)Nc2ccccc2)cc1CC3,6.13,6.9,=,=
CCCCCc1ccc(C(=O)NCC(=O)NC2CCCc3ccccc32)cc1,TAOK3,CC[C@@](C)(Nc1ccnc(-c2c[nH]c3ncccc23)n1)C(=O)NCC(F)(F)F,7.3,5.1,=,=
Cn1cc(C2=C(c3cnc4ccccn34)C(=O)NC2=O)c2cc3c(cc21)OCO3,GSK3B,CC(C)CN1CCC(F)(C(=O)Nc2cc3cc(-c4cnn5c4CN(CCF)CC5)ccc3cn2)CC1,8.28,6.08,=,=
CO[C@@H]1[C@H](N(C)C(=O)c2ccccc2)C[C@H]2O[C@]1(C)n1c3ccccc3c3c4c(c5c6ccccc6n2c5c31)C(=O)NC4,MAP2K3,CCN(CC)CCNC(=O)c1c(C)[nH]c(/C=C2\C(=O)Nc3ccc(F)cc32)c1C,5.28,5.77,=,=
CN[C@@H]1C[C@H]2O[C@@](C)([C@@H]1OC)n1c3ccccc3c3c4c(c5c6ccccc6n2c5c31)C(=O)NC4,STK36,COc1cc2c(-c3cnc(-c4ccc[nH]4)o3)c[nH]c2cc1Br,5.17,5.57,=,=
Cn1cc(-c2cnc(N)c3c(-c4ccc(NC(=O)Nc5ccc(OC(F)F)cc5)cc4)csc23)cn1,PAK4,COc1ccc(NC(=O)c2ccc(-c3nc4ccc(-c5ccc(N6CCN(C)CC6)cc5)cc4[nH]3)cc2)cc1,5.5,7.51,=,=
COc1ccc(Oc2cc(NCC3CCOCC3)c3ncn(-c4ccc(C(=O)NC5CC5)c(C)c4)c3c2)cc1SC,TTK,COc1cc(-c2cnn(C)c2)ccc1Nc1ncc2cc(C)nc(NCC(C)(C)C)c2n1,8.17,7.54,=,=
CC(C)C[C@H]1CN(c2ccc(C(F)(F)F)c(C(=O)c3cccnc3N)n2)CCN1,PRKCD,Cc1c(Nc2c(C#N)cnc3sc(CCC(=O)N4CCCC4)cc23)ccc2[nH]ccc12,7.43,5.75,=,=
CC(C)n1nc(-c2cc3cc(O)ccc3[nH]2)c2c(N)ncnc21,PHKG2,CO[C@@H](C(=O)N1Cc2[nH]nc(NC(=O)c3ccc(N4CCN(C)CC4)cc3)c2C1)c1ccccc1,6.12,5.12,=,=
O=c1[nH]ccc2cc(OC3CCNCC3)ccc12,BMP2K,O=C(Nc1n[nH]c2cc(-c3cccc(NS(=O)(=O)Cc4ccccc4F)c3)ccc12)C1CC1,7.89,6.54,=,=
Cc1ccc(C)c(NC2=N/C(=C\c3ccc4c(c3)OCO4)C(=O)N2)c1,DYRK1B,O=C(c1ccc(O)cc1)c1cc2cc(O)ccc2o1,7.04,5.89,=,=
COc1cc2c(-c3cnc(-c4ccc[nH]4)o3)c[nH]c2cc1Br,MAPK15,Cc1ccc(C(=O)Nc2cccc(C(F)(F)F)c2)cc1Nc1nc(-c2cccnc2)nc2nn(C)cc12,6.0,7.74,=,=
COc1cc2ncc3c(N)nc(-c4cncc(OC[C@@H](N)Cc5c[nH]c6ccccc56)c4)cc3c2cc1OC,PDPK1,COc1ccc(N(C[C@H](O)CO)c2cc(-c3c[nH]c4ncc(-c5cnn(C)c5)cc34)nc(N)n2)cc1,8.22,7.62,=,=
COc1cc(N2CCC(N3CCN(C)CC3)CC2)ccc1Nc1ncc(Cl)c(Nc2ccccc2S(=O)(=O)C(C)C)n1,CDK15,CC(C)(C)c1cnc(CSc2cnc(NC(=O)C3CCNCC3)s2)o1,5.68,6.13,=,=
CCCS(=O)(=O)Nc1ccc(F)c(C(=O)c2c[nH]c3ncc(Cl)cc23)c1F,MYLK4,COC(=O)c1ccc2c(c1)NC(=O)/C2=C(\Nc1ccc(N(C)C(=O)CN2CCN(C)CC2)cc1)c1ccccc1,5.47,6.36,=,=
CN1C(=O)c2sccc2N(C)c2nc(Nc3ccc(S(N)(=O)=O)cc3)ncc21,DCLK1,Cc1c(-c2cccc(OCc3ccccc3)c2)c2c(N)ncnc2n1C1CC(CN2CCCC2)C1,7.57,5.1,=,=
c1cc(-c2c[nH]c3nccc(N4CC[C@@]5(CCCCN5)C4)c23)ncn1,CDC42BPB,c1c[nH]c(-c2c[nH]c3nccc(N4CC[C@@]5(CCCN5)C4)c23)n1,10.19,9.52,=,=
Clc1ncc(Cl)c(-n2ccc3ncccc32)n1,RPS6KA5,O=C(c1ccc(/C=C/c2n[nH]c3ccccc23)cc1)N1CCNCC1,6.4,5.72,=,=
Oc1ccc(-c2nc(-c3ccc(F)cc3)c(-c3ccncc3)[nH]2)cc1,STK32B,CSc1cccc(Nc2ncc3cc(-c4c(Cl)cccc4Cl)c(=O)n(C)c3n2)c1,5.31,5.92,=,=
C=CC(=O)N1CC[C@]2(C1)C[C@H](n1c(NC(=O)c3ccc(-c4cncnc4C)s3)nc3ccccc31)C2,TXK,C=CC(=O)N1CC[C@]2(C1)C[C@H](n1c(NC(=O)c3ccc(NC(=O)c4cccnc4)s3)nc3ccccc31)C2,9.0,7.19,=,=
O=C(Nc1ccc(Oc2cccc(O)c2)c(Cl)c1)c1cc(Cl)cc(Cl)c1O,STK39,O=C(Nc1ccc(Oc2cc(O)cc(O)c2)c(Cl)c1)c1cc(Cl)cc(Cl)c1O,5.46,6.19,=,=
CCOc1cc2ncnc(NCc3ccc(NC(=O)Nc4ccccc4)cc3)c2cc1F,AURKA,Nc1nccc(-c2ccccc2)n1,8.1,4.8,=,=
Nc1nc(Nc2ccc(S(N)(=O)=O)cc2)nn1C(=O)c1c(F)cccc1F,DCLK3,COc1cc2c(-c3cnc(-c4ccc[nH]4)o3)c[nH]c2cc1Br,5.19,5.75,=,=
CCN1CCN(Cc2ccc(NC(=O)Nc3ccc(Oc4cc(NC)ncn4)cc3)cc2C(F)(F)F)CC1,TIE1,CO[C@@H]1[C@H](N(C)C(=O)c2ccccc2)C[C@H]2O[C@]1(C)n1c3ccccc3c3c4c(c5c6ccccc6n2c5c31)C(=O)NC4,9.54,5.85,=,=
Cc1n[nH]c2ccc(-c3cncc(OCC(N)Cc4ccc(Cl)c(Cl)c4)c3)cc12,PRKG2,NC(=O)Cn1cc(-c2cc(-c3cc4ccccc4s3)c3[nH]ncc3c2)c2nc(N)ncc21,8.1,6.1,=,=
O=C(CCc1cccc(-c2cnc3[nH]ccc3c2)c1)Nc1cc(F)cc(F)c1,CDK8,Cn1cc(-c2ccc(-c3cncc4ccc(N5CCCS5(=O)=O)cc34)cc2)cn1,6.36,7.06,=,=
Cn1c(=O)c(Oc2ccc(F)cc2F)cc2cnc(NC3CCOCC3)nc21,MAPK11,NCCCN(c1ccc(=O)n(-c2ccccc2Cl)n1)c1ccccc1Cl,7.54,6.68,=,=
CCN1CCN(Cc2ccc(NC(=O)Nc3ccc(Oc4cc(NC)ncn4)cc3)cc2C(F)(F)F)CC1,STK38L,C[C@]12O[C@H](C[C@]1(O)CO)n1c3ccccc3c3c4c(c5c6ccccc6n2c5c31)CNC4=O,5.68,6.43,=,=
COc1cnc(Nc2cccc(S(N)(=O)=O)c2)nc1N1CCN(c2ccccn2)CC1,BMPR2,c1cc(-c2cnn3cc(-c4ccc(OCCN5CCCCC5)cc4)cnc23)ccn1,7.8,7.13,=,=
CC(O)(CO)c1cc(Nc2nn([C@H]3CCCC[C@@H]3C#N)c3cc[nH]c(=O)c23)ccc1S(C)(=O)=O,JAK1,O=C1COc2ccc(NC[C@H]3CC[C@H](c4nnn5cnc6[nH]ccc6c45)CC3)cc2N1,6.6,8.46,=,=
Cc1ccc(-c2nnc(SCC(=O)O)[nH]2)c(O)c1,GRK6,COc1cc(-c2nnc(SCC(=O)O)[nH]2)cc([N+](=O)[O-])c1O,5.16,4.8,=,=
CCNc1nc2cc(C#CCCO)c(Cl)cc2nc1Cl,PGK1,CCNc1nc2cc(Cl)c(C#CCCN3C(=O)c4ccccc4C3=O)cc2nc1NCC,7.39,5.5,=,=
O=C1c2cnc(Nc3ccc4c(c3)NCCN4)nc2OCN1c1c(Cl)cccc1Cl,WEE1,C=CCn1c(=O)c2cnc(Nc3ccc(N4CCN(CCO)CC4)cc3)nc2n1-c1cccc(-c2cnccn2)n1,6.73,8.54,=,=
CN1C(=O)[C@@H](N2CCc3cn(CC4CCS(=O)(=O)CC4)nc3C2=O)COc2ccccc21,TLK1,O=C(c1ccc(/C=C/c2n[nH]c3ccccc23)cc1)N1CCNCC1,6.0,5.57,=,=
CCOc1cc2ncc(C#N)c(Nc3ccc(F)c(Cl)c3)c2cc1NC(=O)/C=C/CN(C)C,CSK,COCC(=O)N1CCO[C@@H](c2nc(-c3ccc(C(=O)Nc4cc(C(F)(F)F)ccn4)cc3F)c3c(N)nccn23)C1,5.55,6.2,=,=
CCc1ncnc(-c2ccc(C(=O)NC3CCCN(C)C3)c(F)c2)c1C#Cc1ccc(N)nc1,MTOR,Nc1ncc(-c2cc(N3CCOCC3)nc(N3C(=O)O[C@@H]4COC[C@@H]43)n2)c(C(F)(F)F)n1,7.51,5.7,=,=
Cn1cc(-c2cnn3c(N)c(Br)c([C@@H]4CCCNC4)nc23)cn1,MAP2K5,Cn1cc(NC(=O)c2cc(C(=O)c3c(Cl)ccc(Cl)c3F)c[nH]2)cn1,6.21,8.55,=,=
CCN(CC)CCNC(=O)c1c(C)[nH]c(/C=C2\C(=O)Nc3ccc(F)cc32)c1C,SNRK,COc1cc(N2CCC(N3CCN(C)CC3)CC2)ccc1Nc1ncc(Cl)c(Nc2ccccc2S(=O)(=O)C(C)C)n1,6.19,6.52,=,=
C[C@@H]1CN(c2cncnc2)Cc2cc(C(=O)Nc3cc(CN4CCCN(C)CC4)cc(C(F)(F)F)c3)ccc21,DDR1,CC1CN(c2cncnc2)Cc2cc(C(=O)Nc3cc(CN4CCN(C5CCCCC5)CC4)cc(C(F)(F)F)c3)ccc21,6.78,7.1,=,=
COc1cc2nc(-c3ccccc3)nc(-c3ccccc3)c2cc1OC,STK19,COc1cc2nc(N3CCC(F)(F)CC3)nc(NCCN(C)C)c2cc1OC,7.53,7.16,=,=
O=C(Nc1cc2c(cc1N1CCOCC1)C(=O)N([C@H]1CCOC1)C2)c1cnn2cccnc12,IRAK4,CC(C)(O)[C@H](F)CNC(=O)c1cnc(Nc2ccc(Cl)cn2)cc1NC1CC1,7.47,8.15,=,=
CCCN(N)C1CCN(S(=O)(=O)c2cccc3cnccc23)CC1,ROCK1,Nc1n[nH]c2cccc(-c3ccc(NC(=O)Nc4ccccc4)cc3)c12,6.43,6.0,=,=
NC(COc1cncc(-c2ccc3c(c2)CC(=O)N3)c1)Cc1c[nH]c2ccccc12,PRKCG,C=C(C)[C@@H]1CC[C@]2(C(=O)O)CC[C@]3(C)[C@H](CC[C@@H]4[C@@]5(C)CC[C@H](OC(=O)c6ccccc6)C(C)(C)[C@@H]5CC[C@]43C)[C@@H]12,5.7,4.13,=,=
C[C@@H]1COCCN1c1cc(N2CCCC2c2cccc(OC(F)(F)F)c2)[nH]c(=O)c1,PIK3C3,Cc1ncc(-c2cc(-c3cc(S(=O)(=O)N[C@H]4CC[C@H](O)CC4)ccc3C)cnc2N)s1,7.22,5.42,=,=
CN[C@@H]1C[C@H]2O[C@@](C)([C@@H]1OC)n1c3ccccc3c3c4c(c5c6ccccc6n2c5c31)C(=O)NC4,STK11,Cc1nc(Nc2n[nH]c3c2CN(C(=O)N[C@H](CN(C)C)c2ccccc2)C3(C)C)c2sccc2n1,7.21,6.36,=,=
CN(C)c1cc[n+](Cc2cccc(-c3cccc(C[n+]4ccc(N(C)C)c5ccccc54)c3)c2)c2ccccc12.[Br-].[Br-],CHKA,COc1cccc(NC(=O)[C@H]2CC[C@@H](n3cnc4c(N)nc(-c5cccc(O)c5)nc43)CC2)c1,5.36,6.47,=,=
C#Cc1nc(Nc2cccc(CCC(N)=O)c2)nc2[nH]cnc12,NEK2,Nc1ncnc2c1c(-c1cccc(OCc3ccccc3)c1)cn2C1CC(CN2CCCC2)C1,7.1,5.7,=,=
CC(C)(C(N)=O)n1cc(-c2cnc(N)c3c(-c4ccc(NC(=O)Nc5cccc(F)c5)cc4)csc23)cn1,CSNK1G3,CN(C)CC(C)(C)CNc1nccc(-c2c(-c3ccc(F)cc3)nc3occn23)n1,5.3,6.0,=,=
c1nc(NCC2CCOC2)c2cc(-c3ccc4c(c3)OCO4)ccc2n1,PIP4K2C,Cc1cc2c(Nc3ccc(NS(C)(=O)=O)cc3)ncnc2s1,6.51,8.15,=,=
O=C(NCc1ccncc1)c1ccc2c(c1)Cc1c(-c3ccc(-c4ccc(O)cc4)cc3)n[nH]c1-2,PRKCG,C[C@@]1(OC(=O)c2cc(O)c(C(=O)c3c(O)cccc3C(=O)O)c(O)c2)CCCNC[C@H]1NC(=O)c1ccc(O)cc1,5.31,7.4,=,=
O=C(Nc1cn2nc(-c3c(-c4ccc(F)cc4)nc4ccc(N5CCOCC5)nn34)ccc2n1)c1ccncc1,CSNK1D,COc1nccn2c(-c3ccnc(NCC(C)(C)CO)n3)c(-c3ccc(F)cc3F)nc12,8.31,7.9,=,=
CN[C@@H]1C[C@H]2O[C@@](C)([C@@H]1OC)n1c3ccccc3c3c4c(c5c6ccccc6n2c5c31)C(=O)NC4,MAST1,C[C@]12O[C@H](C[C@]1(O)CO)n1c3ccccc3c3c4c(c5c6ccccc6n2c5c31)CNC4=O,6.82,7.72,=,=
CCN(CC)CCNC(=O)c1c(C)[nH]c(/C=C2\C(=O)Nc3ccc(CCN=[N+]=[N-])cc32)c1C,PRKAA2,CNCCCn1c2ccccc2c2c3cn[nH]c3c3c4ccccc4[nH]c3c21.Cl.Cl,7.0,7.84,=,=
CCc1cnn2c(NCc3ccc[n+]([O-])c3)cc(N3CCCC[C@H]3CCO)nc12,CDK17,COc1cc(Nc2ncc(F)c(Nc3ccc4c(n3)NC(=O)C(C)(C)O4)n2)cc(OC)c1OC,6.11,6.48,=,=
Cc1cn(CCCCCCOC(c2ccccc2)(c2ccccc2)c2cc[n+](C)cc2)c(=O)[nH]c1=O.[I-],TK2,Cc1cn(CCOCCOC(c2ccccc2)(c2ccccc2)c2ccccc2)c(=O)[nH]c1=O,4.64,5.01,=,=
COc1cc(Nc2ncc3c(C)nc(-c4cc5ccccc5[nH]4)n3n2)cc(OC)c1OC,NEK5,CN1CCN(c2ccc3nc(-c4c(N)c5c(F)cccc5[nH]c4=O)[nH]c3c2)CC1,6.14,5.64,=,=
COCCN(Cc1cc(F)cc2[nH]ncc12)c1nccc(Nc2cc(C3CC3)[nH]n2)n1,PAK1,Cc1cccc(C)c1NC(=O)NC1CCN(c2ncnc3[nH]ncc23)CC1,7.31,5.67,=,=
N#CC[C@H](C1CCCC1)n1cc(-c2ncnc3[nH]ccc23)cn1,TAOK2,Cc1sc(C(=O)N[C@@H]2[C@H](N)CCCC2(F)F)cc1-c1cnn2cc(Cl)cnc12,5.7,4.96,=,=
O=C(O)c1csc2c1NCCNC2=O,CAMK2A,COc1cc(Nc2ncnc(N3CCCc4cc(C)ccc43)n2)cc(OC)c1OC,4.5,5.4,=,=
Cc1cnc(Nc2ccc(OCCN3CCCC3)cc2)nc1Nc1cccc(S(=O)(=O)NC(C)(C)C)c1,NEK11,COc1cc(Nc2ncc(F)c(Nc3ccc4c(n3)NC(=O)C(C)(C)O4)n2)cc(OC)c1OC,5.92,6.77,=,=
Cl.Nc1ncc(-c2ccc(C(=O)N[C@@H]3CCNC3)cc2)nc1Oc1ccc2cc[nH]c2c1,MET,COc1cc2nccc(Oc3ccc(-c4cnc(Nc5cccc(F)c5)n(C)c4=O)cc3F)c2cc1OC,4.86,7.42,=,=
Nc1nc(Nc2ccc(S(N)(=O)=O)cc2)nn1C(=O)c1c(F)cccc1F,TLK2,O=C1Nc2ccc(NC(=O)c3cc4sccc4s3)cc2/C1=C/c1cnc[nH]1,6.12,7.33,=,=
Cc1sc(C(=O)N[C@@H]2[C@H](N)CCCC2(F)F)cc1-c1cnn2cc(Cl)cnc12,DAPK1,COC(=O)Nc1cc(-c2ccc(OC[C@@](C)(N)CC(C)C)c(C(F)F)n2)ccn1,7.58,6.25,=,=
N#Cc1ccc2nc(Nc3ccc(-c4cccnc4F)cc3)[nH]c2c1,GSK3B,CCOC(=O)CN1CCC(CNC(=O)c2n[nH]c3ccc(Br)cc23)CC1,4.62,6.28,=,=
CC(=O)N1CCC[C@H]1C(=O)N[C@@H](CC(C)C)C(=O)N[C@@H](Cc1cncn1CCCCCCCCc1c(F)cccc1Oc1cccc(O)c1)C(=O)N[C@@H](CO)C(=O)N[C@H](C(N)=O)[C@@H](C)OP(=O)(O)O,PLK2,CC[C@@H]1C(=O)N(C)c2cnc(Nc3ccc(C(=O)N[C@H]4CC[C@H](N5CCN(CC6CC6)CC5)CC4)cc3OC)nc2N1C(C)C,5.47,8.3,=,=
CCN1CCC(c2ccc(Nc3ncc(F)c(-c4cc(F)c5nc6n(c5c4)C(C)(C)CC6)n3)nc2)CC1,CDK5,CCCCN(CCC#N)C(=O)c1ccc2nc(-c3n[nH]c4ccccc34)[nH]c2c1,7.17,7.7,=,=
CCCNc1ccc2ncc(-c3ccc4[nH]ncc4c3)n2n1,GSG2,COc1cccc(-c2c(C(N)=O)[nH]c3c2C(C)(C)Oc2cnccc2-3)c1,8.7,6.58,=,=
CC(C)N1CCC(n2ccc3cc(Nc4ncc5c(=O)n6n(c5n4)-c4ccc5c(n4)N(CCC/C=C\C6)C(=O)CO5)ccc32)CC1,WEE1,O=C1NC(=O)c2c1c(-c1ccccc1)cc1[nH]c3ccc(O)cc3c21,8.14,7.01,=,=
CCOc1cc2ncc(C#N)c(Nc3cccc(Cl)c3)c2cc1NC(=O)CCCN(C)C,STK4,c1coc(-c2c[nH]c3ncnc(N4CCOCC4)c23)c1,5.26,6.85,=,=
Cc1nc(N)sc1-c1ccnc(Nc2ccc(N3CCOCC3)cc2)n1,EPHA4,CC(C)[C@@H]1NC(=O)[C@@H](NC(=O)[C@H](Cc2ccc(O)cc2)NC(=O)[C@@H](N)CCCCN)CSSC[C@@H](C(N)=O)NC(=O)[C@H](CO)NC(=O)[C@H](Cc2c[nH]c3ccccc23)NC(=O)[C@H](CO)NC(=O)CCNC(=O)[C@H](CCCNC(=N)N)NC(=O)[C@H](Cc2ccc(O)cc2)NC1=O,5.46,6.58,=,=
OC[C@H]1C[C@@H](O)CCN1CCc1ccc(Nc2nc(-c3ccccc3F)cs2)cc1,SPHK2,OC[C@H]1CCCN1Cc1ccc(COc2cccc(OCc3ccc(Cl)cc3)c2)cc1,6.66,7.39,=,=
N#Cc1ccc2nc(Nc3ccc(-c4cccnc4F)cc3)[nH]c2c1,GSK3B,COc1nc(-c2ccnc(NC(=O)C3CC3)c2)sc1C(=O)NCCCCCCNc1c2c(nc3ccccc13)CCCC2,4.62,7.75,=,=
Cc1cccc(Nc2nccc(Nc3c(NC(C)C(C)(C)C)c(=O)c3=O)n2)c1,CSNK1G2,N#Cc1ccc2nc(Nc3ccc(-c4cccnc4F)cc3)[nH]c2c1,7.2,5.93,=,=
CCn1cc(-c2ccnc3[nH]c(-c4cccc(CN(C)C)c4)cc23)c(-c2ccc(NC(=O)N(C)C)cc2)n1,MYLK3,CCN(CC)CCNC(=O)c1c(C)[nH]c(/C=C2\C(=O)Nc3ccc(F)cc32)c1C,6.98,7.64,=,=
COc1cnc(-c2nn(Cc3ccccc3C#N)c3ccccc23)nc1Nc1ccncc1,BUB1,C[C@@H](C(=O)Nc1cc(-c2[nH]c3c(c2Nc2ccccc2)C(=O)CCC3)ccn1)N(C)C(=O)OC(C)(C)C,7.68,5.85,=,=
COC(=O)c1ccc2c(c1)NC(=O)/C2=C(\Nc1ccc(N(C)C(=O)CN2CCN(C)CC2)cc1)c1ccccc1,CDKL2,CC(C)(C)c1cnc(CSc2cnc(NC(=O)C3CCNCC3)s2)o1,5.89,7.39,=,=
CCN1CC(C)(C)Oc2nc(N3CC4CCC(C3)O4)nc(-c3ccc(NC(=O)Nc4ccc(C(=O)N5CCC(N(C)C)CC5)cc4)cc3)c2C1=O,PIK3R1,COc1ccc(NC(=O)Nc2ccc(-c3nc(N4CCOC[C@@H]4C)nc4c3C(=O)N(C3CCOCC3)CC(C)(C)O4)cc2F)cn1,7.06,5.72,=,=
CN(C)CCNC(=O)Nc1cc2c(Nc3ccc(F)c(Cl)c3)ncnc2cc1O[C@H]1CCOC1,EGFR,C#Cc1cccc(Nc2ncnc3cc4c(cc23)OCCO4)c1,5.94,7.26,=,=
Cc1ccc(C(=O)Nc2cccc(C(F)(F)F)c2)cc1Nc1nc(-c2cccnc2)nc2nn(C)cc12,MAP3K4,CCOc1cc2ncc(C#N)c(Nc3ccc(OCc4ccccn4)c(Cl)c3)c2cc1NC(=O)/C=C/CN(C)C,7.47,6.73,=,=
CC1(C)OCCn2c1nc1c(N3CCC4(COC4)C3)nc(-c3cnc(N)c(C(F)(F)F)c3)nc12,MAP3K12,Nc1ncc(-c2cc(N3CCC(F)(F)C3)nc(N3CC4CC(C3)O4)n2)nc1OC(F)F,6.57,7.54,=,=
COc1cc(C(=O)O)ccc1Nc1ncc2c(n1)-c1c(nn(C)c1-c1ccccc1Cl)CC2,IGF1R,NC(=O)[C@H]1CCCN1c1nc(Nc2cc(C3CC3)[nH]n2)c2cccn2n1,7.68,7.04,=,=
CCN(CCO)CCCOc1ccc2c(Nc3cc(CC(=O)Nc4cccc(F)c4)[nH]n3)ncnc2c1,CDK11B,CCc1ccc2c(c1)c(=O)c(C(=O)Nc1ccc(Oc3ncnc4cc(OC)c(OC)cc34)c(F)c1)c(C)n2C,5.92,6.33,=,=
CC1(Oc2ccc3[nH]nc(-c4cc(N5CCO[C@@H](c6ccccc6)C5)ncn4)c3c2)CC1,LRRK2,CNc1nc(Nc2ccc(-c3c(C)noc3C)cc2OC)ncc1C(F)(F)F,8.22,9.0,=,=
Nc1ncnc2ccc(N3CCC(Cc4ccncc4)C3)nc12,MAP4K4,CNC(=O)c1cnc(N)c2c(-c3ccc(NC(=O)Nc4cc(C)ccc4F)cc3)csc12,5.75,6.6,=,=
Cc1cc(N2CC[C@H]3CCN(c4ncnc5[nH]ccc45)C[C@@]3(C)C2)ncc1C#N,JAK3,CN(Cc1cnccn1)S(=O)(=O)C[C@H]1C[C@@H](N(C)c2ncnc3[nH]ccc23)C1,7.68,5.0,=,=
c1cc2c(s1)CCc1cn[nH]c1-2,CSNK1A1,COc1cnc(COc2ccc(F)cc2)nc1-c1cc2c([nH]1)CCNC2=O,4.6,6.84,=,=
COc1cc(-c2cnc3c(N4CCCC(CNC(=O)C5CCCC5)C4)snc3c2)ccc1N,GAK,COc1cc(-c2cnc3c(N4C[C@@H](C)O[C@@H](C)C4)snc3c2)ccc1C(=O)N1CCOCC1,7.41,7.0,=,=
NC(=O)c1ncc(N[C@@H]2CCCC[C@@H]2N)nc1-c1nc2ccccc2[nH]1,TSSK3,CC(C)(O)C#Cc1ccc2[nH]c3c(c2c1)-c1nc(N)ncc1CCC3,6.38,7.04,=,=
CC(=O)NCC(=O)N1C2CCC1c1cc(Nc3ncc(C(F)(F)F)c(NC4CCC4)n3)ccc12,CAMK2D,CCn1c(N)c(C(N)=O)c(=O)c2cnc(Nc3ccc(N4CCC(N5CCOCC5)CC4)cc3OC)nc21,6.7,8.7,=,=
CN(C)C(=O)c1ccc(N(Cc2ccc(O)cc2)C(=O)c2ccc(O)cc2O)cc1,PDK3,O=C(NCc1ccccc1-n1cccn1)c1cc(-c2ccccc2O)n[nH]1,6.87,5.32,=,=
O=c1[nH]cnc2ccc([N+]3=Cc4ccccc4CCC3)cc12,IP6K1,O=c1[nH]cnc2ccc(OCc3ccccc3)cc12,4.34,4.88,=,=
CCCCn1c2ccc(NC(=O)Nc3ccc(OC)cc3)cc2c2c3c(c4c(c21)CCc1nn(C)cc1-4)C(=O)NC3,TEK,CNc1ncnc(-c2cc(C)cnc2Oc2cc(C(=O)Nc3cc(C(F)(F)F)ccc3N3CCCCC3)ccc2C)n1,8.15,6.53,=,=
CC(C)c1ccc2nc(N3CCN(C)CC3)nc(C3=C(c4c[nH]c5ccccc45)C(=O)NC3=O)c2c1,PRKCH,CN1CCC2(CC1)CN(c1ncnc3[nH]cc(-c4cccc(C#N)c4)c13)CCO2,6.55,8.62,=,=
NC(=O)Cn1cc(-c2cc(-c3cc4ccccc4s3)c3[nH]ncc3c2)c2nc(N)ncc21,PRKX,NC(Cc1c[nH]c2ccccc12)C(=O)Nc1cncc(C=Cc2ccncc2)c1,7.4,6.5,=,=
CCOC(=O)C1=C(N)n2c(sc(=Cc3cccs3)c2=O)=C(C(N)=O)C1c1cccs1,SLK,CSc1nn(-c2ccccn2)c(N)c1C(N)=O,5.4,5.1,=,=
CCCCCCn1c(S)nc2c1c(=O)[nH]c(=O)n2C,MAPK10,O=C(CCCn1c(=S)[nH]c2ccccc2c1=O)NCc1ccco1,7.45,4.31,=,=
C#Cc1cc2nc(NCC)c(NCC)nc2cc1Cl,PGK1,CCNc1nc2cc(Cl)c(C#Cc3cccc(O)c3)cc2nc1NCC,7.92,5.24,=,=
CCN(CC)CCNC(=O)c1c(C)[nH]c(/C=C2\C(=O)Nc3ccc(F)cc32)c1C,SRPK2,CN(c1ncccc1CNc1ccnc(-c2nc3cc(Cl)ccc3[nH]2)n1)S(C)(=O)=O,6.72,6.29,=,=
O=c1[nH]c2ccc(Cl)cc2c2ncnn12,CSNK1A1,Nc1nnc2cncc(Cl)n12,4.3,4.9,=,=
COc1cccc(OC)c1CNc1nc(NC2CCCCC2)nc2ccc(Cl)cc12,TNK2,CCN1CCN(c2ccc(Nc3ncc(C#N)c(Nc4ccc5[nH]ncc5c4)n3)cc2)CC1,5.5,6.7,=,=
COc1cc2c(Nc3ccc(Cl)c(Cl)c3F)ncnc2cc1OC[C@@H]1C[C@@H]2CN(CC(C)C)C[C@@H]2C1,ERBB2,C=CC(=O)N1CCC[C@@H](n2nc(C(=O)Nc3ccc(CC(=O)N(C)C)c(OC)c3)c3c(N)ncnc32)C1,4.98,7.64,=,=
Cc1cc(C)cc(NC(=O)Nc2ccc3c(c2)CCc2sc4ncnc(N)c4c2-3)c1,CSNK1G1,Cc1n[nH]c2ccc(-c3cncc(OCC(N)Cc4ccc(Cl)c(Cl)c4)c3)cc12,5.5,6.9,=,=
CC(C)[C@H]1Cn2ncc(-c3ccc(C(=O)N4CCCc5ccccc54)cc3)c2CN1C(=O)Cc1ccccc1,PINK1,CO[C@@H](C(=O)N1Cc2c(-c3ccc(C(=O)N4CCCc5ccccc54)cc3)cnn2C[C@@H]1C(C)C)c1cnn(C)c1,5.54,6.82,=,=
O=C(NC1(c2ccccc2)CC1)c1ccc2nc(N[C@H]3CC[C@H](O)CC3)c3nccn3c2c1,MAST3,CN1C(=O)[C@@H](N2CCc3cn(Cc4ccccc4)nc3C2=O)COc2ccccc21,6.62,6.0,=,=
Cn1cc(-c2cc3c(C4=CCC(NS(=O)(=O)c5ccc(OC(F)(F)F)cc5)CC4)ncnc3[nH]2)cn1,KIT,C[C@H](NC(=O)C1CN(c2ncnn3cc(-c4cnn(C)c4)cc23)C1)c1ccc(Cl)cc1,5.78,7.26,=,=
C=CCn1c(=O)c2cnc(Nc3ccc(N4CCN(C)CC4)cc3)nc2n1-c1cccc(C(C)(C)O)n1,WEE2,COc1cc(Nc2ncc(F)c(Nc3ccc4c(n3)NC(=O)C(C)(C)O4)n2)cc(OC)c1OC,7.99,5.03,=,=
C=CC(=O)N1CC[C@]2(C1)C[C@H](n1nc(-c3ccc(Oc4ccccn4)cc3)c(C(N)=O)c1N)C2,BTK,Cn1cc(-c2cc3c(-c4cccc(-n5ccc6cc(C7CC7)cc(F)c6c5=O)c4CO)nc(N)nc3[nH]2)cn1,8.82,9.27,=,=
COc1cc(OC)cc(C(=O)Nc2n[nH]c3ccc(-c4cn(Cc5ccccc5)nn4)cc23)c1,HIPK2,CC(C)(C)c1cnc(CSc2cnc(NC(=O)C3CCNCC3)s2)o1,7.0,5.82,=,=
Cc1ccc(CNc2nc(Nc3ccccc3)ncc2C(F)(F)F)c(NS(C)(=O)=O)c1,PTK2,CC[C@@H]1C(=O)N(C)c2cnc(Nc3ccc(C(=O)N[C@H]4CC[C@H](N5CCN(CC6CC6)CC5)CC4)cc3OC)nc2N1C(C)C,7.99,6.22,=,=
Cc1ccc(-n2nc(C(C)(C)C)cc2NC(=O)Nc2ccc(OCCN3CCOCC3)c3ccccc23)cc1,EPHB1,COc1cc(N2CCC(N3CCN(C)CC3)CC2)ccc1Nc1ncc(Cl)c(Nc2ccccc2S(=O)(=O)C(C)C)n1,5.34,6.47,=,=
COC(=O)c1cccc(O)c1C(=O)c1c(O)cc(C(=O)OC2CNCC2Cc2ccc(O)cc2)cc1O,PRKCE,CN1CCN(CCOc2cccc(-c3cncc(C#N)c3Nc3cccc4[nH]ccc34)c2)CC1,5.4,7.41,=,=
CC(C)(CS(C)(=O)=O)Nc1nc(-c2ccncc2)nc2cnccc12,LATS1,CC(C)(C)Nc1cc(-c2ccncc2Cl)nc2cnccc12,7.44,6.72,=,=
Cc1cccc(NC(=O)Nc2ccc(-c3csc4ncnc(N)c34)cc2)c1,PRKD3,NC(=O)c1cc(-c2ccnc(N)n2)[nH]c1-c1ccc(Cl)cc1F,5.1,7.1,=,=
COc1cc2[nH]c3nc(N)nc(N4CCCCC4)c3c2cc1OC,MAP2K7,O=S(=O)(Nc1cccc(-c2n[nH]c3cc(F)ccc23)c1)C1CC1,6.0,5.19,=,=
CN1CCN(c2ccc3nc(-c4c(N)c5c(F)cccc5[nH]c4=O)[nH]c3c2)CC1,MAP4K2,CCCCn1c(NC(=O)c2ccc(C#N)cc2)nc2cc(N(C)C(=O)C3CCCCC3)ccc21,5.72,5.4,=,=
Cn1c(Nc2ccc(C(F)(F)F)cc2)nc2cc(Oc3ccnc(-c4ncc(C(F)(F)F)[nH]4)c3)ccc21,PTK6,Nc1ncnc2scc(-c3ccc(NC(=O)Nc4cc(C(F)(F)F)ccc4F)cc3)c12,5.44,6.0,=,=
CCn1nnc2c(N3CCOCC3)nc(-c3ccc(NC(=O)Nc4cccnc4)cc3)nc21,PIK3CA,CC(=O)Nc1nc2ccc(-c3ccnc(Sc4ccccc4F)n3)cc2s1,8.02,7.34,=,=
C[C@]12O[C@H](C[C@]1(O)CO)n1c3ccccc3c3c4c(c5c6ccccc6n2c5c31)CNC4=O,GRK1,O=C(N[C@@H]1CNCCC[C@H]1OC(=O)c1cc(O)c(C(=O)c2c(O)cccc2C(=O)O)c(O)c1)c1ccc(O)cc1,7.62,6.47,=,=
Nc1nc2c(-c3cnc4ccccc4c3)nccc2[nH]1,STK32B,CN1C(=O)[C@@H](N2CCc3cn(CC4CCS(=O)(=O)CC4)nc3C2=O)COc2ccccc21,4.4,6.0,=,=
Cc1cncc2cccc(S(=O)(=O)N3CCCNCC3C)c12,DCLK1,N#CC[C@H](C1CCCC1)n1cc(-c2ncnc3[nH]ccc23)cn1,5.8,7.17,=,=
O=C(Nc1cc(C(F)(F)F)ccc1N1CCN(Cc2cnoc2)CC1)c1ccccn1,SRPK1,Cc1cc(OC2CCCC2)c(NC(=O)Nc2cnc(C#N)cn2)cc1Cl,8.06,5.4,=,=
N[C@H]1CCCC[C@H]1Nc1cc2nc[nH]c(=O)c2c(Nc2cccc3[nH]ccc23)n1,JAK2,CN(c1ncnc2[nH]ccc12)[C@@H]1C[C@@H]2CN(CC#N)C[C@@H]2C1,7.08,8.4,=,=
Cc1[nH]c(/C=C2\C(=O)Nc3ccc(S(=O)(=O)Cc4c(Cl)cccc4Cl)cc32)c(C)c1C(=O)N1CCC[C@@H]1CN1CCCC1,TIE1,CN1CCN(c2ccc3nc(-c4c(N)c5c(F)cccc5[nH]c4=O)[nH]c3c2)CC1,5.92,5.4,=,=
CC1COCCN1c1nc(-c2cccc3[nH]ccc23)cc(-c2ccnn2C)n1,ATR,c1c[nH]c(-c2cc(N3CCOCC3)nc3c(-c4ccn[nH]4)nccc23)c1,7.04,6.26,=,=
O=C(O)CSc1ncnc2sc(-c3cc4ccccc4s3)cc12,STK17A,CO[C@@H]1[C@H](N(C)C(=O)c2ccccc2)C[C@H]2O[C@]1(C)n1c3ccccc3c3c4c(c5c6ccccc6n2c5c31)C(=O)NC4,5.01,5.72,=,=
Cc1n[nH]c(NC=C2C(=O)CC(C)(C)CC2=O)c1-c1ccccc1,PTK2B,Cc1nc(Nc2n[nH]c3c2CN(C(=O)N[C@H](CN(C)C)c2ccccc2)C3(C)C)c2sccc2n1,4.68,5.85,=,=
Cc1[nH]c(/C=C2\C(=O)Nc3ccc(S(=O)(=O)Cc4c(Cl)cccc4Cl)cc32)c(C)c1C(=O)N1CCC[C@@H]1CN1CCCC1,ICK,CC(C)(C)c1cnc(CSc2cnc(NC(=O)C3CCNCC3)s2)o1,6.4,6.82,=,=
[C-]#[N+]c1cnc2c(NCC)nc(Nc3cc(C#N)cc(N4CC[C@@H](NC(=O)OC)[C@H](O)C4)c3Cl)nn12,CSNK2A2,N#Cc1cccc(Nc2nc3cc(C(=O)O)ccc3c3cnccc23)c1,8.53,5.72,=,=
C[C@H](N)CNc1cc2nc[nH]c(=O)c2c(Nc2cccc3cc[nH]c23)n1,JAK2,Fc1cccc(F)c1C1Nc2ccccc2-c2ccnc3[nH]cc1c23,6.01,6.89,=,=
OC(COc1cncc(C=Cc2ccncc2)c1)Cc1c[nH]c2ccccc12,MAP3K20,C1=N/C2=N/c3ccc(OCCN4CCCC4)c(c3)COC/C=C/COCc3cccc(c3)C(=C1)N2,5.1,5.53,=,=
CC(C)c1cc(Nc2nc(N3CCC[C@H](N)C3)ncc2C(N)=O)cc(C(C)C)n1,CAMK1G,CS(=O)(=O)N1CCN(Cc2cc3nc(-c4cccc5[nH]ncc45)nc(N4CCOCC4)c3s2)CC1,8.48,5.17,=,=
COc1ccc(-c2sc(NC(=O)C3CCCC3)nc2C)cc1S(=O)(=O)Nc1ccccc1F,PI4KB,COc1ccc(-c2c(C)nn3c(NCc4cccc(S(C)(=O)=O)c4)ccnc23)cc1S(=O)(=O)Nc1ccccc1F,5.26,6.82,=,=
CNCCCn1c2ccccc2c2c3cn[nH]c3c3c4ccccc4[nH]c3c21.Cl.Cl,PRKAA2,O=C(c1ccc(Nc2ccc(-c3ccccc3)cc2)nc1)N1CCN(Cc2ccc(F)cc2)CC1,7.84,5.12,=,=
O=C1COc2ccc(-c3cnc4[nH]cnc4c3)nc2N1Cc1ccccc1,NUAK1,C[C@H](c1ccccc1)n1c(=O)c(N2CCNCC2)nc2cnc(-c3cnc4cccnn34)cc21,7.7,9.0,=,=
CN[C@@H]1C[C@H]2O[C@@](C)([C@@H]1OC)n1c3ccccc3c3c4c(c5c6ccccc6n2c5c31)C(=O)NC4,RIPK4,Cc1cnc(Nc2ccc(OCCN3CCCC3)cc2)nc1Nc1cccc(S(=O)(=O)NC(C)(C)C)c1,6.96,5.01,=,=
Cc1n[nH]c2cc(-c3ccc(NS(=O)(=O)c4cc(Cl)ccc4Cl)cc3)nc(OC3CCN(C4CCC4)CC3)c12,SGK1,COc1ccc(Cl)c(S(=O)(=O)Nc2ccc(-c3cc4[nH]nc(C)c4c(Oc4ccc(N(C)C)nc4)n3)cc2)c1,8.46,7.6,=,=
Cc1cn(C2C[C@H](O)[C@@H](COP(=O)(O)OP(=O)(O)OP(=O)(O)OP(=O)(O)OP(=O)(O)OP(=O)(O)OC[C@H]3OC(n4cnc5c(N)ncnc54)[C@H](O)[C@@H]3O)O2)c(=O)[nH]c1=O,DTYMK,Cc1cn([C@H]2CCCN([C@H](CC(C)(C)C)c3ccc(C(=O)O)c(Oc4cccc(Br)c4)c3)C2)c(=O)[nH]c1=O,5.22,4.21,=,=
NC(=O)Cn1cc(-c2cc(-c3cc4ccccc4s3)c3[nH]ncc3c2)c2nc(N)ncc21,PLK4,Cc1cc(Nc2nc(NCc3ccc(F)cc3F)nc3c2cnn3C2CCN(C(=O)CCCCCCCCCCCOc3ccc4c(c3)C(=O)N(C3CCC(=O)NC3=O)C4=O)CC2)n[nH]1,6.7,6.27,=,=
CC(C)(C)Nc1nc(-c2ccncc2)nc2cnccc12,LATS2,CO[C@@H]1[C@H](NCCOCCOCCOCCNC(=O)CCC2=[N+]3C(=Cc4c(C)cc(C)n4[B-]3(F)F)C=C2)C[C@H]2O[C@]1(C)n1c3ccccc3c3c4c(c5c6ccccc6n2c5c31)C(=O)NC4,8.4,6.87,=,=
c1cc(Nc2ccc3[nH]ncc3c2)nc(N2CCNCC2)n1,ROCK2,CN(C)c1ccc(C(=O)Nc2cc(Br)cc(NC(=O)COc3ccc4c(=O)ccoc4c3)c2)cc1,7.54,5.34,=,=
CN1C(=O)[C@@H](N2CCc3cn(Cc4ccccc4)nc3C2=O)COc2ccccc21,RIOK2,C[C@]12O[C@H](C[C@]1(O)CO)n1c3ccccc3c3c4c(c5c6ccccc6n2c5c31)CNC4=O,6.0,5.17,=,=
C[C@H](Oc1cc(F)ccc1Nc1ncnc2cc(N=S(C)(C)=O)cc(F)c12)C(F)(F)F,MKNK2,COC(=O)c1sc2ncnc(Nc3ccc(F)cc3OC(CN)CN)c2c1C,8.0,6.16,=,=
CC[C@H](C)[C@H](NC(=O)[C@H](CC(=O)O)NC(=O)[C@H](CO)NC(=O)CNC(=O)[C@H](CSC1CC(=O)N(CCCCCC(=O)NC(C(=O)NC(CCCNC(N)=O)C(=O)Nc2ccc(COC(=O)N[C@H]3C[C@H](O[C@H]4C[C@](O)(C(=O)CO)Cc5c(O)c6c(c(O)c54)C(=O)c4c(OC)cccc4C6=O)O[C@@H](C)[C@H]3O)cc2)C(C)C)C1=O)NC(=O)CNC(=O)[C@H](CCCCN)NC(=O)COCCOCCNC(=O)COCCOCCNC(=O)[C@H](CCC(=O)O)NC(=O)CCCCCCCCCCCCCCCCC(=O)O)C(=O)N[C@@H](CC(N)=O)C(=O)N[C@@H](CC(=O)O)C(=O)N[C@@H](CCCNC(=N)N)C(=O)N[C@@H](CCC(N)=O)C(=O)N[C@H](C(=O)N1CCC[C@H]1C(=O)NCC(=O)N[C@@H](Cc1ccc(O)cc1)C(=O)N[C@@H](CO)C(=O)N[C@H](C(=O)N[C@@H](Cc1ccc(O)cc1)C(=O)N[C@@H](Cc1c[nH]c2ccccc12)C(=O)NCC(=O)N[C@@H](CC(=O)O)C(=O)N[C@@H](Cc1ccccc1)C(N)=O)[C@@H](C)O)[C@@H](C)CC,ROR1,CCOc1ccc(-c2cn(C)c3cc(NC(=O)c4ccc(C)c(Nc5ncnc(-c6ccccc6)n5)c4)ccc23)cn1,8.76,6.34,=,=
CN(C)C(=O)c1ccc(N(Cc2ccc(C#N)s2)C(=O)c2ccc(O)cc2O)cc1,PDK3,Cc1cnc(Cl)nc1-c1ccc(N(Cc2ccc(CNC(=O)C(F)F)cc2)C(=O)c2ccc(O)cc2O)cc1,7.01,7.4,=,=
COc1cc2c(Oc3ccc(NC(=O)C4(C(=O)Nc5ccc(F)cc5)CC4)cc3F)ccnc2cc1OCCCN1CCOCC1,CDK15,C[C@]12O[C@H](C[C@]1(O)CO)n1c3ccccc3c3c4c(c5c6ccccc6n2c5c31)CNC4=O,7.5,5.89,=,=
c1nc(Nc2ccc3scnc3c2)c2ccc(-c3cc[nH]n3)cc2n1,RIPK2,O=C(NC1CC1)c1cc(-c2cnn(-c3cnn4ccccc34)c2)c(Cl)cc1F,6.36,8.54,=,=
COc1cc(N2CCC(N3CCN(C)CC3)CC2)ccc1Nc1ncc(Cl)c(Nc2ccccc2S(=O)(=O)C(C)C)n1,MAP2K2,Cc1ccc(C(=O)Nc2cccc(C(F)(F)F)c2)cc1Nc1nc(-c2cccnc2)nc2nn(C)cc12,6.25,5.67,=,=
CCCCCCCCc1ccc(C(=O)Nc2cccc(C(F)(F)F)c2C(=O)O)cc1,PLK3,Nc1ncnc2onc(-c3ccc(NC(=O)Nc4cccc(C(F)(F)F)c4)cc3)c12,4.64,7.2,=,=
Cc1cc(Nc2cc(N3CCN(C)CC3)nc(Sc3ccc(NC(=O)C4CC4)cc3)n2)n[nH]1,INSR,CCN1C(=O)CCCc2c1ccc(Nc1ncc(Cl)c(Nc3ccccc3C(=O)NC)n1)c2OC,6.2,6.67,=,=
Cn1nc(N)c2c(-c3ccc(NC(=O)Nc4ccc(F)c(C(F)(F)F)c4)cc3)ccnc21,LYN,CCN(CC)CCOc1ccc(Nc2cc3c(cn2)cc(C(C)C)c(=O)n3C2CC2)nc1,6.9,6.26,=,=
COc1cc(-c2ccc3ncc(-c4ccc(C(=O)NCCN(C)C)cc4)n3n2)ccc1O,DAPK1,CO[C@@H]1[C@H](N(C)CCOCCOCCOCCNC(=O)CCC2=[N+]3C(=Cc4c(C)cc(C)n4[B-]3(F)F)C=C2)C[C@H]2O[C@]1(C)n1c3ccccc3c3c4c(c5c6ccccc6n2c5c31)C(=O)NC4,6.61,7.23,=,=
CCCNc1ccc2ncc(-c3cccc(OC)c3)n2n1,FYN,Nc1ncnc2c1c(-c1ccc(Oc3ccccc3)cc1)nn2C[C@@H]1SSC[C@@H]1O,5.65,7.28,=,=
COc1ccc(-c2cc(=O)c3c(O)cc(O)cc3o2)cc1O,IP6K2,O=C1CCC(C(=O)Nc2ccc(-c3onc4ccc(C(=O)O)cc34)cc2)CN1,6.05,5.62,=,=
COc1cc(S(C)(=O)=O)ccc1Nc1nc2ccc(-c3ccc(NC(=O)[C@H](C)c4ccc(F)cc4)cc3)cn2n1,BRSK2,Cc1ccc(-c2ccc3c(ccc4sc5c(c43)NC[C@@H](C)NC5=O)n2)cn1,4.4,7.05,=,=
CN1CCC(NC(=O)c2cnc(Nc3cc(Cl)cc(Cl)c3)nc2NC2CCC(N(C)C)CC2)CC1,MYLK2,Cc1nn(CC(F)(F)F)cc1Nc1nccc(NCCc2cnc[nH]2)n1,5.08,5.88,=,=
CC(C)Cn1cc(C#N)c2cc(Cc3ccc(NC(=O)[C@@H]4CCCN4)cc3)ccc21,PFKFB2,CCn1cc(C#N)c2cc(Oc3ccc(NC(=O)CNC)cc3)ccc21,5.84,4.6,=,=
CN1CC[C@H](c2c(O)cc(O)c3c(=O)cc(-c4ccccc4Cl)oc23)[C@H](O)C1,PRKD1,COc1cc(N2CCC(N3CCN(C)CC3)CC2)ccc1Nc1ncc(Cl)c(Nc2ccccc2P(C)(C)=O)n1,6.28,6.71,=,=
Cc1nsc(Nc2ccn3nccc3n2)c1C(=O)Nc1ccc(F)c(F)c1,TTK,Cc1cccc(CS(=O)(=O)Nc2ccc3[nH]nc(-c4cccc(S(N)(=O)=O)c4)c3c2)c1,4.75,6.48,=,=
Nc1cc(-c2c[nH]c3ncccc23)cc(Cl)n1,PAK4,CCN1CCN(c2ccc(Nc3ncc(C#N)c(Nc4ccc5[nH]ncc5c4)n3)cc2)CC1,6.0,6.5,=,=
CN(CC1OCCO1)C(=O)c1cc(Nc2ccccc2)cc(-c2ccnc(NC(=O)C3CC3)c2)c1,PIP5K1C,COCCNC(=O)N1Cc2[nH]nc(-c3cc4ccc(Cl)c(F)c4[nH]3)c2C12CCC2,7.41,8.42,=,=
Cc1ccc(NC(=O)Nc2cc(C(F)(F)F)ccc2F)cc1Nc1ccc2c(c1)NC(=O)/C2=C\c1ccc[nH]1,EPHA3,Cc1ccc(C(=O)Nc2cccc(C(F)(F)F)c2)cc1Nc1nc(-c2cccnc2)nc2nn(C)cc12,5.23,7.3,=,=
CC(=O)c1cnc2ccc(-c3cc(Cl)c(O)c(Cl)c3)cc2c1Nc1ccc(CN(C)C)cc1,MELK,O=C(NO)c1ccc(Cn2c(=O)n(CCc3ccccc3)c(=O)c3ccccc32)cc1,8.42,6.7,=,=
Cc1n[nH]c2c1C(c1ccccc1F)C(C#N)=C(N)O2,STK17A,CS(=O)(=O)NC1CCCC(Nc2nc(Cl)cc(-c3c[nH]c4ncccc34)n2)C1,5.6,6.6,=,=
N#Cc1cnc2ccc(NC(=O)C3CSSC3)cc2c1Nc1ccc(OCc2cccc(F)c2)c(Cl)c1,ERBB4,COc1cc2ncnc(Nc3ccc(F)c(Cl)c3)c2cc1NC(=O)/C(F)=C/CN(C)C,6.4,7.64,=,=
O=C(Nc1ccc(Oc2ccccc2)cc1)c1cc(Cl)cc(Cl)c1O,STK39,O=C(Nc1ccc(Oc2cc(Cl)cc(Cl)c2)c(Cl)c1)c1cc(Cl)cc(Cl)c1O,5.24,5.57,=,=
O=C(O)c1ccc(Nc2ncc3c(n2)-c2ccc(Cl)cc2C(c2c(F)cccc2F)=NC3)cc1,FGFR1,COc1cc(OC)cc(N(Cc2cn(S(=O)(=O)N(C)C)cn2)c2ccc3ncc(-c4cnn(C)c4)cc3n2)c1,5.62,8.37,=,=
Cc1[nH]c(/C=C2\C(=O)Nc3ccc(S(=O)(=O)Cc4c(Cl)cccc4Cl)cc32)c(C)c1C(=O)N1CCC[C@@H]1CN1CCCC1,DCLK2,Cc1[nH]c(/C=C2\C(=O)Nc3ccc(F)cc32)c(C)c1C(=O)NC[C@H](O)CN1CCOCC1,6.0,5.43,=,=
COc1cc(Nc2ncc(F)c(Nc3ccc4c(n3)NC(=O)C(C)(C)O4)n2)cc(OC)c1OC,GRK1,CCCn1c(CNc2cccc(C(=O)NCc3c(F)cccc3F)c2)nnc1-c1ccncn1,6.06,5.05,=,=
CC1(C)CNc2cc(NC(=O)c3cccnc3NCc3ccncc3)ccc21,EPHA6,COc1cc2/c(=N/c3ccc(Br)cc3F)nc[nH]c2cc1OCC1CCN(C)CC1,6.31,7.3,=,=
Cc1[nH]c(/C=C2\C(=O)Nc3ccc(S(=O)(=O)Cc4c(Cl)cccc4Cl)cc32)c(C)c1C(=O)N1CCC[C@@H]1CN1CCCC1,HIPK1,COc1ccc(-c2cnc3cncc(Nc4cc(OC)ccc4OC)c3n2)cc1,7.02,4.88,=,=
Cc1ccc(C(=O)Nc2ccc3c(-c4ccc(F)nc4)cn(C)c3c2)cc1C#Cc1ccnc2[nH]ncc12,ROR1,CCOc1ccc(-c2cn(C)c3cc(NC(=O)c4ccc(C)c(Nc5nccc(-c6ccc(C)cc6)n5)c4)ccc23)cn1,5.78,6.92,=,=
CN(c1ccccc1)c1cc[n+](Cc2ccccc2)c2cc(Cl)ccc12.[Br-],CHKA,[Br-].[Br-].c1cc2cc(c1)CNc1cc[n+](cc1)Cc1cccc(c1)C[n+]1ccc(cc1)NC2,6.05,4.88,=,=
Nc1ncc(-c2ccc(CN3CCS(=O)(=O)CC3)cc2)nc1C(=O)Nc1cc(O)cc(O)c1,FGFR2,COc1cc(OC)cc(N(CC2CC2)c2ccc3ncc(-c4cnn(CCCN5CCOCC5)c4)nc3c2)c1.Cl,6.82,8.14,=,=
Cc1cn(CCOCCOC(c2ccccc2)(c2ccccc2)c2ccccc2)c(=O)[nH]c1=O,TK2,Cc1cn(C/C=C\COC(c2ccccc2)(c2ccccc2)c2ccc(Cl)cc2)c(=O)[nH]c1=O,5.01,5.62,=,=
O=C(Nc1ccc(O)cc1)c1ccc2c(-c3nc4cc(Cl)ccc4[nH]3)n[nH]c2c1,CHEK1,COc1nccc(OCCCN)c1-c1cc(Nc2cnc(C#N)cn2)n[nH]1,6.0,9.64,=,=
CC(C)n1cnnc1-c1cccc(N2Cc3ccc(N4CCC(CC(=O)O)CC4)cc3C2=O)n1,MAP3K5,Cc1cc(F)c(C(=O)Nc2cccc(-n3nnnc3C(C)C)n2)cc1-c1cnn(C(F)(F)F)c1,8.18,6.26,=,=
c1nc(Nc2ccc3scnc3c2)c2ccc(-c3ccc(N4CCNCC4)cc3)cc2n1,RIPK3,Cc1cccc(-c2nn3c(c2-c2ccnc4ccc(C(N)=O)cc24)CCC3)n1,6.24,7.96,=,=
CC(C)(O)Cn1cc(-c2cnc3nc2N[C@H](CO)c2ccccc2OCCCCc2cc(ccc2C#N)N3)cn1,MERTK,CCCCNc1ncc(C(=O)Nc2ccc(S(=O)(=O)N3CCOCC3)cc2)c(NCCc2ccc(F)cc2)n1,8.0,4.78,=,=
C#Cc1nc(Nc2cccc(CS(N)(=O)=O)c2)nc2[nH]cnc12,NEK2,COc1cc(-c2cnc(N)c(N3CC[C@H](C(=O)O)[C@@H](C)C3)n2)cc(OC)c1OC,6.89,5.57,=,=
CCC(c1ccc(C(F)(F)F)cc1)N1C[C@H](CC)N(c2nc(=O)n(C)c3ccc(Cl)nc23)C[C@H]1CC,DGKZ,CC(NC[C@H](C)Nc1nc(=O)n(C)c2ccc(C#N)nc12)c1ccc(C(F)(F)F)c(CNCCO)c1,5.83,6.45,=,=
CC1=NN(c2ccc(Cl)c(Cl)c2)C(=O)C1=Cc1c(C)c(C#N)c2nc3ccccc3n2c1O,TSSK1A,NC1CCC(Nc2nccc(-c3c[nH]c4ncccc34)n2)CC1,5.9,7.2,=,=
CC[S+]([O-])c1ccc(Cl)cc1Cn1c(=O)[nH]c2ccc(C(F)(F)F)cc2c1=O,DDR1,CCS(=O)(=O)c1ccc(Cl)cc1Nn1cnc2cc(CN3CC[C@@H](N(C)C(C)=O)C3)c(Br)cc2c1=O,5.54,7.43,=,=
CC(=O)c1c(C)c2cnc(Nc3ccc(N4CCNCC4)cn3)nc2n(C2CCCC2)c1=O,CAMK2G,Cc1nc(Nc2n[nH]c3c2CN(C(=O)N[C@H](CN(C)C)c2ccccc2)C3(C)C)c2sccc2n1,5.03,6.56,=,=
NC(COc1cncc(C=Cc2ccncc2)c1)Cc1c[nH]c2ccccc12,CSNK1G3,Cc1n[nH]c2ccc(-c3cncc(OCC(N)Cc4c[nH]c5ccccc45)c3)cc12,5.2,7.0,=,=
CCn1c(-c2nonc2N)nc2c(C#CC(C)(C)O)ncc(OC[C@H]3CCCNC3)c21,PASK,Cc1cccc(NC(=O)Nc2ccc(-c3csc4c(C#CC(C)(C)N)cnc(N)c34)cc2)c1,5.97,6.4,=,=
N#Cc1ccc(N2CCN(Cc3ccc4c5c(c(=O)[nH]c4c3)CCCN5)CC2)cc1C(F)(F)F,TNK1,O=c1[nH]c2cc(CN3C4CCC3CN(c3ccc(Cl)nn3)C4)ccc2c2c1CCCN2,7.58,7.97,=,=
Cc1cnc(Nc2ccc(OCCN3CCCC3)cc2)nc1Nc1cccc(S(=O)(=O)NC(C)(C)C)c1,IRAK1,O=C1NCCc2[nH]c(-c3ccnc(-c4cnc5ccccc5c4)c3)cc21,6.66,5.3,=,=
CCNC(=O)Nc1ccc(-c2nc(N3CCOC[C@@H]3C)c3c(ncn3C)n2)cc1,MTOR,CCNC(=O)Nc1ccc(-c2nc(N3CC4CCC(C3)O4)nc3c2C(=O)N(C2CCN(C)CC2)CC(C)(C)O3)cc1,6.2,6.61,=,=
O=C(Nc1cccc(-c2nncn2C2CC2)n1)c1cc(-c2cnn(C3CC3)c2)cn(Cc2ccccc2F)c1=O,MAP3K5,C[C@H](CO)n1nnnc1-c1cccc(NC(=O)c2cc3c(cn2)CCN(S(=O)(=O)N2CCCC2)C3)n1,8.76,8.26,=,=
COc1ccc(F)c(CNC(=O)c2cc(-c3ccc4nc(NC(C)=O)cn4n3)c(C)nc2C)c1,RIPK1,COc1cc(-c2cc(C(F)(F)F)c3c(N)ncnn23)cc(C(=O)N[C@@H]2CN(C(=O)c3ccccc3F)C[C@@H]2F)c1OC,7.17,4.19,=,=
Cn1cc(C2=C(c3cccc(NCC(O)CO)c3)C(=O)NC2=O)c2cc(F)ccc21,MAPK4,CC(C)(C)c1cnc(CSc2cnc(NC(=O)C3CCNCC3)s2)o1,4.4,5.39,=,=
Cc1ncsc1-c1ccc([C@H](C)NC(=O)[C@@H]2C[C@@H](O)CN2C(=O)[C@@H](NC(=O)CCCCCCC(=O)Nc2ccc(C(=O)Nc3cccc(Nc4cc(-c5c[nH]c6ccccc56)ncn4)c3)cc2)C(C)(C)C)cc1,PIP4K2C,COc1ncc(-c2ccc3nccc(-c4ccnnc4)c3c2)cc1NS(=O)(=O)c1ccc(F)cc1F,6.57,5.86,=,=
COc1cc(-c2cnn3cc(OC)c([C@H]4COC(C)(C)C4)nc23)ccn1,ACVR2A,Cc1nc(Nc2ncc(C(=O)Nc3c(C)cccc3Cl)s2)cc(N2CCN(CCO)CC2)n1.O,5.39,6.68,=,=
COc1ccc(-c2cnc3cncc(Nc4cc(OC)ccc4OC)c3n2)cc1,HIPK1,Cn1cc(-c2cccc(-c3coc4ccc(-c5cnn(C)c5)nc34)c2)cn1,4.88,6.68,=,=
Cc1ccc(C(=O)Nc2cccc(C(F)(F)F)c2)cc1Nc1nc(-c2cccnc2)nc2nn(C)cc12,MAP3K4,COc1cc(Nc2c(C#N)cnc3cc(OCCCN4CCN(C)CC4)c(OC)cc23)c(Cl)cc1Cl,7.47,6.38,=,=
CC(C)N1CCN(c2ccc(Nc3ncc4c(n3)N(C3CCCC3)C(=O)C4)cc2)CC1,MARK1,COc1cc(N2CCC(N3CCN(C)CC3)CC2)ccc1Nc1ncc(Cl)c(Nc2ccccc2P(C)(C)=O)n1,5.5,6.9,=,=
CN(C)[C@H]1CCCN(c2ccc(C(F)(F)F)cc2NC(=O)c2cc(C#Cc3cnc(N)nc3)ccc2F)C1,CSK,C=C(Br)C(=O)N1CCCC(n2nc(-c3ccc(Oc4ccccc4)nc3)c3c(N)ncnc32)C1,5.75,6.75,=,=
Nc1ncc(-c2cnn(C3CCNCC3)c2)cc1OC1CCCCC1,MAP4K3,Nc1ncc(-c2cnn(C3CCNCC3)c2)c2ccc(-c3cccc(F)c3)cc12,7.12,6.8,=,=
COCC(=O)N1CCO[C@@H](c2nc(-c3ccc(C(=O)Nc4cc(C(F)(F)F)ccn4)cc3F)c3c(N)nccn23)C1,BMX,C=CC(=O)N1CCCC[C@H]1c1nc(-c2ccc(C(=O)Nc3cc(-c4ccc(F)cc4)ccn3)cc2)c(C(N)=O)n1N,6.48,7.33,=,=
CN1C(=O)[C@@H](N2CCc3cn(CC4CCS(=O)(=O)CC4)nc3C2=O)COc2ccccc21,HUNK,Cc1[nH]c(/C=C2\C(=O)Nc3ccc(F)cc32)c(C)c1C(=O)NC[C@H](O)CN1CCOCC1,6.0,8.43,=,=
CNC(=O)c1ccccc1Sc1ccc2c(/C=C/c3ccccn3)n[nH]c2c1,HUNK,CN[C@@H]1C[C@H]2O[C@@](C)([C@@H]1OC)n1c3ccccc3c3c4c(c5c6ccccc6n2c5c31)C(=O)NC4,5.82,6.21,=,=
CNS(=O)(=O)c1cccc(-c2ccnc(NC(=O)C3CCOC3)c2)c1,PIP5K1C,O=C(NC1CC1)N1Cc2[nH]nc(-c3cc4ccc(F)cc4[nH]3)c2C12CCC2,4.8,8.62,=,=
Cc1cn(Cc2ccccc2COC(c2ccccc2)(c2ccccc2)c2ccccc2)c(=O)[nH]c1=O,TK1,Cc1cn([C@H]2C[C@H](SSCCN)[C@@H](CO)O2)c(=O)[nH]c1=O,8.4,5.0,=,=
Cc1[nH]c(/C=C2\C(=O)Nc3ccc(S(=O)(=O)Cc4c(Cl)cccc4Cl)cc32)c(C)c1C(=O)N1CCC[C@@H]1CN1CCCC1,SRPK3,Cc1[nH]c(/C=C2\C(=O)Nc3ccc(F)cc32)c(C)c1C(=O)NC[C@H](O)CN1CCOCC1,5.8,6.92,=,=
C[C@H](O)CNc1cc(Oc2ccc(NC(=O)Nc3cccc(C(F)(F)F)c3)cc2)ncn1,TNNI3K,CNS(=O)(=O)c1cccc(Nc2cc(N(C)c3cccc(C)c3)ncn2)c1,7.5,5.7,=,=
NS(=O)(=O)c1ccc2nc(-c3cn[nH]c3)sc2c1,ILK,NCCNc1[nH]nc(N)c1-c1nc2ccccc2s1,6.3,7.7,=,=
Cl.Nc1ncc(-c2ccc(C(=O)N[C@@H]3CCNC3)cc2)nc1Oc1ccc2cc[nH]c2c1,MET,COc1cc2nccc(Oc3ccc(NC(=O)c4c(C)n(C)n(-c5ccccc5)c4=O)cc3F)c2cc1OC,4.86,9.0,=,=
COc1cc(-c2cnc3[nH]c(=O)n(-c4ccc5[nH]c(C)cc5c4)c3n2)cc(OC)c1OC,MAP3K11,CC(C)Oc1ccc2c(c1)CCc1c-2c2c(c3c1[nH]c1ccccc13)CNC2=O,6.26,6.8,=,=
Cc1nccc2cc(NC(=O)[C@@H]3CC3c3ccc(S(=O)(=O)Nc4ccccn4)cc3)ccc12,IKBKB,CN1CCN(CCCOc2ccc(N3C(=O)/C(=C/c4ccc(Oc5ccc([N+](=O)[O-])cc5)cc4)SC3=S)cc2)CC1,6.5,6.1,=,=
CNc1ncc2cc(-c3ccccc3Cl)c(=O)n(CCCN)c2n1,PAK1,COCc1ccc(C(=O)c2c[nH]c3ncc(-c4cnn(C5CCNCC5)c4)cc23)c(Cl)c1,6.42,7.68,=,=
Cc1cc(-c2ncnc3[nH]ccc23)ccc1F,DAPK3,CC(=O)NC1CCCC(Nc2nc(Cl)cc(-c3c[nH]c4ncccc34)n2)C1,5.5,6.9,=,=
Cc1nc(COc2ccccc2Cl)sc1-c1ccnc(N)n1,PLK4,O=C1NN=Cc2c[nH]c3cc(NC(=O)C4CC4c4ccccc4)cc1c23,5.7,6.8,=,=
Nc1ccc(-c2cc(N[C@H]3CCCCNC3)c3ccncc3c2)c(F)c1,PRKCZ,CC(C)OC(=O)c1c(-c2ccc3c(c2)OCO3)csc1N,10.0,4.68,=,=
Cc1nc2c(N)cc(N3CCOCC3)nn2c1Nc1ccccc1N1CCOCC1,PIK3C2B,Cc1c(Cc2c(CNCCO)nc3c(N)cc(N4CCOCC4)nn23)cccc1C(F)(F)F,7.92,8.96,=,=
Cc1nc(Nc2n[nH]c3c2CN(C(=O)N[C@H](CN(C)C)c2ccccc2)C3(C)C)c2sccc2n1,PAK2,CN[C@@H]1C[C@H]2O[C@@](C)([C@@H]1OC)n1c3ccccc3c3c4c(c5c6ccccc6n2c5c31)C(=O)NC4,6.72,8.57,=,=
O=C(NC1CCNCC1)c1n[nH]cc1NC(=O)c1c(Cl)cccc1Cl,CDKL5,CNC(=O)c1ccc(-c2cnc3ncc(Cc4ccc5ncccc5c4)n3n2)cc1F,8.59,5.69,=,=
C[C@@H](C(=O)Nc1cc(-c2[nH]c3c(c2Nc2ccccc2)C(=O)CCC3)ccn1)N(C)C(=O)OC(C)(C)C,BUB1,CC1(C)CC(=O)c2c([nH]c(-c3ccncc3)c2Nc2ccccc2CO)C1,5.85,8.59,=,=
COc1cc2ncn(-c3cc(OCc4ccccc4C(F)(F)F)c(C(=O)O)s3)c2cc1OC,TSSK1A,Nc1n[nH]c2ccc(-c3nnn(Cc4ccccc4)c3I)cc12,5.9,6.7,=,=
c1ccc2c(c1)ncn2-c1ccnc(NC2CCOCC2)n1,MKNK1,CCC1CCN(Cc2ccc(NC(=O)COc3ccc(-c4cccnc4)cc3)cc2C(F)(F)F)CC1,6.3,5.35,=,=
COc1cc(Nc2c(C#N)cnc3cc(OCCCN4CCN(C)CC4)c(OC)cc23)c(Cl)cc1Cl,NEK11,CCCS(=O)(=O)Nc1ccc(F)c(C(=O)c2c[nH]c3ncc(-c4ccc(Cl)cc4)cc23)c1F,6.19,6.72,=,=
COc1cccc(NC(=O)Nc2nnc(SCc3cc(=O)n4cccc(C)c4n3)s2)c1,NTRK2,C[C@H](Nc1ccc2[nH]nc(/C=C/c3ccccn3)c2c1)c1cc(F)cc(F)c1,4.7,7.65,=,=
O=c1c2cc(F)ccc2n2c(=S)[nH]nc2n1CCCc1ccccc1,PLK1,O=C(O)Cc1cn(CC(O)CN2CCCC2)c2ccccc12,5.18,6.89,=,=
CC(C)(C)c1cnc(CSc2cnc(NC(=O)C3CCNCC3)s2)o1,CDK14,O=C(NC1CCNCC1)c1n[nH]cc1NC(=O)c1c(Cl)cccc1Cl,6.16,7.8,=,=
CS(=O)(=O)NC12CC3CC(CC(NC4=N/C(=C\c5ccc6ncsc6c5)C(=O)N4)(C3)C1)C2,CLK2,CCN(CC)Cc1ccc(OC)c(-c2cc3c(-c4ccc(C(=O)O)c(C(C)C)c4)ccnc3[nH]2)c1,9.0,6.11,=,=
COc1cc(N2CCC(N3CCN(C)CC3)CC2)ccc1Nc1ncc(Cl)c(Nc2ccccc2S(=O)(=O)C(C)C)n1,EPHA7,CN(C)CC(=O)N1CCC(c2ccc(NC(=O)c3nc(C#N)c[nH]3)c(C3=CCCCC3)c2)CC1.Cl,6.7,5.17,=,=
O=c1c(O)c(-c2cc(O)c(O)c(O)c2)oc2cc(O)cc(O)c12,IPMK,O=c1cc(-c2ccc(O)cc2)oc2cc(O)cc(O)c12,5.96,4.54,=,=
C=CC(=O)N1CC[C@]2(C1)C[C@H](n1c(NC(=O)c3ccno3)nc3cc(CN[C@@H](C)C(C)(C)C)ccc31)C2,TEC,C=CC(=O)N1CC[C@]2(C1)C[C@H](n1c(NC(=O)c3ccc(-c4cnco4)s3)nc3cc(N(C)C(=O)C(C)C)ccc31)C2,7.97,9.06,=,=
O=C1COc2ccc(-c3cnc4[nH]cnc4c3)nc2N1Cc1ccccc1,NUAK1,O=C(NCCc1ccc(O)c(Br)c1)/C(Cc1cc(Br)c(O)c(Oc2ccc(CCNC(=O)/C(Cc3cc(Br)c(O)c(-c4cc(C/C(=N\O)C(=O)NCCc5ccc(O)c(Br)c5)cc(Br)c4O)c3)=N/O)cc2Br)c1)=N/O,7.7,5.77,=,=
O=C(CS(=O)(=O)c1ccc(Cl)cc1)N/N=C/c1cc(C(=O)O)c(Nc2ccc(I)cc2F)c(F)c1F,MAP3K9,C[C@@H](Oc1cc(-n2cnc3ccc(CN4CCN(C)CC4)cc32)sc1C(N)=O)c1ccccc1C(F)(F)F,5.16,5.52,=,=
Brc1ccc(Oc2ccc(Nc3ncnc4[nH]ccc34)cc2)cc1,TTBK1,CC(C)(O)C#Cc1cc2c(ccn2-c2ccnc(N)n2)c(N2CCOCC2)n1,6.12,6.87,=,=
O=C(N[C@H](CO)c1ccccc1)c1ccc2nc(N[C@H]3CC[C@H](O)CC3)c3nccn3c2c1,MAST3,C[C@@H](NC(=O)c1ccc2nc(N[C@H]3CC[C@H](O)CC3)c3nccn3c2c1)c1ccccc1,6.54,6.0,=,=
COc1cc2c(Oc3ccc(NC(=O)C4(C(=O)Nc5ccc(F)cc5)CC4)cc3F)ccnc2cc1OCCCN1CCOCC1,HUNK,C[C@]12O[C@H](C[C@]1(O)CO)n1c3ccccc3c3c4c(c5c6ccccc6n2c5c31)CNC4=O,5.27,6.24,=,=
Cc1c(C(N)=O)nc2n1C1CC(C1)c1cc(F)c(C#C[C@@](C)(O)c3ncccn3)cc1-2,MAP3K14,Cc1c(Nc2nccc(-c3cc(C#N)c4c(c3)[C@@](C)(CO)CN4)n2)ccc2c1CCN2C(=O)CN(C)C,7.92,8.6,=,=
CNS(=O)(=O)c1ccccc1Nc1nc(Nc2cc(N3CCN(C(C)=O)CC3)ccc2OC)ncc1Br,CAMK1,CC(=O)N1CCN(C2CCC(n3nc(-c4ccc(NC(=O)c5cc6ccccc6n5C)cc4)c4c(N)ncnc43)CC2)CC1,6.6,5.9,=,=
CN1C(=O)[C@@H](N2CCc3cn(Cc4ccccc4)nc3C2=O)COc2ccccc21,TLK1,COc1ccccc1C1=C(Nc2cccc(Cl)c2)C(=O)NC1=O,6.0,4.89,=,=
COc1cc(-c2cnn3cc(OC)c(N(C)C)nc23)ccn1,TGFBR2,COc1cc(-c2cnn3cc(OC)c(C(C)C)nc23)ccn1,8.1,9.0,=,=
Cc1n[nH]c2ccc(-c3cncc(OCCN)c3)cc12,PRKCG,CN1CCOCCN(C)CCn2cc(c3ccccc32)C2=C(C(=O)NC2=O)c2cn(c3ccccc23)CC1,5.4,5.81,=,=
CC(=O)N[C@@H](Cc1ccc(OP(=O)(O)O)cc1)C(=O)N[C@H]1CSCCN(Cc2ccc3c(c2Cl)OCO3)C1=O,SRC,COc1ccc(Nc2nnc3cc(-c4c(C)cccc4C)cc(C)c3n2)cc1,5.92,6.85,=,=
COc1cc2ncc(C(=O)Oc3ccccc3C)n2cc1S(=O)(=O)C(C)(C)C,LCK,CN1CCN(Cc2ccc3c(c2)Cc2c(-c4csc(C#CCOCC5CC5)c4)n[nH]c2-3)CC1,6.29,6.7,=,=
Cc1[nH]c(/C=C2\C(=O)Nc3ccc(S(=O)(=O)Cc4c(Cl)cccc4Cl)cc32)c(C)c1C(=O)N1CCC[C@@H]1CN1CCCC1,DCLK3,CN1C(=O)[C@@H](N2CCc3cn(Cc4ccccc4)nc3C2=O)COc2ccccc21,5.35,6.0,=,=
NC(=O)c1ccc(-c2c[nH]c3nccc(Cl)c23)cc1,CAMK2B,Cc1cccc(NC(=O)Nc2ccc(NC(=O)c3csc4ncnc(N)c34)cc2)c1,6.5,5.4,=,=
CC(C)Cn1cc(C#N)c2cc(N(C)c3ccc(NC(=O)[C@@H]4CCCN4)cc3)ccc21,PFKFB2,CNC(=O)Cn1cc(C#N)c2cc(Oc3ccc(NC(=O)[C@@H]4CCCN4)cc3)ccc21,6.85,5.63,=,=
Cc1cn([C@H]2C[C@H](n3cc(-c4ccccn4)nn3)[C@@H](CO)O2)c(=O)[nH]c1=O,TK2,Cc1cn(CCCCCCCCOC(c2ccccc2)(c2ccccc2)c2ccccc2)c(=O)[nH]c1=O,5.89,4.35,=,=
COc1cc(OC)cc(N(CC2CC2)c2ccc3ncc(-c4cnn(CCF)c4)nc3c2)c1,FGFR4,C=CC(=O)Nc1cnn(CC(=O)NC)c1-c1cc2c(cn1)CN(c1c(F)c(OC)cc(OC)c1F)C(=O)C21CC1,7.04,7.7,=,=
Cn1cc(CNCc2ccccc2)c2cc(C(=O)Nc3ccc(F)cc3)ccc21,GSG2,COc1cccc(-c2c(C(N)=O)[nH]c3c2C(C)(C)Oc2cnccc2-3)c1,8.15,6.58,=,=
c1cc(N2CCOCC2)ccc1-c1cnc2c(-c3cn[nH]c3)cnn2c1,ACVR1,COc1cc(-c2csc3c(C=CC(=O)NCCN(C)C)cnc(N)c23)ccc1NC(=O)c1cc2ccccc2n1C,7.27,5.9,=,=
Cc1ccc(NC(=O)c2ccnc(C(F)(F)F)c2)cc1-c1cc(OCCO)nc(N2CCOCC2)c1,ARAF,Cc1ccc(C(=O)Nc2ccc(Cl)c(C(F)(F)F)c2)cc1NC(=O)C1(c2ncnc3[nH]cnc23)CC1,6.38,9.0,=,=
CN(C)CCOc1cc(NC(=O)N2CCCc3cccnc32)ncc1C#N,FGFR4,COc1cc(OC)cc(N(CCCNCC(F)(F)F)c2ccc3ncc(-c4cnn(CCCN)c4)nc3c2)c1.Cl,5.36,7.7,=,=
Cc1nc(-c2ncccc2-c2ccc3ncnc(N)c3c2)ccc1F,TGFBR1,COc1ccc(OC)c(/C=C/C(=O)Nc2sc3c(c2C#N)CCC3)c1,8.7,7.05,=,=
CN(C)CCCOc1cc2c(c(-c3ccc(Nc4nc5ccccc5o4)cc3)c1)CNC2=O,CAMK2B,CCCCOc1ccc(C(C)(C)CC)cc1S(=O)(=O)Nc1ccc(-c2csc3ncnc(N)c23)cc1,5.9,5.4,=,=
CN1CC(C)(C)Oc2nc(N3CC4CCC(C3)O4)nc(-c3ccc(NC(=O)Nc4ccncc4)cc3)c2C1=O,PIK3R1,CC(=O)Nc1cc(C(F)(F)F)c(-c2cc(N3CCOCC3)nc(N3CCOCC3)n2)cn1,6.33,8.45,=,=
CN(C)CC(=O)N1CCC(c2ccc(NC(=O)c3nc(C#N)c[nH]3)c(C3=CCCCC3)c2)CC1.Cl,SRPK2,COC(=O)c1ccc2c(c1)NC(=O)/C2=C(\Nc1ccc(N(C)C(=O)CN2CCN(C)CC2)cc1)c1ccccc1,5.66,7.44,=,=
[C-]#[N+]c1ccc(NC(=O)N2CCn3nc(-c4cccc(NS(C)(=O)=O)c4)c(C(N)=O)c3C2)cc1,CSNK1D,O=C(Nc1cn2nc(-c3c(-c4ccc(F)cc4)nc4ccccn34)ccc2n1)c1csc(-c2ccncc2)n1,5.9,7.98,=,=
CO[C@H]1CC[C@@H](Nc2cc(NCc3cnccc3C(F)(F)F)ncc2C#N)CC1,PRKCQ,CN1CCN(c2nc(C3=C(c4c[nH]c5ccccc45)C(=O)NC3=O)c3ccc(F)cc3n2)CC1,7.24,8.11,=,=
COc1ccc(-c2cc(=O)c3c(O)cc(O)cc3o2)cc1O,IPMK,O=c1c(O)c(-c2ccc(O)c(O)c2)oc2cc(O)cc(O)c12,5.14,5.64,=,=
Cc1ccc(C(=O)Nc2cccc(C(F)(F)F)c2)cc1Nc1nc(-c2cccnc2)nc2nn(C)cc12,MAP4K3,CCN1CCC(Nc2ccc3c(c2)C(=C(c2ccc(Cl)cc2)c2ncc[nH]2)C(=O)N3)CC1,4.73,7.6,=,=
C[C@]12O[C@H](C[C@]1(O)CO)n1c3ccccc3c3c4c(c5c6ccccc6n2c5c31)CNC4=O,SBK1,COc1cc(Nc2ncc(F)c(Nc3ccc4c(n3)NC(=O)C(C)(C)O4)n2)cc(OC)c1OC,6.7,7.03,=,=
CCS(=O)(=O)N1CC[C@H](Nc2c(Br)cnc3[nH]c(-c4cc(C)n(-c5cccc(C(=O)N6CCOCC6)c5)c4C)nc23)C1,MAP3K11,CNC(=O)c1nn(C)c2c1C(C)(C)Cc1cnc(Nc3ccc(N4CCN(C)CC4)cc3)nc1-2,8.22,5.61,=,=
CNc1ncc2cc(-c3ccccc3Cl)c(=O)n(CCCCN)c2n1,SIK3,CNc1ncc2cc(-c3ccc(-c4ncccc4Cl)cc3Cl)c(=O)n(C[C@H]3OC[C@H](N)CO3)c2n1,7.6,5.05,=,=
CO[C@H]1CC[C@H](Nc2cc(NCc3cnccc3C(F)(F)F)ncc2C#N)CC1,PRKCQ,CN(C)Cc1ccc2ccc(Cl)c(C3=C(c4c[nH]c5ccccc45)C(=O)NC3=O)c2c1,5.96,6.41,=,=
CC(C)[C@H](NC(=O)c1cc(C2C=C3N=C(c4ccc(OCCN5CCCCC5)cc4)C=CN3N2)cs1)C(F)(F)F,ULK1,N#CC[C@H](C1CCCC1)n1cc(-c2ncnc3[nH]ccc23)cn1,8.8,6.52,=,=
N[C@H](CNc1nnc(-c2ccc3cnccc3c2)s1)Cc1ccc(C(F)(F)F)cc1,SGK1,O=C(Nc1n[nH]c2nc(-c3ccc(NS(=O)(=O)c4cc(Cl)ccc4Cl)cc3)ncc12)C1CCNCC1,5.66,7.89,=,=
Cc1cccc(CC(=O)N2CCc3c2ccc(-c2cn(C)c4ncnc(N)c24)c3F)n1,EIF2AK1,Cc1cc(C(=O)NOCCO)c(Nc2ccc(I)cc2F)n(C)c1=O,6.34,5.74,=,=
C[C@H]1CN(c2ccc(Nc3ncc4c5ccncc5n([C@H]5CCC[C@H]5O)c4n3)nc2)CCN1,CDK4,Cc1nc2c(F)cc(-c3nc(Nc4ccc5c(n4)CCN(C[C@H]4CNCCO4)C5)ncc3F)cc2n1C(C)(C)C,7.15,8.99,=,=
CN1CCC(Nc2ccc(C(=O)Nc3cc(-c4ccc5ncn(C6CC6)c5c4)[nH]n3)cc2)CC1,FLT3,CC(=O)NS(=O)(=O)[C@H]1C2CCC(CC2)[C@@H]1Nc1nc(-c2c[nH]c3ncc(F)cc23)ncc1F,8.45,5.55,=,=
CCn1cc(CNC(=O)C2=C(C)NC(Nc3nc4ccc(F)c(N)c4o3)=NC2c2ccc(Cl)cc2Cl)cn1,GALK1,CC1=C(C(=O)NCc2cnn(C)c2)[C@@H](c2ccc(C)cc2Cl)N=C(Nc2nc3cccc(N)c3o2)N1,6.57,4.91,=,=
Cc1cc(Nc2cc(N3CCN(C)CC3)nc(Sc3ccc(NC(=O)C4CC4)cc3)n2)n[nH]1,PIP4K2B,Cc1ccc(Nc2cc(Nc3cccc(NC(=O)c4ccc(NC(=O)/C=C/CN(C)C)cc4)c3)ncn2)cc1,6.85,5.21,=,=
NC(=O)c1cnc(N2CCC[C@H](N)C2)nc1Nc1cc(N2CC(N)C2)cc(C(F)(F)F)c1,CAMK1D,CC(SCC1CCC2CC1C2(C)C)C(N)=O,7.0,4.1,=,=
COc1c(Nc2cc(C)[nH]n2)nc(Sc2ccc(S(=O)(=O)Cc3cccc([N+](=O)[O-])c3F)cc2F)nc1N1CCOCC1,AURKC,C[C@@H](Oc1cc(-c2cnn(C3CCNCC3)c2)cnc1N)c1c(Cl)ccc(F)c1Cl,6.31,5.37,=,=
CS(C)(=O)=Nc1cc(OCC(F)F)c2c(Nc3ccc(F)cc3O[C@H]3COC[C@@H]3O)ncnc2c1,MKNK2,Nc1snnc1-c1ccc(C(F)(F)F)cc1,6.69,4.44,=,=
O=C(O)c1ccc(-c2ncnc3ccccc23)cc1C1CCCC1,CAMKK1,COC(=O)c1ccc2c(c1)NC(=O)/C2=C(\Nc1ccc(N(C)C(=O)CN2CCN(C)CC2)cc1)c1ccccc1,5.26,6.2,=,=
O=C(NCC1CCCCC1)c1cc2c(-c3ccccc3)n[nH]c2s1,STK3,CN1CCN(c2ccc3nc(-c4c(N)c5c(F)cccc5[nH]c4=O)[nH]c3c2)CC1,5.5,6.32,=,=
O=C(O)c1ccccc1Nc1ccnc(Nc2cccc(O)c2)n1,PLK3,NC(COc1cncc(-c2ccc3c(c2)C(=Cc2ccco2)C(=O)N3)c1)Cc1c[nH]c2ccccc12,7.3,6.3,=,=
CN(C)C[C@@H]1CCn2cc(c3ccccc32)C2=C(C(=O)NC2=O)c2cn(c3ccccc23)CCO1,LATS2,c1cc(-c2nc(NC3CCCC3)c3ccncc3n2)ccn1,6.19,7.52,=,=
COc1cc2ncnc(Nc3ccc(F)c(Cl)c3)c2cc1OCCCN1CCOCC1,SBK1,CN(C)CC(=O)N1CCC(c2ccc(NC(=O)c3nc(C#N)c[nH]3)c(C3=CCCCC3)c2)CC1.Cl,6.25,5.51,=,=
Nc1nc(Nc2ccc(S(N)(=O)=O)cc2)nn1C(=O)c1c(F)cccc1F,ACVR2B,CC(=O)c1c[nH]c(-c2sc(N(c3cnn(-c4ccncc4CO)c3)C3CC3)nc2C(N)=O)c1,5.23,7.16,=,=
CCN1CCC(Oc2ccnc(C(=O)Nc3ccc(NC(=O)Nc4cc(C(C)(C)C)on4)cc3)c2)CC1,CSF1R,CN(C)c1ccc2c(Nc3ccc(NC(=O)Nc4ccccc4)cc3)ncnc2c1,8.52,6.61,=,=
CC(C)c1cc(CNc2nc(Nc3cc(C4CC4)[nH]n3)cc(N3CCN(C)CC3)n2)on1,EPHA7,O=C(c1ccc(/C=C/c2n[nH]c3ccccc23)cc1)N1CCNCC1,7.77,6.41,=,=
Cc1nccnc1-c1ccc(N(Cc2ccccc2)C(=O)c2ccc(O)cc2O)cc1,PDK1,CCNCc1cccc(CN(C(=O)c2ccc(O)cc2O)c2ccc(-c3nc(Cl)ncc3C)cc2)c1,6.0,7.0,=,=
CC(C)(C)c1cnc(CSc2cnc(NC(=O)C3CCNCC3)s2)o1,STRADA,Cc1cc(Nc2nc(N[C@@H](C)c3ncc(F)cn3)ncc2Cl)[nH]n1,5.55,6.5,=,=
CCc1nc(C(N)=O)c(Nc2ccc(N3CCC(N4CCN(C)CC4)CC3)c(OC)c2)nc1NC1CCOCC1,STK26,C[C@]12O[C@H](C[C@]1(O)CO)n1c3ccccc3c3c4c(c5c6ccccc6n2c5c31)CNC4=O,5.94,6.64,=,=
C[C@]12O[C@H](C[C@]1(O)CO)n1c3ccccc3c3c4c(c5c6ccccc6n2c5c31)CNC4=O,GRK4,COc1cc(N2CCC(N3CCN(C)CC3)CC2)ccc1Nc1ncc(Cl)c(Nc2ccccc2S(=O)(=O)C(C)C)n1,7.92,5.46,=,=
Cc1n[nH]c2ccc(-c3nnc(NC[C@@H](N)Cc4ccccc4F)s3)cc12,CDK2,CN1CCC(c2c(O)cc(O)c3c(=O)cc(Oc4ccccc4Cl)oc23)C(O)C1,6.98,5.68,=,=
Cc1ccc(CNc2ncnc3ccc(-c4ccc(CO)o4)cc23)o1,CLK1,NC(=O)c1cc(-c2cn3cc(Br)ccc3n2)ccc1O,5.82,6.16,=,=
CNCc1cccc(-c2nnc(-c3nc(-c4ccc(=O)n(C(C)C)c4)cnc3N)o2)c1,ATR,COc1cnccc1-c1cnc(N)c(-c2nnc(-c3ccccc3)o2)n1,7.56,5.45,=,=
COC1OC(=O)c2c(O)c(O)c(O)c(C)c21,MET,COc1cc2nccc(Oc3ccc(-c4cnc(Nc5cccc(F)c5)n(C)c4=O)cc3F)c2cc1OC,5.01,7.42,=,=
COc1nc(N)ncc1-c1ccc(Cl)c(S(=O)(=O)Nc2cccc(F)c2F)c1,PIK3CB,CC(C)n1nc(-c2ccc3cc[nH]c3c2)c2c(N)ncnc21,7.27,5.3,=,=
C[C@]12O[C@H](C[C@]1(O)CO)n1c3ccccc3c3c4c(c5c6ccccc6n2c5c31)CNC4=O,SGK3,O=C(O)c1ccc(-c2c[nH]c3ncc(-c4ccccc4)cc23)cc1C1CCCC1,8.24,6.5,=,=
COc1ccc(NC(=O)c2ccc(-c3nc4ccc(-c5ccc(N6CCN(C)CC6)cc5)cc4[nH]3)cc2)cc1,PAK4,CCN1CCN(c2ccc(Nc3ncc(C#N)c(Nc4ccc5[nH]ncc5c4)n3)cc2)CC1,7.51,6.5,=,=
CN(C)/C=C/CC(=O)Nc1ccc(C(=O)Nc2cccc(Nc3ncc(Cl)c(-c4cc5ccccc5[nH]4)n3)c2)cc1,CDK7,Cc1ccc2nc(NCCN)c3ncc(C)n3c2c1,8.49,6.17,=,=
COc1cc(N2CCC(N3CCN(C)CC3)CC2)ccc1Nc1ncc(Cl)c(Nc2ccccc2S(=O)(=O)C(C)C)n1,PRPF4B,CN[C@@H]1C[C@H]2O[C@@](C)([C@@H]1OC)n1c3ccccc3c3c4c(c5c6ccccc6n2c5c31)C(=O)NC4,5.12,6.66,=,=
Nc1ncnc2sc3c(c12)-c1ccc(NC(=O)Nc2ccccc2)cc1CC3,ERBB4,COc1cc2ncnc(Nc3ccc(F)c(Cl)c3)c2cc1NC(=O)/C(F)=C/CN(C)C,5.8,7.64,=,=
C=C(Br)C(=O)N1CCCC(n2nc(-c3ccc(Oc4ccccc4)nc3)c3c(N)ncnc32)C1,BLK,COc1ccc(-c2cnn3c(N)c(-c4nccs4)c(OC4CCN(C)CC4)nc23)cc1OC,8.8,5.09,=,=
O=C(c1ccc2c(c1)C(O)(C(F)(F)F)c1ccccc1-2)N1CCCCC1,PDK2,CN(C)CCCOc1ccc2c(c1)C(O)(C(F)(F)F)c1ccccc1-2,5.4,6.03,=,=
CO[C@@H]1[C@H](N(C)CCOCCOCCOCCNC(=O)CCC2=[N+]3C(=Cc4c(C)cc(C)n4[B-]3(F)F)C=C2)C[C@H]2O[C@]1(C)n1c3ccccc3c3c4c(c5c6ccccc6n2c5c31)C(=O)NC4,EPHA1,COc1cc(Nc2ccnc3ccc(C(F)(F)F)cc23)cc(OC)c1OC,6.23,5.51,=,=
O=C(N[C@@H]1CNCCC[C@H]1OC(=O)c1cc(O)c(C(=O)c2c(O)cccc2C(=O)O)c(O)c1)c1ccc(O)cc1,PRKG1,COc1cccc([C@@H](CO)O[C@H]2CCCN(Cc3ccc(C(=O)O)cc3C)[C@H]2c2ccccc2)c1,8.8,4.09,=,=
N=c1oc2c(O)cccc2cc1C(N)=O,LCK,CN1CCN(Cc2ccc3c(c2)Cc2c(-c4csc(C#CCOCC5CC5)c4)n[nH]c2-3)CC1,4.0,6.7,=,=
Nc1nc2ccc(-c3cccnc3)cc2s1,PIP5K1C,CNC(=O)c1cc(Nc2ccccc2)cc(-c2ccnc(NC(=O)C3CC3)c2)c1,4.5,8.44,=,=
CCCCCCCC(=O)Nc1nc2[nH]c(CN3CCN(Cc4ccc(F)cc4)CC3)c(CN3CCN(Cc4ccc(F)cc4)CC3)c2c(=O)[nH]1,TEK,Nc1ncc(C#Cc2ccc(F)c(C(=O)Nc3cccc(C(F)(F)F)c3)c2)cn1,5.09,7.33,=,=
CC(C)(O)c1nnc2ccc(-c3c(-c4ccc(F)cc4F)nc4n3CCC4)nn12,PRKD2,NC(=O)c1cc(N[C@@H]2CCNC2)nc(-c2ccnc(NC3CCCCC3)c2)c1,5.4,7.75,=,=
O=C(O)CSc1ncnc2cc(-c3cc4ccccc4s3)sc12,CAMKK2,CC(C)c1cc(CNc2nc(Nc3cc(C4CC4)[nH]n3)cc(N3CCN(C)CC3)n2)on1,6.65,5.63,=,=
Cc1ccc(C(=O)Nc2cccc(C(F)(F)F)c2)cc1Nc1nc(-c2cccnc2)nc2c1cnn2C,ULK3,C[C@]12O[C@H](C[C@]1(O)CO)n1c3ccccc3c3c4c(c5c6ccccc6n2c5c31)CNC4=O,5.79,8.31,=,=
Cc1[nH]nc(N)c1-c1nc2c(F)cccc2s1,ILK,c1ccc2sc(-c3cn[nH]c3)nc2c1,6.4,5.8,=,=
CC(C)NC(=O)c1oc2cnccc2c1Nc1ccc2c(c1)CN/C2=N\O,EIF2AK3,COc1c(C)cc(S(=O)(=O)Nc2cccc(-c3cn(C)c4ncnc(N)c34)c2F)cc1C,5.89,7.48,=,=
Cn1nc(C(N)=O)c2c1-c1nc(Nc3cc(NC4CCCN4)ccc3OC(F)(F)F)ncc1CC2,PLK2,CC[C@@H]1C(=O)N(C)c2cnc(-n3ccnc3-c3ccccc3)nc2N1[C@@H]1CCOC1,6.12,7.68,=,=
CCOc1cc2ncc(C#N)c(Nc3ccc(OCc4ccccn4)c(Cl)c3)c2cc1NC(=O)/C=C/CN(C)C,TIE1,CO[C@@H]1[C@H](N(C)C(=O)c2ccccc2)C[C@H]2O[C@]1(C)n1c3ccccc3c3c4c(c5c6ccccc6n2c5c31)C(=O)NC4,6.41,5.85,=,=
CCn1cc(-c2cc3c(-c4cccc(N5CCNC[C@@H](O)C5)n4)n[nH]c3cn2)cn1,PIM1,C[C@H]1C[C@@H](c2ccncc2NC(=O)c2csc(-c3c(F)cccc3F)n2)C[C@@H](N)[C@H]1O,10.85,8.3,=,=
COc1cccc(Nc2[nH]nc(-c3ccc(NS(=O)(=O)C(F)F)cc3)c2C(N)=O)c1,MLKL,CN1C(=O)[C@@H](N2CCc3cn(Cc4ccccc4)nc3C2=O)COc2ccccc21,9.15,6.0,=,=
Nc1ncc(-c2cc(C3CC3)cc(N3C[C@@H]4C[C@H]3CO4)n2)nc1OC(F)F,MAP3K13,Nc1ncc(-c2cc([C@H]3CCCO3)nc(N3C[C@@H]4C[C@H]3CO4)n2)nc1OC(F)F,7.12,6.7,=,=
CN1C(=O)[C@@H](N2CCc3cn(CC4CCS(=O)(=O)CC4)nc3C2=O)COc2ccccc21,TSSK3,CO[C@@H]1[C@H](NCCOCCOCCOCCNC(=O)CCC2=[N+]3C(=Cc4c(C)cc(C)n4[B-]3(F)F)C=C2)C[C@H]2O[C@]1(C)n1c3ccccc3c3c4c(c5c6ccccc6n2c5c31)C(=O)NC4,6.0,6.42,=,=
Cc1ccc(-n2nc(C(C)(C)C)cc2NC(=O)Nc2ccc(OCCN3CCOCC3)c3ccccc23)cc1,ANKK1,N#CC[C@H](C1CCCC1)n1cc(-c2ncnc3[nH]ccc23)cn1,6.0,6.41,=,=
CN(C)CCNC(=O)Nc1ccc(-c2ccc3ncn(-c4ccc(-c5ccccc5F)cc4)c3c2)cc1,ATM,Cc1cc(C[C@H]2CCCN2c2nc(N3CCO[C@H](C)C3)cc(=O)[nH]2)cc(C)n1,7.77,7.24,=,=
COc1cnc(Nc2cccc(S(N)(=O)=O)c2)nc1N1CCN(c2ccccc2)CC1C,BMPR2,c1cc(-c2cnn3cc(-c4ccc(N5CCNCC5)cc4)cnc23)c2cccnc2c1,7.06,6.16,=,=
CC(=O)N1CCN(C2CCC(n3nc(-c4ccc(NC(=O)c5cc6ccccc6n5C)cc4)c4c(N)ncnc43)CC2)CC1,CAMK1,Cc1[nH]c(/C=C2\C(=O)Nc3ccc(F)cc32)c(C)c1C(=O)NC[C@H](O)CN1CCOCC1,5.9,5.48,=,=
CCN(CC)CCNC(=O)c1c(C)[nH]c(/C=C2\C(=O)Nc3ccc(F)cc32)c1C,CAMKK1,CCOc1ccc2c(-c3ccc(C(=O)O)c(C(C)C)c3)ncnc2c1,6.38,7.33,=,=
CCc1nc(C(N)=O)c(Nc2ccc(N3CCC(N4CCN(C)CC4)CC3)c(OC)c2)nc1NC1CCOCC1,ULK3,O=C(c1ccc(/C=C/c2n[nH]c3ccccc23)cc1)N1CCNCC1,8.22,6.45,=,=
COc1cnc(Nc2cccc(S(N)(=O)=O)c2)nc1N1CCNCC1,BMPR2,CN1C(=O)[C@@H](N2CCc3cn(Cc4ccccc4)nc3C2=O)COc2ccccc21,6.6,6.0,=,=
CN(C)[C@H]1C[C@@]23CC[C@@]4(O2)C(=CC[C@]2(C)[C@@H](c5ccc6ccncc6c5)CC[C@H]24)C=C3[C@@H](O)[C@@H]1O,CDK19,Cn1cc(Nc2ncc(Cl)c(Nc3ccccc3)n2)cn1,8.0,5.7,=,=
Cc1cc(Nc2cc(N3CCN(C)CC3)nc(Sc3ccc(NC(=O)C4CC4)cc3)n2)n[nH]1,MAP2K2,OCc1cc(-c2ccc3[nH]ncc3c2)on1,5.7,4.8,=,=
O=C(Nc1cccc2cccnc12)c1n[nH]c2ccc(-c3cccnc3)cc12,DYRK1A,O=c1[nH]c2ccc(Cl)cc2c2ncnn12,5.66,4.2,=,=
FC(F)(F)c1cnc(Nc2ccc3c(c2)OCO3)nc1N1CCCC1,ULK1,Cc1n[nH]c2ccc(-c3cncc(OC[C@@H](N)Cc4ccccc4)c3)cc12,5.96,5.1,=,=
CN1C(=O)[C@@H](N2CCc3cn(CC4CCS(=O)(=O)CC4)nc3C2=O)COc2ccccc21,MASTL,CC[C@](C)(N)c1ccnc(Nc2cc3cc(-c4cnnn4C)nc(N)c3cn2)c1,6.0,10.3,=,=
CC(C)(O)C#Cc1cc2c(cn1)c(C1CCOCC1)cn2-c1ccnc(N)n1,TTBK1,CC(C)(O)/C=C/c1cc2c(cn1)cnn2-c1ccnc(N)n1,7.45,5.71,=,=
O=C(O)c1ccc2noc(-c3ccc(N4CCCC4=O)cc3)c2c1,IP6K3,O=C(O)c1ccc2noc(-c3ccc(-c4cccnc4)cc3)c2c1,5.66,6.21,=,=
Cc1nc(N)sc1-c1ccnc(Nc2ccc(N3CCOCC3)cc2)n1,CAMKK2,O=C(O)c1ccc(-c2ncnc3ccc(-c4ccccc4)cc23)cc1C1CCCC1,4.28,6.98,=,=
COc1cc(OC)cc(N(CCNC(C)C)c2ccc3ncc(-c4cnn(CCCN5CCN(CCCO)CC5)c4)nc3c2)c1.Cl,FGFR4,CCC(=O)Nc1cccc(C)c1Nc1cc(-c2cccnc2Nc2c(Cl)c(OC)cc(OC)c2Cl)ncn1,7.78,6.84,=,=
Nc1ncc(-c2nnn(CCCO)n2)cc1-c1cc2cc(NC(=O)Nc3ccc(F)c(C(F)(F)F)c3)ccc2s1,EIF2AK2,O=C1NC(=O)/C(=C/c2c[nH]c3ccc(Br)cc23)N1,7.0,5.4,=,=
C=CC(=O)N1CC(OCCn2c(=O)c(-c3c(Cl)c(OC)cc(OC)c3Cl)cc3cnc(NCCN4CCN(C)CC4)nc32)C1,FGFR2,COc1cc(OC)c(F)c(N2Cc3cnc(-c4cn(C)nc4C)cc3N(C)C2=O)c1F,7.9,6.94,=,=
CNC(=O)Cn1cc(-c2cnc3ccc(N(CCCNC(C)C)c4cc(OC)cc(OC)c4)cc3n2)cn1,FGFR4,COc1cc(OC)cc(N(CC2CC2)c2ccc3ncc(-c4cnn(CCF)c4)nc3c2)c1,7.98,7.04,=,=
CCOc1cc2ncc(C#N)c(Nc3ccc(OCc4ccccn4)c(Cl)c3)c2cc1NC(=O)/C=C/CN(C)C,NEK3,Cc1ccc(C(=O)Nc2cccc(C(F)(F)F)c2)cc1Nc1nc(-c2cccnc2)nc2nn(C)cc12,5.62,5.04,=,=
N#Cc1ncc2nc1OCCCCOc1cc(NCc3cncs3)c(Cl)cc1NC(=O)N2,PBK,O=C(N[C@H]1CCCNC1)c1ccnc2nc(-c3ccc(N4CCCC(O)C4)s3)[nH]c12,5.29,6.2,=,=
CC(C)[C@@](C)(O)[C@@H]1CN(c2nc(-c3n[nH]c4ncccc34)c(F)cc2Cl)CCN1,PRKCE,O=C(N[C@H]1C[C@@H](CO)C[C@H]1OC(=O)c1cc(O)c(C(=O)c2c(O)cccc2C(=O)O)c(O)c1)c1ccc(O)cc1,9.0,6.58,=,=
Cc1nnc(-c2cnc(-c3cccc(-c4cnn(C)c4)c3)nc2NC2CCN(S(C)(=O)=O)CC2)s1,IRAK1,Cn1cc(-c2cccc(-c3ncc(-c4cnn(C)c4)c(N4CCC(CO)C4)n3)c2)cn1,6.26,5.52,=,=
C[C@H]1C[C@@H](c2ccncc2NC(=O)c2csc(-c3c(F)cccc3F)n2)C[C@@H](N)[C@H]1O,PIM1,Cn1cc(-c2cc3c(-c4cccc(N5C[C@H](N)C[C@@H](F)C5)n4)n[nH]c3cn2)cn1,8.3,8.93,=,=
CNC(=O)[C@]1(C)CC[C@@H](Nc2ncc3c(Br)nn(-c4ccc(-c5nnc(C)s5)cc4)c3n2)C1,CDKL3,CN[C@@H]1C[C@H]2O[C@@](C)([C@@H]1OC)n1c3ccccc3c3c4c(c5c6ccccc6n2c5c31)C(=O)NC4,6.84,5.62,=,=
Cc1ccc(Cn2cc(-c3ccc4[nH]ncc4c3)nn2)c(C)c1,SGK2,CC(=O)NCC(=O)N1C2CCC1c1cc(Nc3ncc(C(F)(F)F)c(NC4CCC4)n3)ccc12,5.5,6.4,=,=
CS(=O)(=O)CCn1cc(-c2cnc(N)c3c(-c4ccc(NC(=O)Nc5cccc(F)c5)cc4)csc23)cn1,AURKB,Cc1cc(Nc2nn(Cc3csc(C)n3)c(=O)c3ccccc23)n[nH]1,7.96,4.62,=,=
CCn1c(-c2nonc2N)nc2cncc(OC3CCNCC3)c21,RPS6KA5,Cc1n[nH]c2cccc(-c3ccc(NC(=O)Nc4cccc(C(F)(F)F)c4)cc3)c12,7.68,6.1,=,=
NCCc1ccc(-c2c(O)cc(Cl)c3[nH]c(=O)c4sccc4c23)cc1F,NEK1,c1ccc(Nc2nccc(Nc3cc(C4CC4)[nH]n3)n2)cc1,8.26,6.07,=,=
Cn1cc(-c2ccc3occ(-c4cccc(-c5cn[nH]c5)c4)c3n2)cn1,HIPK3,CC(C)(C)c1cc(NC(=O)Nc2ccc(-c3cn4c(n3)sc3cc(OCCN5CCOCC5)ccc34)cc2)no1,6.79,4.7,=,=
O=c1c(NCc2cccc(C(F)(F)F)c2)c(Nc2ccncc2)c1=O,HIPK4,Cc1cccc(Nc2nc(NC3CCCCC3N)cnc2C(N)=O)c1,6.8,5.3,=,=
COc1cccc([C@@H](C)NC(=O)c2ccc(-c3ccnc(F)c3)nc2)c1,PRKG1,COC(=O)Nn1c(C[C@H]2CCC[C@H](OCc3cc(C(F)(F)F)cc(C(F)(F)F)c3)[C@@H]2c2ccccc2)n[nH]c1=O,6.5,5.13,=,=
Brc1cnc2[nH]cc(-c3ccccc3)c2c1,AURKB,COc1cc2/c(=N/c3ccc(Br)cc3F)nc[nH]c2cc1OCC1CCN(C)CC1,6.8,5.6,=,=
CC(=O)NCC(=O)N1C2CCC1c1cc(Nc3ncc(C(F)(F)F)c(NC4CCC4)n3)ccc12,MINK1,CC(C)(C(N)=O)n1cc(-c2cnc(N)c3c(-c4ccc(NC(=O)Nc5cccc(F)c5)cc4)csc23)cn1,6.8,6.3,=,=
C=CC(=O)N1CC[C@]2(C1)C[C@H](n1c(NC(=O)c3cc(C)cs3)nc3ccccc31)C2,TXK,C=CC(=O)N1CCCN(C(=O)c2cc(Sc3cnc(NC(=O)c4cccc(CN5CCOCC5)c4)s3)c(C)cc2OC)CC1,7.77,6.26,=,=
COc1c(O)cc2oc3cc(O)c(CC=C(C)C)c(O)c3c(=O)c2c1CC=C(C)C,MARK4,O=C(c1ccc2c(c1)Nc1ccccc1S2)c1nc2ccccn2c1-c1ccc(Br)cc1,5.75,5.01,=,=
Brc1ccc(Oc2ccc(Nc3ncnc4[nH]ccc34)cc2)cc1,TTBK1,CC(C)(O)C#Cc1cc2c(ccn2-c2ccnc(N)n2)c(N2CCOCC2)n1,6.12,6.87,=,=
CC(=O)c1c(C)c2cnc(Nc3ccc(N4CCNCC4)cn3)nc2n(C2CCCC2)c1=O,TAOK2,CCc1nc(C(N)=O)c(Nc2ccc(N3CCC(N4CCN(C)CC4)CC3)c(OC)c2)nc1NC1CCOCC1,4.55,5.68,=,=
Cc1[nH]c(/C=C2\C(=O)Nc3ccc(F)cc32)c(C)c1C(=O)NC[C@H](O)CN1CCOCC1,CAMK4,N[C@@H]1CCCN(c2c(/C=C3\SC(=O)NC3=O)cccc2-c2ccccc2)C1,5.57,6.44,=,=
Cc1cnc(Nc2ccc(OCCN3CCCC3)cc2)nc1Nc1cccc(S(=O)(=O)NC(C)(C)C)c1,MARK3,COc1cccc(C(=O)Nc2cnc3[nH]cc(-c4ccccc4)c3c2)c1,6.52,5.9,=,=
N#CC[C@H](C1CCCC1)n1cc(-c2ncnc3[nH]ccc23)cn1,RIOK2,COc1ccc(-c2ccc3[nH]c(=O)c4nnn(-c5ccc(N6CCNCC6)cc5)c4c3c2)cn1,5.92,7.2,=,=
CC(=O)c1ccc2c(c1)/C(=C/c1ccc[nH]1)C(=O)N2,TLK2,CCN(CC)CCNC(=O)c1c(C)[nH]c(/C=C2\C(=O)Nc3ccc(F)cc32)c1C,6.82,6.48,=,=
Cc1ccc(C(=O)Nc2c(C#N)sc3ccc(Cl)c(Cl)c23)cc1,CSNK1G1,CC(Nc1nccc(-c2c(-c3ccc(F)cc3)nc3occn23)n1)c1ccccc1,7.7,5.95,=,=
CCS(=O)(=O)c1ccc(Cl)cc1CNC(=O)c1cc(Br)cc(N2CCNCC2)c1,DDR1,C[C@@H]1CN(c2cncnc2)Cc2cc(C(=O)Nc3cc(CN4CCCN(C)CC4)cc(C(F)(F)F)c3)ccc21,5.78,6.78,=,=
COc1cccc(CNC(=O)c2cc3c(-c4ccccc4)n[nH]c3s2)c1,HIPK4,Cc1nc(COc2ccccc2Cl)sc1-c1ccnc(N)n1,6.9,6.4,=,=
CO[C@@H]1[C@H](N(C)CCOCCOCCOCCNC(=O)CCC2=[N+]3C(=Cc4c(C)cc(C)n4[B-]3(F)F)C=C2)C[C@H]2O[C@]1(C)n1c3ccccc3c3c4c(c5c6ccccc6n2c5c31)C(=O)NC4,MAP3K2,CCN1CCN(Cc2ccc(NC(=O)Nc3ccc(Oc4cc(NC)ncn4)cc3)cc2C(F)(F)F)CC1,7.28,5.64,=,=
COc1cc2c(cc1OC)C(=O)C(CC1CCN(Cc3ccccc3)CC1)C2,MARK4,CN1C2CC1CN(c1ccc(Nc3ncc4ccn(CC5CCOCC5)c4n3)cc1)C2,5.28,4.9,=,=
COC(=O)c1cc2c(cc1C)/C(=C(/Nc1ccc(C(=O)N3CCN(CCO)CC3)cc1)c1ccccc1)C(=O)N2,PDGFRA,Cc1n[nH]c2nccc(-c3ccc(NC(=O)NC4CCC4)cc3)c12,8.18,6.13,=,=
CN1CCN(c2ccc3nc(-c4c(N)c5c(F)cccc5[nH]c4=O)[nH]c3c2)CC1,NEK7,O=C(c1ccc(/C=C/c2n[nH]c3ccccc23)cc1)N1CCNCC1,5.25,6.68,=,=
CC(C)(C)c1cnc(CSc2cnc(NC(=O)C3CCNCC3)s2)o1,MAK,CN[C@@H]1C[C@H]2O[C@@](C)([C@@H]1OC)n1c3ccccc3c3c4c(c5c6ccccc6n2c5c31)C(=O)NC4,5.64,7.59,=,=
CNC(=O)c1ccccc1Nc1nc(Nc2ccc(N3CCOCC3)cc2OC)ncc1Cl,HIPK4,CCNC(=O)c1cnc(N)c2c(-c3ccc(NC(=O)Nc4cccc(F)c4)cc3)csc12,7.0,6.4,=,=
Cn1cc(-c2cccc(NS(=O)(=O)c3ccc(Cl)cc3F)c2F)c2c(N)ncnc21,EIF2AK3,CCOC(=O)c1oc2cnccc2c1Nc1ccc2c(O)c(F)ccc2c1,7.48,6.85,=,=
NCCn1cc(-c2cc(-c3cc4ccccc4s3)c3[nH]ncc3c2)c2nc(N)ncc21,MAPK12,COc1ccc(-n2nc(C(C)(C)C)cc2NC(=O)Nc2ccc(Oc3ccnc4[nH]c(=O)cnc34)c3ccccc23)cc1,5.35,6.44,=,=
COc1ccc2[nH]nc(C(=O)NCC3CCN(CCc4ccc(O)cc4)CC3)c2c1,CDK16,O=C(Nc1c[nH]nc1-c1nc2ccc(CN3CCOCC3)cc2[nH]1)NC1CC1,5.68,7.5,=,=
O=C(Nc1ccc(OC(F)(F)F)cc1-c1nc2ccccc2[nH]c1=O)c1cccs1,STK33,CN1C(=O)[C@@H](N2CCc3cn(CC4CCS(=O)(=O)CC4)nc3C2=O)COc2ccccc21,6.96,6.0,=,=
CNC(=O)Nc1ccc(-c2nc(N3CCOC[C@@H]3C)nc3c2C(=O)N(CCOC)CC(C)(C)O3)cc1F,PIK3R1,CCN1CC(C)(C)Oc2nc(N3CCOC[C@@H]3C)nc(-c3ccc(NC(=O)NC4CC4)c(F)c3)c2C1=O,5.87,5.24,=,=
Cc1nc(Nc2ncc(C(=O)Nc3c(C)cccc3Cl)s2)cc(N2CCN(CCO)CC2)n1,EPHB2,Cc1cc(Nc2cc(N3CCN(C)CC3)nc(Sc3ccc(NC(=O)C4CC4)cc3)n2)n[nH]1,8.41,5.25,=,=
CC(C)Oc1ccc2c(c1)CCc1c-2c2c(c3c4ccccc4n(CCO)c13)CNC2=O,MAP3K10,CN[C@@H]1C[C@H]2O[C@@](C)([C@@H]1OC)n1c3ccccc3c3c4c(c5c6ccccc6n2c5c31)C(=O)NC4,5.73,7.9,=,=
CNC(=O)c1ccc(Nc2nccc(-c3cnc(C)n3C(C)C)n2)cc1F,CDKL1,C[C@]12O[C@H](C[C@]1(O)CO)n1c3ccccc3c3c4c(c5c6ccccc6n2c5c31)CNC4=O,7.22,6.31,=,=
CN1C(=O)[C@@H](N2CCc3c(nn(Cc4ccccc4)c3Br)C2=O)COc2ccccc21,VRK2,Cc1nc(Nc2ncc(C(=O)Nc3c(C)cccc3Cl)s2)cc(N2CCN(CCO)CC2)n1.O,6.0,5.5,=,=
CN(C)CCNC(=O)c1cccc(-c2cnc3ccc(-n4cccc4)nn23)c1,CAMK2D,CC(C)(C)OC(=O)NCCCn1cc(C2=C(c3c[nH]c4ccccc34)C(=O)NC2=O)c2ccccc21,7.24,5.42,=,=
COc1ccccc1C(C)NC(=O)c1cc(C2NC(=O)NC(C)=C2C(=O)Nc2ccc3[nH]ncc3c2)ccc1F,GRK1,N#CC[C@H](C1CCCC1)n1cc(-c2ncnc3[nH]ccc23)cn1,4.82,6.14,=,=
COc1cc(C=C(C#N)c2nc3cc(C)ccc3[nH]2)c(Br)cc1O,PKN2,COc1ccc(-c2cc3nccn3c(Nc3ncccc3C(N)=O)n2)cc1OC,5.2,7.0,=,=
C=CC(=O)Nc1cccc(Nc2nc(Nc3cccc(OCCCNC(=O)OC(C)(C)C)c3)ncc2C)c1,ITK,O=C(Nc1cnn([C@H](CO)c2ccccc2)c1)c1n[nH]c2cc(-c3cn[nH]c3)ccc12,7.26,8.18,=,=
CC(O)C#Cc1ccc2[nH]c(C(C)(C)C)c(-c3ccnc(N)n3)c2c1,PIKFYVE,Cc1ccc(C(=O)Nc2cc(C(F)(F)F)ccc2F)cc1Nc1nc(-c2cccnc2)c2[nH]ccc2n1,5.6,4.8,=,=
COc1cc(N2CCC(N3CCN(C)CC3)CC2)ccc1Nc1ncc(Cl)c(Nc2ccccc2C#N)n1,INSR,CN(C(=O)c1ccccc1)c1ccc2c(c1)[nH]/c(=N\C(=O)c1ccc(C=O)s1)n2CCC(N)=O,6.89,7.29,=,=
O=C1Nc2ccc3ncsc3c2C1=CNc1ccc(S(=O)(=O)Nc2ccccn2)cc1,BRSK1,COc1cc(Nc2ncc3c(n2)-c2ccc(Cl)cc2C(c2c(F)cccc2OC)=NC3)ccc1C(=O)O,7.9,5.7,=,=
CNC(=O)c1ccc(Nc2nc(OC3CCOCC3)c3c(-c4ccc5nc(C)oc5c4)c[nH]c3n2)c(C#N)c1,CLK2,COc1cc(Nc2nccc(Nc3cc(C4CCCCC4)no3)n2)cc(OC)c1OC,8.63,5.5,=,=
COc1ccc(F)c(CNC(=O)c2cc(-c3ccc4nc(NC(C)=O)cn4n3)c(C)nc2C)c1,RIPK1,CC(C)(C)C(=O)N1N=CCC1c1ccncc1,7.17,6.65,=,=
Cc1ccc(O)c(C)c1-c1cc(-c2ccncc2)cc(C(N)=O)c1N,PKMYT1,Cc1ccc(O)cc1-c1c(N)c(=O)[nH]c2cc(Cl)cnc12,7.0,7.74,=,=
COC[C@@H](CN(c1cc(OC)cc(OC)c1)c1ccc2ncc(-c3cnn(C)c3)nc2c1)OC(C)=O,FGFR1,C=CC(=O)Nc1ccccc1Nc1cc(N(Cc2ccncc2)C(=O)Nc2c(Cl)c(OC)cc(OC)c2Cl)ncn1,7.21,6.3,=,=
Cc1cc(Nc2nc(N)nn2C(=O)NC(C)C)ccc1Cl,MAPK7,Cc1cnc(Nc2ccc(OCCN3CCCC3)cc2)nc1Nc1cccc(S(=O)(=O)NC(C)(C)C)c1,5.64,6.53,=,=
COc1cc(OC)c(F)c(N2Cc3cnc(-c4cn(C)nc4C)cc3N(C)C2=O)c1F,FGFR2,COc1cc(OC)cc(N(CC2CC2)c2ccc3ncc(-c4cnn(CCCN5CCOCC5)c4)nc3c2)c1.Cl,6.94,8.14,=,=
COc1cc(N2CCN(C)CC2)ccc1Nc1ncc2c(n1)N(C)c1ccccc1C(=O)N2C,DCLK2,CC(C)(C)c1cnc(CSc2cnc(NC(=O)C3CCNCC3)s2)o1,8.0,6.0,=,=
COC(=O)[C@@]1(O)C[C@H]2O[C@]1(C)n1c3ccccc3c3c4c(c5c6ccccc6n2c5c31)C(=O)NC4,ERN2,CN[C@@H]1C[C@H]2O[C@@](C)([C@@H]1OC)n1c3ccccc3c3c4c(c5c6ccccc6n2c5c31)C(=O)NC4,6.04,7.66,=,=
Cc1ccc(Nc2ncnc3sc(-c4cccnc4C)cc23)cc1C,PIP4K2A,CCCCC(Nc1c(C#N)c(-c2ccc(-c3ccccc3OCC)cc2)nc2cnccc12)C(N)=O,6.5,5.64,=,=
C[C@]12O[C@H](C[C@]1(O)CO)n1c3ccccc3c3c4c(c5c6ccccc6n2c5c31)CNC4=O,ULK3,O=C(c1ccc(/C=C/c2n[nH]c3ccccc23)cc1)N1CCNCC1,8.31,6.45,=,=
COCCn1nc(-c2ccc3c(c2)CCN3C(=O)Cc2cccc(OC(F)(F)F)c2)c2c(N)n[nH]c(=O)c21,RIPK1,COc1ncc(-c2cc(C(F)(F)F)c3c(N)ncnn23)cc1C(=O)N[C@@H]1CN(C(=O)c2ccc(F)c(F)c2)C[C@@H]1F,7.09,5.02,=,=
CC1CCN(c2cc(N3CCNCC3)ccc2NC(=O)c2cc(C#N)c[nH]2)CC1,CSF1R,N#Cc1cnc(C(=O)Nc2ccc(C3CCNCC3)cc2C2=CCCC2)[nH]1,9.0,8.1,=,=
c1coc(-c2c[nH]c3ncnc(N4CCOCC4)c23)c1,STK4,CCOc1cc2ncnc(Nc3ccc(OCc4ncccc4C)cc3Cl)c2cc1NC(=O)CCCN(C)C,6.85,5.26,=,=
C[C@@]1(C(=O)Nc2ccc(F)nc2)CCCN1c1nc(Nc2cc(C3CC3)n[nH]2)c2cccn2n1,NEK7,C[C@]12O[C@H](C[C@]1(O)CO)n1c3ccccc3c3c4c(c5c6ccccc6n2c5c31)CNC4=O,6.19,5.4,=,=
O=C(Nc1ccc(Oc2cc(O)cc(O)c2)c(Cl)c1)c1cc(Cl)cc(Cl)c1O,STK39,O=C(Nc1ccc(Oc2ccc3ccccc3c2Br)c(Cl)c1)c1cc(Cl)cc(Cl)c1O,6.19,6.58,=,=
CO[C@@H]1[C@H](NCCOCCOCCOCCNC(=O)CCC2=[N+]3C(=Cc4c(C)cc(C)n4[B-]3(F)F)C=C2)C[C@H]2O[C@]1(C)n1c3ccccc3c3c4c(c5c6ccccc6n2c5c31)C(=O)NC4,MAP3K9,C[C@@H](Oc1cc(-n2cnc3ccc(CN4CCN(C)CC4)cc32)sc1C(N)=O)c1ccccc1C(F)(F)F,8.7,5.52,=,=
NC(COc1cncc(-c2ccc3[nH]c(=O)oc3c2)c1)Cc1c[nH]c2ccccc12,PHKG2,CC(C)n1nc(-c2cc3cc(O)ccc3[nH]2)c2c(N)ncnc21,5.6,6.12,=,=
Nc1ncc(-c2ccc([C@@]34C[C@@H]3CN(C3CCOCC3)C4)cc2)cc1C(=O)N[C@H]1CC[C@@H](O)CC1,ACVRL1,CC(C)(CN1CCCCC1)Oc1ccc(-c2cnc3c(-c4cccc5ncccc45)cnn3c2)nc1,6.6,7.32,=,=
O=C1Nc2ccc3ncsc3c2C1=CNc1ccc(S(=O)(=O)Nc2ccccn2)cc1,MAP4K2,COc1cc(N2CCC(N3CCN(C)CC3)CC2)ccc1Nc1ncc(Cl)c(Nc2ccccc2S(=O)(=O)C(C)C)n1,8.1,6.56,=,=
CSc1cccc(Nc2ncc3cc(-c4c(Cl)cccc4Cl)c(=O)n(C)c3n2)c1,MAP2K3,CN1CC[C@H](c2c(O)cc(O)c3c(=O)cc(-c4ccccc4Cl)oc23)[C@H](O)C1,5.28,5.92,=,=
Cn1nc(C(N)=O)c2c1-c1nc(Nc3cc(NC4CCCN4)ccc3OC(F)(F)F)ncc1CC2,PLK2,CC(=O)Nc1ccc2c(c1)NC(=O)/C2=C/c1ccc2cn[nH]c2c1,6.12,5.0,=,=
[C-]#[N+]c1cnc2c(NCC)nc(Nc3cc(C#N)cc(N4CC[C@@H](NC(=O)OC)[C@H](O)C4)c3Cl)nn12,CSNK2A2,COC(=O)N1CCC(N2CCN(c3cc(C#N)cc(Nc4nc(NC5CC5)c5ncc(C#N)n5n4)c3Cl)CC2)CC1,8.53,9.03,=,=
CC(C)COc1ncnc2[nH]cc(/C=C/C(=O)NC[C@@H](C)O)c12,TAB1,CNC(=O)/C=C/c1c[nH]c2ncnc(OCC(C)C)c12,5.6,7.39,=,=
CC(=O)N1Cc2c(-c3ccc(C(=O)N4CCCc5ccccc54)cc3)cnn2C[C@@H]1C,PINK1,CN1C(=O)[C@@H](N2CCc3cn(CC4CCS(=O)(=O)CC4)nc3C2=O)COc2ccccc21,4.84,6.0,=,=
N#CCOc1ccc(Nc2nc(Nc3cccc(S(N)(=O)=O)c3)ncc2Br)cc1,FER,CCN1CCN(Cc2ccc(NC(=O)c3ccc(C)c(Oc4cc(NC)ncn4)c3)cc2C(F)(F)F)CC1,7.7,6.24,=,=
Cc1ccc2[nH]nc(-c3ccc(O)cc3)c2c1,MAPKAPK3,CS(=O)(=O)N(Cc1ccc2[nH]c(=O)c3cccn3c2c1)C1CC1,5.26,7.3,=,=
C=CC(=O)Nc1cc(CNc2nc(Nc3cc(OC)cc(OC)c3)c(C(N)=O)c3nccn23)ccc1C,ZAP70,CNC(=O)c1nn(C)c2ccc(Nc3nccc(-n4cc(CN(C)C)c(C)n4)n3)cc12,6.17,7.14,=,=
Cn1c(-c2ccnc3[nH]ccc23)cc(C(N)=O)c1-c1ccc(Cl)cc1Cl,CDC7,Nc1nccc(-n2cc(C3=CCOCC3)c3cnccc32)n1,7.85,6.8,=,=
Cc1[nH]c(/C=C2\C(=O)Nc3ccc(F)cc32)c(C)c1C(=O)NC[C@H](O)CN1CCOCC1,SNRK,Cc1cnc(Nc2ccc(OCCN3CCCC3)cc2)nc1Nc1cccc(S(=O)(=O)NC(C)(C)C)c1,5.82,6.64,=,=
c1csc(-c2nc3cc4ccccc4cc3nc2-c2cccs2)c1,RPS6KB2,CN[C@@H]1C[C@H]2O[C@@](C)([C@@H]1OC)n1c3ccccc3c3c4c(c5c6ccccc6n2c5c31)C(=O)NC4,5.87,8.82,=,=
C=CC(=O)Nc1cc(Nc2n[nH]c3ccccc23)c(OC)cc1N(C)CCN(C)C,EGFR,C=CC(=O)Nc1cc(Nc2cc(-n3c(SC)nnc3-c3ccc(F)cc3)ccn2)c(OC)cc1N1CCCN(C)CC1,5.39,6.64,=,=
Cc1ccc(F)cc1-c1ccc2cc(NC(C)C(F)(F)F)ncc2c1,ABL1,O=C(Nc1cc2ccc(-c3cncc(F)c3)cc2cn1)C1CC1,7.38,9.3,=,=
Fc1ccc2c(-c3ccc4c(c3)OCO4)n[nH]c2c1,MAPKAPK3,O=C1Nc2ccc3ncsc3c2C1=CNc1ccc(S(=O)(=O)Nc2ccccn2)cc1,4.68,5.1,=,=
CNS(=O)(=O)c1ccccc1Nc1nc(Nc2cc(N3CCN(C(C)=O)CC3)ccc2OC)ncc1Br,AXL,COc1cc2ncnc(Oc3ccc(Nc4nccc5c4c(=O)c(-c4cccc(C)c4)cn5C)cc3F)c2cc1OC,7.2,8.96,=,=
CC(C)NC(=O)N[C@H]1CC[C@H](Nc2ncc3ccc(=O)n(C)c3n2)CC1,MAPK10,CCCNc1nccc(-c2c(-c3ccc(F)cc3)nc3n2[C@H](COCc2ccc(OC)cc2)CC3)n1,6.62,7.96,=,=
CNC(=O)c1nn(C)c2c1C(C)(C)Cc1cnc(Nc3ccc(N4CCN(C)CC4)cc3)nc1-2,STK16,CC(=O)c1c(C)c2cnc(Nc3ccc(N4CCNCC4)cn3)nc2n(C2CCCC2)c1=O,5.96,5.0,=,=
COc1cc(N2CCC(N3CCN(C)CC3)CC2)ccc1Nc1ncc(Cl)c(Nc2ccccc2S(=O)(=O)C(C)C)n1,SNRK,CCN(CC)CCNC(=O)c1c(C)[nH]c(/C=C2\C(=O)Nc3ccc(F)cc32)c1C,6.52,6.19,=,=
O=C(NNC(=S)Nc1ccc(Cl)cc1)C(O)(c1ccccc1)c1ccccc1,CAMK2G,CNS(=O)(=O)c1ccccc1Nc1nc(Nc2cc(OC)c(OC)c(OC)c2)ncc1Cl,5.5,7.4,=,=
c1ccc(-c2cnc3cncc(Nc4ccc(N5CCCCC5)cc4)c3n2)cc1,HIPK1,O=C1NC(Nc2ccccc2)=N/C1=C\c1ccc2c(c1)OCO2,5.59,6.5,=,=
CNC(=O)c1ccc(Nc2ncc(C(F)(F)F)c(NCc3nccnc3N(C)S(C)(=O)=O)n2)cc1,STK16,CCN(C)S(=O)(=O)Nc1cccc(-c2ccc3c(NC(=O)C4CC4)n[nH]c3c2)c1,6.05,6.51,=,=
COC(=O)c1ccc2c(c1)NC(=O)/C2=C(\Nc1ccc(N(C)C(=O)CN2CCN(C)CC2)cc1)c1ccccc1,EPHA2,COc1cc2c(Nc3ccc(F)c(Cl)c3F)ncnc2cc1O[C@@H]1CO[C@@H]2[C@H]1OC[C@H]2F,5.54,6.28,=,=
CNC(=O)C1CN(Cc2cc(F)cc(-c3ccc4ncnc(N)c4n3)c2)CCN1C,MAP4K4,O=C(Nc1nc2ccccc2n1CCCO)c1cccc([N+](=O)[O-])c1,6.01,6.7,=,=
CC(C)n1cnc2c(NCc3ccccc3)nc(NCCO)nc21,CLK2,CN1CCN(c2ccc(NC(=O)c3n[nH]c4ccc(-c5cncc(CN6CCC(F)(F)C6)c5)cc34)cn2)CC1,5.8,9.0,=,=
C=CC(=O)Nc1cccc(Nc2nc(Nc3cccc(OCCCNC(=O)OC(C)(C)C)c3)ncc2C)c1,ITK,C#CC(=O)N1CC(c2cnn3c(C(N)=O)c(-c4ccc(Oc5ccccc5)cc4)[nH]c23)C1,7.26,6.33,=,=
CCOc1ccc(-c2cn(C)c3cc(NC(=O)c4ccc(C)c(Nc5nccc(-c6ccc(C(F)(F)F)cc6)n5)c4)ccc23)cn1,ROR1,CC[C@H](C)[C@H](NC(=O)[C@H](CCC(N)=O)NC(=O)[C@H](CCCNC(=N)N)NC(=O)[C@H](CC(=O)O)NC(=O)[C@H](CC(N)=O)NC(=O)[C@@H](NC(=O)[C@H](CC(=O)O)NC(=O)[C@@H](N)CO)[C@@H](C)CC)C(N)=O,7.1,7.58,=,=
COc1cc(N2CCC(N3CCN(C)CC3)CC2)ccc1Nc1ncc(Cl)c(Nc2ccccc2S(=O)(=O)C(C)C)n1,PRKACB,NC[C@@](O)(c1ccc(Cl)cc1)c1ccc(-c2cn[nH]c2)cc1,5.39,7.85,=,=
Cc1ccccc1-c1cccc(Nc2nc(N3CCC[C@H](N)C3)ncc2C(N)=O)c1,CAMK1D,NC(=O)c1ccc(-c2c[nH]c3nccc(Cl)c23)cc1,6.91,5.8,=,=
CC(C)[C@@H]1NC(=O)[C@@H](NC(=O)[C@H](Cc2ccc(O)cc2)NC(=O)[C@@H](N)Cc2cnc[nH]2)CSSC[C@@H](C(N)=O)NC(=O)[C@H](CO)NC(=O)[C@H](Cc2c[nH]c3ccccc23)NC(=O)[C@H](CO)NC(=O)CCNC(=O)[C@H](CCCNC(=N)N)NC(=O)[C@H](Cc2ccc(O)cc2)NC1=O,EPHA4,Cc1scc(C(=O)N[C@@H](CCC(=O)O)C(=O)N[C@@H](Cc2csc3ccccc23)C(=O)N[C@H](CO)C(=O)N[C@H](C)C(N)=O)c1NC(=O)[C@H](CCCNC(=N)N)NC(=O)[C@H](Cc1ccc(O)cc1)NC(=O)[C@@H](NC(=O)[C@H](CC(C)C)NC(=O)[C@H](Cc1ccc(O)cc1)NC(=O)[C@@H]1CCCN1C(=O)CCN)C(C)C,6.32,6.69,=,=
COc1cc(N2CCOCC2)ccc1Nc1ncc2cc(-c3ccc(-c4cccc(C)n4)cc3Cl)c(=O)n(CCCCN)c2n1,STK24,Cc1cccc(-c2ccc(-c3cc4cnc(Nc5ccc(O)cc5)nc4n(CCCCN)c3=O)c(Cl)c2)n1,6.94,7.64,=,=
CN(C)c1ccc(-c2cc(-c3ccc([N+](=O)[O-])cc3)nc(NS(=O)(=O)c3ccc(N)cc3)n2)cc1,CHEK1,CN(C)CCNC(=O)c1cc2n[nH]c(=O)n2c2cc(-c3ccsc3)ccc12,6.3,7.52,=,=
CC(NC1CCCC1)c1ccc(-c2c(O)ccc3[nH]c(=O)c4sccc4c23)cc1,NEK1,CCN(C)C[C@H](C)c1ccc(-c2c(O)cc(C)c3[nH]c(=O)c4sccc4c23)cc1,8.55,7.12,=,=
O=c1[nH]c2cc(Cl)cc(Cl)c2c(-c2cc(Cl)ccc2O)c1O,DYRK4,O=C1NC(NC2CCCCC2)=N/C1=C\c1ccc2ncsc2c1,5.2,6.18,=,=
CN(C)CCNC(=O)c1cccc(-c2cnc3ccc(-n4cccc4)nn23)c1,CAMK2D,COc1cc(Nc2ncc(F)c(Nc3ccc4c(n3)NC(=O)C(C)(C)O4)n2)cc(OC)c1OC,7.24,5.52,=,=
O=C(Nc1ccc2[nH]ncc2c1)c1cccc(F)c1,CLK4,CC(C)(Nc1nccc(-c2c[nH]c3ncccc23)n1)c1ccccc1,6.7,8.5,=,=
CCN1CCN(Cc2ccc(NC(=O)c3cccc(-c4ccc5nc(NC(=O)C6CC6)sc5n4)c3)cc2C(F)(F)F)CC1,CDK11B,O=C(NC1CCNCC1)c1n[nH]cc1NC(=O)c1c(Cl)cccc1Cl,7.5,8.08,=,=
CO[C@@H](C(=O)N1Cc2c(-c3ccc(C(=O)N4CCCc5ccccc54)cc3)cnn2C[C@@H]1C(C)C)c1ccccc1,PINK1,CN1C(=O)[C@@H](N2CCc3cn(Cc4ccccc4)nc3C2=O)COc2ccccc21,7.4,6.0,=,=
COc1cc(S(C)(=O)=O)ccc1Nc1nc2ccc(-c3ccc(NC(=O)[C@H](C)c4ccc(F)cc4)cc3)cn2n1,MAPK10,Cc1cc(Cl)ccc1NC(=O)N1CCN(C(=O)c2ccc(CNc3n[nH]c4ccccc34)cc2)CC1,7.02,6.52,=,=
CC1(C)c2cc(N3CCN(C(=O)C4CC4)CC3)ccc2C(=O)c2c1[nH]c1cc(C#N)ccc21,ALK,CC1(C)c2cc(OC[C@@H](O)[C@H](O)CO)ccc2C(=O)c2c1oc1cc(OC[C@H](O)CO)ccc21,8.38,6.38,=,=
Cc1cc(Nc2nccc(-c3cn(C)cn3)n2)cc2cc(C(=O)NNC=O)[nH]c12,SYK,CC(C)Nc1nc(-c2ccc([C@@H](C)NS(C)(=O)=O)cc2)cc2ncn(C)c(=O)c12,8.6,6.16,=,=
Cc1cccc(NC(=O)Nc2ccc(-c3csc4c(C#CCNS(C)(=O)=O)cnc(N)c34)cc2)c1,DYRK3,Oc1ccc(Nc2[nH]nc(-c3ccc(O)cc3)c2-c2ccc(O)cc2)cc1,5.5,6.0,=,=
Cc1cc(Nc2ncc(Cl)c(Nc3ccccc3S(=O)(=O)C(C)C)n2)c(OC(C)C)cc1C1CCNCC1,CAMK4,Cc1ccc(C(=O)Nc2ccc(Oc3cc4cnn(C)c4cc3-c3cn[nH]c3)c(F)c2)c(=O)n1-c1ccc(F)cc1,6.2,5.49,=,=
CCNC(=O)O[C@H]1CC[C@H](c2ccc(-c3nc4[nH]c(O[C@@H]5COC6C5OC[C@H]6O)nc4cc3Cl)cc2)CC1,PRKAA1,COc1cc(-c2ccc3[nH]nc(C(=O)Nc4ccccc4)c3c2)ccc1O,6.33,5.9,=,=
C=CC(=O)NCC#Cc1ccc2ncn(-c3ccnc(N)n3)c2c1,MAP3K14,CC(O)(C#Cc1cc(-n2ccc3cnc(N)nc32)ccn1)c1nccs1,5.2,7.65,=,=
Cc1sc2nc(-c3ccncc3)nc(NCCN)c2c1-c1ccccc1,PRKCI,Cc1sc2c(N[C@@H]3CCNC3)nc(-c3ccncc3)nc2c1Br,6.0,7.0,=,=
CCOc1cc2ncc(C#N)c(Nc3ccc(F)c(Cl)c3)c2cc1NC(=O)/C=C/CN(C)C,STK17B,O=C1/C(=C/c2ccc(O)c(O)c2)Cc2ccccc21,5.63,4.88,=,=
CNCC(=O)NC1CCC(Nc2nc(Cl)cc(-c3c[nH]c4ncccc34)n2)CC1,MAP4K5,O=C(Nc1n[nH]c2nc3ccccc3cc12)c1ccncc1,7.1,5.1,=,=
CC(C)[C@H](NC(=O)[C@H](C)NC(=O)[C@H](Cc1ccc(O)cc1)NC(=O)[C@@H]1CCCN1C(=O)CCN)C(=O)N[C@@H](Cc1ccc(O)cc1)C(=O)N[C@@H](CCCNC(=N)N)C(=O)NCCC(=O)N[C@@H](CO)C(=O)N[C@@H](Cc1cc2ccccc2[nH]1)C(=O)N[C@@H](CO)C(=O)N[C@@H](C)C(N)=O,EPHA4,CCS(=O)(=O)c1cccc(-c2cc(C(=O)NC3CCN(C)CC3)c(C)c3[nH]c4ncc(C)cc4c23)c1,6.36,7.66,=,=
CNCC(=O)NC1CCC(Nc2nc(Cl)cc(-c3c[nH]c4ncccc34)n2)CC1,MAP4K5,Cn1cc(Nc2ncc(Br)c(Nc3ccccc3C(N)=O)n2)cn1,7.1,8.3,=,=
O=c1cc(N2CCOCC2)cc(N2CC[C@@H](F)[C@@H]2Cc2ccccc2)[nH]1,PIK3C3,CC(=O)Nc1cc(-c2cnc3c(c2)c(S(=O)(=O)N2CCCC2)cn3C)ccn1,6.96,7.52,=,=
CCc1ncc(F)c(Nc2n[nH]c3c2CN(C(=O)N2CC(C)(C)N(C)C[C@@H]2C)C3(C)C)n1,PRKCB,COc1cccc(OC)c1C(=O)c1c(O)cc(C(=O)O[C@@H]2CCCNCC2NC(=O)c2ccc(O)cc2)cc1O,8.27,4.58,=,=
C=CC(=O)N1CC[C@]2(C1)C[C@H](n1c(NC(=O)c3ccc(-c4ccnc(N)n4)s3)nc3ccccc31)C2,TXK,CC#CC(=O)N1CC[C@]2(C1)C[C@H](n1nc(-c3cnn(Cc4ccccc4Cl)c3)c(C(N)=O)c1N)C2,9.8,6.96,=,=
O=C(O)c1ccccc1Nc1ccnc(Nc2ccccc2)n1,AURKA,CC(O)Cn1cc(Nc2ncc(Cl)c(NC3CC4CN(S(=O)(=O)C5CC5)CC4C3)n2)cn1,7.1,8.3,=,=
CN1C(=O)[C@@H](N2CCc3cn(Cc4ccccc4)nc3C2=O)COc2ccccc21,WEE2,Cc1cnc(Nc2ccc(OCCN3CCCC3)cc2)nc1Nc1cccc(S(=O)(=O)NC(C)(C)C)c1,6.0,5.22,=,=
Nc1n[nH]c2cccc(-c3ccc(F)cc3)c12,PRKD3,NC(=O)c1cc(-c2ccnc(N)n2)[nH]c1-c1ccc(Cl)cc1F,4.1,7.1,=,=
CC1CN(CCNC(=O)c2ccc(Nc3nc4c(C5=CCN(C(=O)CCC(F)(F)F)CC5)cccn4n3)cc2)CC(C)O1,JAK1,O=C1COc2ccc(NC[C@H]3CC[C@H](c4nnn5cnc6[nH]ccc6c45)CC3)cc2N1,9.22,8.46,=,=
CC[C@H]1C[C@@H]1Nc1ncc2c(C3CCN(C(=O)c4cc(C)nc(C)c4)CC3)cn([C@H]3CC[C@H](O)CC3)c2n1,MERTK,Cn1cc(-c2cnc(N)c(C(=O)N[C@H]3CCC[C@@H]3OCc3ccc(-c4ccc(C(C)(C)N5CCN(CCO)CC5)cc4)cc3)c2)cn1,9.05,8.62,=,=
COc1cc(CNc2nc(-c3cccc(C)n3)c(-c3ccc4ncnn4c3)s2)cc(OC)c1,MAPK14,Cc1ccc(NC(=O)c2cccc(-c3ccoc3)c2)cc1-c1ccc(C(=O)NCC2CC2)cc1,5.1,8.8,=,=
O=S(=O)(c1cccc2cnccc12)N1CCCNCC1,PKN3,Cc1nc2cc(-c3nn(C(C)C)c4ncnc(N)c34)ccc2o1,7.0,7.89,=,=
CCCc1sc(-c2ccc(OC)c(OCCO)c2)nc1CSc1nc(N)cc(N)n1,DCK,CCCc1sc(-c2ccc(OC)c(OCC(C)(C)O)c2)nc1CSc1nccc(N)n1,8.94,7.95,=,=
N#Cc1ccc(Cl)nc1-n1ccc2ncncc21,RPS6KA4,Cc1cc(C)cc(NC(=O)Nc2ccc3c(c2)CCc2sc4ncnc(N)c4c2-3)c1,7.7,7.0,=,=
COc1cc(-c2cn(C)c(=O)c3cnccc23)c(OC)cc1CN(C)C,ACVR2B,CCN1CCN(Cc2ccc(NC(=O)Nc3ccc(Oc4cc(NC)ncn4)cc3)cc2C(F)(F)F)CC1,5.12,5.85,=,=
O=C(Nc1cc(C(F)(F)F)ccc1N1CCN(Cc2c[nH]cn2)CC1)c1ccccn1,SRPK1,O=C(NNC(=S)Nc1ccc(F)cc1)C(O)(c1ccccc1)c1ccccc1,7.54,6.4,=,=
NCC1CCC(CNc2nc(NCc3ccccc3Cl)ncc2[N+](=O)[O-])CC1,CAMK2B,CCCCOc1ccc(C(C)(C)CC)cc1S(=O)(=O)Nc1ccc(-c2csc3ncnc(N)c23)cc1,5.8,5.4,=,=
CCn1cc(-c2ccc3nc(N)sc3c2)cn1,PI4KA,Cn1ccc(-c2ccc3nc(N)sc3c2)cc1=O,5.5,6.3,=,=
CN1C(=O)C[C@H](Cc2ccc(F)cc2)c2nnc3cc(-c4ccnc(Nc5ccnn5C)n4)cc1n23,MAPK6,Cn1nccc1Nc1nccc(-c2cc3n4c(nnc4c2)[C@H](COCc2ccccc2)CCO3)n1,7.77,9.96,=,=
CCN(CC)CCNC(=O)c1c(C)[nH]c(/C=C2\C(=O)Nc3ccc(F)cc32)c1C,PIP5K1A,CNC(=O)c1cc(Nc2ccccc2)cc(-c2ccnc(NC(=O)C3CCOCC3)c2)c1,5.27,7.02,=,=
O=S(=O)(c1ccc(-c2ccnc(Nc3ccccc3)n2)cc1)N1CCNCC1,CHUK,CNc1nc2oc(-c3ccccc3)nc2c2c1ncn2C,5.93,6.57,=,=
CCCCC(=O)Nc1ccc2c(c1)/C(=C1/Nc3ccccc3/C1=N\O)C(=O)N2,DAPK1,O=C(/C=C/c1ccc(O)c(Br)c1)c1ccc(O)cc1O,5.75,6.2,=,=
Nc1ncnn2ccc(C(=O)Nc3ccc(NC(=O)Nc4ccc(F)cc4)cc3)c12,AURKB,CS(=O)(=O)CCn1cc(-c2cnc(N)c3c(-c4ccc(NC(=O)Nc5cccc(F)c5)cc4)csc23)cn1,7.44,7.96,=,=
CS(=O)(=O)c1cccc(-c2csc3ncnc(Sc4nnc[nH]4)c23)c1,PIP4K2C,c1nc(NCC2CCOC2)c2cc(-c3ccc4c(c3)OCO4)ccc2n1,5.5,6.51,=,=
NC(COc1cncc(C=Cc2ccncc2)c1)Cc1c[nH]c2ccccc12,MARK2,CO[C@@H]1[C@H](N(C)C(=O)c2ccccc2)C[C@H]2O[C@]1(C)n1c3ccccc3c3c4c(c5c6ccccc6n2c5c31)C(=O)NC4,5.1,7.0,=,=
NC(=O)c1ccc2[nH]c(-c3ccc(-c4ccc(Cl)cc4)cc3)nc2c1,CHEK2,Cl.Nc1ncc(-c2ccc(C(=O)N[C@@H]3CCNC3)cc2)nc1Oc1ccc2cc[nH]c2c1,6.6,6.21,=,=
COc1cc(-c2ccc3c(-c4nc5c(N6CCN(C)CC6)cccc5[nH]4)n[nH]c3c2)ccc1O,PRKCZ,CCOC(=O)c1c(-c2ccc(Cl)cc2)csc1N,8.65,4.41,=,=
COC(=O)c1ccc2c(c1)NC(=O)/C2=C(\Nc1ccc(N(C)C(=O)CN2CCN(C)CC2)cc1)c1ccccc1,EPHB1,CC(C)n1nc(-c2cc3cc(O)ccc3[nH]2)c2c(N)ncnc21,6.26,5.72,=,=
Cc1[nH]c(/C=C2\C(=O)Nc3ccc(F)cc32)c(C)c1C(=O)NC[C@H](O)CN1CCOCC1,SNRK,CCN(CC)CCNC(=O)c1c(C)[nH]c(/C=C2\C(=O)Nc3ccc(F)cc32)c1C,5.82,6.19,=,=
CCCS(=O)(=O)Nc1ccc(-c2ccc3[nH]nc(NC(C)=O)c3c2)cc1,AKT3,Nc1ncccc1-c1nc2ccc(-c3ccccc3)nc2n1-c1ccc(C2(N)CCC2)cc1,5.1,7.9,=,=
C[C@@H]1COCCN1c1cc(N2CCCC2c2ccccc2)[nH]c(=O)c1,PIK3C3,C[C@@H]1COCCN1c1cc(N2CCN(C(=O)c3cncc(F)c3)CC2C(F)(F)F)[nH]c(=O)c1,7.22,8.3,=,=
CC(C)CC(C/C=C1/CCC(CO)(COC(=O)C(C)(C)C)OC1=O)CC(C)C,PRKCA,CCCCC1(CCCC)CC[C@H]2CC(=O)N[C@H](CO)C[C@]2(C)C1,7.55,7.16,=,=
C[C@@H]1CN(c2cc(C(N)=O)cc(-c3ccnc(NC4CCCCC4)c3)n2)CCN1,PRKD1,CCN1CCN(Cc2ccc(NC(=O)Nc3ccc(Oc4cc(NC)ncn4)cc3)cc2C(F)(F)F)CC1,7.2,5.92,=,=
CC(C)(C)c1cnc(CSc2cnc(NC(=O)C3CCN(CC(=O)NCCOCCOCCOCCNc4cccc5c4C(=O)N(C4CCC(=O)NC4=O)C5=O)CC3)s2)o1,CASK,CO[C@@H]1[C@H](N(C)CCOCCOCCOCCNC(=O)CCC2=[N+]3C(=Cc4c(C)cc(C)n4[B-]3(F)F)C=C2)C[C@H]2O[C@]1(C)n1c3ccccc3c3c4c(c5c6ccccc6n2c5c31)C(=O)NC4,6.36,5.96,=,=
CCN1CCN(Cc2ccc(NC(=O)c3ccc(C)c(/C=C/c4cnc5[nH]ccc5c4OC)c3)cc2C(F)(F)F)CC1,CSK,N[C@@H](Cc1ccc(-c2ccccc2)cc1)C(=O)NO,7.09,4.92,=,=
CC(C)NC(=O)c1ccc(Nc2nccc(-c3ccc4nc(N5CCCC5)ncc4c3)n2)cc1,NEK5,CS(=O)(=O)CCCOc1cccc2c1ccn2-c1ccnc(N[C@H]2CC[C@H](C(=O)N3CCC(O)CC3)CC2)n1,6.88,5.85,=,=
CCc1cc(-c2c[nH]c3ncc(-c4cnn(CCN(C)C)c4)cc23)nc(N)n1,PDPK1,Nc1ccc(-c2ccc(CNc3ncccc3C(=O)Nc3ccc(F)cc3)cc2)cn1,5.97,5.52,=,=
CC[C@H](Nc1nc(NCc2cccnc2)c2ncn(C(C)C)c2n1)[C@@H](C)O,CDK1,OCc1cccc2[nH]c(-c3n[nH]c4ncc(-c5cncc6ccccc56)cc34)nc12,5.81,7.39,=,=
CCc1ccc(C(O)c2ccc(-c3nc4cc(C(N)=O)ccc4[nH]3)cc2)cc1,CHEK2,NC(=O)c1ccc2[nH]c(-c3ccc(-c4ccc(Cl)cc4)cc3)nc2c1,7.89,6.6,=,=
Cc1ccc(C(=O)Nc2cc(C(C)(C)C)n[nH]2)cc1-n1cc(-c2cncc(N3CCOCC3)c2)nn1,STK25,COc1cc(Nc2c(C#N)cnc3cc(OCCCN4CCN(C)CC4)c(OC)cc23)c(Cl)cc1Cl,7.92,6.05,=,=
O=C(C1CC1)N1CCN(Cc2ccnc(Nc3nc4ccc(-c5cncnc5)cc4[nH]3)c2)CC1,TBK1,Cc1noc(-c2ccc3nc(Nc4cc(CN5CCN(C(=O)C6CC6)CC5(C)C)ccn4)[nH]c3c2)n1,6.69,6.3,=,=
CCCCOc1ncnc2[nH]cc(-c3ccccc3)c12,FER,N[C@H]1CCCC[C@H]1Nc1nc(Nc2cccc(N3CCOCC3)c2)c2c(=O)[nH]ncc2c1F,6.8,8.51,=,=
O=C(O)CSc1nnc(-c2cccc(C(F)(F)F)c2)[nH]1,GRK6,COc1cc(-c2nnc(SCC(=O)O)[nH]2)ccc1OC(=O)C1CC1,5.52,5.05,=,=
Cn1cc(C2=C(c3cn(C4CCN(Cc5ccccn5)CC4)c4ccccc34)C(=O)NC2=O)c2ccccc21,STK33,O=C(Nc1ccccc1-c1nc2ccccc2[nH]c1=O)c1cccnc1,5.31,6.24,=,=
Cc1cc(-c2c(C)nn(C)c2C)ccc1-c1nnc(N(C)Cc2ccc3ncc(C4CCN(C)CC4)n3c2)o1,AXL,CNc1cc2c(cn1)c(-c1cnn(C)c1)nn2C1CCC(Oc2ccc(C(=O)NCCOC)cc2)CC1,5.9,6.96,=,=
CSc1ccc(-c2nc(-c3ccc(F)cc3)c(-c3ccncc3)[nH]2)cc1,CSNK1A1,Cc1n[nH]c2ccc(-c3cncc(OCCN)c3)cc12,6.3,5.5,=,=
CC(C)(Nc1nc(-c2ccncc2)nc2cnccc12)C(N)=O,LATS1,Nc1nc(N)c2nc(-c3cccc(O)c3)c(-c3cccc(O)c3)nc2n1,7.24,5.35,=,=
CN1C(=O)[C@@H](N2CCc3cn(CC4CCS(=O)(=O)CC4)nc3C2=O)COc2ccccc21,PHKG1,CCOc1cc2ncc(C#N)c(Nc3ccc(F)c(Cl)c3)c2cc1NC(=O)/C=C/CN(C)C,6.0,5.64,=,=
Nc1ncc(-c2cnn([C@H]3CC[C@H](O)CC3)c2)c2c(-c3cccnc3)c(-c3cccc4nnsc34)oc12,MAP3K7,CC(C)COc1ncnc2[nH]cc(/C=C/C(=O)NCC3CC3)c12,6.89,6.2,=,=
O=C1NC(=O)C(c2ccccc2C(F)(F)F)=C1Nc1cc(Cl)c(O)c(Cl)c1,STK10,O=C(O)c1ccc(Nc2ncc3c(n2)-c2ccc(Cl)cc2C(c2c(F)cccc2F)=NC3)cc1,5.03,5.43,=,=
Cc1ncccc1-c1cc2ncnc(Nc3ccc(N4CCCC4=O)cc3)c2s1,PIP4K2A,COc1ccc(Nc2ncnc3c2ccn3-c2cccc(N)c2)cc1,7.0,6.2,=,=
Cc1cccc(Nc2nc(NC3CCCCC3N)cnc2C(N)=O)c1,TSSK1A,Cn1cc(-c2cnc3c(-c4csc(C(=O)NCC(F)(F)F)c4)cnn3c2)cn1,7.1,7.7,=,=
CCCCc1cc(=O)oc2cc(OCC(=O)N[C@@H](Cc3c[nH]c4ccc(O)cc34)C(=O)O)ccc12,PI4K2A,NC(=O)c1cc2c(N)ncnc2cc1-c1ccc2[nH]ccc2c1,5.84,4.55,=,=
CC(C)(C(=O)NCCn1ccc2ncnc(Nc3ccc(Oc4cccc(Cl)c4)c(Cl)c3)c21)S(C)(=O)=O.Cc1ccc(S(=O)(=O)O)cc1,LYN,CCN(CC)CCOc1ccc(Nc2cc3c(cn2)cc(C(C)C)c(=O)n3C2CC2)nc1,5.46,6.26,=,=
COc1cnc(-c2cnc(N)c(C(=O)Nc3ncccc3N3CCC(C)(N)CC3)n2)c(C(F)(F)F)c1,PRKCA,CN(C)CCCn1cc(C2=C(c3cn(C)c4ccccc34)C(=O)NC2=O)c2ccccc21,8.29,7.7,=,=
Cc1cc(OCc2ccc(F)cc2)c(Br)c(=O)n1-c1ccncc1,MAPK14,O=C(NCc1ccc(C(F)(F)F)cc1)c1ccc(Oc2ccccc2)cc1,6.41,5.85,=,=
CN1C(=O)[C@@H](N2CCc3cn(Cc4ccccc4)nc3C2=O)COc2ccccc21,GRK5,Cc1[nH]c(/C=C2\C(=O)Nc3ccc(C(=O)N[C@H](C)c4ccc(F)cc4)cc32)c(C)c1NC(=O)[C@@H](C)O,6.0,6.89,=,=
COc1cc(OCc2ccnc(Nc3cnn(C)c3)n2)cc2sc(N[C@H]3CCCC[C@@H]3O)nc12,CSF1R,COc1cc(C=C(C#N)c2nc3cc(C)ccc3[nH]2)c(Br)cc1O,8.77,5.9,=,=
COC[C@H](CC(C)C)NC1=N/C(=C\c2ccc3ncsc3c2)C(=O)N1,DYRK4,CO[C@@H]1Cc2ccccc2[C@H]1NC1=N/C(=C\c2ccc3ncsc3c2)C(=O)N1,5.49,6.81,=,=
COc1cc2ncnc(Nc3ccc(F)c(Cl)c3)c2cc1OCCCN1CCOCC1,DMPK,COc1ccc(F)c(F)c1C(=O)c1cnc(NC2CCN(S(C)(=O)=O)CC2)nc1N,5.16,6.21,=,=
COc1cc2c(-c3cnc(-c4ccc[nH]4)o3)c[nH]c2cc1Br,MAPK15,CN(C)C[C@@H]1CCn2cc(c3ccccc32)C2=C(C(=O)NC2=O)c2cn(c3ccccc23)CCO1,6.0,7.06,=,=
O=C(NC1CCNCC1)c1n[nH]cc1NC(=O)c1c(Cl)cccc1Cl,CDK18,Cc1cnc(Nc2ccc(OCCN3CCCC3)cc2)nc1Nc1cccc(S(=O)(=O)NC(C)(C)C)c1,7.85,5.57,=,=
CCn1cc(C(=O)Nc2ccc(Oc3cc(NC(=O)OC)cn4nccc34)c(F)c2)c(=O)n(-c2ccc(F)cc2)c1=O,MET,C[C@@H](c1ccccc1)N1CCc2c([nH]c3ccc(Br)cc23)-c2c1ccnc2Cl,7.26,4.89,=,=
O=c1ncn2nc(Sc3ccc(F)cc3F)ccc2c1-c1c(Cl)cccc1Cl,EPHA1,C[C@H](CCC(=O)N[C@H](CC(=O)O)Cc1c[nH]c2ccccc12)[C@H]1CC[C@H]2[C@@H]3CC=C4C[C@@H](O)CC[C@]4(C)[C@H]3CC[C@]12C,5.33,5.66,=,=
CCC1C(=O)N(C)c2ccc(-c3cncc(-c4ccc5c(c4)CC(=O)N5C(C)C)c3)cc21,BMPR1B,CC(c1ccc(-c2cnc3c(-c4ccc(S(N)(=O)=O)c5ccccc45)cnn3c2)cc1)N1CCCC1,5.56,4.88,=,=
CC(C)Oc1cc(OC(C)C)cc(C(=O)Nc2ccc(/C=C/C(=O)O)cn2)c1,GCK,COCC[C@H](Oc1ncnc2c1cnn2-c1ccccc1Cl)C(=O)Nc1ccc(C)cn1,6.14,7.3,=,=
CC(C)n1nc(-c2cc(-c3ccsc3)on2)c(C(N)=O)c1N,RET,CCOc1cc(-c2ccc(N3CCC(NC(=O)CC4CNCCO4)C(Cc4ccccn4)C3)nc2)c2c(C#N)cnn2c1,6.17,6.59,=,=
COc1cc(Nc2ncc(F)c(Nc3ccc4c(n3)NC(=O)C(C)(C)O4)n2)cc(OC)c1OC,OXSR1,CN1C(=O)[C@@H](N2CCc3c(nn(Cc4ccccc4)c3Br)C2=O)COc2ccccc21,5.51,6.0,=,=
CNc1ccc(S(=O)(=O)NC)cc1Nc1ncnc2[nH]ccc12,TNNI3K,CNS(=O)(=O)c1ccc(N2CCOCC2)c(Nc2ncnc3[nH]c(Br)cc23)c1,5.2,6.65,=,=
CCOc1cc(F)c(Cn2cc(N(C)C)c(-c3ncc(OC)c(Nc4ccncc4)n3)n2)c(F)c1,BUB1,OCC1(COc2cnc(-c3nn(Cc4ccccc4F)c4ccccc34)nc2Nc2ccncc2)COC1,6.6,8.48,=,=
CCN(CC)S(=O)(=O)c1cc(Nc2nccc(-c3ccnc(-c4ccc(NC(=O)NC)cc4)c3)n2)ccc1C,SMG1,NS(=O)(=O)c1cccc(Nc2nccc(-c3ccnc(NCCCO)c3)n2)c1,9.7,7.66,=,=
C[C@H](CCC(=O)N[C@@H](Cc1c[nH]c2ccccc12)C(=O)O)[C@H]1CC[C@H]2[C@@H]3CC=C4C[C@@H](O)CC[C@]4(C)[C@H]3CC[C@]12C,EPHA8,Cc1ccc(NC(=O)c2ccc(CN3CCN(C)CC3)cc2)cc1Nc1nccc(-c2cccnc2)n1,5.51,5.85,=,=
Cc1c(Br)c(Br)c2c3c1nc(N1CCNCC1)n3CCC2,HIPK3,CCC(=O)Nc1cc(Nc2cc(NC3CC3)n3ncc(C#N)c3n2)ccc1C,6.88,5.09,=,=
Cn1ncc(Cl)c1-c1cc(C(=O)N[C@H](CN)Cc2cccc(F)c2)sc1Cl,PRKACB,CN[C@@H]1C[C@H]2O[C@@](C)([C@@H]1OC)n1c3ccccc3c3c4c(c5c6ccccc6n2c5c31)C(=O)NC4,6.68,8.09,=,=
Cc1ncc(-c2ccc3[nH]nc(C(=O)N[C@@H](C)C(F)(F)F)c3c2)n1C,DYRK1A,CCC(C)C(=O)Nc1cc2cc(-c3cncc(NCC4CCNCC4)n3)ccc2cn1,6.66,9.0,=,=
CNCc1ccc(-c2cc(-c3nc(-c4ccc(S(=O)(=O)C(C)C)cc4)cnc3N)on2)cc1,GSK3B,COc1nc(-c2ccnc(NC(=O)C3CC3)c2)sc1C(=O)NCCCCCCNc1c2c(nc3ccccc13)CCCC2,6.85,7.75,=,=
O=C(Nc1c[nH]nc1-c1nc2ccc(CN3CCOCC3)cc2[nH]1)NC1CC1,HCK,Cc1ccc(NC(=O)c2ccc(C)c(C(F)(F)F)c2)cc1C#Cc1nn([C@H]2CC[C@H](O)CC2)c2ncnc(N)c12,6.18,8.52,=,=
O=C(O)c1ccccc1Nc1ccnc(Nc2ccccc2)n1,AURKA,CC(C)C[C@@H]1NC(=O)[C@H](Cc2c[nH]c3ccccc23)NC(=O)[C@H](Cc2c[nH]c3ccccc23)NC(=O)[C@@H]2CCCN2C(=O)[C@H](CCCNC(=N)N)NC(=O)[C@H]([C@@H](C)O)NC(=O)[C@@H](N)CSSC[C@@H](C(=O)NCC(N)=O)NC1=O,7.1,4.57,=,=
CC(C)CC1(C)OC(c2ccnc(NCCC#N)n2)=C(c2cccc(NS(=O)(=O)c3c(F)cccc3F)c2F)C1=O,BRAF,Cc1ccc(NC(=O)c2cnnc(C(F)(F)F)c2)cc1-c1c(F)c(NCCO)nc(N2CCOCC2)c1F,8.02,7.54,=,=
COc1ccccc1Oc1cc(-c2cnc(N)nc2)nc(N2CCOCC2)c1,AKT1,Cn1c(CC(=O)N2CCc3ccccc32)nc(N2CCOCC2)cc1=O,5.79,7.7,=,=
CNc1ncc2cc(-c3ccc(-c4ncccc4C)cc3Cl)c(=O)n(C[C@H]3OC[C@H](N)CO3)c2n1,SIK2,COc1cc2c(Oc3ccc4[nH]c(C)cc4c3F)ncnc2cc1OCCCN1CCCC1,4.19,5.68,=,=
COc1cc(Nc2ncc(F)c(Nc3ccc4c(n3)N(COP(=O)(O)O)C(=O)C(C)(C)O4)n2)cc(OC)c1OC,NEK9,Cc1cc(Nc2cc(N3CCN(C)CC3)nc(/C=C/c3ccccc3)n2)n[nH]1,7.39,5.53,=,=
Oc1c2ccccc2c2c3c(cccc13)N=N2,FRK,CCOc1ccn(-c2ccc(F)cc2)c(=O)c1C(=O)Nc1ccc(Oc2ccnc(N)c2Cl)c(F)c1,7.2,6.48,=,=
Cc1nc(-c2ccc(NC(=O)Nc3cccc(C(F)(F)F)c3)c3ccccc23)c2c(N)ncc(CN3CCN[C@H](C)C3)n12,ERN1,O=S(=O)(Cc1ccccc1)Nc1c(F)cc(Oc2ncccc2-c2ccnc(N[C@@H]3CNC[C@H](CF)C3)n2)c(F)c1F,7.54,8.28,=,=
N#CCOc1ccc(Nc2nc(Nc3cccc(S(N)(=O)=O)c3)ncc2Br)cc1,FGFR3,COc1cc(CCc2cnc3[nH]c(-c4ccc5cnn(C)c5c4)cc3n2)cc(OC)c1,7.4,6.52,=,=
COc1cccc(OCCCN)c1-c1cc(Nc2cnc(C#N)cn2)n[nH]1,NUAK1,O=C1COc2ccc(-c3cnc4ccccn34)nc2N1CC1CCCC1,7.19,7.5,=,=
COc1cc2c(-c3cnc(-c4ccc[nH]4)o3)c[nH]c2cc1Br,STK36,Cc1ccc2nc(NCCN)c3ncc(C)n3c2c1,5.57,5.19,=,=
CCNC(=O)[C@H](CCC1CCCCC1)NC(=O)c1ccc(CNC(=O)c2cnn(-c3ccccc3)c2N)cc1,MAP3K4,C=CCn1c(=O)c2cnc(Nc3ccc(N4CCN(C)CC4)cc3)nc2n1-c1cccc(C(C)(C)O)n1,5.24,7.28,=,=
Nc1ncnc2c1oc1cc(-c3ccc(Cl)cc3Cl)cnc12,CLK1,O=C1NC(NC(CF)c2ccccc2)=N/C1=C\c1ccc2ncsc2c1,7.31,7.82,=,=
Clc1cc(-c2c[nH]c3ncccc23)cc(NCc2ccccc2)n1,TAOK1,O=C(c1ccc(/C=C/c2n[nH]c3ccccc23)cc1)N1CCNCC1,6.5,5.75,=,=
Fc1cccc(F)c1-c1ccc2[nH]nc(-c3cncc(OC4CCCNC4)n3)c2c1,PIM3,Nc1cncc(-c2cc3c(cn2)cnn3-c2cccc(N3CCCNCC3)n2)n1,8.3,10.59,=,=
C=CS(=O)(=O)N1CCC[C@@H]1Cn1cc(-c2ccc3c(c2)OCO3)c2c(N)ncnc21,MAP2K7,CNc1cc(Oc2cccc(NC(=O)CCl)c2)ncn1,6.72,7.22,=,=
C[C@@H](c1cccc(O)c1)N1C(=O)C(C)(C)c2cnc(Nc3cccnc3)nc21,MARK4,O=C(c1ccc2c(c1)Nc1ccccc1S2)c1c(-c2ccc(Cl)cc2)nc2ccccn12,6.57,4.99,=,=
CCN(CC)CCNC(=O)c1c(C)[nH]c(/C=C2\C(=O)Nc3ccc(F)cc32)c1C,MAST1,CCOc1cc2ncc(C#N)c(Nc3ccc(OCc4ccccn4)c(Cl)c3)c2cc1NC(=O)/C=C/CN(C)C,6.7,5.26,=,=
COc1ccc(-c2ccc3[nH]c(=O)c4nnn(-c5ccc(Cl)cc5)c4c3c2)cn1,RIOK2,COc1ccnc(NC(=O)[C@@H](C)c2ccc3cc(OC)ccc3c2)c1,6.34,5.28,=,=
COC1CN(C2CN(c3cc(C(F)F)cc(Nc4nc(NC5CC5)c5ncc(C#N)n5n4)c3Cl)C2)C1,CSNK2A2,N#Cc1cc(Nc2nc(NC3CC3)c3ncc(C#N)n3n2)c(Cl)c(N2CC[C@@H](NC(=O)OC3COC3)[C@H](O)C2)c1,8.22,9.59,=,=
N#Cc1cnc(C(=O)Nc2ccc(C3CCNCC3)cc2C2=CCCC2)[nH]1,CSF1R,CN(C)c1ccc2c(Nc3ccc(NC(=O)Nc4ccccc4)cc3)ncnc2c1,8.1,6.61,=,=
CCOc1cc2ncc(C#N)c(Nc3ccc(OCc4ccccc4)c(C#N)c3)c2cc1NC(=O)/C=C/CN(C)C,EGFR,CCc1cc(Nc2ncc(Br)c(Nc3ccc4ncnn4c3P(C)(C)=O)n2)c(OC)cc1N1CCC(N2CC(COC)C2)CC1,6.12,9.54,=,=
O=C(O)c1ccccc1Nc1ccnc(Nc2cccc(O)c2)n1,PLK3,CCNC(=O)c1ccc2c(ccn2-c2ncc3c(n2)N(C2CCCC2)[C@H](CC)C(=O)N3C)c1,7.3,5.35,=,=
COc1ccc(Cl)c(S(=O)(=O)Nc2ccc(-c3cc4[nH]nc(C)c4c(Oc4ccc(N(C)C)nc4)n3)cc2)c1,SGK1,Cc1n[nH]c2nc(-c3ccc(NS(=O)(=O)c4cc(Cl)ccc4F)cc3)nc(OCC(F)(F)CN)c12,7.6,8.3,=,=
Cl.N=C(N)C1(C(=O)Nc2ccc(CCCCCCCOCc3ccccc3)cc2)CC1,SPHK1,OC[C@@H]1C[C@H](O)CCN1CCc1ccc(Nc2nc(-c3ccc4ccccc4c3)cs2)cc1,5.3,6.35,=,=
C=CC(=O)N1CCCC[C@H]1c1nc(-c2ccc(C(=O)Nc3cc(Cl)ccn3)cc2)c(C(N)=O)n1N,BMX,C=CS(=O)(=O)N1CCC[C@@H]1Cn1cc(-c2ccc3c(c2)OCO3)c2c(N)ncnc21,7.08,7.45,=,=
CCn1c(-c2nonc2N)nc2c(C#CC(C)(C)O)ncc(OC[C@H]3CCCNC3)c21,MAP3K3,Cc1ccc(C(=O)Nc2cccc(C(F)(F)F)c2)cc1Nc1nc(-c2cccnc2)nc2nn(C)cc12,6.06,7.62,=,=
CN(C)CC(=O)N1CCC(c2ccc(NC(=O)c3nc(C#N)c[nH]3)c(C3=CCCCC3)c2)CC1.Cl,PIP5K1A,CC(C)(O)CNc1ncc(-c2ccnc(Nc3ccnc(Cl)c3)n2)c(CC2CC2)n1,6.23,5.31,=,=
Cn1cc(CNC(=O)c2ccncc2Nc2cc(-c3ccc4ccn(C)c4c3)c3nccnc3c2)cn1,PFKFB3,CC(=O)N1CCCC(NC(=O)c2ccncc2Nc2cc(-c3ccc4ccn(C)c4c3)c3nccnc3c2)C1,5.46,6.42,=,=
C[C@]12O[C@H](C[C@]1(O)CO)n1c3ccccc3c3c4c(c5c6ccccc6n2c5c31)CNC4=O,STK32C,CN[C@@H]1C[C@H]2O[C@@](C)([C@@H]1OC)n1c3ccccc3c3c4c(c5c6ccccc6n2c5c31)C(=O)NC4,5.1,6.51,=,=
CN(C)C[C@@H]1CCn2cc(c3ccccc32)C2=C(C(=O)NC2=O)c2cn(c3ccccc23)CCO1,MAP3K3,CSc1cccc(Nc2ncc3cc(-c4c(Cl)cccc4Cl)c(=O)n(C)c3n2)c1,6.77,6.37,=,=
CC(=O)Nc1cc(Oc2ccc3c(c2)nc(Nc2cccc(C(C)(C)C)c2)n3C)ccn1,FYN,CCCCOc1ncnc2[nH]cc(-c3ccccc3)c12,8.7,6.8,=,=
COc1cc(N2CCC(N3CCN(C)CC3)CC2)ccc1Nc1ncc(Cl)c(Nc2ccccc2S(=O)(=O)C(C)C)n1,DCLK2,C[C@@H](Oc1cc(-c2cnn(C3CCNCC3)c2)cnc1N)c1c(Cl)ccc(F)c1Cl,7.8,6.43,=,=
CCN1CCN(Cc2ccc(NC(=O)Nc3ccc(Oc4cc(NC)ncn4)cc3)cc2C(F)(F)F)CC1,CDK11B,COc1cc2c(Oc3ccc(NC(=O)C4(C(=O)Nc5ccc(F)cc5)CC4)cc3F)ccnc2cc1OCCCN1CCOCC1,5.85,6.19,=,=
NC(=O)c1cccc(-c2cnc3[nH]cc(-c4ccccc4)c3c2)c1,LYN,Cc1cc(C)c(-n2ccn3nc(-c4cccnc4)cc23)cc1NC(=O)c1cc(C#N)cc(S(F)(F)(F)(F)F)c1,6.3,5.13,=,=
CC(C)n1nc(-c2cc3cc(O)ccc3[nH]2)c2c(N)ncnc21,MAP3K19,C#Cc1cccc(Nc2ncnc3cc(OCCOC)c(OCCOC)cc23)c1,8.29,7.6,=,=
CNC(=O)c1cc(Oc2ccc(NC(=O)Nc3cccc(C(F)(F)F)c3)cc2)ccn1,LYN,Cc1cc(-c2ccccc2)n(-c2cc(NN=Cc3ccco3)ncn2)n1,7.2,6.4,=,=
CN1CCC(NC(=O)c2cnc(Nc3cc(Cl)cc(Cl)c3)nc2NC2CCC(N(C)C)CC2)CC1,MAP3K9,C[C@@H](Oc1cc(-n2cnc3ccc(CN4CCN(C)CC4)cc32)sc1C(N)=O)c1ccccc1C(F)(F)F,4.91,5.52,=,=
Cc1ccc(C(=O)Nc2cccc(C(F)(F)F)c2)cc1Nc1nc(-c2cccnc2)nc2nn(C)cc12,PRKAB1,c1ccc2c(-c3cnn4cc(-c5ccc(N6CCNCC6)cc5)cnc34)ccnc2c1,5.41,5.95,=,=
CCCS(=O)(=O)c1ccccc1Nc1nc(Nc2ccc(N3CCN(C(=O)NC)CC3)cc2OC)ncc1Cl,ZAP70,CCCCCC(=O)N(CC(=O)N(CC)CC(=O)N(CC(=O)N(CC(N)=O)CC(C)C)CC(C)C)Cc1ccc(CP(=O)(O)O)cc1,8.0,4.6,=,=
CCCNc1ncc(-c2cc(-c3cc(OC)ccc3Cl)nc(-c3cnccn3)n2)s1,LIMK2,Cc1nc(Cn2cc(CN(Cc3ccccc3)C(=O)c3ccc(S(=O)(=O)Nc4ccccc4)cc3)nn2)cs1,6.12,6.49,=,=
Cc1ccc(S(=O)(=O)NCCNc2nccc(-c3c(-c4cccc(N)c4)nc4sccn34)n2)cc1,BRAF,Nc1ccc(F)c(-c2ccc3nccc(Nc4cccc5[nH]ncc45)c3c2)c1,7.23,6.83,=,=
C#Cc1nn([C@@H]2CCCN(C(=O)C=C)C2)c2ncnc(N)c12,MAP2K7,O=S(=O)(Nc1cccc(-c2n[nH]c3cc(F)ccc23)c1)C1CC1,7.52,5.19,=,=
CCCS(=O)(=O)Nc1ccc(F)c(C(=O)c2c[nH]c3ncc(Cl)cc23)c1F,MAP2K4,CCCS(=O)(=O)Nc1ccc(F)c(C(=O)c2n[nH]c3ncc(-c4cccc(O)c4)cc23)c1F,6.72,6.15,=,=
CN[C@@H]1C[C@H]2O[C@@](C)([C@@H]1OC)n1c3ccccc3c3c4c(c5c6ccccc6n2c5c31)C(=O)N[C@H]4O,STK10,O=C1NC(=O)C(c2ccccc2C(F)(F)F)=C1Nc1ccc(O)c(Cl)c1,8.52,6.21,=,=
N#CCCN1CCC(n2c(CC3CCOCC3)nc3cnc4[nH]ccc4c32)CC1,JAK1,CNC(=O)c1ccc(-c2cc3c(N[C@@H]4CN(C(=O)OC)C[C@@H]4C)c(C(N)=O)cnn3c2)cn1,6.47,8.33,=,=
N#CC[C@H](C1CCCC1)n1cc(-c2ncnc3[nH]ccc23)cn1,PLK2,CC(=O)c1ccccc1Nc1ncc2c(n1)-c1c(c(C(N)=O)nn1C)CC2,5.82,6.58,=,=
N#CCc1ccc(Nc2nccc(Nc3cc(C4CC4)[nH]n3)n2)cc1,STK26,Cc1cc(-c2cnc(Nc3cc(Cl)cc(Cl)c3)nc2NC2CCC(N(C)C)CC2)on1,5.98,5.42,=,=
Cc1ccc(C(=O)Nc2cccc(C(F)(F)F)c2)cc1Nc1nc(-c2cccnc2)nc2c1cnn2C,EPHA8,CSc1cccc(Nc2ncc3cc(-c4c(Cl)cccc4Cl)c(=O)n(C)c3n2)c1,8.92,8.23,=,=
CCN(CC)CCNC(=O)c1c(C)[nH]c(/C=C2\C(=O)Nc3ccc(F)cc32)c1C,STK38L,Oc1c2ccccc2c2c3c(cccc13)N=N2,6.01,5.64,=,=
C=CC(=O)Nc1ccccc1Nc1nc(N[C@H]2CCCN(C(=O)[C@H](O)CO)C2)ncc1C(F)(F)F,MAPK3,CNc1cc(Oc2ccc(NC(=O)Nc3ccc(Br)cc3)cc2F)ncn1,6.52,5.12,=,=
O=C(N[C@H]1C(O)O[C@H](CO)[C@@H](O)[C@@H]1O)c1ccc(-c2ccccc2)cc1,HK1,COc1ccc(-c2nc3c(c(=O)n(C)c(=O)n3C)n2CC2CC(c3ccccc3)=NO2)cc1OC,4.89,4.46,=,=
CCOc1cc2ncc(C#N)c(Nc3ccc(OCc4ccccn4)c(Cl)c3)c2cc1NC(=O)/C=C/CN(C)C,FES,COc1cc(N2CCC(N3CCN(C)CC3)CC2)ccc1Nc1ncc(Cl)c(Nc2ccccc2P(C)(C)=O)n1,6.23,8.46,=,=
CCc1cc(Nc2nc(N[C@@H](C)c3ccc(F)cn3)nc3cccc(OC)c23)n[nH]1,GRK5,Cc1[nH]c(/C=C2\C(=O)Nc3ccc(C(=O)N[C@H](C)c4ccc(F)cc4)cc32)c(C)c1NC(=O)[C@@H](C)O,7.58,6.89,=,=
NC1CCCC(C(=O)Nc2ccc3[nH]nc(Nc4ccnc5ccccc45)c3c2)C1,ULK1,CN1CCN(CCOc2ccc(-c3cc4cc(-c5csc(C(=O)NCC(F)(F)F)c5)cnc4[nH]3)cc2)CC1,6.62,8.1,=,=
CN(c1ccccc1)c1cc[n+](Cc2ccccc2)c2cc(Cl)ccc12.[Br-],CHKB,COc1ccc(NC(=O)[C@H]2CC[C@@H](n3cnc4c(N)nc(Cl)nc43)CC2)cc1OC,4.44,5.23,=,=
CN1C(=O)[C@@H](N2CCc3cn(CC4CCS(=O)(=O)CC4)nc3C2=O)COc2ccccc21,PAK6,COc1cc(Nc2ncc(F)c(Nc3ccc4c(n3)NC(=O)C(C)(C)O4)n2)cc(OC)c1OC,6.0,6.51,=,=
Nc1nc2ccc(-c3ccc(=O)[nH]c3)cc2s1,PI4KA,COc1ncc(-c2ccc3nc(N)n(-c4ccccc4)c(=O)c3c2)cc1NS(=O)(=O)c1ccc(F)cc1F,5.5,8.8,=,=
NC(=O)c1cnc(N[C@H]2CC[C@H](N)CC2)c2nc(-c3ccc(Cl)cc3)cn12,LCK,Cc1cn(-c2cc(NC(=O)c3ccc(C)c(Nc4nc5ccccc5n4-c4cc(N)ncn4)c3)cc(C(F)(F)F)c2)cn1,6.0,7.23,=,=
CN1C(=O)[C@@H](N2CCc3cn(CC4CCS(=O)(=O)CC4)nc3C2=O)COc2ccccc21,SRMS,CC1(C(=O)N2CCC[C@@H](c3nc(-c4ccc(C(=O)Nc5cc(C(F)(F)F)ccn5)cc4)c4c(N)nccn34)C2)COC1,6.0,7.5,=,=
O=C(CNc1cccc(Oc2ccccc2)c1)N/N=C/c1ccncc1,GRK3,CN[C@@H]1C[C@H]2O[C@@](C)([C@@H]1OC)n1c3ccccc3c3c4c(c5c6ccccc6n2c5c31)C(=O)NC4,7.0,6.07,=,=
CC(C)(C)c1cc(NC(=O)c2ccc(S(=O)(=O)N3CCCC3)cc2)n[nH]1,STK25,C[C@]12O[C@H](C[C@]1(O)CO)n1c3ccccc3c3c4c(c5c6ccccc6n2c5c31)CNC4=O,6.66,7.01,=,=
C=CC(=O)N1CC[C@@H](C)[C@@H](Nc2nc(Nc3cnn(CC(C)C)c3)nc3[nH]nc(Cl)c23)C1,BTK,C=CC(=O)Nc1cccc(Nc2nc(Nc3ccc(NS(=O)(=O)c4ccc(C)cc4)cc3)ncc2Cl)c1,8.46,7.23,=,=
CN1CCN(Cc2ccc(NC(=O)c3n[nH]cc3Nc3ccncn3)cc2)CC1,CDK6,Cc1nc2c(F)cc(-c3nc(Nc4ccc5c(n4)CCN(C(=O)CCO)C5)ncc3F)cc2n1C(C)C,7.84,8.15,=,=
CN1CCN(c2ccc3nc(-c4c(N)c5c(F)cccc5[nH]c4=O)[nH]c3c2)CC1,ANKK1,Cc1ccc(-n2nc(C(C)(C)C)cc2NC(=O)Nc2ccc(OCCN3CCOCC3)c3ccccc23)cc1,7.1,6.0,=,=
CN1C(=O)[C@@H](N2CCc3cn(CC4CCS(=O)(=O)CC4)nc3C2=O)COc2ccccc21,LATS2,C[C@H](N(C)c1nc(-c2ccncc2)nc2cnccc12)C(F)(F)F,6.0,8.7,=,=
O=C(Nc1c[nH]nc1-c1nc2ccc(CN3CCOCC3)cc2[nH]1)NC1CC1,MAP3K3,CCn1c(-c2nonc2N)nc2c(C#CC(C)(C)O)ncc(OC[C@H]3CCCNC3)c21,6.46,6.06,=,=
CCOc1nc2ccc(C#C[C@](C)(O)c3ncc(C)o3)cc2n1-c1ccnc(N)n1,PRKD1,O=C1CN(c2nc(-c3ccnc(NC4CCCCC4)c3)cc3cnccc23)CCN1,7.21,5.31,=,=
CC(C)Nc1cc(-c2c[nH]c(C(=O)N[C@H](CO)c3ccccc3)c2)c(Cl)cn1,MAPK1,O[C@H]1CC[C@H](Nc2ncc3nc(Nc4c(F)cc(F)cc4F)n([C@H]4CCOC4)c3n2)CC1,7.8,5.91,=,=
N#CC[C@H](C1CCCC1)n1cc(-c2ncnc3[nH]ccc23)cn1,DCLK2,Nc1nc(Nc2ccc(S(N)(=O)=O)cc2)nn1C(=O)c1c(F)cccc1F,6.12,5.35,=,=
COc1cc(Nc2ncc(F)c(Nc3ccc4c(n3)NC(=O)C(C)(C)O4)n2)cc(OC)c1OC,WEE2,COc1cc2c(Nc3cc(Cl)c(OC)c(Cl)c3)c(C#N)cnc2cc1OCCCN1CCN(C)CC1,5.03,8.33,=,=
O=C([C@@H]1CC1(F)F)N1[C@@H]2CC[C@H]1CN(c1ccnc(Nc3cnc(OCCO)c(Cl)c3)n1)C2,JAK1,N#CCC1(n2ccc(-c3nc(-c4ccc(N)c(C(N)=O)n4)cc4ncccc34)n2)CC(C#N)C1,6.59,6.19,=,=
CC[C@@H]1CN(C(=O)C2(C#N)CC2)C[C@@H]1Nc1c(C(N)=O)cnn2cc(-c3ccn(C)n3)nc12,JAK3,CC(=O)N1CCCCC12CCN(c1ncnc3[nH]ccc13)C2,9.0,6.82,=,=
CN(Cc1cc(Cl)c(O)c2ncccc12)C1CCCCC1,MAP4K2,CC(=O)NCC(=O)N1[C@@H]2CC[C@H]1c1ccc(Nc3ncc(C(F)(F)F)c(NC4CCC4)n3)cc12,6.3,5.87,=,=
COc1cc2ncn(-c3cc(OCc4ccccc4C(F)(F)F)c(C(=O)O)s3)c2cc1OC,INSR,CN(C(=O)c1ccccc1)c1ccc2c(c1)[nH]/c(=N\C(=O)c1ccc(C=O)s1)n2CCC(N)=O,5.5,7.29,=,=
Cc1c(S(=O)(=O)Nc2cccc(CC(=O)O)c2)sc2ccc(C(C)C)cc12,PFKFB3,CN1CCCC(NS(=O)(=O)c2ccccc2Nc2cc(-c3ccc4ccn(C)c4c3)c3nccnc3c2)C1,6.64,6.12,=,=
COc1cc(N2CCC(N3CCN(C)CC3)CC2)ccc1Nc1ncc(Cl)c(Nc2ccccc2S(=O)(=O)C(C)C)n1,STK32A,CN1CC[C@H](c2c(O)cc(O)c3c(=O)cc(-c4ccccc4Cl)oc23)[C@H](O)C1,7.89,5.26,=,=
CC1(N)CCN(c2cccnc2NC(=O)c2nc(-c3nc(N4C5CCC4COC5)ccc3C(F)(F)F)cnc2N)CC1,PRKCA,CN1CCOCCOCCN(C)CCn2cc(c3ccccc32)C2=C(C(=O)NC2=O)c2cn(c3ccccc23)CC1,9.03,6.11,=,=
O=C(O)c1ccc2c(c1)nc(Nc1cccc(F)c1)c1ncncc12,CSNK2A1,Cc1nn2c(-c3ccccc3)ccnc2c1/C(N)=N/O,7.58,7.14,=,=
C[C@@H]1CN(c2cc(NC(=O)c3cccc(-c4cnn(C)c4)n3)c(C(F)(F)F)cn2)C[C@H](C)O1,LRRK2,CCc1nnc2n1CCN(c1cc(-n3ncc4ccc(-c5cnn(C)c5)cc43)ccn1)C2,8.61,6.66,=,=
COc1cc(Nc2ncc(F)c(Nc3ccc4c(n3)NC(=O)C(C)(C)O4)n2)cc(OC)c1OC,RIPK4,C#Cc1cccc(Nc2ncnc3cc(OCCOC)c(OCCOC)cc23)c1,6.66,5.31,=,=
O=C1NN=Cc2c[nH]c3cc(NC(=O)C4CC4c4ccccc4)cc1c23,PLK4,Cc1cc(Nc2nc(NCc3ccc(Cl)c(C(=O)Nc4ccccc4)c3)nc3c2cnn3C2CCOCC2)n[nH]1,6.8,8.27,=,=
Cc1[nH]c(/C=C2\C(=O)Nc3ccc(F)cc32)c(C)c1C(=O)NC[C@H](O)CN1CCOCC1,RPS6KA6,CC(C)C1OC(=O)N(C2CCCC2)c2nc(Nc3cc(F)c(O)c(F)c3)ncc21,5.51,8.02,=,=
COc1cc(-c2csc3c(/C=C/CN[C@H]4CC[C@H](N)CC4)cnc(N)c23)ccc1NC(=O)c1cc2ccccc2n1C,HCK,CCCOc1ccc2cc(-c3nn(C(C)C)c4ncnc(N)c34)ccc2c1,4.62,6.61,=,=
COc1ccc(C(=O)c2sc(NC(C)C)c(C#N)c2N)cc1,MELK,CC(=O)c1cnc2ccc(-c3cnc(C#N)nc3)cc2c1Nc1ccc(CN2CCCC2)cc1,5.38,8.54,=,=
CN[C@@H]1C[C@H]2O[C@@](C)([C@@H]1OC)n1c3ccccc3c3c4c(c5c6ccccc6n2c5c31)C(=O)NC4,AKT3,Cn1ncc(Cl)c1-c1cc(C(=O)N[C@H](CN)Cc2cccc(F)c2)oc1Cl,8.0,8.4,=,=
C[C@@H](C(=O)N1Cc2c(-c3ccc(C(=O)N4CCCc5ccccc54)cc3)cnn2C[C@@H]1C)c1ccccc1,PINK1,CO[C@@H](C(=O)N1Cc2c(-c3ccc(C(=O)N4CCCc5ccccc54)cc3)cnn2C[C@@H]1C(C)C)c1cnn(C)c1,5.82,6.82,=,=
C[C@H](Nc1ncnc(N)c1C#Cc1ccc(C(N)=O)cn1)c1nc2cccc(Cl)c2c(=O)n1-c1ccccc1,PIK3CB,Cc1noc(-c2cc(-c3cc(S(=O)(=O)NC[C@H]4CCCO4)ccc3C)cnc2N)n1,6.26,5.28,=,=
C/C(=N\NC(=O)CNc1cccc(Oc2ccccc2)c1)c1ccncc1,GRK3,CN1C(=O)[C@@H](N2CCc3c(nn(Cc4ccccc4)c3Br)C2=O)COc2ccccc21,7.0,6.0,=,=
Cc1sc(C(=O)N[C@@H]2[C@H](N)CCCC2(F)F)cc1-c1cnn2cc(Cl)cnc12,DAPK1,O=c1c(O)c(-c2ccc(O)cc2O)oc2cc(O)cc(O)c12,7.58,5.38,=,=
CN1C[C@@H]2C[C@H]1CN2c1cc(F)c(-c2ccnc3c(-c4cccc5[nH]ncc45)c(-c4ccncc4)nn23)c(F)c1,RET,CCONC(=O)C1CCN(c2ccc(-c3cc(-c4cnn(C)c4)cn4ncc(C#N)c34)cn2)CC1,6.8,7.79,=,=
Cc1cc(Nc2cc(N3CCN(C)CC3)nc(Sc3ccc(NC(=O)C4CC4)cc3)n2)n[nH]1,INSRR,COc1cc(N2CCC(N3CCN(CC4CCN(c5ccc6c(c5)CN(C5CCC(=O)NC5=O)C6=O)CC4)CC3)CC2)ccc1Nc1ncc(Cl)c(Nc2ccccc2P(C)(C)=O)n1,6.54,7.35,=,=
CN[C@@H]1C[C@H]2O[C@@](C)([C@@H]1OC)n1c3ccccc3c3c4c(c5c6ccccc6n2c5c31)C(=O)NC4,STK26,N#CCc1ccc(Nc2nccc(Nc3cc(C4CC4)[nH]n3)n2)cc1,6.85,5.98,=,=
COCCOC1CCC(n2nc(-c3ccc(Nc4nc5cc(C)cc(Cl)c5o4)cc3)c3c(N)ncnc32)CC1,PAK1,CCCCCSc1ncnc2[nH]cnc12,5.2,4.42,=,=
CN[C@@H]1C[C@H]2O[C@@](C)([C@@H]1OC)n1c3ccccc3c3c4c(c5c6ccccc6n2c5c31)C(=O)NC4,NEK5,CN1C(=O)[C@@H](N2CCc3cn(CC4CCS(=O)(=O)CC4)nc3C2=O)COc2ccccc21,7.01,6.0,=,=
Cc1cc(=O)[nH]c2[nH]n(-c3ccccc3)c(=O)c12,NEK2,Cc1cc(Nc2ncc(F)c(NC3C4C=CC(C4)C3C(N)=O)n2)ccc1N1CCN(C)CC1,4.3,6.2,=,=
Nc1ccc2cc(NCCc3ccccc3)cc(Nc3ncccn3)c2n1,DYRK1B,Cn1cc(C2=C(c3cccc(NCC(O)CO)c3)C(=O)NC2=O)c2cc(F)ccc21,5.7,7.06,=,=
CN[C@@H]1C[C@H]2O[C@@](C)([C@@H]1OC)n1c3ccccc3c3c4c(c5c6ccccc6n2c5c31)C(=O)NC4,GRK3,CCn1c(CNc2cccc(C(=O)NCc3ccccc3)c2)nnc1-c1ccncc1,6.07,8.48,=,=
CS(=O)(=O)CCNCc1ccc(-c2ccc3ncnc(Nc4ccc(OCc5cccc(F)c5)c(Cl)c4)c3c2)o1,PIK3C2G,Cc1nc(CN(C)c2ncnc3ccc(-c4ccc5c(c4)OCO5)cc23)cs1,5.12,7.4,=,=
CN1C(=O)[C@@H](N2CCc3cn(CC4CCS(=O)(=O)CC4)nc3C2=O)COc2ccccc21,SBK1,C[C@]12O[C@H](C[C@]1(O)CO)n1c3ccccc3c3c4c(c5c6ccccc6n2c5c31)CNC4=O,6.0,6.7,=,=
COc1ccc(NC(=O)Nc2ccc(-c3csc4c(-c5cnn(CCO)c5)cnc(N)c34)cc2)cc1,FER,CCOc1ccc(NC(=O)Nc2ccc(-c3csc4c(-c5cnn(C)c5)cnc(N)c34)cc2)cc1,8.2,7.7,=,=
c1ccc(COc2cccc(-c3nc4sccn4c3-c3ccncn3)c2)cc1,ARAF,Cc1ccc(C(=O)Nc2ccc(Cl)c(C(F)(F)F)c2)cc1NC(=O)C1(c2ncnc3[nH]cnc23)CC1,5.15,9.0,=,=
C[C@@H](N)c1ccc(C(=O)Nc2ccnc3[nH]ccc23)cc1,CLK1,Cc1ccc(CNc2ncnc3ccc(-c4ccc(CO)o4)cc23)o1,7.75,5.82,=,=
Cc1nc(N)sc1-c1ccnc(Nc2ccc(N3CCOCC3)cc2)n1,EPHA4,Cc1scc(C(=O)N[C@@H](CCC(=O)O)C(=O)N[C@@H](Cc2csc3ccccc23)C(=O)N[C@H](CO)C(=O)N[C@H](C)C(N)=O)c1NC(=O)[C@H](CCCNC(=N)N)NC(=O)[C@H](Cc1ccc(O)cc1)NC(=O)[C@@H](NC(=O)[C@H](CC(C)C)NC(=O)[C@H](Cc1ccc(O)cc1)NC(=O)[C@@H]1CCCN1C(=O)CCN)C(C)C,5.46,6.69,=,=
COc1cc(N2CCC(N3CCN(C)CC3)CC2)ccc1Nc1ncc(Cl)c(Nc2ccccc2S(=O)(=O)C(C)C)n1,NEK6,Cc1c(O)c(O)c(O)c2c1COC2=O,5.89,4.87,=,=
CNc1nc(-c2ccc3c(c2)CCN3C(=O)c2ccccc2OCc2ccc(Cl)cc2)cs1,WNK1,O=[N+]([O-])c1cc(S(=O)(=O)C(Cl)(Cl)Br)ccc1NC1CCCCC1,6.65,5.4,=,=
CN(C)c1ccc(-c2c(-c3ccc(N4CCOCC4)nc3)nc3ncnc(N)c3c2-c2cccc(Cl)c2)cc1,ADK,Nc1ncnc(C#Cc2ccc(N3CCOCC3)nc2)c1-c1cccs1,6.89,7.33,=,=
CN(C)CC(=O)N1CCC(c2ccc(NC(=O)c3nc(C#N)c[nH]3)c(C3=CCCCC3)c2)CC1.Cl,MAP2K6,CN1C(=O)[C@@H](N2CCc3cn(Cc4ccccc4)nc3C2=O)COc2ccccc21,5.5,6.0,=,=
CCN(CC)S(=O)(=O)NCc1cccc(-c2ccc3c(NC(=O)C4CC4)n[nH]c3c2)c1,STK16,COc1cc(N(C)c2ccnc3ccc(C(F)(F)F)cc23)cc(OC)c1OC,6.66,4.82,=,=
O=c1[nH][nH]c2ccc(Br)cc12,PAK4,CNc1ccc(CNc2nccc(Nc3cc(C4CC4)[nH]n3)n2)cn1,4.3,6.21,=,=
COc1cc(N2CCC(N3CCN(C)CC3)CC2)ccc1Nc1ncc(Cl)c(Nc2ccccc2S(=O)(=O)C(C)C)n1,STK32C,CN1C(=O)[C@@H](N2CCc3c(nn(Cc4ccccc4)c3Br)C2=O)COc2ccccc21,7.26,6.0,=,=
CCNc1nc2cc(Cl)c(C#Cc3cccc(O)c3)cc2nc1NCC,PGK1,CCNc1nc2cc(Cl)c(C#CCCCCO)cc2nc1NCC,5.24,6.42,=,=
CN1C(=O)c2sccc2N(C)c2nc(Nc3ccc(S(N)(=O)=O)cc3)ncc21,RIPK4,C#Cc1cccc(Nc2ncnc3cc(OCCOC)c(OCCOC)cc23)c1,6.85,5.31,=,=
CCNCc1cncc(-c2ccc3[nH]nc(-c4nc5c(F)c(F)ccc5[nH]4)c3c2)c1C,MAP3K8,Clc1ccc(-c2ccc(Oc3cncc4sc(-c5nn[nH]n5)cc34)cc2)cc1,4.68,6.37,=,=
O=C(Cc1cccc(C(F)(F)F)n1)Nc1cc(Oc2ccc3nc(NC(=O)C4CC4)sc3c2)ccc1F,RIPK3,Cc1ccc(Nc2nccc(N(C)c3ccc4c(C)n(C)nc4c3)n2)cc1S(N)(=O)=O,6.55,5.73,=,=
CNS(=O)(=O)c1cccc(Nc2ncnc3[nH]c(-c4ccc(C)cc4)cc23)c1,TNNI3K,CNS(=O)(=O)c1ccc(N2CCOCC2)c(Nc2ncnc3[nH]ccc23)c1,7.89,7.2,=,=
Cc1c(-c2ccncc2)n[nH]c1CNc1cccc(C(=O)NCc2ccccc2)c1,GRK7,CCc1cc(Nc2nc(NCc3ccc(Cl)cc3OC)nc3cccc(OC)c23)n[nH]1,4.75,8.19,=,=
NC(=O)c1cc(N[C@@H]2CCNC2)nc(-c2ccnc(NC3CCCCC3)c2)c1,PRKD2,Cc1ccc(-c2cnc(N)c3c(-c4ccc(NC(=O)Nc5cccc(F)c5)cc4)csc23)cn1,7.75,5.2,=,=
Cc1c(C(=O)NCCc2ccc(F)cc2)[nH]c2cc(F)ccc12,CDK2,Cc1nc2c(F)cc(-c3nc(Nc4ccc5c(n4)CCNC5)ncc3F)cc2n1C,7.47,6.31,=,=
COC(=O)c1c(CN2CCOCC2)c(=O)c2ccc(F)cc2n1-c1ccccc1,MAPK8,Cc1ccc(-n2cc(NC(=O)Nc3cccc4ccccc34)cn2)cc1C(=O)NC1CC1,6.94,5.5,=,=
CNC1CCN(c2ccc(Nc3ncc4ccn(-c5cccc(NS(=O)(=O)C(C)(C)C)c5)c4n3)cc2)C1,JAK2,CC(C)NC(c1ccc(Nc2nn([C@@H](CC#N)C3CC3)c3cc[nH]c(=O)c23)cc1)C(F)(F)F,7.77,6.68,=,=
Cn1cc(-c2ccc(-c3cncc(C(F)(F)F)c3N3CCC4(CCNC4=O)CC3)cc2)cn1,CDK8,Cn1cc(-c2ccc(-c3cncc4ccc(N5CCCS5(=O)=O)cc34)cc2)cn1,7.83,7.06,=,=
CNC(=O)c1nn(C)c2ccc(Nc3nccc(-n4cc(CN(C)C)c(C)n4)n3)cc12,ZAP70,C=CC(=O)Nc1cc(CNc2nc(Nc3cc(OC)cc(OC)c3)c(C(N)=O)c3nccn23)ccc1C,7.14,6.17,=,=
O=C(Nc1ccc2cc(C(=O)Nc3nccs3)ccc2c1)c1ccc(Cl)c(Cl)c1,MAPK15,COc1cc(F)ccc1-c1ncnc(Nc2cccc(C[S@](C)(=N)=O)c2)n1,5.27,5.58,=,=
Cc1nc2c(F)cc(-c3nc(Nc4ccc5c(n4)CCN(C[C@@H]4CNCCO4)C5)ncc3F)cc2n1C(C)(C)C,CDK6,Oc1cc(-c2ccc(Nc3ncc4c5ccncc5n(C5CCCC5)c4n3)nn2)ccn1,8.95,7.78,=,=
O=c1[nH]cnc2ccc(N3C[C@H]4CCCC[C@H]4C3)cc12,IP6K3,O=c1[nH]cnc2ccc(/C=C/c3ccc(F)cc3)cc12,4.21,5.57,=,=
CNC(=O)Nc1ncc(-c2cc(-c3c(C)cc(OC)cc3C)nc(-c3cnccn3)n2)s1,TESK2,Cc1ccc(C(=O)Nc2cccc(C(F)(F)F)c2)cc1Nc1nc(-c2cccnc2)nc2nn(C)cc12,6.38,8.46,=,=
COc1ccc(Cn2cnc3sc(-c4ccnc(N)c4)cc3c2=O)cc1OC,ROCK2,CN(C)c1ccc(C(=O)Nc2cc(Br)cc(NC(=O)COc3ccc4c(=O)ccoc4c3)c2)cc1,6.66,5.34,=,=
CC(c1ccc(F)c(F)c1)N1C[C@H](C)N(c2nc(=O)n(C)c3ccc(C#N)nc23)C[C@H]1C,DGKZ,CC[C@H]1CN(C(C)c2ccc(C)nc2)[C@H](CC)CN1c1nc(=O)n(C)c2ccc(C#N)nc12,6.46,5.98,=,=
Cc1[nH]c(/C=C2/C(=O)Nc3ccc(F)cc32)c(C)c1C(=O)NC[C@H](O)CN1CCOCC1,RIOK2,C[C@]12O[C@H](C[C@]1(O)CO)n1c3ccccc3c3c4c(c5c6ccccc6n2c5c31)CNC4=O,6.85,5.17,=,=
CN1C(=O)[C@@H](N2CCc3c(nn(Cc4ccccc4)c3Br)C2=O)COc2ccccc21,CDK17,O=C(NC1CCNCC1)c1n[nH]cc1NC(=O)c1c(Cl)cccc1Cl,6.0,8.59,=,=
C[C@@H]1CCc2ncc(F)cc2[C@H]2CCCN2c2ccn3ncc(c3n2)C(=O)N1,ROS1,CN1CCN(c2cccc(Nc3nccc(-c4c(C(N)=O)nc5ccccn45)n3)c2)CC1,8.57,6.6,=,=
CN1C(=O)C[C@H](C2CC2)c2nnc3cc(-c4ccnc(Nc5ccnn5C)n4)cc1n23,MAPK6,COc1cccc(C[C@H]2CNc3cc(-c4ccnc(Nc5ccnn5C)n4)cc4nnc2n34)n1,9.18,10.52,=,=
CC1(C)C(=O)N([C@H]2CCc3c(O)cccc32)c2nc(Nc3ccccc3)ncc21,PASK,Cn1cc(-c2cnc3c(-c4csc(C(=O)N[C@@H]5CCCC[C@@H]5N)c4)cnn3c2)cn1,5.0,5.82,=,=
CN1CCN(C(=O)C(C)(C)c2ccc(C(=O)Nc3cn4cc(-c5ccncc5)ccc4n3)cc2)CC1,SIK2,CNc1ncc2cc(-c3cc(F)c(-c4cccc(C)n4)cc3F)c(=O)n(CCCCN)c2n1,6.9,7.51,=,=
CC(C)(O)C#Cc1cc2c(ccn2-c2ccnc(N)n2)c(N2CCOCC2)n1,TTBK1,CC(C)(O)/C=C/c1cc2c(cn1)cnn2-c1ccnc(N)n1,6.87,5.71,=,=
CCc1nc(C(N)=O)c(Nc2ccc(N3CCC(N4CCN(C)CC4)CC3)c(OC)c2)nc1NC1CCOCC1,RPS6KA1,CN(CCNc1ccc(-c2nnc(C(F)(F)F)o2)nc1C1CCN(c2ncnc3c2C(C)(C)C(=O)N3)CC1)C(C)(C)C,5.46,9.0,=,=
CC(NC(=O)c1cnc2ccccn12)c1ccc(C(=O)N[C@H](CCC2CCCCC2)C(=O)NC2CCCN(S(C)(=O)=O)C2)cc1,DDR2,CC(C)(C)c1cc(NC(=O)Nc2nc(CCOCc3ccccc3)cs2)n(-c2ccc(CC(=O)O)cc2)n1,8.3,6.17,=,=
CN(C)C/C=C/C(=O)Nc1cc2c(Nc3ccc(F)c(Cl)c3)ncnc2cc1O[C@H]1CCOC1,PHKG1,Cn1cc(C2=C(c3cn(C4CCN(Cc5ccccn5)CC4)c4ccccc34)C(=O)NC2=O)c2ccccc21,5.89,5.38,=,=
CN(C)c1ccc(C(=O)OCC2(CO)C/C(=C\c3ccc(Cl)cc3)C(=O)O2)cc1,PRKCE,O=C(N[C@@H]1CN2CCC(CC2)[C@H]1OC(=O)c1cc(O)c(C(=O)c2c(O)cccc2C(=O)O)c(O)c1)c1ccc(O)cc1,8.02,6.77,=,=
N#CCc1cnc(-c2ccc(F)c(C(F)(F)F)c2)n1-c1ccnc(NC2CCOCC2)n1,MAPK10,CNC(=O)c1ccccc1Nc1cc(Nc2ccc(-n3nc(C)nc3C)cc2)ncc1C(F)(F)F,6.79,6.43,=,=
O=C(Nc1ccc(-c2nc(N3CCOCC3)nc(N3C[C@H]4C[C@@H]3CO4)n2)cc1)Nc1ccc2c(c1)COC2=O,MTOR,O=C(Nc1ccncc1)Nc1ccc(-c2nc(N3CCOCC3)c3nnn(C4CC4)c3n2)cc1,8.38,9.08,=,=
COc1cc2c(Oc3ccc(NC(=O)C4(C(=O)Nc5ccc(F)cc5)CC4)cc3F)ccnc2cc1OCCCN1CCOCC1,NEK9,CN1C(=O)[C@@H](N2CCc3c(nn(Cc4ccccc4)c3Br)C2=O)COc2ccccc21,6.33,6.0,=,=
Nc1ncc2c(n1)-c1c([nH]c3ccc(C#Cc4ccncc4)cc13)CCCC2,PIKFYVE,CSCC#Cc1ccc2[nH]cc(-c3ccnc(N)n3)c2c1,5.76,9.34,=,=
CC(C)(C)c1ccc2nc(-c3n[nH]c4ccccc34)[nH]c2c1,FES,O=C(NCCCCCCNC(=O)NCc1cccnc1)NCc1cccnc1,6.6,5.7,=,=
Nc1nccc(-c2ccccc2)n1,AURKA,CC(C)NC(=O)Nc1cccc(CNc2ncnc3c(C(N)=O)cccc23)c1,4.8,6.8,=,=
CCc1nc(C(N)=O)c(Nc2ccc(N3CCC(N4CCN(C)CC4)CC3)c(OC)c2)nc1NC1CCOCC1,NEK3,Cc1nc(N)sc1-c1ccnc(Nc2ccc(N3CCOCC3)cc2)n1,5.55,6.08,=,=
COc1ccc(S(=O)(=O)NCCO)c(Nc2nc3ccccc3nc2NS(=O)(=O)CCCS(C)(=O)=O)c1,PIK3CG,C[C@H](Nc1ncnc2[nH]ccc12)c1nc2cccc(F)c2c(=O)n1-c1ccc(OCC(F)(F)F)cc1,6.52,6.13,=,=
c1cc2cc(-c3c[nH]c4ncc(-c5ccc(NCCN6CCCC6)nc5)cc34)ccc2[nH]1,MAP3K11,COc1cccc(Nc2ncnn3ccc(CN4CC[C@@H](N)[C@H](O)C4)c23)c1,6.26,5.58,=,=
CCC(CO)NS(=O)(=O)c1cc(-c2c(C)nc3c(NCCNC(C)=O)cc(Cl)nn23)ccc1OC,PI4KA,Nc1nc2ccc(-c3ccccc3)cc2s1,4.91,5.6,=,=
CC(C)COc1ncnc2[nH]cc(C(=O)CCl)c12,MAP3K7,NC(=O)[C@@H]1[C@H](Nc2nc(Nc3cccc(-c4cnco4)c3)ncc2-c2cccc(F)c2)[C@H]2C=C[C@@H]1C2,4.92,6.57,=,=
CNc1nc2oc(-c3ccccc3)nc2c2c1ncn2C,CHUK,N#Cc1c[nH]c2nc(N)nc(-c3ccc(F)cc3)c12,6.57,5.0,=,=
Cc1cc(-c2cc(-c3cc(S(=O)(=O)N[C@H]4CC[C@H](O)CC4)ccc3C)cnc2N)ccn1,PIK3CG,COc1ccccc1-n1c(CSc2ncnc3[nH]cnc23)nc2cccc(C)c2c1=O,7.68,5.74,=,=
CC(C)Oc1nccn2c(-c3ccnc(NCC(C)(C)CO)n3)c(-c3ccc(F)cc3F)nc12,CSNK1G2,COc1cnc(CCc2ccc(F)cc2)nc1-c1cc2c([nH]1)CCNC2=O,5.7,7.77,=,=
O=c1oc2c(O)c(O)ccc2c2cc(O)c(O)cc12,PKLR,O=S1(=O)Oc2cc(O)c(O)c(O)c2-c2cc(O)c(O)cc21,7.55,7.16,=,=
CC(C)Cn1cc(C#N)c2cc(Sc3ccc(NC(=O)[C@@H]4CCCN4)cc3)ccc21,PFKFB1,CNC(=O)Cn1cc(C#N)c2cc(Oc3ccc(NC(=O)[C@@H]4CCCN4)cc3)ccc21,5.78,4.77,=,=
CO[C@@H]1[C@H](NCCOCCOCCOCCNC(=O)CCC2=[N+]3C(=Cc4c(C)cc(C)n4[B-]3(F)F)C=C2)C[C@H]2O[C@]1(C)n1c3ccccc3c3c4c(c5c6ccccc6n2c5c31)C(=O)NC4,MAP2K6,CO[C@@H]1[C@H](N(C)C(=O)c2ccccc2)C[C@H]2O[C@]1(C)n1c3ccccc3c3c4c(c5c6ccccc6n2c5c31)C(=O)NC4,7.55,5.19,=,=
COC(=O)c1ccc2c(c1)NC(=O)/C2=C(\Nc1ccc(N(C)C(=O)CN2CCN(C)CC2)cc1)c1ccccc1,RIOK1,COc1cc(Nc2c(C#N)cnc3cc(OCCCN4CCN(C)CC4)c(OC)cc23)c(Cl)cc1Cl,7.64,5.66,=,=
CN1C(=O)c2sccc2N(C)c2nc(Nc3ccc(S(N)(=O)=O)cc3)ncc21,MAP3K3,CC(C)n1nc(-c2cc3cc(O)ccc3[nH]2)c2c(N)ncnc21,7.52,6.19,=,=
Oc1cc(O)cc(C=Cc2ccc(O)c(O)c2)c1,MAPK10,CCNC(=O)N1CCC(Nc2nccc(-c3c(-c4ccccc4)[nH]c4ccccc34)n2)CC1,7.3,8.3,=,=
Cc1ccc(NC(=O)c2cccc(OC(C)C)c2)cc1-c1cc(N2CCOCC2)c(=O)n(C)c1,RAF1,COCCOc1cc2ncnc(Oc3ccc(NC(=O)Nc4ccc(Cl)c(C(F)(F)F)c4)c(F)c3)c2c2c1OCCO2,9.52,6.56,=,=
CCOc1ccc2cc(-c3cc(-c4cccc(C(=O)NCCN(C)C)c4)cnc3N)ccc2c1,PRKD1,CN1CCN(c2ccc(-c3cc(-c4cccc(C(=O)NCC#N)c4)n[nH]3)cc2Br)CC1,7.09,6.62,=,=
CCc1ccn2c(-c3ccccc3)c(-c3ccc(C4(N)CCC4)cc3)nc2c1,AKT2,NC(c1ccc(Cl)cc1)C1CCN(c2ccnc3[nH]ccc23)CC1,7.28,7.92,=,=
CN1CC[C@H](c2c(O)cc(O)c3c(=O)cc(-c4ccccc4Cl)oc23)[C@H](O)C1,PHKG1,CN1C(=O)[C@@H](N2CCc3c(nn(Cc4ccccc4)c3Br)C2=O)COc2ccccc21,5.66,6.0,=,=
Oc1ccc(-c2nc(-c3ccc(F)cc3)c(-c3ccncc3)[nH]2)cc1,PRKACA,c1ccc(Cn2nnc(-c3ccc4[nH]ncc4c3)c2C2CC2)cc1,5.88,6.5,=,=
COc1ccc2c(c1)/C(=C/c1cnc[nH]1)C(=O)N2,EIF2AK2,COCCO[C@H]1CC[C@H](n2nc(-c3ccc(Nc4nc5cc(Cl)cc(F)c5o4)cc3)c3c(N)ncnc32)CC1,5.3,6.44,=,=
COc1cc(-c2cnc3c(N4C[C@@H](C)O[C@@H](C)C4)snc3c2)ccc1C(=O)N1CCOCC1,GAK,COCCN1CCN(Cc2ccc(-c3n[nH]c4c3C(=O)c3c(NC(=O)NN5CCOCC5)cccc3-4)cc2)CC1,7.0,8.4,=,=
CCCCCC(=O)Nc1cccc(C2=NOC3(C2)C[C@@H](C(N)=O)N(C(=O)c2ccc(OC)cc2)C3)c1,GRK2,COc1cccc(Cn2cnc3ccc(-c4cn[nH]c4)cc3c2=O)c1,5.36,8.22,=,=
O=C(c1ccc(/C=C/c2n[nH]c3ccccc23)cc1)N1CCNCC1,PRPF4B,COc1cc(N2CCC(N3CCN(C)CC3)CC2)ccc1Nc1ncc(Cl)c(Nc2ccccc2S(=O)(=O)C(C)C)n1,6.57,5.12,=,=
C[C@H](CCC(=O)N[C@H](CC(=O)O)Cc1c[nH]c2ccccc12)[C@H]1CC[C@H]2[C@@H]3CC=C4C[C@@H](O)CC[C@]4(C)[C@H]3CC[C@]12C,EPHA1,CN1CCN(CCOc2cc(OC3CCOCC3)c3c(Nc4c(Cl)ccc5c4OCO5)ncnc3c2)CC1,5.66,8.0,=,=
COc1cc(C(=O)O)ccc1Nc1ncc2c(n1)-c1c(nn(C)c1-c1ccccc1Cl)CC2,IGF1R,CC(C)c1cc(CNc2nc(Cl)cc(Nc3cc(C(C)C)[nH]n3)n2)on1,7.68,6.3,=,=
Cc1cc(Nc2cc(N3CCN(C)CC3)nc(/C=C/c3ccccc3)n2)n[nH]1,NEK9,COc1cc2c(Oc3ccc(NC(=O)C4(C(=O)Nc5ccc(F)cc5)CC4)cc3F)ccnc2cc1OCCCN1CCOCC1,5.53,6.33,=,=
Cc1[nH]c(/C=C2/C(=O)Nc3ccc(F)cc32)c(C)c1C(=O)NC[C@H](O)CN1CCOCC1,RIOK2,COc1ccnc(NC(=O)[C@@H](C)c2ccc3cc(OC)ccc3c2)c1,6.85,5.28,=,=
CC(C)n1nc(-c2ccc3cc[nH]c3c2)c2c(N)ncnc21,PIK3CB,CC(=O)Nc1nc(C)c(-c2ccc(S(C)(=O)=O)c(C#N)c2)s1,5.3,6.12,=,=
O=C(Nc1n[nH]c2ccc(-c3cn(Cc4ccccc4)nn3)cc12)c1cccc(F)c1,CSNK1A1,c1cc2c(s1)CCc1cn[nH]c1-2,6.6,4.6,=,=
CN(C)C(=O)c1ccc(N(Cc2ccc(F)cc2)C(=O)c2ccc(O)cc2O)cc1,PDK4,CCCCN(Cc1ccncc1)C(=O)c1cc(-c2ccccc2O)n[nH]1,7.28,4.97,=,=
CC(C)(C)c1ccc(OCC(=O)NCC(=O)NC2CCCc3ccccc32)cc1,TAOK3,O=c1[nH]c([C@@H]2CCCN2)nc2c1oc1ccc(Cl)cc12,6.3,5.64,=,=
CNC(=O)c1nn(C)c2c1C(C)(C)Cc1cnc(Nc3ccc(N4CCN(C)CC4)cc3)nc1-2,TNK2,Cc1ccc(NC(=O)c2cccc(C(F)(F)F)c2)cc1N1Cc2cnc(NC3CCCCC3)nc2N(C)C1=O,6.05,7.22,=,=
COc1cc(Oc2ccc(NC(=O)Nc3cccc(C(F)(F)F)c3)cc2)ncn1,TNNI3K,CNS(=O)(=O)c1cccc(Nc2cc(Nc3ccccc3F)ncn2)c1,5.4,6.2,=,=
O=C(NNC(=S)Nc1ccc(Cl)cc1)C(O)(c1ccccc1)c1ccccc1,CSNK1G3,O=C(Nc1cccc(C(F)(F)F)n1)Nc1ccnc2cc(C(F)(F)F)ccc12,6.0,5.6,=,=
CCCCCCCCCCCCc1ccc(C(=O)N2CCC[C@@H]2C(=N)N)cc1.Cl,SPHK1,Cc1nc(-c2cccc(OCc3ccc(CN4CCC[C@@H]4CO)cc3)c2)no1,4.8,7.97,=,=
Cc1ccc(C(=O)Nc2ccc(CN3CCN(C)CC3)c(C(F)(F)F)c2)cc1C#Cc1cnc2cccnn12,EPHA2,COC(=O)c1ccc2c(c1)NC(=O)/C2=C(\Nc1ccc(N(C)C(=O)CN2CCN(C)CC2)cc1)c1ccccc1,7.57,5.54,=,=
CCN1CC(C)(C)Oc2nc(N3CCOC[C@@H]3C)nc(-c3ccc(NC(=O)Nc4cc(OC)c(F)cc4F)cc3)c2C1=O,PIK3R1,CCN1CC(C)(C)Oc2nc(N3CC4CCC(C3)O4)nc(-c3ccc(NC(=O)Nc4nc5ccccc5[nH]4)cc3)c2C1=O,5.91,5.3,=,=
COc1cccc(-c2c(C(N)=O)[nH]c3c2C(C)(C)Oc2cnccc2-3)c1,GSG2,c1cncc(-c2c[nH]c3cc4cnccc4cc23)c1,6.58,7.51,=,=
CC(C)C[C@H](NC(=O)[C@H](CCCNC(=N)N)NC(=O)[C@@H](N)CCCNC(=N)N)C(=O)N[C@@H](CC(N)=O)C(=O)N[C@@H](Cc1ccc(F)cc1)C(N)=O,CCNA2,CC(=O)N[C@@H](CCCNC(=N)N)C(=O)N[C@@H](CCCNC(=N)N)C(=O)N[C@@H](CC(C)C)C(=O)N[C@@H](CC(N)=O)C(=O)N[C@@H](Cc1ccccc1)C(N)=O,6.28,4.92,=,=
COc1ccc(-c2sc(NC(=O)C(C)(C)C)nc2C)cc1S(=O)(=O)Nc1ccc(O)cc1,PIK3C2G,COc1ccc(-c2sc(NC(=O)CC3CCOCC3)nc2C)cc1S(=O)(=O)Nc1ccc(O)cc1,6.0,4.26,=,=
CCCCN(CCC#N)C(=O)c1ccc2nc(-c3n[nH]c4ccccc34)[nH]c2c1,CDK5,Cn1cc(-c2cnc(N)c3c(-c4ccc(NC(=O)Nc5ccc(OC(F)F)cc5)cc4)csc23)cn1,7.7,5.1,=,=
COc1cc(Nc2nc(NCC(C)(C)N)n3cc(-c4ccccc4)nc3c2C(N)=O)cc(OC)c1,ZAP70,CCc1cc(NC(=O)c2nn(C3CCN(C(=O)NC(C)(C)C)CC3)c3ccccc23)ccc1-c1n[nH]c(=O)c(C)c1C,6.8,6.38,=,=
COc1nc2c(cc1C(=O)Nc1cccc(-c3cnn(C)c3)n1)CC(C)(C)O2,IRAK4,CC(C)(O)[C@H](F)CNC(=O)c1cnc(Nc2ccc(Cl)cn2)cc1NC1CC1,7.29,8.15,=,=
CCN(CC)CCOc1ccc(Nc2cc3c(cn2)cc(C(C)C)c(=O)n3C2CC2)nc1,LYN,Cn1nc(N)c2c(-c3ccc(NC(=O)Nc4ccc(F)c(C(F)(F)F)c4)cc3)ccnc21,6.26,6.9,=,=
CN1CCN(CC(=O)Nc2cc(Nc3nc(-c4cccc(C(F)(F)F)n4)nc4[nH]ccc34)ccn2)CC1,TGFBR1,CCC(CC)CN1C(=O)Cc2cc(-c3cncc(-c4ccc(=O)n(C(C)C)c4)c3)ccc21,9.28,5.38,=,=
CC(C)CCCC1(C)CCc2cc(S(N)(=O)=O)cc(Br)c2O1,ILK,COc1cc2sc(-c3c(-c4cccc(F)c4)n[nH]c3N)nc2cc1F,4.88,5.64,=,=
C[C@@H](NC(=O)c1cnc2ccc(-c3cnn(C)c3)cn12)c1ccc(Cl)cc1,CLK1,Cc1ccc(CNc2ncnc3ccc(-c4ccc(CO)o4)cc23)o1,7.96,5.82,=,=
CC(C)[C@@H](CO)Nc1ccc2ncc(-c3cccnc3)n2n1,DYRK3,CC(=O)Nc1cc(Nc2cc(NC3CC3)n3ncc(C#N)c3n2)ccc1N(C)CCN,6.5,7.4,=,=
O=C(O)c1ccc2noc(-c3ccc(NC(=O)c4ccncn4)cc3)c2c1,IP6K1,O=C(O)/C=C/c1ccc2noc(-c3ccc(OC(F)(F)F)cc3)c2c1,6.1,6.89,=,=
CO[C@@H]1[C@H](N(C)C(C)=O)C[C@H]2O[C@]1(C)n1c3ccccc3c3c4c(c5c6ccccc6n2c5c31)C(=O)NC4,PRKCQ,Cc1ncc(C#N)c(Nc2ccc3[nH]ccc3c2C)c1/C=C/c1cccc(S(=O)(=O)N2CCN(C)CC2)c1,6.77,9.36,=,=
COc1ccc(C=C2SC(=Nc3ccccc3)NC2=O)cc1O,PASK,CN[C@@H]1C[C@H]2O[C@@](C)([C@@H]1OC)n1c3ccccc3c3c4c(c5c6ccccc6n2c5c31)C(=O)NC4,6.4,7.8,=,=
CCS(=O)(=O)CC1CC(=O)c2c([nH]c(-c3ccnc(NC(C)=O)c3)c2Nc2ccccc2)C1,BUB1,Cc1cnccc1-c1[nH]c2c(c1Nc1ccccc1)C(=O)CC(C)(C)C2,8.1,7.29,=,=
Oc1cccc(Nc2ncnc3scc(Cl)c23)c1,PKN2,COc1cccc(C(C)NC(=O)c2ccc(-c3ccncc3F)cc2OC)c1,5.3,6.9,=,=
COCOc1ccc(-c2cn(C)c3cc(NC(=O)c4ccc(C)c(C#Cc5ccnc6[nH]ncc56)c4)ccc23)cc1,ROR1,CC[C@H](C)[C@H](NC(=O)[C@H](CC(=O)O)NC(=O)[C@H](CO)NC(=O)CNC(=O)[C@H](CSC1CC(=O)N(CCCCCC(=O)NC(C(=O)NC(CCCNC(N)=O)C(=O)Nc2ccc(OCC3OC(n4ccc(N)nc4=O)C(F)(F)C3O)cc2)C(C)C)C1=O)NC(=O)CNC(=O)[C@H](CCCCN)NC(=O)COCCOCCNC(=O)COCCOCCNC(=O)CCC(NC(=O)CCCCCCCCCCCCCCCCC(=O)O)C(=O)O)C(=O)N[C@@H](CC(N)=O)C(=O)C[C@@H](CC(=O)O)C(=O)N[C@@H](CCCNC(=N)N)C(=O)N[C@@H](CCC(N)=O)C(=O)N[C@H](C(=O)N1CCC[C@H]1C(=O)NCC(=O)N[C@@H](Cc1ccc(O)cc1)C(=O)N[C@@H](CO)C(=O)N[C@H](C(=O)N[C@@H](Cc1ccc(O)cc1)C(=O)N[C@@H](Cc1c[nH]c2ccccc12)C(=O)NCC(=O)N[C@@H](CC(=O)O)C(=O)N[C@@H](Cc1ccccc1)C(N)=O)[C@@H](C)O)[C@@H](C)CC,6.75,7.54,=,=
C[C@H](Nc1nccc(Nc2cc(C3CCC3)[nH]n2)n1)c1ccc2[nH]ccc2c1,PAK2,CO[C@@H]1[C@H](N(C)C(=O)c2ccccc2)C[C@H]2O[C@]1(C)n1c3ccccc3c3c4c(c5c6ccccc6n2c5c31)C(=O)NC4,6.88,5.48,=,=
NC(=O)c1ccc(-c2c[nH]c3nccc(Cl)c23)cc1,STK17A,COc1cc(-c2ccc3c(c2)Nc2ccc(C(=O)NCc4cccc(F)c4)cc2NC3=O)ccc1O,7.1,7.5,=,=
CN1C(=O)[C@@H](N2CCc3c(nn(Cc4ccccc4)c3Br)C2=O)COc2ccccc21,PAK5,COc1cc(Nc2ncc(F)c(Nc3ccc4c(n3)NC(=O)C(C)(C)O4)n2)cc(OC)c1OC,6.0,7.16,=,=
Fc1ccc(-c2nc3sccn3c2-c2ccncc2)cc1,PRKD3,Cc1cccc(NC(=O)Nc2ccc(-c3csc4ncnc(N)c34)cc2)c1,5.9,5.1,=,=
C[C@]12O[C@H](C[C@]1(O)CO)n1c3ccccc3c3c4c(c5c6ccccc6n2c5c31)CNC4=O,RIOK3,COc1cc(N2CCC(N3CCN(C)CC3)CC2)ccc1Nc1ncc(Cl)c(Nc2ccccc2S(=O)(=O)C(C)C)n1,8.11,5.46,=,=
Cc1cnc(Cl)nc1-c1ccc(N(Cc2ccc(CNC(=O)CO)cc2)C(=O)c2ccc(O)cc2O)cc1,PDK1,CN(Cc1cccc2ncccc12)C(=O)c1ccc(N(Cc2cccnc2)C(=O)c2ccc(O)cc2O)cc1,8.0,7.0,=,=
OC1CCN(c2cc(-c3cnc4ccc(N5CCC[C@@H]5c5cccc(F)c5)nn34)ccn2)CC1,BRAF,Nc1ccc(F)c(-c2ccc3nccc(Nc4cccc5[nH]ncc45)c3c2)c1,5.23,6.83,=,=
O=C1Nc2ccc(CO)cc2[C@]12CC[C@H](Oc1ncc(Cl)cc1Cl)CC2,IP6K1,CCNC(=O)c1ccc2c(c1)[C@]1(CC[C@H](Oc3ncc(F)cc3F)CC1)C(=O)N2,5.96,6.68,=,=
Nc1ncc(-c2cccc(C(=O)N3CCC(CO)CC3)c2)nc1C(=O)Nc1ccccc1,ATR,C[C@@H]1Cn2ncc(C3CCN(S(C)(=O)=O)CC3)c2CN1c1cc(Cl)nc2[nH]ccc12,5.45,9.4,=,=
CN(C)CC(=O)N1CCC(c2ccc(NC(=O)c3nc(C#N)c[nH]3)c(C3=CCCCC3)c2)CC1.Cl,MAP3K19,Nc1nc2c(-c3ccccn3)nccc2[nH]1,7.41,6.66,=,=
COc1ccc(-c2ccnc(NCc3ccc(Cl)c(Cl)c3)n2)cc1OC,CLK4,O=C1NC(N[C@H]2C3CC4CC2C[C@](O)(C4)C3)=N/C1=C\c1ccc2ncsc2c1,4.58,9.0,=,=
CCc1ccc2c(c1)-c1[nH]nc(NCc3c(C)cccc3Cl)c1C2,EIF2AK1,Nc1ncc(-c2cccnc2)c2scc(-c3ccc4c(c3)CCN4C(=O)Cc3ccccc3)c12,6.5,4.92,=,=
CN1CCc2c(sc3ncn4nc(-c5ccccc5O)nc4c23)C1,PTK2B,CN1C(=O)/C(=C/c2cn(CC(=O)N3CCCCC3)c3ccccc23)c2ccccc21,4.75,4.33,=,=
CN1C(=O)[C@@H](N2CCc3cn(CC4CCS(=O)(=O)CC4)nc3C2=O)COc2ccccc21,STRADA,CC(C)(C)c1cnc(CSc2cnc(NC(=O)C3CCNCC3)s2)o1,6.0,5.55,=,=
COc1cc(C(=O)N[C@@H](c2ccccc2)[C@H](O)CO)ccc1-c1cn[nH]c1,ROCK2,N=C(N)NCCC[C@@H](NC(=O)CCCCCNC(=O)[C@H]1O[C@@H](n2cnc3c(N)ncnc32)[C@H](O)[C@@H]1O)C(N)=O,8.7,7.05,=,=
CC#CC(=O)N(C)[C@@H](C)c1nc(-c2ccc(C(=O)Nc3ccccn3)cc2)c2c(N)nccn12,BMX,C=CC(=O)N1CCC[C@@H](Nc2nc(N)nc(Nc3ccc(Oc4ccccc4)cc3)n2)C1,8.12,7.07,=,=
O=C(c1ccc2c(c1)C(O)(C(F)(F)F)c1ccccc1-2)N1CCCCC1,PDK2,O=C1CCCN1CCCc1cc(CO)c2c(c1)C(O)(C(F)(F)F)c1ccccc1-2,5.4,6.76,=,=
Cc1n[nH]c2ccc(-c3cncc(OCC(N)Cc4ccccc4)c3)cc12,RPS6KB1,COC[C@H](NC(=O)C1(N)CCN(c2ncnc(N)c2C(N)=O)CC1)c1ccc(Cl)cc1,7.2,5.3,=,=
C1Cc2nc(SSc3nc4c(s3)CCC4)sc2C1,PDK1,CN(C)C(=O)c1ccc(N(Cc2ccncc2)C(=O)c2cc(Cl)c(O)cc2O)cc1,6.86,6.0,=,=
c1c[nH]c(-c2c[nH]c3nccc(N4CC[C@@]5(CCCN5)C4)c23)n1,CDC42BPB,CCN1CCCC[C@]12CCCN(c1ccnc3[nH]cc(-c4cncnc4)c13)C2,9.52,8.01,=,=
COC(=O)c1c(-c2ccc(NC(=O)Nc3ccccc3)cc2)c2c(N)ncnn2c1C,MARK2,O=C1NCCc2[nH]c(-c3ccnc(C=Cc4ccccc4)c3)cc21,6.1,7.1,=,=
CN1CCN(C2CCC(n3cc(-c4ccc(Oc5ccccc5)cc4)c4c(N)ncnc43)CC2)CC1,SRMS,CCCS(=O)(=O)Nc1ccc(F)c(C(=O)c2c[nH]c3ncc(Cl)cc23)c1F,8.2,7.68,=,=
Cc1nn(-c2nc3ccccc3[nH]2)c(O)c1C1OC(=O)c2ccccc21,CDK19,CN(C)[C@H]1CC[C@@]2(C)C(=CC[C@H]3[C@@H]4CC[C@H](c5ccc6ccncc6c5)[C@@]4(C)CC[C@@H]32)C1,5.7,8.1,=,=
NC(=O)c1ccc(-c2cccnc2)cc1OC1CCC1,MKNK1,CC(=O)C1=C(O)C=C2Oc3c(C(N)=O)c(O)cc(O)c3[C@@]2(C)C1=O,5.72,6.62,=,=
CC(=O)c1c(O)c(C)c(O)c(Cc2c(O)c3c(c(C(=O)/C=C/c4ccccc4)c2O)OC(C)(C)C=C3)c1O,EEF2K,CCC(C)c1c2c(nc3sc(C(N)=O)c(N)c13)C(C)(C)CC2,5.28,6.0,=,=
COC(=O)c1cc2c(cc1C)/C(=C(/Nc1ccc(S(=O)(=O)NOCCN(C)C)cc1)c1ccccc1)C(=O)N2,PDGFRA,CNc1nc(C)c(-c2ccnc(Nc3ccc(N4CCNCC4)cc3)n2)s1,7.78,6.6,=,=
COc1cc(Nc2ncc(F)c(Nc3ccc4c(n3)NC(=O)C(C)(C)O4)n2)cc(OC)c1OC,RIOK3,COc1cc(Nc2c(C#N)cnc3cc(OCCCN4CCN(C)CC4)c(OC)cc23)c(Cl)cc1Cl,6.68,5.8,=,=
CC(C)(C)N1CCC(c2cc(-c3ccc(F)cc3F)c3ccc(=O)n(-c4c(Cl)cccc4Cl)c3c2)CC1,MAPK11,CC(C)(CO)N1CCC(c2[nH]nc(-c3ccc(Cl)cc3)c2-c2ccncn2)CC1,8.09,5.56,=,=
C#Cc1cccc(Nc2ncnc3cc(OCCOC)c(OCCOC)cc23)c1,CIT,COc1cccc(C[C@@H](N)C(=O)Nc2ccc(-c3ccnc4[nH]ccc34)cc2)c1,6.17,7.05,=,=
NC(=O)c1c(-c2ccc(Oc3ccccc3)cc2)nn2c1CCCc1cc([N+](=O)[O-])ccc1-2,BTK,CC(F)(F)c1ccnc(NC(=O)c2ccc(-c3nc([C@@H]4CC[C@H]5CCC(=O)N5C4)n4ccnc(N)c34)cc2F)c1,7.72,9.27,=,=
C[C@@H]1CN(c2nc(=O)n(C)c3ccc(C#N)nc23)[C@@H](C)CN1Cc1cc(F)c(F)cc1Cl,DGKA,CC[C@H]1CN(C(c2ccc(F)cc2)c2cccc(C(F)(F)F)n2)[C@H](C)CN1c1nc(=O)n(C)c2ccc(C#N)nc12,5.37,5.74,=,=
CO[C@@H](C(=O)N1Cc2[nH]nc(NC(=O)c3ccc(N4CCN(C)CC4)cc3)c2C1)c1ccccc1,PRKAG1,Cc1ccc(C(=O)Nc2cccc(C(F)(F)F)c2)cc1Nc1nc(-c2cccnc2)nc2c1cnn2C,7.1,5.7,=,=
COc1ccc(Nc2ncnc3c2ccn3-c2cccc(N)c2)cc1,PIP4K2A,Cc1cc2c(Nc3ccc(NS(C)(=O)=O)cc3)ncnc2s1,6.2,6.6,=,=
Cc1cc(-c2cc(O)ccc2Cl)cc2nnc(Nc3ccc(OCCN4CCCC4)cc3)nc12,EPHB4,COc1cc2c(Nc3ccc(Cl)c(Cl)c3)ncnc2cc1OCC1CN(C)CCN1C,7.8,6.79,=,=
C=CCc1cccc2c(=NO)cc(-c3ccccc3)oc12,ALK,COc1cc2c(cc1Nc1ncc(Cl)c(Nc3ccccc3S(=O)(=O)C(C)C)n1)CCC(O)C2(C)C,6.6,7.46,=,=
COc1ncc(-c2ccc3ncc4c(c3n2)n(C2CCN(CC(=O)N(C)C)CC2)c(=O)n4C)cn1,MTOR,CCNC(=O)Nc1ccc(-c2nc(N3CC4CCC(C3)O4)nc3c2C(=O)N(C2CCN(C)CC2)CC(C)(C)O3)cc1,7.74,6.61,=,=
O=C1c2ccccc2-c2c(NCCc3ccccc3)c(=O)[nH]c3cccc1c23,RPS6KA1,CCn1c(-c2nonc2N)nc2c(C#CCN)ncc(OCCCN)c21.O=C(O)C(F)(F)F,5.82,6.6,=,=
CCN(CC)CCNC(=O)c1c(C)[nH]c(/C=C2\C(=O)Nc3ccc(F)cc32)c1C,CDK3,CN(c1ncccc1CNc1nc(Nc2ccc3c(c2)CC(=O)N3)ncc1C(F)(F)F)S(C)(=O)=O,5.99,5.46,=,=
COc1cc(-c2csc3c(C=CC(=O)NCCN(C)C)cnc(N)c23)ccc1NC(=O)c1cc2ccccc2n1C,PRKD3,COc1cc(-c2ccc3c(c2)Nc2ccc(C(=O)NCc4cccc(F)c4)cc2NC3=O)ccc1O,6.4,5.8,=,=
O=C(c1ccc2c(c1)Nc1ccccc1[S+]2[O-])c1c(-c2ccccc2)nc2ccccn12,MARK4,CC(=O)NCC(=O)N1[C@@H]2CC[C@H]1c1ccc(Nc3ncc(C(F)(F)F)c(NC4CCC4)n3)cc12,5.19,8.05,=,=
O=C(c1ccc(/C=C/c2n[nH]c3ccccc23)cc1)N1CCNCC1,EPHA7,CO[C@@H](C(=O)N1Cc2[nH]nc(NC(=O)c3ccc(N4CCN(C)CC4)cc3)c2C1)c1ccccc1,6.41,7.4,=,=
Nc1ncnc(N2CCC(c3nc(-c4ccc(Cl)c(F)c4)cn3CCN3CCCC3)CC2)c1Br,RPS6KB1,Cc1cc(C)c(C=C2C(=O)Nc3ccccc32)[nH]1,8.48,6.9,=,=
COc1ccc(C2=NNc3cccc4c(OC)ccc2c34)cc1OC,LTK,OCc1cc(-c2ccc3[nH]ncc3c2)on1,7.6,4.7,=,=
C[C@]12O[C@H](C[C@]1(O)CO)n1c3ccccc3c3c4c(c5c6ccccc6n2c5c31)CNC4=O,STK32B,COc1cc(N2CCC(N3CCN(C)CC3)CC2)ccc1Nc1ncc(Cl)c(Nc2ccccc2S(=O)(=O)C(C)C)n1,5.23,7.62,=,=
COc1ncc(-c2cc(C(F)(F)F)c3c(N)ncnn23)cc1C(=O)NC1CN(Cc2c(Cl)cccc2Cl)CC1F,RIPK1,CN1C(=O)[C@@H](NC(=O)c2cc(Cc3ccccc3)on2)COc2cccnc21,4.62,6.3,=,=
COc1cc(Nc2ncc(F)c(Nc3ccc4c(n3)NC(=O)C(C)(C)O4)n2)cc(OC)c1OC,TAOK2,CN1C(=O)c2sccc2N(C)c2nc(Nc3ccc(S(N)(=O)=O)cc3)ncc21,6.19,6.94,=,=
O=C(Nc1ccccc1-c1nc2ccccc2[nH]c1=O)c1cccnc1,STK33,Cc1cc2c(F)c(Oc3ncnn4cc(OC[C@@H](C)O)c(C)c34)ccc2[nH]1,6.24,5.5,=,=
CN(C)CC(=O)NC1CCCC(Nc2nc(Cl)cc(-c3c[nH]c4ncccc34)n2)C1,STK17A,CCS(=O)(=O)Nc1ccc(-c2ccc3[nH]nc(N)c3c2)cc1,6.1,5.7,=,=
O=C1NC(=O)/C(=C/c2cnn3c(NC4CC4)cc(-c4cccc(NS(=O)(=O)C5CC5)c4)nc23)N1,CSNK2B,O=C1NC(=O)/C(=C/c2cnn3c(NC4CC4)cc(-c4ccncc4)nc23)N1,6.06,7.31,=,=
CCN1CCN(Cc2ccc(NC(=O)Nc3ccc(Oc4cc(NC)ncn4)cc3)cc2C(F)(F)F)CC1,STK35,CN1CC[C@H](c2c(O)cc(O)c3c(=O)cc(-c4ccccc4Cl)oc23)[C@H](O)C1,7.8,6.35,=,=
O=C(CN1CCOCC1)N[C@H]1CC[C@H](Nc2cc(Cl)nn3c(-c4ccc5[nH]ncc5c4)cnc23)CC1,ERN1,CNC1CC=C(c2cnc(N)c3c(-c4ccc(Cc5nc6cnccc6[nH]5)c5ccccc45)nc(C(C)C)n23)CC1,6.39,7.75,=,=
COc1cc2nccc(Nc3cc(OC)c(OC)c(OC)c3)c2cc1OC,EPHA1,Cn1ccc2cc(Nc3ncc(C(F)(F)F)c(N[C@H]4CC[C@@H](N)CC4)n3)ccc2c1=O,5.89,6.41,=,=
CC(C(=O)Nc1cc(C2CC2)[nH]n1)c1ccc(-c2ccc(NC(=O)/C=C/CN3CCOCC3)nc2)cc1,CDK13,CNC(=O)c1ccc(Nc2ncc(C(F)(F)F)c(NCc3nccnc3N(C)S(C)(=O)=O)n2)cc1,7.62,5.51,=,=
NCCCn1cc(-c2cc(-c3cc4ccccc4s3)c3[nH]ncc3c2)c2nc(N)ncc21,SLK,CNC(=O)C=Cc1cnc(N)c2c(-c3cc(F)c4[nH]c(C)cc4c3)csc12,6.9,7.8,=,=
CCOc1cc(N2CCN(C)CC2)ccc1Nc1ncc2cc(-c3cccc(NC(=O)c4cccc(C(F)(F)F)c4)c3)c(=O)n(C[C@H]3CCCO3)c2n1,PAK3,CN(C)CC(=O)N1CCC(c2ccc(NC(=O)c3nc(C#N)c[nH]3)c(C3=CCCCC3)c2)CC1.Cl,7.36,6.43,=,=
Cc1[nH]c(/C=C2\C(=O)Nc3ccc(F)cc32)c(C)c1C(=O)NC[C@H](O)CN1CCOCC1,SRPK3,COc1cc(Nc2c(C#N)cnc3cc(OCCCN4CCN(C)CC4)c(OC)cc23)c(Cl)cc1Cl,6.92,5.41,=,=
O=C(Nc1ccncc1)Nc1ccc(-c2nc(N3CCOCC3)c3nnn(C4CC4)c3n2)cc1,MTOR,CCOC(=O)C1=C(CSc2nc3cc([N+](=O)[O-])ccc3[nH]2)N(C)C(=O)NC1c1ccccc1,9.08,6.14,=,=
CN[C@@H]1C[C@H]2O[C@@](C)([C@@H]1OC)n1c3ccccc3c3c4c(c5c6ccccc6n2c5c31)C(=O)NC4,TSSK3,CN1C(=O)[C@@H](N2CCc3cn(CC4CCS(=O)(=O)CC4)nc3C2=O)COc2ccccc21,8.15,6.0,=,=
CN[C@@H]1C[C@H]2O[C@@](C)([C@@H]1OC)n1c3ccccc3c3c4c(c5c6ccccc6n2c5c31)C(=O)NC4,RIOK1,Nc1nc(N)c2nc(-c3cccc(O)c3)c(-c3cccc(O)c3)nc2n1,6.89,5.24,=,=
Cc1ccc(N2CCN(C(=O)Nc3ccc(C(C)C)cc3)CC2)nc1,PANK3,CC(C)c1ccc(NC(=O)N2CCN(c3cnc(C#N)nc3)CC2)cc1,5.64,6.77,=,=
Cc1cc(Nc2cc(N3CCN(C)CC3)nc(/C=C/c3ccccc3)n2)n[nH]1,PRKAG1,CO[C@@H]1[C@H](N(C)C(=O)c2ccccc2)C[C@H]2O[C@]1(C)n1c3ccccc3c3c4c(c5c6ccccc6n2c5c31)C(=O)NC4,5.53,5.93,=,=
Cc1cc(=O)n(C2CCCC2)c2nc(Nc3ccc(N4CCN(C)CC4)cc3)ncc12,MARK1,CN1C(=O)[C@@H](N2CCc3cn(CC4CCS(=O)(=O)CC4)nc3C2=O)COc2ccccc21,5.5,6.0,=,=
CN(C)CCCn1cc(C2=C(c3cn(C)c4ccccc34)C(=O)NC2=O)c2ccccc21,PRKCA,CCCCC1(CCCC)CC[C@H]2CC(=O)N[C@H](CO)C[C@]2(C)C1,7.7,7.16,=,=
O=c1[nH]c2ccc(Cl)cc2c(-c2ccccc2)c1C1=NNC(c2ccccc2)C1,PRKCD,Cc1c(Nc2c(C#N)cncc2-c2coc(CN3CCN(C4CCCC4)CC3)c2)ccc2[nH]ccc12,5.1,7.75,=,=
COc1cc(Nc2ncc(F)c(Nc3ccc4c(n3)NC(=O)C(C)(C)O4)n2)cc(OC)c1OC,RIOK1,CCN(CC)S(=O)(=O)Nc1cccc(-c2ccc3c(NC(=O)C4CC4)n[nH]c3c2)c1,6.47,7.14,=,=
Nc1nc(Cl)nc2c1ncn2[C@H]1CC[C@@H](C(=O)Nc2ccccn2)CC1,CHKA,CN(C)c1cc[n+](Cc2ccc(SSc3ccc(C[n+]4ccc(N(C)C)cc4)cc3)cc2)cc1.[Br-].[Br-],6.82,6.19,=,=
COC(=O)C1CC12CCCN(c1ccnc(-c3cnc4ccc(Cl)cn34)n1)C2,EIF2AK4,CC(NS(C)(=O)=O)C1CN(c2ccnc(-c3cnc4ccc(C(F)(F)F)cn34)n2)CCO1,6.26,7.26,=,=
COCCOc1nc(Nc2ccc(CN3CCN(C)CC3)cc2)nc2[nH]cc(-c3cnc(N)nc3)c12,MERTK,CN(C[C@@H]1COCCO1)S(=O)(=O)Nc1ccc2ccc3ncc(-c4cnn(C)c4)cc3c(=O)c2c1,6.6,7.62,=,=
C[C@@H](Oc1cc(-c2cnn(C3CCNCC3)c2)cnc1N)c1c(Cl)ccc(F)c1Cl,ULK3,CC(C)c1cc(CNc2nc(Nc3cc(C4CC4)[nH]n3)cc(N3CCN(C)CC3)n2)on1,5.17,6.31,=,=
CCC[C@@H]1CCOc2cc(-c3ccnc(Nc4ccnn4C)c3)cc3nnc1n23,MAPK6,CN[C@@H]1C[C@H]2O[C@@](C)([C@@H]1OC)n1c3ccccc3c3c4c(c5c6ccccc6n2c5c31)C(=O)NC4,8.56,5.51,=,=
C[C@@H]1CN(c2ccc(Nc3ncc4c5ccnc(F)c5n(C5CCCC5)c4n3)nc2)CCN1,CDK4,Cc1nc(C)c(-c2ccnc(Nc3cccc(N)c3)n2)s1,8.3,4.97,=,=
O=C(c1ccc(/C=C/c2n[nH]c3ccccc23)cc1)N1CCNCC1,MAP3K2,Cc1ccc(C(=O)Nc2cccc(C(F)(F)F)c2)cc1Nc1nc(-c2cccnc2)nc2nn(C)cc12,7.14,5.18,=,=
COc1ccc(-c2ccc(NC(=O)Nc3cccc(Br)c3)cc2)c2c(N)noc12,BLK,COc1ccc(-c2cnn3c(N)c(-c4nccs4)c(OC4CCN(C)CC4)nc23)cc1OC,6.9,5.09,=,=
Cc1cnc(Nc2ccc(OCCN3CCCC3)cc2)nc1Nc1cccc(S(=O)(=O)NC(C)(C)C)c1,PIP5K1A,CC(C)c1c(OCc2cn(-c3ccc(C=O)cc3)nn2)ccc2c1CC[C@H]1C(C)(C)CCC[C@]21C,7.18,6.1,=,=
CN[C@@H]1C[C@H]2O[C@@](C)([C@@H]1OC)n1c3ccccc3c3c4c(c5c6ccccc6n2c5c31)C(=O)NC4,IRAK3,CCS(=O)(=O)c1cccc(-c2cc(C(=O)NC3CCN(C)CC3)c(C)c3[nH]c4ncc(C)cc4c23)c1,7.89,7.57,=,=
c1cc(-c2cnn3cc(-c4ccc(OCCN5CCCCC5)cc4)cnc23)ccn1,EIF2AK2,Nc1ncc(-c2nnn(CCCO)n2)cc1-c1cc2cc(NC(=O)Nc3ccc(Cl)c(C(F)(F)F)c3)ccc2o1,4.8,6.32,=,=
COc1ccc2c(OCc3nnc4ccc(-c5ccccc5)nn34)ccnc2c1,PRKACG,CN1C(=O)[C@@H](N2CCc3c(nn(Cc4ccccc4)c3Br)C2=O)COc2ccccc21,8.7,6.0,=,=
Nc1ncnc2c1c(-c1ccc(NC(=O)Nc3cc(C(F)(F)F)no3)c(F)c1)cn2C1CC1,NEK7,Nc1ncnc2c1c(-c1cnc(NC(=O)Nc3cc(C4(C(F)(F)F)CC4)no3)c(F)c1)cn2C1CC1,6.65,6.0,=,=
O=C(O)c1ccc2c(c1)nc(NCCc1cccc(Cl)c1)c1ccncc12,CSNK2A2,N#Cc1cc(Nc2nc(NC3CC3)c3ncc(C#N)n3n2)c(Cl)c(N2CCC(N[C@H]3C[C@@H](O)C3)CC2)c1,7.77,9.27,=,=
N#Cc1ccc2nc(Nc3ccc(-c4cccnc4F)cc3)[nH]c2c1,GSK3B,Cn1cc(C2=C(c3cnc4ccccn34)C(=O)NC2=O)c2cc3c(cc21)OCO3,4.62,8.28,=,=
CN[C@@H]1C[C@H]2O[C@@](C)([C@@H]1OC)n1c3ccccc3c3c4c(c5c6ccccc6n2c5c31)C(=O)NC4,PAK5,COC(=O)c1ccc2c(c1)NC(=O)/C2=C(\Nc1ccc(N(C)C(=O)CN2CCN(C)CC2)cc1)c1ccccc1,8.56,5.89,=,=
COc1cc2ncnc(C3CCN(C(=O)c4ccc(C(C)(C)C)cc4)CC3)c2cc1OC,MAPK7,COc1cc(N2CCN(C)CC2)ccc1Nc1ncc2c(n1)N(C)c1ccccc1C(=O)N2C,5.39,7.06,=,=
Nc1ncnc2c1c(-c1cccc(OCc3ccccc3)c1)cn2[C@H]1C[C@H](N2CCC2)C1,PKN3,Cc1ccc(C(=O)Nc2cccc(C(F)(F)F)c2)cc1Nc1nc(-c2cccnc2)nc2nn(C)cc12,7.64,5.76,=,=
Cc1ncsc1-c1ccc([C@H](C)NC(=O)[C@@H]2C[C@@H](O)CN2C(=O)[C@@H](NC(=O)CCCCCCC(=O)Nc2ccc(C(=O)Nc3cccc(Nc4cc(-c5c[nH]c6ccccc56)ncn4)c3)cc2)C(C)(C)C)cc1,PIP4K2C,Cc1ncsc1-c1ccc([C@H](C)NC(=O)[C@@H]2C[C@@H](O)CN2C(=O)[C@@H](NC(=O)CCCCCCNC(=O)c2ccc(C(=O)Nc3cccc(Nc4cc(-c5c[nH]c6ccccc56)ncn4)c3)cc2)C(C)(C)C)cc1,6.57,7.19,=,=
CN(C)C(=O)Cn1c(N)c(C#N)c2cc(Oc3ccc(NC(=O)CN)cc3)ccc21,PFKFB1,Cc1noc(C)c1Cn1nc(C#N)c2cc(Oc3ccc(NC(=O)[C@@H]4CCCN4)cc3)ccc21,5.6,6.72,=,=
Cc1c2ccc(N(C)c3ccnc(Nc4cccc(Cl)c4)n3)cc2nn1C,PDGFRA,O=C(NN=Cc1cc(Br)c(O)c(Br)c1)Nc1ccccc1,7.07,6.2,=,=
COc1cc(N2CCC(N3CCN(C)CC3)CC2)ccc1Nc1ncc(Cl)c(Nc2ccccc2S(=O)(=O)C(C)C)n1,MYO3A,COc1cc2c(Oc3ccc(NC(=O)C4(C(=O)Nc5ccc(F)cc5)CC4)cc3F)ccnc2cc1OCCCN1CCOCC1,7.17,5.55,=,=
CN1C(=O)[C@@H](N2CCc3cn(Cc4ccccc4)nc3C2=O)COc2ccccc21,NUAK2,CC1(C)C(=O)N([C@H]2CCc3c(O)cccc32)c2nc(S(C)(=O)=O)ncc21,6.0,6.92,=,=
CC(C)n1c(NC(=O)c2ccc3cc4n(c3n2)CC(C)(C)CNC4=O)nc2ccccc21,RPS6KA3,CN(C(=O)C1CCCCC1)c1ccc2c(c1)nc(NC(=O)c1ccc(C#N)cc1)n2C,5.89,6.4,=,=
Brc1ccc(Oc2ccc(Nc3ncnc4[nH]ccc34)cc2)cc1,TTBK1,Clc1ccc(Oc2ccc(Nc3ncnc4[nH]ccc34)cc2)cc1,6.12,6.62,=,=
CCCc1sc(-c2ccc(OC)c(OCC(C)(C)O)c2)nc1CSc1nccc(N)n1,DCK,COc1ccc(C#N)cc1Oc1ncnc(N2CCC(Oc3ncc(F)c(N)n3)CC2)c1F,7.95,8.85,=,=
Cc1nc(N)sc1-c1ccnc(Nc2ccc(N3CCOCC3)cc2)n1,BMP2K,CN1CCN(c2ccc3nc(-c4c(N)c5c(F)cccc5[nH]c4=O)[nH]c3c2)CC1,8.15,7.27,=,=
Cc1ccc(C(=O)Nc2cccc(C(C)(C)C)c2)cc1-c1ccc(C(=O)NCC2CC2)cc1,FRK,CC(C)(C)c1cc(NC(=O)Nc2cccc3ccccc23)n(-c2cccc(C(=O)NCC#N)c2)n1,6.91,6.4,=,=
Cc1nc2cc(-c3nn(C(C)C)c4ncnc(N)c34)ccc2o1,TESK2,CN1C(=O)[C@@H](N2CCc3c(nn(Cc4ccccc4)c3Br)C2=O)COc2ccccc21,7.75,6.0,=,=
COc1cc2c(Nc3ccc(Cl)c(Cl)c3F)ncnc2cc1OC[C@@H]1C[C@@H]2CN(C)C[C@@H]2C1,PTK6,Nc1ncnc2c1c(-c1cccc(OCc3ccccc3)c1)cn2[C@H]1C[C@H](N2CCC2)C1,6.76,5.71,=,=
CC(=O)C1C[C@@H](NC(=O)c2ccc(O)cc2)[C@H](OC(=O)c2cc(O)c(C(=O)c3c(O)cccc3C(=O)O)c(O)c2)C1,PRKCG,NC[C@@H]1CCn2cc(c3ccccc32)C2=C(C(=O)NC2=O)c2cn(c3ccccc23)CCO1,6.41,5.68,=,=
CN[C@@H]1C[C@H]2O[C@@](C)([C@@H]1OC)n1c3ccccc3c3c4c(c5c6ccccc6n2c5c31)C(=O)NC4,RIOK3,CN(C)CC(=O)N1CCC(c2ccc(NC(=O)c3nc(C#N)c[nH]3)c(C3=CCCCC3)c2)CC1,7.12,5.7,=,=
c1ccc2sc(-c3cn[nH]c3)nc2c1,ILK,CC(C)CCCC1(C)CCc2cc(S(N)(=O)=O)cc(Br)c2O1,5.8,4.88,=,=
Cc1nc(N)sc1-c1ccnc(Nc2ccc(N3CCOCC3)cc2)n1,BMPR2,COc1cnc(Nc2cccc(S(N)(=O)=O)c2)nc1N1CCN(c2ccccc2)CC1,4.84,7.4,=,=
CS(=O)(=O)CCCOc1cccc2c1ccn2-c1ccnc(N[C@H]2CC[C@H](C(=O)N3CCC(O)CC3)CC2)n1,CDK11A,Nc1nc(Nc2ccc(S(N)(=O)=O)cc2)nn1C(=O)c1c(F)cccc1F,5.62,6.96,=,=
O=C(O)c1c2c(nc3ccccc13)C(=C1CCCC1)CC2,TAOK1,CS(=O)(=O)Nc1cc2c(cc1Cl)NC(=O)Nc1cnc(C#N)c(n1)OCCCCCO2,5.7,5.2,=,=
O=C(Nc1cc(-c2ccc3ncn(CC4CCOCC4)c3c2)c(Cl)cn1)c1cscn1,CDK9,Fc1cccc(Cn2cnc3ccc(-c4cc(NCCC5CCNCC5)ncc4Cl)cc32)c1,5.96,7.92,=,=
Oc1cc2nc(-c3cccs3)c(-c3cccs3)nc2cc1O,RPS6KB2,O=C(O)CCc1ccc(-c2nc3cc4ccccc4cc3nc2-c2ccc(CCC(=O)O)s2)s1,5.02,6.06,=,=
O=C(Nc1cccc(-c2nncn2C2CC2)n1)c1cc(-c2cnn(C3CC3)c2)cn(Cc2ccccc2F)c1=O,MAP3K5,O=C1Nc2cccc(n2)-c2nncn2C/C=C\COc2c(Br)cccc21,8.76,5.76,=,=
CCOc1cc2ncc(C#N)c(Nc3ccc(OCc4ncccc4C4CC4)c(Cl)c3)c2cc1NC(=O)CCCN(C)C,STK3,Brc1cnc2[nH]cc(-c3ccccc3)c2c1,6.26,6.6,=,=
CO[C@@H]1[C@H](N(C)C(=O)c2ccccc2)C[C@H]2O[C@]1(C)n1c3ccccc3c3c4c(c5c6ccccc6n2c5c31)C(=O)NC4,STK11,Cc1[nH]c(/C=C2\C(=O)Nc3ccc(S(=O)(=O)Cc4c(Cl)cccc4Cl)cc32)c(C)c1C(=O)N1CCC[C@@H]1CN1CCCC1,6.46,5.58,=,=
COc1cc(Nc2ncc(F)c(Nc3ccc4c(n3)NC(=O)C(C)(C)O4)n2)cc(OC)c1OC,STK35,CN(C)CC(=O)N1CCC(c2ccc(NC(=O)c3nc(C#N)c[nH]3)c(C3=CCCCC3)c2)CC1.Cl,5.85,5.5,=,=
Cc1nsc(Nc2ccn3nccc3n2)c1C(=O)Nc1ccc(F)c(F)c1,TTK,Cc1nc(OCc2cncs2)c2c(-c3ccnc(N)c3)c[nH]c2n1,4.75,7.0,=,=
Nc1nc(Nc2ccc(S(N)(=O)=O)cc2)nn1C(=O)c1c(F)cccc1F,CDK14,COC(=O)c1ccc2c(c1)NC(=O)/C2=C(\Nc1ccc(N(C)C(=O)CN2CCN(C)CC2)cc1)c1ccccc1,5.44,6.33,=,=
NC1CCCC(Nc2nc(Cl)cc(-c3c[nH]c4ncccc34)n2)C1,DAPK3,CCCC(=O)Nc1n[nH]c2ccc(-c3cn(Cc4ccccc4)nn3)cc12,7.9,6.9,=,=
COc1ccc(CNC(=O)CCc2c(C)nc3c4cccnc4nn3c2C)cc1,PANK1,Cc1cccc(NC(=O)CCc2c(C)nc3c4cccnc4nn3c2C)c1,4.83,5.8,=,=
c1nc2ccc(-n3cnc4cnc5cnc(-c6cnsc6)cc5c43)cc2[nH]1,MAP3K8,N#Cc1cnc2cnc(NCCN3CCOCC3)cc2c1Nc1ccc(F)c(Cl)c1,6.8,5.92,=,=
COc1cc(-c2ccc3c(c2)Nc2ccc(C(=O)NCc4cccc(F)c4)cc2NC3=O)ccc1O,PRKD3,Cc1ccc(C(=O)Nc2cccc(C(F)(F)F)c2)cc1Nc1nc(-c2cccnc2)nc2c1cnn2C,5.8,7.14,=,=
N=C(N)NCCC[C@@H](NC(=O)CCCCCNC(=O)[C@H]1O[C@@H](n2cnc3c(N)ncnc32)[C@H](O)[C@@H]1O)C(N)=O,ROCK2,CCNC(C(=O)Nc1ccc(-c2cn[nH]c2)cc1)c1ccc(F)cc1,7.05,7.52,=,=
CNc1nc2sc(C(=O)NC3CCCC3)nc2c2c1ncn2C,IKBKB,N=C1NC(=O)/C(=C/c2ccc(O)c(O)c2)S1,6.8,5.75,=,=
CNC(=O)c1cc(Oc2ccc(NC(=O)Nc3ccc(Cl)c(C(F)(F)F)c3)cc2)ccn1,MYLK2,C#Cc1cccc(Nc2ncnc3cc(OCCOC)c(OCCOC)cc23)c1,5.58,6.01,=,=
CC1=NN(c2ccc(Cl)c(Cl)c2)C(=O)C1=Cc1c(C)c(C#N)c2nc3ccccc3n2c1O,AKT1,NC1(c2ccc(-n3c(C4CCCCC4)nc4ccc(-c5cccc(N6CCOCC6)c5)nc43)cc2)CCC1,5.4,8.46,=,=
NC1CCCC(C(=O)Nc2ccc3[nH]nc(Nc4cccc5ncccc45)c3c2)C1,ULK1,CNC(=O)c1ccccc1Nc1nc(Nc2ccc3[nH]ccc3c2)ncc1Cl,7.4,5.96,=,=
O=C(Nc1nc2ccccc2n1CCc1ccccn1)c1ccc2cc3n(c2c1)CCCNC3=O,RPS6KA2,CC1CNC(=O)c2cc3ccc(C(=O)Nc4cc5ccccc5[nH]4)cc3n21,7.66,8.1,=,=
Nc1nc(Nc2ccc(S(N)(=O)=O)cc2)nn1C(=O)c1c(F)cccc1F,RPS6KA1,CC1C(=O)Nc2ncnc(N3CCC(c4nc(-c5cc(C(F)(F)F)nn5C)ccc4NCCN4CCCC4)CC3)c21,5.4,9.22,=,=
CN[C@@H]1C[C@H]2O[C@@](C)([C@@H]1OC)n1c3ccccc3c3c4c(c5c6ccccc6n2c5c31)C(=O)NC4,MAPK6,CN1C(=O)C[C@H](C2CC2)c2nnc3cc(-c4ccnc(Nc5ccnn5C)n4)cc1n23,5.51,9.18,=,=
O=C(O)CCCc1ccc(-c2nc3cc4ccccc4cc3nc2-c2ccc(CCCC(=O)O)s2)s1,RPS6KB2,COC(=O)CCc1ccc(-c2nc3cc4ccccc4cc3nc2-c2ccc(CCC(=O)OC)s2)s1,6.09,5.21,=,=
C/C=C\C(=O)Nc1ccc(NC(=O)Nc2ccc(-c3cc(C)nc4noc(N)c34)cc2)cc1,FLT3,CC(=O)c1ccc(NC(=O)N2CCN(c3ccnc(Nc4ccc(N5CCSCC5)cc4)n3)CC2)cc1,6.36,7.4,=,=
O=C(O)CSc1nnc(-c2ccc(N3CCCCC3)cc2F)[nH]1,GRK6,Cc1cc2c(C(C)C)c(O)c(O)c(/C=N/CCCN3CCOCC3)c2c(O)c1-c1c(C)cc2c(C(C)C)c(O)c(O)c(/C=N/CCCN3CCOCC3)c2c1O,4.45,5.0,=,=
Cc1[nH]c(/C=C2\C(=O)Nc3ccc(S(=O)(=O)Cc4c(Cl)cccc4Cl)cc32)c(C)c1C(=O)N1CCC[C@@H]1CN1CCCC1,PRPF4B,COc1cc(N2CCC(N3CCN(C)CC3)CC2)ccc1Nc1ncc(Cl)c(Nc2ccccc2S(=O)(=O)C(C)C)n1,5.58,5.12,=,=
Cc1cccc(NC(=O)Cc2ccc(-c3cccc4[nH]nc(N)c34)cc2)c1,CDK5,CC(C)c1cnc(NC(=O)c2ccccc2)s1,5.5,5.94,=,=
Nc1c(-c2cc(F)c(F)c3[nH]ncc23)c2ncc(Cl)cc2[nH]c1=O,PKMYT1,CCn1c(=O)c2cnc(Nc3ccc4c(c3)CNCC4)nc2n1-c1cccc(C2(C#N)CC2)n1,7.47,6.65,=,=
Cc1nc(N)sc1-c1ccnc(Nc2ccc(N3CCOCC3)cc2)n1,PRKAG1,C[C@]12O[C@H](C[C@]1(O)CO)n1c3ccccc3c3c4c(c5c6ccccc6n2c5c31)CNC4=O,4.99,6.05,=,=
COc1cc(CN2CCOc3cc(-c4cnc5[nH]ccc5c4)ccc3C2=O)cc(OC)c1,TNIK,NC(=O)c1nc(Nc2ccc3ccccc3c2)sc1NC(=O)c1ccc(CN2CCN(CCO)CC2)cc1,7.0,8.57,=,=
CC(=O)C1=C(O)C=C2Oc3c(C(N)=O)c(O)cc(O)c3[C@@]2(C)C1=O,MKNK1,O=C(c1ccc(-c2ccc3ncc(-c4cc5ccccc5o4)n3c2)cc1)N1CCC(N2CCOCC2)CC1,6.62,8.17,=,=
CNS(=O)(=O)c1ccccc1Nc1nc(Nc2cc(N3CCN(C(C)=O)CC3)ccc2OC)ncc1Br,TSSK2,COc1cc(-c2ccc3c(c2)Nc2ccc(C(=O)NCc4cccc(F)c4)cc2NC3=O)ccc1O,8.0,6.1,=,=
CC1CCN(c2ncnc3[nH]ccc23)CC1,LCK,CN1CCN(c2ccc(-c3cnc4c(c3)N(Cc3c(F)ccc(F)c3Cl)CCN4)cn2)CC1,5.26,5.6,=,=
CCn1c(N)c(C#N)c2cc(Oc3ccc(NC(=O)CN)cc3)ccc21,PFKFB1,CCn1cc(C#N)c2cc(Oc3ccc(N(C)C(=O)[C@@H]4CCCN4)cc3)ccc21,4.6,4.14,=,=
COc1cc(N2CCC(N3CCN(C)CC3)CC2)ccc1Nc1ncc(Cl)c(Nc2ccccc2S(=O)(=O)C(C)C)n1,ERBB2,CCOc1cc2ncc(C#N)c(Nc3ccc(OCc4ccccc4)c(Cl)c3)c2cc1NC(=O)/C=C/CN1CCSCC1,6.83,7.54,=,=
N#CCOc1ccc(Nc2nc(Nc3cccc(S(N)(=O)=O)c3)ncc2Br)cc1,CSNK1G2,Cc1cc(O)ccc1-n1cc(C(N)=O)c(=O)c2ccc(-c3ccncc3)cc21,6.5,5.7,=,=
C[C@@H](Oc1cc(-c2cnn(C3CCNCC3)c2)cnc1N)c1c(Cl)ccc(F)c1Cl,EPHB1,Cc1ccc(-n2nc(C(C)(C)C)cc2NC(=O)Nc2ccc(OCCN3CCOCC3)c3ccccc23)cc1,6.92,5.34,=,=
CN[C@@H]1C[C@H]2O[C@@](C)([C@@H]1OC)n1c3ccccc3c3c4c(c5c6ccccc6n2c5c31)C(=O)NC4,CDKL3,Cc1cc(Nc2cc(N3CCN(C)CC3)nc(Sc3ccc(NC(=O)C4CC4)cc3)n2)n[nH]1,5.62,6.46,=,=
Nc1cc(F)ccc1NC(=O)c1ccc(NC(=O)Nc2ccc(-c3nc(N4CCOCC4)nc(N4CCOCC4)n3)cc2)cc1,PIK3CA,O=C1NC(=O)/C(=C/c2ccc(-c3cc(O)ccc3O)o2)S1,7.77,7.0,=,=
C[C@@H](NC(=O)Nc1cc2[nH]nc(C(=O)NCCC3(O)CCCC3)c2cn1)c1ccccc1,MAPK1,O[C@H]1CC[C@H](Nc2ncc3nc(Nc4c(F)cc(F)cc4F)n([C@H]4CCOC4)c3n2)CC1,8.08,5.91,=,=
Cc1[nH]c(/C=C2\C(=O)Nc3ccc(S(=O)(=O)Cc4c(Cl)cccc4Cl)cc32)c(C)c1C(=O)N1CCC[C@@H]1CN1CCCC1,DCLK2,CN[C@@H]1C[C@H]2O[C@@](C)([C@@H]1OC)n1c3ccccc3c3c4c(c5c6ccccc6n2c5c31)C(=O)NC4,6.0,7.08,=,=
CCCNc1ncc(-c2cc(-c3c(Cl)cc(OCCC)cc3Cl)nc(-c3cnccn3)n2)s1,LIMK1,Nc1nccc2scc(-c3ccc(NC(=O)Nc4cccc(F)c4)cc3)c12,6.94,5.1,=,=
Cc1nc2cc(-c3nn(C(C)C)c4ncnc(N)c34)ccc2o1,TESK2,CCC(CC)Oc1cc(C)c(-c2cc(-c3cnc(NC(C)=O)s3)nc(-c3cnccn3)n2)c(C)c1,7.75,5.7,=,=
CSc1nc(N)cc(Oc2ccc(-c3nnc(Nc4cccc(C(F)(F)F)c4)[nH]3)cc2)n1,CDK11B,CCN(CCO)CCCOc1ccc2c(Nc3cc(CC(=O)Nc4cccc(F)c4)[nH]n3)ncnc2c1,5.12,5.92,=,=
CCOc1cc(-c2ccc(N3CCC(CN4CCN(CC)CC4)(NC(=O)OC(C)C)CC3)nc2)c2c(C#N)cnn2c1,RET,CCn1ccc(-c2c(-c3nn(C(C)C)c4c(Cl)cnc(N)c34)noc2C2CC2)n1,7.17,9.3,=,=
Clc1cccc(Cn2cc(COc3ccc(Nc4ncnc5[nH]ccc45)cc3)nn2)c1,TTBK2,O=C(c1ccccc1)c1ccc(Nc2ncnc3[nH]ccc23)cc1,5.69,4.92,=,=
CCN1CCN(Cc2ccc(Nc3ncc(F)c(-c4cc(F)c5nc(C)n(C(C)C)c5c4)n3)nc2)CC1,ICK,Cn1cc(C2=C(c3cn(C4CCN(Cc5ccccn5)CC4)c4ccccc34)C(=O)NC2=O)c2ccccc21,7.28,6.17,=,=
Nc1nc(Cl)nc2c1ncn2[C@H]1CC[C@@H](C(=O)Nc2nc3ccc(O)cc3s2)CC1,CHKA,CN(C)c1cc[n+](Cc2cccc(-c3cccc(C[n+]4ccc(N(C)C)c5ccccc54)c3)c2)c2ccccc12.[Br-].[Br-],7.66,5.36,=,=
Cc1ccc(NC(=O)Nc2ccc(-c3csc4c(-c5cnn(C(C)C(=O)N(C)C)c5)cnc(N)c34)cc2)cc1,MAP4K2,OCCNc1cc2cc(-c3cccnc3)ccc2cn1,7.2,5.3,=,=
CC(=O)Nc1ccc(CN(C(=O)c2ccc(O)cc2O)c2ccc(C(=O)N3CCCCC3)cc2)cc1,PDK4,CN(C)C(=O)c1ccc(N(Cc2ccc(F)cc2)C(=O)c2ccc(O)cc2O)cc1,5.7,7.28,=,=
Cc1cnc(Cl)nc1-c1ccc(N(Cc2ccc(CNC(=O)CO)cc2)C(=O)c2ccc(O)cc2O)cc1,PDK1,Cc1nccnc1-c1ccc(N(Cc2cccnc2)C(=O)c2ccc(O)cc2O)cc1,8.0,7.0,=,=
Cc1cnc(Nc2ccc(OCCN3CCCC3)cc2)nc1Nc1cccc(S(=O)(=O)NC(C)(C)C)c1,MAP2K4,CNc1ncc2cc(-c3ccc(-c4ncccc4F)cc3Cl)c(=O)n(C[C@H]3OC[C@H](N)CO3)c2n1,5.0,6.08,=,=
Cc1ccc(C(=O)Nc2ccc(CN3CCN(C)CC3)c(C(F)(F)F)c2)cc1C#Cc1cnc2cccnn12,EPHA1,C[C@H](CCC(=O)N[C@H](CC(=O)O)Cc1cn(S(=O)(=O)c2ccccc2)c2ccccc12)[C@H]1CC[C@H]2[C@@H]3CC=C4C[C@@H](O)CC[C@]4(C)[C@H]3CC[C@]12C,6.39,4.96,=,=
CO[C@@H]1Cc2ccccc2[C@H]1NC1=N/C(=C\c2ccc3ncsc3c2)C(=O)N1,DYRK4,COc1ccc2nc3ccc(OC)cc3c(SCCCN)c2c1,6.81,6.23,=,=
CN1C(=O)Cc2cc(-c3cncc(-c4ccc(=O)n(C5CCCC5)c4)c3)ccc21,BMPR1A,Cc1cc(-c2cncc(-c3ccc(=O)n(C(C)C)c3)c2)cc2c1N(C)C(=O)C2,5.62,6.16,=,=
CC(C)(O)[C@H](F)CNC(=O)c1cnc(Nc2ccc3ncsc3c2)cc1NC1CC2CCC1C2,IRAK4,CCn1cccc(NC(=O)c2cn3cc(C45COC(C)(C4)C5)nc3nc2OC(C)C)c1=O,8.59,9.52,=,=
c1ccc2c(-c3cnn4cc(-c5cnc(N6CCNCC6)nc5)cnc34)ccnc2c1,BMPR1A,Cc1cc(-c2cncc(-c3ccc(=O)n(C(C)C)c3)c2)cc2c1N(C)C(=O)C2,5.11,6.16,=,=
CN(C)S(=O)(=O)Nc1cccc(-c2ccc3c(NC(=O)C4CC4)n[nH]c3c2)c1,BMP2K,O=C(Nc1n[nH]c2cc(-c3cccc(NS(=O)(=O)Cc4ccccc4F)c3)ccc12)C1CC1,7.72,6.54,=,=
CCCC(=O)Nc1cccc(Nc2nccc(Nc3cc(C4CC4)[nH]n3)n2)c1,YES1,CNS(=O)(=O)c1ccc2c(c1)/C(=C/c1[nH]c3c(c1CCCN1CCN(CCO)CC1)CCCC3)C(=O)N2,6.33,8.0,=,=
Nc1ccc2cc(NCCc3ccccc3)cc(Nc3ncccn3)c2n1,DYRK1B,NC(=O)c1ccc(-c2c[nH]c3nccc(Cl)c23)cc1,5.7,8.4,=,=
CCOc1cc2ncc(C#N)c(Nc3ccc(OCc4ccccn4)c(Cl)c3)c2cc1NC(=O)/C=C/CN(C)C,WEE2,CC(=O)NCC(=O)N1[C@@H]2CC[C@H]1c1ccc(Nc3ncc(C(F)(F)F)c(NC4CCC4)n3)cc12,5.89,6.89,=,=
C=CC(=O)N1CC[C@]2(C1)C[C@H](n1c(NC(=O)c3ccc(C(F)F)s3)nc3cc(CN[C@H]4C[C@H](O)C4)ccc31)C2,TEC,C=CC(=O)N1CC[C@]2(C1)C[C@H](n1c(NC(=O)c3ccc(-c4ccnc(NC)n4)s3)nc3ccccc31)C2,8.01,9.43,=,=
O=C(c1ccc(/C=C/c2n[nH]c3ccccc23)cc1)N1CCNCC1,CDK15,Cc1cnc(Nc2ccc(OCCN3CCCC3)cc2)nc1Nc1cccc(S(=O)(=O)NC(C)(C)C)c1,5.58,5.07,=,=
Cc1nc(Nc2ncc(C(=O)Nc3c(C)cccc3Cl)s2)cc(N2CCN(CCO)CC2)n1.O,VRK2,CC(C)CCN1c2nc(Nc3cc(F)c(O)c(F)c3)ncc2N(C)C(=O)[C@H]1C,5.5,7.75,=,=
CC1(C)C(=O)N([C@H]2CCc3c(O)cccc32)c2nc(Nc3ccccc3)ncc21,CAMK4,Cc1sc(C(=O)N[C@@H]2[C@H](N)CCCC2(F)F)cc1-c1cnn2cc(Cl)cnc12,5.0,4.54,=,=
Cc1ncsc1-c1ccc([C@H](C)NC(=O)[C@@H]2C[C@@H](O)CN2C(=O)[C@@H](NC(=O)CCCCCCC(=O)Nc2ccc(C(=O)Nc3cccc(Nc4cc(-c5c[nH]c6ccccc56)ncn4)c3)cc2)C(C)(C)C)cc1,PIP4K2C,CS(=O)(=O)c1cccc(-c2csc3ncnc(Sc4nnc[nH]4)c23)c1,6.57,5.5,=,=
C#Cc1nc(Nc2ccccc2)nc2[nH]cnc12,NEK1,CC(N)c1ccc(-c2c(O)ccc3[nH]c(=O)c4sccc4c23)cc1,4.68,9.14,=,=
COc1ccccc1NC(=O)c1cnn2c(-c3ccccc3)ccnc12,LIMK1,NC(=O)c1sc2nc(-c3cccnc3)ccc2c1N,5.6,5.15,=,=
[Br-].[Br-].c1cc(SSc2ccc(C[n+]3ccc(N4CCCC4)cc3)cc2)ccc1C[n+]1ccc(N2CCCC2)cc1,CHKA,COc1cccc(NC(=O)[C@H]2CC[C@@H](n3cnc4c(N)nc(-c5cccc(N)c5)nc43)CC2)c1,6.44,5.72,=,=
COc1cc(CCc2cc(-c3nc4ccc(C(=O)N5CCN(C)CC5)cc4[nH]3)n[nH]2)cc(OC)c1,FGFR3,CN1CCCN(Cc2ccc(-c3cnc(N)c(C(=O)Nc4cc(O)cc(O)c4)n3)cc2)CC1,7.65,6.12,=,=
Brc1cnc2[nH]cc(-c3ccccc3)c2c1,MARK2,Cc1nc(COc2ccccc2Cl)sc1-c1ccnc(N)n1,6.1,5.3,=,=
CC(C)n1cc(C(=O)c2cncc(NC(=O)Cc3ccc(Cl)cc3)c2)c2c(N)ncnc21,NTRK1,O=C(Nc1cnn2ccc(N3CCC[C@@H]3c3cc(F)ccc3F)nc12)C(=O)N1CC[C@H](O)C1,8.22,7.89,=,=
CN1C(=O)Cc2cc(-c3cncc(-c4ccc(=O)n(C5CCCC5)c4)c3)ccc21,BMPR1B,Nc1ncc(-c2ccc([C@@]34C[C@@H]3CN(CCN3CCOCC3)C4)cc2)cc1C(=O)N[C@H]1CC[C@H](O)CC1,5.28,5.6,=,=
COc1cc(N2CCNC2=O)ccc1Nc1ncc(Cl)c(Nc2ccccc2S(=O)(=O)C(C)C)n1,ROS1,CCn1ncc2c1-c1cnc(N)c(c1)O[C@H](C)c1cc(F)ccc1-c1nn(C)nc1C2,8.17,9.15,=,=
CC[C@H]1CN(C(C)c2ccc(OC(F)(F)F)cc2)[C@H](C)CN1c1nc(=O)n(C)c2ccc(C#N)nc12,DGKZ,C[C@@H]1CN(c2cc(=O)n(C)c3ccc(C#N)nc23)[C@@H](C)CN1C(c1ccc(F)cc1)c1ccc(F)cc1,5.79,6.4,=,=
NC(=O)c1cc(-c2ccnc(Nc3ccccc3)c2)nc(N2CCNCC2)c1,PRKD1,CC(C)(C)n1nc(-c2c[nH]c3cccnc23)c2c(N)ncnc21,8.31,6.46,=,=
O=C(NC1CCNCC1)c1n[nH]cc1NC(=O)c1c(Cl)cccc1Cl,TAOK2,CC(=O)NCC(=O)N1[C@@H]2CC[C@H]1c1ccc(Nc3ncc(C(F)(F)F)c(NC4CCC4)n3)cc12,6.71,5.69,=,=
COc1cccc(-c2cc(NC3CC3)n3ncc(/C=C4\NC(=O)NC4=O)c3n2)c1,CSNK2B,C[C@@H](NC(=O)Nc1cc(NC2CC2)n2ncc(/C=C3\NC(=O)NC3=O)c2n1)C1CC1,5.88,4.7,=,=
COc1cc2c(Oc3ccc(NC(=O)C4(C(=O)Nc5ccc(F)cc5)CC4)cc3F)ccnc2cc1OCCCN1CCOCC1,CDK13,CC(C(=O)Nc1cc(C2CC2)[nH]n1)c1ccc(C2=CCN(C(=O)C#C[Si](C)(C)C)CC2)nc1,6.68,8.15,=,=
Cc1c(-c2ccnc3ccccc23)ccc2nc(Cc3ccccc3)[nH]c(=O)c12,ACVR1,COc1cc(-c2csc3c(C=CC(=O)NCCN(C)C)cnc(N)c23)ccc1NC(=O)c1cc2ccccc2n1C,6.36,5.9,=,=
c1cncc(-c2c[nH]c3cc4cnccc4cc23)c1,GSG2,c1ccc(-c2c[nH]c3cc4cnccc4cc23)cc1,7.51,6.32,=,=
CCN1CCN(c2ccc(Nc3ncc(Cl)c(Nc4ccc5[nH]ncc5c4)n3)cc2)CC1,CAMK1D,CC1(C)C(=O)Nc2c(C3=CCCCC3)cc(Nc3nc(N4CCC[C@H](N)C4)ncc3C(N)=O)cc21,5.9,8.22,=,=
COc1cc(Nc2ncc(F)c(Nc3ccc4c(n3)NC(=O)C(C)(C)O4)n2)cc(OC)c1OC,CDKL1,CN1C(=O)[C@@H](N2CCc3cn(CC4CCS(=O)(=O)CC4)nc3C2=O)COc2ccccc21,5.68,6.0,=,=
CSc1nc(N)cc(Oc2ccc(-c3nnc(Nc4cccc(C(F)(F)F)c4)[nH]3)cc2)n1,CDK11B,COc1cc2c(Oc3ccc(NC(=O)C4(C(=O)Nc5ccc(F)cc5)CC4)cc3F)ccnc2cc1OCCCN1CCOCC1,5.12,6.19,=,=
Cc1ccc(NC(=O)c2ccc(CN3CCN(C)CC3)cc2)cc1Nc1nccc(-c2cncc(-c3sncc3C)c2)n1,ABL2,CCOc1ccn(-c2ccc(F)cc2)c(=O)c1C(=O)Nc1ccc(Oc2ccnc(N)c2Cl)c(F)c1,6.52,5.82,=,=
C#CC(=O)N1CCC=C(c2ccc(CC(=O)Nc3cc(C4CC4)[nH]n3)cn2)C1,CDK13,C=CC(=O)N1CC=C(c2ccc(C(C)C(=O)Nc3cc(C4CC4)[nH]n3)cn2)CC1,7.08,8.22,=,=
Nc1ncc(-c2cnn(CCO)c2)c2scc(-c3ccc(NC(=O)Nc4cccc(F)c4)cc3)c12,HIPK4,O=c1c(NCc2cccc(C(F)(F)F)c2)c(Nc2ccncc2)c1=O,7.7,6.8,=,=
CN(C)C[C@@H]1CCn2cc(c3ccccc32)C2=C(C(=O)NC2=O)c2cn(c3ccccc23)CCO1,PRKACB,Cc1n[nH]c2ccc(-c3cncc(OC[C@@H](N)Cc4ccccc4)c3)cc12,5.5,7.05,=,=
CNc1cc2c(cn1)c(-c1ccc(CN3CCOCC3)cc1)nn2C1CCC(Oc2ccc(=O)n(C)n2)CC1,TYRO3,COC[C@H](C)Nc1n[nH]c2nccc(Oc3ccc(NC(=O)c4cn(C(C)C)c(=O)n(-c5ccc(F)cc5)c4=O)cc3F)c12,6.46,4.84,=,=
Cc1cn([C@H]2C[C@H](NC(=O)Nc3ccc(Cl)c(C(F)(F)F)c3)[C@@H](CO)O2)c(=O)[nH]c1=O,DTYMK,Cc1cn(C2C[C@H](O)[C@@H](COP(=O)(O)CP(=O)(O)OP(=O)(O)OP(=O)(O)OP(=O)(O)OP(=O)(O)OC[C@H]3OC(n4cnc5c(N)ncnc54)[C@H](O)[C@@H]3O)O2)c(=O)[nH]c1=O,4.02,5.4,=,=
CS(=O)(=O)c1cccc(-c2csc3ncnc(Sc4nnc[nH]4)c23)c1,PIP4K2C,CS(=O)(=O)Nc1ccc(-c2cncc(/C=C3\SC(=N)NC3=O)c2)cc1,5.5,8.8,=,=
O=c1cc(N2CCCCC2)oc2c(-c3ncc(-c4cccs4)s3)cccc12,PRKDC,CO[C@H]1/C=C\C=C(/C)C(=O)NC2=CC(=O)C(NCCCCCCCOc3ccc4c(=O)cc(N5CCOCC5)oc4c3C)=C(C[C@@H](C)C[C@H](OC)[C@H](O)[C@@H](C)/C=C(\C)[C@@H]1OC(N)=O)C2=O,6.32,5.43,=,=
Cc1noc(-c2cc(-c3cc(S(=O)(=O)N[C@H]4CC5(C[C@@H](O)C5)C4)ccc3C)cnc2N)n1,PIK3CB,O=c1c(F)c(N2CCOCC2)nc2n(Cc3cccc(Cl)c3Cl)ccn12,6.06,7.6,=,=
O=S(=O)(N[C@H]1C(O)O[C@H](CNS(=O)(=O)c2cccc(Cl)c2Cl)[C@@H](O)[C@@H]1O)c1cccc(-c2ccccc2)c1,HK2,O=C(N[C@H]1C(O)O[C@H](CO)[C@@H](O)[C@@H]1O)c1ccc(-c2ccccc2)cc1,6.96,4.8,=,=
Cc1ccc(NCc2ccc(-c3ccc(F)cc3)nc2)cc1,MAP2K1,N#CCN1CCC(n2cnc3cnc4cc(F)c(-c5ccc(Oc6ccccn6)cc5Cl)cc4c32)CC1,5.5,7.16,=,=
CCOc1ccccc1-c1ccc(-c2nc(NC(C)C(=O)O)c3ccncc3n2)cc1,PIP4K2A,Cc1ccc(C(=O)Nc2cccc(C(F)(F)F)c2)cc1Nc1nc(-c2cccnc2)nc2c1cnn2C,5.3,7.02,=,=
COc1cc2ncnc(Nc3ccc(O)cc3)c2cc1OC,GAK,COc1cc(-c2cnc3c(N4C[C@@H](C)O[C@@H](C)C4)snc3c2)ccc1C(=O)N1CCOCC1,4.54,7.0,=,=
O=c1nc(-c2ccc3[nH]ncc3c2)cc(-c2ccccc2)[nH]1,CSNK1A1,CC(=O)NC1CCCC(Nc2nc(Cl)cc(-c3c[nH]c4ncccc34)n2)C1,5.2,5.7,=,=
CCN(CC)CCNC(=O)c1c(C)[nH]c(C=C2C(=O)Nc3ccc(F)cc32)c1C,HIPK4,C=CC(=O)Nc1ccc(C(=O)Nc2cccc(Nc3n[nH]c4c3CN(C(=O)N[C@H](CN(C)C)c3ccccc3)C4(C)C)c2)cc1,5.8,6.26,=,=
O=C(Nc1nc2cccc(-c3ccc(CN4CCS(=O)(=O)CC4)cc3)n2n1)C1CC1,ADCK1,Cn1cc(-c2[nH]c3cc(NC(=O)[C@H](N)C4CCCCC4)cc4c3c2C=NNC4=O)cn1,5.69,5.35,=,=
CCCCCCCCCCCCc1ccc(NC(=O)C2(/C(N)=N/O)CC2)cc1,SPHK1,Cc1nc(-c2cccc(OCc3ccc(CN4CCC[C@@H]4CO)cc3)c2)no1,6.52,7.97,=,=
Cc1nc(Nc2n[nH]c3c2CN(C(=O)N[C@H](CN(C)C)c2ccccc2)C3(C)C)c2sccc2n1,CAMK2G,O=C(NNC(=S)Nc1ccc(Cl)cc1)C(O)(c1ccccc1)c1ccccc1,6.56,5.5,=,=
C=CC(=O)Nc1ccccc1Nc1nc(N[C@H]2CCN(C(C)=O)C2)ncc1C(F)(F)F,MAPK3,CCn1cc(Nc2nccc(-c3ccn([C@H](CO)c4ccc(Cl)c(F)c4)c(=O)c3)n2)cn1,6.52,8.3,=,=
COc1cc(Nc2ncc(F)c(Nc3ccc4c(n3)NC(=O)C(C)(C)O4)n2)cc(OC)c1OC,STK11,C[C@]12O[C@H](C[C@]1(O)CO)n1c3ccccc3c3c4c(c5c6ccccc6n2c5c31)CNC4=O,5.47,7.24,=,=
Cc1n[nH]c2ccc(-c3cncc(OC[C@@H](N)Cc4ccccc4)c3)cc12,CDKL2,COc1cc(Nc2ncc(F)c(Nc3ccc4c(n3)NC(=O)C(C)(C)O4)n2)cc(OC)c1OC,6.16,5.23,=,=
NC1CCC(Nc2nccc(-c3c[nH]c4ncccc34)n2)CC1,DCLK1,CCCS(=O)(=O)Nc1ccc(-c2ccc3[nH]nc(N)c3c2)cc1,6.0,5.3,=,=
Cn1cc(C2=C(c3cn(C4CCN(Cc5ccccn5)CC4)c4ccccc34)C(=O)NC2=O)c2ccccc21,NUAK2,Cc1ccc(C(=O)Nc2cccc(C(F)(F)F)c2)cc1Nc1nc(-c2cccnc2)nc2c1cnn2C,5.39,6.0,=,=
Cc1ccnc(NC(=O)Cc2ccc3ccccc3c2)c1,SNRK,Cc1cnc(Nc2ccc(OCCN3CCCC3)cc2)nc1Nc1cccc(S(=O)(=O)NC(C)(C)C)c1,6.05,6.64,=,=
CNS(=O)(=O)c1ccccc1Nc1nc(Nc2cc(OC)c(OC)c(OC)c2)ncc1Cl,NEK4,O=c1nc(-c2cc3c(Oc4ccc(I)cc4)cncc3s2)[nH]o1,7.8,7.3,=,=
O=C1Nc2ccc3ncsc3c2C1=CNc1ccc(S(=O)(=O)Nc2ccccn2)cc1,BRSK1,CC(N)C1CCC(C(=O)Nc2ccnc3[nH]ccc23)CC1,7.9,5.4,=,=
COC(=O)c1cc2c(cc1C)/C(=C(/Nc1ccc(C(=O)N(C)[C@H]3CN(C)C[C@@H]3O)cc1)c1ccccc1)C(=O)N2,FLT1,Cc1cccc(NC(=O)N(Cc2ccc(-c3[nH]nc4c3Cc3cc(CN5CCN(C)CC5)ccc3-4)s2)CC(C)C)c1,7.28,5.8,=,=
O=C(c1ccc(/C=C/c2n[nH]c3ccccc23)cc1)N1CCNCC1,NEK6,Cc1c(O)c(O)cc2oc3cc(O)cc(O)c3c(=O)c12,6.92,4.17,=,=
OC[C@H]1C[C@@H](O)CCN1CCc1ccc(Nc2nc(-c3cc(C(F)(F)F)ccc3F)cs2)cc1,SPHK2,Cl.N=C(N)N1CCC[C@H]1c1nc(-c2ccc(Cn3cc(-c4ccccn4)nn3)cc2)no1,7.3,6.04,=,=
c1cc(-c2c[nH]c3nccc(N4CCC[C@]5(CCCCN5)C4)c23)ncn1,ROCK1,O=C(NCc1cccnc1)Nc1nc(-c2ccncc2)cs1,4.3,6.04,=,=
COc1cc(Nc2nccc(N3CCC[C@H](C(=O)NCc4cccc(Cl)c4)C3)n2)cc(OC)c1OC,IGF1R,CNC(=O)c1cnn(CCNc2cc[nH]c(=O)c2-c2nc3c(C)cc(N4CCOCC4)cc3[nH]2)c1,6.44,5.69,=,=
Cc1cc(NS(C)(=O)=O)ccc1Nc1cc(-c2ccc(-n3cccn3)cc2)[nH]n1,TNIK,Cc1noc(Cc2ccc(C(=O)Nc3sc(Nc4ccc5ccccc5c4)nc3C(N)=O)cc2)n1,8.52,7.73,=,=
CO[C@@H]1[C@H](N(C)CCOCCOCCOCCNC(=O)CCC2=[N+]3C(=Cc4c(C)cc(C)n4[B-]3(F)F)C=C2)C[C@H]2O[C@]1(C)n1c3ccccc3c3c4c(c5c6ccccc6n2c5c31)C(=O)NC4,CAMK2B,CCCCOc1ccccc1CCc1cccc2nc(N)nc(N)c12,7.92,5.6,=,=
CCOC(=O)c1cccc(-c2cnc3ccc(N[C@@H](CC)CO)nn23)c1,DYRK2,CC(C)(C)OC(=O)N1CCN(C(=O)c2cnc(Nc3ncc(F)c(-c4ccc5scnc5c4)n3)nc2)CC1,7.32,6.27,=,=
O=C(NCCCNc1nc(Nc2ccc(N3CCOCC3)cc2)ncc1C1CC1)C1CCC1,BRSK2,CC(C)n1nc(-c2cc3cc(O)ccc3[nH]2)c2c(N)ncnc21,5.72,7.38,=,=
C#Cc1cccc(Nc2ncnc3cc(OCCOC)c(OCCOC)cc23)c1,EPHB1,Cc1nc(Nc2ncc(C(=O)Nc3c(C)cccc3Cl)s2)cc(N2CCN(CCO)CC2)n1.O,5.96,9.35,=,=
CCc1ccc2c(c1)c(=O)c(C(=O)Nc1ccc(Oc3ncnc4cc(OC)c(OC)cc34)c(F)c1)c(C)n2C,MAP2K5,CNS(=O)(=O)Nc1nccc(Cc2c(C)c3ccc(Oc4ncccn4)cc3oc2=O)c1F,7.42,5.7,=,=
O=C(c1ccc(/C=C/c2n[nH]c3ccccc23)cc1)N1CCNCC1,CAMKK1,Nc1nc(Nc2ccc(S(N)(=O)=O)cc2)nn1C(=O)c1c(F)cccc1F,6.68,5.54,=,=
CO[C@@H]1[C@H](NCCOCCOCCOCCNC(=O)CCC2=[N+]3C(=Cc4c(C)cc(C)n4[B-]3(F)F)C=C2)C[C@H]2O[C@]1(C)n1c3ccccc3c3c4c(c5c6ccccc6n2c5c31)C(=O)NC4,SGK3,COc1ccc2nc(Nc3ccc(N4CCNCC4)cc3)cc(C(F)(F)F)c2c1,6.49,5.29,=,=
CC(N)C1CCC(C(=O)Nc2ccncc2)CC1,CDC42BPA,Nc1cccnc1-c1c[nH]c2nccc(N3CCCC4(CCCCN4)C3)c12,5.2,9.72,=,=
O=C(O)c1csc2c1NCCNC2=O,CAMK1D,NC(=O)c1cnc(N2CCC[C@H](N)C2)nc1Nc1cc(N2CC(N)C2)cc(C(F)(F)F)c1,4.0,7.0,=,=
NCC(OCc1ccccc1)C(=O)Nc1ccc(-c2cn[nH]c2)cc1,MYLK4,OCCN1CCC(n2cc(Nc3ncc(F)c(-c4ccc5nc(N6CCOCC6)ncc5c4)n3)cn2)CC1,6.26,7.77,=,=
CCN(CC)CCNC(=O)c1c(C)[nH]c(/C=C2\C(=O)Nc3ccc(CCN(C)C)cc32)c1C,PRKAA2,N#Cc1ccc(CN2CCC(NC(=O)c3ccc(C(=O)N4CCN(C(=O)c5ccccc5)CC4)cn3)CC2)cc1,6.81,5.52,=,=
COc1cc(NC(=O)[C@H](N)CC(C)C)ccc1-c1ccnc2[nH]ccc12,CIT,Cc1cc2c(-c3ccc(NC(=O)[C@H](N)[C@@H](O)C(C)C)cc3C)ccnc2[nH]1,6.96,8.26,=,=
Nc1ncnc2c1c(-c1cccc(O)c1)cn2[C@H]1C[C@@H](CN2CCC2)C1,MAPKAPK5,O=C(Nc1cccc(-c2nc3sccn3c2-c2ccnc(Nc3cccc(N4CCCC4=O)c3)n2)c1)c1c(F)cccc1F,5.43,6.1,=,=
COc1cc2c(Oc3ccc(NC(=O)C4(C(=O)Nc5ccc(F)cc5)CC4)cc3F)ccnc2cc1OCCCN1CCOCC1,MAP3K4,C=CCn1c(=O)c2cnc(Nc3ccc(N4CCN(C)CC4)cc3)nc2n1-c1cccc(C(C)(C)O)n1,5.72,7.28,=,=
Cc1ccc(C(=O)Nc2ccc(CN3Cc4cn[nH]c4C3)c(Cl)c2)cc1C#Cc1cnc2cccnn12,EPHB2,Cc1nc(Nc2ncc(C(=O)Nc3c(C)cccc3Cl)s2)cc(N2CCN(CCO)CC2)n1,7.15,8.41,=,=
COc1cc(N2CCC(N3CCN(C)CC3)CC2)ccc1Nc1ncc(Cl)c(Nc2ccccc2S(=O)(=O)C(C)C)n1,SBK1,CN[C@@H]1C[C@H]2O[C@@](C)([C@@H]1OC)n1c3ccccc3c3c4c(c5c6ccccc6n2c5c31)C(=O)NC4,7.68,6.94,=,=
Cc1cc(NC(=O)Nc2cc(C(C)(C)C)nn2-c2ccc(Cl)cc2)ccc1Nc1ncnc2c1OC(C)(C)C(=O)N2,FES,C=CC(=O)Nc1cccc(Nc2nc(Nc3ccc(N4CCN(C(C)=O)CC4)cc3OC)ncc2C(F)(F)F)c1,6.57,5.92,=,=
N#Cc1cc(-c2ncnc(Nc3ccc(N4CCN(C5COC5)CC4)cc3)n2)ccc1O[C@@H]1CCNC1,TBK1,CC(O)C(=O)N1CC[C@@H](Oc2ccc(-c3ncnc(Nc4ccc(N5CCN(C6COC6)CC5)cc4)n3)cc2C#N)C1,4.52,5.71,=,=
CN1C(=O)[C@@H](N2CCc3c(nn(Cc4ccccc4)c3Br)C2=O)COc2ccccc21,MAPK4,CS(=O)(=O)CCCOc1cccc2c1ccn2-c1ccnc(N[C@H]2CC[C@H](C(=O)N3CCC(O)CC3)CC2)n1,6.0,4.96,=,=
COc1cc(N2CCC(N3CCN(C)CC3)CC2)ccc1Nc1ncc(Cl)c(Nc2ccccc2S(=O)(=O)C(C)C)n1,MAP2K3,NC(=O)c1nc(-c2ccccc2)ccc1N,6.77,5.38,=,=
COc1ccc2[nH]c(-c3nccc(NCc4cccnc4N(C)S(C)(=O)=O)n3)nc2c1,SRPK2,CCc1cc2c(cc1-c1cnn[nH]1)C(C)(C)c1[nH]c3cc(C#N)ccc3c1C2=O,5.46,8.13,=,=
CCOC(=O)NS(=O)(=O)N1CCC[C@@H](C(=O)Nc2cc(-c3ccc4ncn(CC5CCOCC5)c4c3)c(Cl)cn2)C1,CDK9,COc1cc(F)ccc1-c1ccnc2[nH]c(C3CNC(C)(C)CO3)cc12,5.89,6.44,=,=
CN1CCc2c(sc3ncn4nc(-c5ccccc5O)nc4c23)C1,PTK2B,CNC(=O)c1ccccc1Nc1cc(Nc2cc(C)c(C3CCNCC3)cc2OC(C)C)ncc1C(F)(F)F,4.75,6.21,=,=
CN[C@@H]1C[C@H]2O[C@@](C)([C@@H]1OC)n1c3ccccc3c3c4c(c5c6ccccc6n2c5c31)C(=O)NC4,TLK1,Nc1nc(Nc2ccc(S(N)(=O)=O)cc2)nn1C(=O)c1c(F)cccc1F,7.57,5.96,=,=
COc1cc(F)c(F)c(Nc2ccc(I)cc2F)c1NS(=O)(=O)C1(C[C@H](O)CO)CC1,PRKAG1,CC(C)c1cc(CNc2nc(Nc3cc(C4CC4)[nH]n3)cc(N3CCN(C)CC3)n2)on1,4.75,5.39,=,=
Nc1nccn2c(C3CCC3)nc(-c3ccc(Oc4cccc(F)c4F)cc3)c12,TNK2,O=C(Nc1ccc(Nc2ccnc3[nH]c(=O)c4ccccc4c23)cc1)c1ccccc1,5.4,6.83,=,=
Cn1nccc1-c1ccn2c(C(=O)Nc3cc(C(=O)NCc4ccc(F)c(F)c4)ccc3F)cnc2c1,PDGFRA,N#Cc1ccc(-c2n[nH]c3c2Cc2ccc(OCCCCN4CCOCC4)cc2-3)cn1,10.05,5.9,=,=
CCCCC[C@H](c1ccc(C(=O)O)c(Oc2cccc(Br)c2)c1)N1CCC[C@H](n2cc(C)c(=O)[nH]c2=O)C1,DTYMK,Cc1cn([C@H]2C[C@H](NC(=O)Nc3ccc(Cl)c(C(F)(F)F)c3)[C@@H](CO)O2)c(=O)[nH]c1=O,4.5,4.02,=,=
COC(=O)N1CCC(N2CCN(c3cc(C#N)cc(Nc4nc(NC5CC5)c5ncc(C#N)n5n4)c3Cl)CC2)CC1,CSNK2A2,O=C(O)c1ccc2c(c1)nc(NCCc1cccc(Cl)c1)c1ccncc12,9.03,7.77,=,=
Cc1c[nH]c2ncnc(N3CCC(C(=O)Nc4cccc(Br)c4)CC3)c12,LIMK2,CCCNc1ncc(-c2cc(-c3c(Cl)cc(OC)cc3Cl)nc(-c3cnccn3)n2)s1,6.52,7.8,=,=
COC(=O)N[C@@H](CC/C=C/C(=O)NCCO)C(=O)Nc1cccn(Cc2nc3ccccc3[nH]2)c1=O,MAP4K1,CCCn1c(C)nnc1-c1cccc(N2Cc3c(cc(N(C)C(C)C)nc3CN)C2=O)n1,5.56,9.26,=,=
COC(=O)c1ccc2nc(-c3ccc(C4(N)CCC4)cc3)c(-c3ccccc3)n2n1,AKT2,CCC1(O)CC(N)(c2ccc(-c3nc4n(c3-c3ccccc3)COc3cccnc3-4)cc2)C1,6.8,8.34,=,=
CN(c1ccccc1)c1cc[n+](Cc2ccc(-c3ccccc3)cc2)c2cc(Cl)ccc12.[Br-],CHKB,COc1ccc2nc(NC(=O)[C@H]3CC[C@@H](n4cnc5c(N)nc(Cl)nc54)CC3)sc2c1,4.7,5.3,=,=
Cc1cc(Nc2cc(C(F)(F)F)nc(Nc3ccc([N+](=O)[O-])cc3)n2)n[nH]1,PIK3C3,CC(=O)Nc1cc(-c2cnc3c(c2)S(=O)(=O)N(C24CC(C2)C4)CCO3)ccn1,6.51,7.52,=,=
CN(C)CCCN1CCC(c2ccc(OC(F)(F)F)c(Nc3ncc4c(n3)-c3c(c(C(N)=O)nn3C)CC4)c2)CC1,PLK2,CC[C@@H]1C(=O)N(C)c2cnc(Nc3ccc(-c4noc(CN5CCNCC5)n4)cc3OC)nc2N1C1CCCC1,5.41,8.24,=,=
COc1cc(-c2cn(C)c(=O)c3cnccc23)c(OC)cc1CN(C)C,ACVR2B,COc1cnccc1-n1cc(N(c2nc(C(N)=O)c(-c3cc(C(C)=O)c[nH]3)s2)C2CC2)cn1,5.12,7.75,=,=
CCCCCCCCc1ccc(-c2noc([C@@H]3C[C@@H](O)CN3C(=N)N)n2)cc1.Cl,SPHK2,OC[C@H]1CCCN1Cc1ccc(COc2cccc(OCc3ccc(Cl)cc3)c2)cc1,5.28,7.39,=,=
Cc1cccc(NC(=O)CCc2c(C)nc3c4cccnc4nn3c2C)c1,PANK1,COc1cccc(NC(=O)CCc2c(C)nc3c4cccnc4nn3c2C)c1,5.8,6.55,=,=
Cc1ccc(C(=O)Nc2cccc(C(F)(F)F)c2)cc1Nc1nc(-c2cccnc2)nc2c1cnn2C,TESK2,CCC(CC)Oc1cc(C)c(-c2cc(-c3cnc(NC(=O)NC)s3)nc(-c3cnccn3)n2)c(C)c1,9.11,6.38,=,=
CC(=O)N1CCC(C(=O)Nc2cc3cc(-c4cnn(C)c4)ccc3cn2)CC1,GSK3B,c1nc(N2CCC3(CCCNC3)CC2)c2nc[nH]c2n1,7.54,4.26,=,=
CC[C@@H]1C(=O)N(C)c2cnc(Nc3ccc(C(=O)NC4CCN(C)CC4)cc3OC)nc2N1C1CCCC1,NEK3,Cc1ccc(C(=O)Nc2cccc(C(F)(F)F)c2)cc1Nc1nc(-c2cccnc2)nc2nn(C)cc12,6.14,5.04,=,=
C=CCn1c(=O)c2cnc(Nc3ccc(N4CCNCC4)cc3)nc2n1-c1ccc2c(n1)[C@@](O)(CC)CC2,WEE1,C=CCn1c(=O)c2cnc(Nc3ccc(N4CCN(C)CC4)c4ccn(C)c34)nc2n1-c1cccc(C(C)(C)O)n1,8.49,6.87,=,=
CC(=O)c1ccccc1-c1ncnc2[nH]ccc12,PIM1,C[C@@H]1C[C@H](N)CN(c2ccncc2Nc2ncc3ccc(-c4ccccc4F)nn23)C1,4.1,8.11,=,=
Cc1cc(Nc2nc(N[C@@H](C)c3ccc(F)cn3)c(C#N)cc2F)n[nH]1,MUSK,COc1cc2c(Oc3ccc(NC(=O)C4(C(=O)Nc5ccc(F)cc5)CC4)cc3F)ccnc2cc1OCCCN1CCOCC1,6.65,7.89,=,=
COc1cncc(-n2cc(-c3cc(C(=O)NC4CC4)ccc3C)cn2)c1,RIPK2,COc1cn2c(-n3cc(-c4cc(C(=O)NC5CC5)c(F)cc4C)cn3)cnc2cn1,7.82,8.36,=,=
C=C(C)c1cnc(-c2cc(Cl)ccc2F)cc1Nc1ccncc1C(=O)N[C@H](C)CO,ACVR1B,Cc1cc(-c2cnn3cc(N4CCC(N5CCOCC5)CC4)cnc23)c2ccccc2n1,6.77,5.99,=,=
O=C1NC(=O)/C(=C/c2ccc(-c3cc(O)ccc3O)o2)S1,PIK3CA,CCc1ncnc(-c2cc(Cl)c(C(=O)N3CCC4(CC3)CN(C)C4)c(Cl)c2)c1C#Cc1ccc(N)nc1,7.0,5.66,=,=
O=C1NC(=O)C(c2cnc3ccccn23)=C1c1cn2c3c(cc(F)cc13)CN(C(=O)N1CCCCC1)CC2,MARK3,OCC(CO)Nc1ncnc2[nH]cc(-c3ccccc3)c12,5.8,6.7,=,=
COC1(CCN2CCN(c3ccc4c(c3)C(=O)N(C3CCC(=O)NC3=O)C4=O)CC2)CCN(c2nccc(Nc3cc4c(cn3)nc(C)n4C(C)C)n2)CC1,ERBB3,C=CC(=O)Nc1cc(Nc2nccc(-c3cn(C)c4ccccc34)n2)c(OC)cc1N(C)CCN(C)C,4.6,8.68,=,=
COc1cc(N2CCC(N3CCN(C)CC3)CC2)ccc1Nc1ncc(Cl)c(Nc2ccccc2S(=O)(=O)C(C)C)n1,YES1,CC(C)(C)c1nc(-c2cccc(NS(=O)(=O)c3c(F)cccc3F)c2F)c(-c2ccnc(N)n2)s1,7.64,5.89,=,=
Cc1ccc(C(=O)Nc2cccc(C(F)(F)F)c2)cc1Nc1nc(-c2cccnc2)nc2c1cnn2C,TESK1,C[C@@H](Oc1cc(-c2cnn(C3CCNCC3)c2)cnc1N)c1c(Cl)ccc(F)c1Cl,10.07,6.42,=,=
Cc1cc(-c2cnc3[nH]cc(-c4ccc(C(O)C5CCN(C)C5)cc4)c3c2)ccc1N1CCN(C)CC1,MAP4K1,CCCn1c(C)nnc1-c1cccc(N2Cc3c(cc(N(C)C(C)C)nc3CN)C2=O)n1,8.35,9.26,=,=
CCS(=O)(=O)c1cccc(-c2cc(C(=O)NC3CCN(C)CC3)c(C)c3[nH]c4ncc(C)cc4c23)c1,ACVR1,Nc1ncc(-c2ccc([C@]34C[C@H]3CN(CCCN3CCOCC3)C4)cc2)cc1C(=O)N[C@H]1CC[C@H](O)CC1,6.6,8.07,=,=
Nc1cccc(-c2c(-c3ccsc3)oc3ncnc(Oc4ccc(NC(=O)c5cccn(-c6ccc(F)cc6)c5=O)cc4)c23)c1,MERTK,CCCCNc1ncc2c(-c3ccc(F)cc3)nn(C[C@H]3CC[C@H](N)CC3)c2n1,7.73,8.54,=,=
O=C(O)c1cc(SSc2ccc([N+](=O)[O-])c(C(=O)O)c2)ccc1[N+](=O)[O-],DTYMK,CC(C)(C)OC(=O)N1CCN(C(=O)Cn2sc3ccccc3c2=O)CC1,5.82,6.46,=,=
Cc1nc(Nc2ncc(C(=O)Nc3c(Cl)ccnc3C)s2)cc(NN2CCN(CCO)CC2)n1,ABL1,COc1nc2cc(C(=O)Nc3ccc(OC(F)(F)Cl)cc3)cc(-c3ccn[nH]3)c2n1C(C)C,5.39,9.44,=,=
Nc1cc(-c2c[nH]c3ncccc23)cc(Cl)n1,PKN2,O=c1c(NCc2ccc(Cl)c(Cl)c2)c(Nc2ccncc2)c1=O,7.0,6.4,=,=
COc1cc(OC)cc(N(CCNC(=O)C(F)(F)F)c2ccc3ncc(-c4cnn(C)c4)nc3c2)c1,FGFR4,COc1cc(OC)cc(N(CCCNCC(F)(F)F)c2ccc3ncc(-c4cnn(CCCN)c4)nc3c2)c1.Cl,8.19,7.7,=,=
CN(C)CC(=O)N1CCC(c2ccc(NC(=O)c3nc(C#N)c[nH]3)c(C3=CCCCC3)c2)CC1.Cl,LATS1,OCCNc1nc(-c2ccncc2)nc2cnccc12,5.48,7.6,=,=
N[C@H]1CC[C@H](Nc2ncc(Cl)c(Nc3ccccc3S(=O)(=O)C3CC3)n2)CC1,CDK7,OCCN1CCC(C2CCN(c3nc(NCc4ccc(F)c(Cl)c4)c4ncn(CC5CC5)c4n3)CC2)CC1,7.55,5.63,=,=
N#Cc1cnc(NC(=O)Nc2ccc3cc(C(=O)O)ccc3c2)cn1,MINK1,CNS(=O)(=O)c1ccccc1Nc1nc(Nc2cc(OC)c(OC)c(OC)c2)ncc1Cl,5.2,7.2,=,=
CNC(=O)c1ccccc1Nc1nc(Nc2ccc(N3CCOCC3)cc2OC)ncc1Cl,CLK2,CO[C@H]1Cc2ccccc2[C@H]1NC1=N/C(=C\c2ccc3ncsc3c2)C(=O)N1,6.3,5.46,=,=
Cc1cccn2c(=O)cc(CSc3nnc(NC(=O)Nc4ccccc4)s3)nc12,NTRK2,CN1CCN(c2ccc(C(=O)Nc3n[nH]c4ccc(Cc5cc(F)cc(F)c5)cc34)c(NC3CCOCC3)c2)CC1,4.7,8.52,=,=
Cc1[nH]c(/C=C2\C(=O)Nc3ccc(F)cc32)c(C)c1C(=O)NC[C@H](O)CN1CCOCC1,MYO3A,CC[C@@H]1C(=O)N(C)c2cnc(Nc3ccc(C(=O)NC4CCN(C)CC4)cc3OC)nc2N1C1CCCC1,5.85,5.2,=,=
CCCCc1cc(=O)oc2cc(OCC(=O)N[C@@H](Cc3c[nH]c4ccc(O)cc34)C(=O)O)ccc12,PI4K2A,NC(=O)c1cc2c(N)ncnc2cc1-c1ccc2cc[nH]c2c1,5.84,4.34,=,=
N#CCNC(=O)c1cccc(-c2cc(-c3ccc(CNC4CCOCC4)cc3)on2)c1,PRKD1,Nc1ncnc2c1c(-c1cccc3ccccc13)nn2CC1CCNCC1,7.72,7.19,=,=
OC1CCC(Nc2nc(Cl)cc(-c3c[nH]c4ncccc34)n2)CC1,MAPKAPK5,Nc1ncnc2c1c(-c1cccc(O)c1)cn2[C@H]1C[C@@H](CN2CCC2)C1,6.1,5.43,=,=
CC1(C)OCCn2c1nc1c(N3CCC4(COC4)C3)nc(-c3cnc(N)c(C(F)(F)F)c3)nc12,MAP3K12,COCCN1CCC(c2cc(-c3cnc(N)c(OC(F)F)c3)nc(C3CC3)n2)CC1,6.57,7.39,=,=
CC(C)(O)[C@H](F)CNC(=O)c1cnc(Nc2nc3scnc3cc2F)cc1NC1CCOCC1F,IRAK4,O=C(Nc1cn(C2CCNCC2)nc1C(F)(F)F)c1cnc2ccc(N[C@@H]3CCCNC3)nn12,8.47,7.28,=,=
CCNc1cc(F)cc2c1[nH]c(=O)n2-c1c(C)cc(Oc2cccc(C(=O)O)c2)cc1Cl,PDK3,CN(C)CCCn1ccnc1[C@H]1CCCN(C(=O)c2ccc3cc[nH]c3c2)C1,6.17,5.11,=,=
Cc1cccc(NC(=O)Nc2ccc(-c3csc4c(C#CC(C)(C)N)cnc(N)c34)cc2)c1,RPS6KB1,NC(=O)c1cccc2c(N[C@H](CO)c3ccccc3)ncnc12,8.1,6.27,=,=
CN1C(=O)c2sccc2N(C)c2nc(Nc3ccc(S(N)(=O)=O)cc3)ncc21,MAP3K3,COc1cc2ncnc(Nc3ccc(F)c(Cl)c3)c2cc1OCCCN1CCOCC1,7.52,5.68,=,=
Cn1ccc(-c2cccc(C(=O)Nc3cn4nc(-c5c(-c6ccc(F)cc6)nc6ccccn56)ccc4n3)c2)n1,CSNK1E,O=C(Nc1cn2nc(-c3c(-c4ccc(F)cc4)ncn3C3CCN(C(=O)c4cc(C5CC5)on4)CC3)ccc2n1)c1ccnc(F)c1,8.12,7.79,=,=
c1cnc2[nH]cc(-c3ccc4ncnc(NCC5CCOCC5)c4c3)c2c1,DYRK1A,c1nc(-c2ccc3c(c2)OCO3)c2cc[nH]c2n1,9.1,6.2,=,=
CC1(C)CN(c2ncc(C(=O)Nc3cccc(C(F)(F)F)c3)c(N)n2)C(=O)N1,PIP4K2B,CN(C)C/C=C/C(=O)Nc1ccc(C(=O)Nc2cccc(Nc3cc(Nc4ccc(-c5ccccc5)cc4)ncn3)c2)cc1,5.55,5.2,=,=
CCN(CCN)c1ccc(Nc2cc(NC3CC3)n3ncc(C#N)c3n2)cc1-n1cnnc1,PHKG1,Cc1n[nH]c2ccc(-c3cncc(OC[C@@H](N)Cc4ccccc4)c3)cc12,5.2,5.92,=,=
COc1cc(Nc2c(C#N)cnc3cc(OCCCN4CCN(C)CC4)c(OC)cc23)c(Cl)cc1Cl,DCLK3,CCCS(=O)(=O)Nc1ccc(F)c(C(=O)c2c[nH]c3ncc(Cl)cc23)c1F,5.27,5.6,=,=
Cc1ccc(C(=O)Nc2cccc(C(F)(F)F)c2)cc1Nc1nc(-c2cccnc2)nc2nn(C)cc12,TESK2,Cc1nc2cc(-c3nn(C(C)C)c4ncnc(N)c34)ccc2o1,8.46,7.75,=,=
COC(=O)Nc1cc(-c2ccc(OC[C@@](C)(N)CC(C)C)c(C)n2)ccn1,MYLK2,O=C(c1ccc(/C=C/c2n[nH]c3ccccc23)cc1)N1CCNCC1,5.75,7.28,=,=
O=C(N[C@@H]1C[C@@H](O)C[C@H]1OC(=O)c1cc(O)c(C(=O)c2c(O)cccc2C(=O)O)c(O)c1)c1ccc(O)cc1,PRKCH,Cn1cc(C2=C(c3cccc4cc(CN)ccc34)C(=O)NC2=O)c2ccccc21,8.4,6.51,=,=
CCCc1sc(-c2cc(F)cc(OCCO)c2)nc1CSc1nc(N)cc(N)n1,DCK,COc1ccc(Oc2ncnc(N3CCC(Oc4ncc(F)c(N)n4)CC3)c2F)cc1,8.55,8.12,=,=
Cc1nc(Nc2ncc(C(=O)Nc3c(C)cccc3Cl)s2)cc(N2CCN(CCO)CC2)n1.O,ACVR1B,Cc1cc(-c2cc(O)ccc2Cl)cc2nnc(Nc3ccc(OCCN4CCCC4)cc3)nc12,6.48,9.0,=,=
CN[C@@H]1C[C@H]2O[C@@](C)([C@@H]1OC)n1c3ccccc3c3c4c(c5c6ccccc6n2c5c31)C(=O)NC4,ULK2,CC(C)N1CCN(c2ccc(Nc3ncc4cc5n(c4n3)C3(CCCCC3)CNC5=O)nc2)CC1,8.57,8.26,=,=
CO[C@@H]1[C@H](N(C)C(=O)c2ccccc2)C[C@H]2O[C@]1(C)n1c3ccccc3c3c4c(c5c6ccccc6n2c5c31)C(=O)NC4,PDGFRA,COC(=O)c1cc2c(cc1C)/C(=C(/Nc1ccc(C(=O)N3CCN(CCO)CC3)cc1)c1ccccc1)C(=O)N2,6.42,8.18,=,=
COc1cc(OC)cc(N(Cc2cc3ncccc3o2)c2ccc3ncc(-c4cnn(C)c4)nc3c2)c1,FGFR4,C=CC(=O)Nc1ccccc1Nc1ncc2c(n1)N(C1CCNCC1)C(=O)N(c1cc(OC)cc(OC)c1)C2,7.58,6.52,=,=
CC(C)Cn1cc(C#N)c2cc(Sc3ccc(NC(=O)[C@@H]4CCCN4)cc3)ccc21,PFKFB1,CCn1c(N)c(C#N)c2cc(Oc3ccc(NC(=O)CN)cc3)ccc21,5.78,4.6,=,=
NS(=O)(=O)c1ccc(Nc2nccc(-c3ccnc(N4CCOCC4)c3)n2)cc1,SMG1,CNC(=O)Nc1ccc(-c2nc(N3CC4CCC(C3)O4)c3cnn(C4CCC5(CC4)OCCO5)c3n2)cc1,6.43,5.9,=,=
NCCC(=O)N1CCN(c2nc(N3CCOCC3)nc(-n3c(C(F)F)nc4ccccc43)n2)CC1,PIK3CB,C[C@H](Nc1ncnc(N)c1C#Cc1ccc(C(N)=O)cn1)c1nc2cccc(Cl)c2c(=O)n1-c1ccccc1,7.01,6.26,=,=
COc1ccccc1CNC(=O)c1cc(C2NC(=O)NC(C)=C2C(=O)Nc2ccc3[nH]ncc3c2)ccc1F,GRK1,Cc1[nH]c(/C=C2\C(=O)Nc3ccc(S(=O)(=O)Cc4c(Cl)cccc4Cl)cc32)c(C)c1C(=O)N1CCC[C@@H]1CN1CCCC1,4.79,5.96,=,=
Cc1cn(C)nc1Nc1cc2cc(C3CCc4nccn43)nc(N)c2cn1,MASTL,CN1C(=O)[C@@H](N2CCc3cn(CC4CCS(=O)(=O)CC4)nc3C2=O)COc2ccccc21,7.61,6.0,=,=
CO[C@@H](C(=O)N1Cc2c(-c3ccc(C(=O)N4CCCc5ccccc54)cc3)cnn2C[C@@H]1C(C)C)c1cnn(C)c1,PINK1,C[C@@H](C(=O)N1Cc2c(-c3ccc(C(=O)N4CCCc5ccccc54)cc3)cnn2C[C@@H]1C)c1ccccc1,6.82,5.82,=,=
Cn1cc(-c2ccc3c(c2)CCN3C(=O)Cc2cccc(C(F)(F)F)c2)c2c(N)ncnc21,YES1,CCN1CCN(Cc2ccc(NC(=O)Nc3ccc(Oc4cc(NC)ncn4)cc3)cc2C(F)(F)F)CC1,5.5,6.58,=,=
CN1C(=O)/C(=C/c2ccc3c(c2)OCO3)N=C1NCCN1CCOCC1,DYRK2,CO[C@@H]1CCCC[C@H]1NC1=N/C(=C\c2ccc3ncsc3c2)C(=O)N1,5.8,6.47,=,=
CC1(O)CCC(N2CCc3c(-c4cnn(C5CCNCC5)c4)cnc(N)c3C2=O)CC1,BMPR1A,COCCN1C[C@@H]2C[C@]2(c2ccc(-c3cnc(N)c(C(=O)NC45CCC(O)(CC4)CC5)c3)cc2)C1,5.63,6.06,=,=
Cn1cc(-c2ccc3ncnc(Nc4ccc5scnc5c4)c3c2)cn1,RIPK3,CC(C)(C)S(=O)(=O)c1ccc2nccc(Nc3n[nH]c4ccc(F)cc34)c2c1,5.82,7.8,=,=
COc1cc(CNC(=O)Nc2snc(OCc3cccnc3)c2C(N)=O)cc(OC)c1,ACVR2A,CCc1cn2ncc(-c3ccnc(OC)c3)c2nc1NC,4.7,6.16,=,=
CC(=O)O/N=C1C(=C2\C(=O)Nc3c(F)cccc32)\Nc2ccccc2\1,AURKC,CC(=O)O/N=C1C(=C2\C(=O)Nc3c(I)cccc32)\Nc2ccccc2\1,6.0,4.55,=,=
c1cnc(-c2oc3cnccc3c2Nc2ccc3c(c2)Cc2c[nH]nc2-3)nc1,EIF2AK3,O/N=C1\NCc2cc(Nc3c(-c4ncccn4)oc4cnccc34)ccc21,5.96,7.75,=,=
NS(=O)(=O)c1ccc(CNc2nc(Nc3cccc(NC(=O)N4CCCC4)c3)ncc2Br)cc1,NUAK2,CC1(C)C(=O)N([C@H]2CCc3c(O)cccc32)c2nc(S(C)(=O)=O)ncc21,6.05,6.92,=,=
CC(C)CC(=O)Nc1cncc(-c2ccc3[nH]nc(-c4nc5cncc(-c6cccc(F)c6)c5[nH]4)c3c2)c1,CLK3,O=C(Nc1ccnnc1)c1n[nH]c2ccc(-c3cccnc3)cc12,7.25,7.68,=,=
CN1CCN(C(=O)N2Cc3c(NC(=O)c4cccs4)n[nH]c3C2(C)C)[C@@H](Cc2ccccc2)C1,PRKCB,C.C[C@H]1CN(CC2CCOCC2)CCN1C(=O)N1Cc2c(NC(=O)c3ccc(F)cn3)n[nH]c2C1(C)C,6.73,7.89,=,=
CCN(C)S(=O)(=O)Nc1cccc(-c2ccc3c(NC(=O)C4CC4)n[nH]c3c2)c1,GAK,C=CCn1c(=O)c2cnc(Nc3ccc(N4CCN(C)CC4)cc3)nc2n1-c1cccc(C(C)(C)O)n1,5.77,6.38,=,=
CSc1nc(N2CCCCC2)c2cnn(CC(Br)c3ccccc3)c2n1,ABL1,CN1CCC(NC(=O)c2cnc(Nc3cc(Cl)cc(Cl)c3)nc2NC2CCC(N(C)C)CC2)CC1,6.06,5.12,=,=
CC(C)(C)c1cnc(CSc2cnc(NC(=O)C3CCNCC3)s2)o1,CDK11A,Cc1nc(N2CCC3(CCN(C)CC3)CC2)ccc1Nc1nc(N)c(C(=O)c2c(Cl)cccc2Cl)s1,7.32,6.0,=,=
CNS(=O)(=O)c1ccccc1Nc1nc(Nc2cc(N3CCN(C(C)=O)CC3)ccc2OC)ncc1Br,TSSK1A,Cn1cc(-c2cnc3c(-c4csc(C(=O)NCC(F)(F)F)c4)cnn3c2)cn1,8.6,7.7,=,=
O=C(c1ccc(/C=C/c2n[nH]c3ccccc23)cc1)N1CCNCC1,SRPK2,C[C@]12O[C@H](C[C@]1(O)CO)n1c3ccccc3c3c4c(c5c6ccccc6n2c5c31)CNC4=O,7.82,7.29,=,=
COc1cc(Br)cc2[nH]cc(-c3cnc(-c4ccc[nH]4)o3)c12,STK17B,O=C(Nc1nsc2ncc(-c3ccsc3)cc12)C1CCCCC1,5.08,5.8,=,=
Nc1ccc(-c2ccc3ncc4ccc(=O)n(-c5cccc(C(F)(F)F)c5)c4c3c2)cn1,PIK3C2A,O=C(CSc1nc2nccnc2c(=O)n1CCc1ccccc1)Nc1nc(-c2cccc(O)c2)cs1,7.55,6.81,=,=
Cc1cccc(NC(=O)Nc2ccc(-c3cnc4c(-c5cnn(C)c5)cnn4c3N)cc2)c1,MATK,N#CCOc1ccc(Nc2nc(Nc3cccc(S(N)(=O)=O)c3)ncc2Br)cc1,5.8,6.5,=,=
Cc1ncsc1-c1ccc(CNC(=O)[C@@H]2C[C@@H](O)CN2C(=O)[C@@H](NC(=O)COCCOCCOCCOCCOCC(=O)N2CCN([C@H]3CC[C@@H](Nc4ncnn5ccc(C(C)C)c45)CC3)CC2)C(C)(C)C)cc1,IRAK3,Cc1ccc(C(=O)Nc2cccc(C(F)(F)F)c2)cc1Nc1nc(-c2cccnc2)nc2nn(C)cc12,7.29,7.95,=,=
NS(=O)(=O)c1cccc(Nc2nccc(-c3ccnc(N4CC5CCC(C4)O5)c3)n2)c1,SMG1,COc1cccc(Nc2nccc(-c3ccnc(N4CCOCC4)c3)n2)c1,8.22,5.96,=,=
CC(C)C[C@H](COC(C)(C)C)NC1=N/C(=C\c2ccc3ncsc3c2)C(=O)N1,DYRK2,COc1cnc(Nc2ccc(C(=O)N3CCNCC3)cn2)nc1-c1ccc2scnc2c1.Cl,5.6,6.11,=,=
Cc1nc(Nc2ncc(C(=O)Nc3c(C)cccc3Cl)s2)cc(N2CCN(CCO)CC2)n1.O,MAP4K3,Cc1[nH]c(/C=C2\C(=O)Nc3ccc(F)cc32)c(C)c1C(=O)NC[C@H](O)CN1CCOCC1,6.19,6.68,=,=
CCCS(=O)(=O)Nc1ccc(F)c(C(=O)c2c[nH]c3ncc(Cl)cc23)c1F,OXSR1,CN1C(=O)[C@@H](N2CCc3cn(Cc4ccccc4)nc3C2=O)COc2ccccc21,5.41,6.0,=,=
CNC1CCN(c2ccc(Nc3ncc4ccn(-c5cccc(NS(=O)(=O)C(C)(C)C)c5)c4n3)cc2)C1,JAK2,C[C@H](N)CNc1cc2nc[nH]c(=O)c2c(Nc2cccc3cc[nH]c23)n1,7.77,6.01,=,=
O=C(N[C@@H]1CCC[C@H]1OC(=O)c1cc(O)c(C(=O)c2c(O)cccc2C(=O)O)c(O)c1)c1ccc(O)cc1,PRKCB,Cc1ncc(F)c(Nc2n[nH]c3c2CN(C(=O)N2CC(CCO)N(C)C[C@@H]2C)C3(C)C)n1,7.3,7.0,=,=
Cc1ccc(-c2cc3nc(Br)cnc3[nH]2)cc1,CDK5,COc1ccc(Cc2nnc(N3CCN(C(=O)Nc4ccccc4)CC3)c3ccccc23)cc1,8.1,6.22,=,=
C[C@H](C(=O)N[C@H](CO)c1cccc(N2CCN(C)[C@@H](C)C2)n1)N1Cc2ccc(-c3nc(NC4CCOCC4)ncc3Cl)cc2C1=O,MAPK1,CNC(=O)[C@@H](NC(=O)Nc1cc2cnn(-c3ccnc(C)c3)c2cn1)c1ccccc1,8.59,8.96,=,=
COc1ccc(C(=O)c2sc(NC(C)C)c(C#N)c2N)cc1,MELK,CC(=O)c1cnc2ccc(-c3cnc(C#N)nc3)cc2c1Nc1ccc(CN2CCCC2)cc1,5.38,8.54,=,=
O=C(Nc1ccc(Cl)cc1)Nc1ccc2c(c1)NC(=O)/C2=C\c1ccc[nH]1,FLT4,CCn1c(N)c(C(=O)NC)c(=O)c2ccc(C#CC(C)(C)O)nc21,8.06,7.64,=,=
O=C(NC1CCNCC1)c1n[nH]cc1NC(=O)c1c(Cl)cccc1Cl,MAK,CN1CC[C@H](c2c(O)cc(O)c3c(=O)cc(-c4ccccc4Cl)oc23)[C@H](O)C1,7.01,7.55,=,=
Cc1cc([C@@H](C)Nc2ccccc2C(=O)O)c2nc(N3CCOCC3)cc(=O)n2c1,CSK,Cc1cc(=O)[nH]nc1-c1ccc(NC(=O)c2nn(C3CCN(C(=O)NC(C)(C)C)CC3)c3ccccc23)cc1Cl,4.05,7.1,=,=
COc1c(Cl)cc(C(C)(C)C)cc1NC(=O)C(=O)c1ccc(OCCN2CCOCC2)c2ccccc12,MAPK14,O=C(NCc1ccc(C(F)(F)F)cc1)c1ccc(Oc2ccccc2)cc1,7.16,5.85,=,=
Cc1ccc(-n2nc(C(C)(C)C)cc2NC(=O)Nc2ccc(OCCN3CCOCC3)c3ccccc23)cc1,EPHA3,Cc1ccc(F)c(NC(=O)Nc2ccc(-c3cccc4[nH]nc(N)c34)cc2)c1,6.06,5.46,=,=
Nc1ncnc2c1c(-c1ccc(Oc3ccccc3)cc1)nn2C[C@@H]1SSC[C@@H]1O,FYN,COC(=O)C(=O)Nc1cccc2c1Cc1c-2n[nH]c1-c1csc(C#CCOc2ccccc2)c1,7.28,4.64,=,=
COc1cc2ncnc(Nc3ccc(F)c(Cl)c3)c2cc1OCCCN1CCOCC1,STK17B,CC(=O)Nc1ccc(-c2cc3ncnc(SCC(=O)O)c3s2)cc1,5.42,7.64,=,=
CC(C)=CC(=O)N1CCC=C(c2ccc(CC(=O)Nc3cc(C4CC4)[nH]n3)cn2)C1,CDK12,C=CC(=O)Nc1ccc(C(=O)N2CC[C@@H](Nc3ncc(C)c(OC4CC4)n3)C2)cc1,6.75,6.26,=,=
Cc1ccc(-n2nc(C(C)(C)C)cc2NC(=O)Nc2ccc(OCCc3cccnc3)c3ccccc23)cc1,MAPK12,COc1cc(C=C2SC(=Nc3ccccc3)NC2=O)ccc1O,6.21,5.2,=,=
CCn1nc(C#Cc2cc(C(=O)Nc3ccc(CN4CCN(C)CC4)c(C(F)(F)F)c3)ccc2C)c2c(N)ncnc21,YES1,CCN1CCN(Cc2ccc(NC(=O)Nc3ccc(Oc4cc(NC)ncn4)cc3)cc2C(F)(F)F)CC1,9.1,6.58,=,=
CN1CCN(Cc2ccc3c(c2)Cc2c(-c4csc(C#CCOCC5CC5)c4)n[nH]c2-3)CC1,BLK,CC#CC(=O)NCCCC(=O)c1nc(-c2ccc(C(=O)Nc3ccccn3)cc2)c2c(N)nccn12,6.6,5.21,=,=
CCCCNc1ncc(-c2cnccn2)c(NC2CCC(O)CC2)n1,TYRO3,CCC(CC)n1cc(C(=O)Nc2ccc(Oc3ccnc4[nH]nc(N[C@H](C)CO)c34)c(F)c2)c(=O)n(-c2ccc(F)cc2)c1=O,6.22,4.72,=,=
CC(=O)Nc1ccc2c(c1)C(c1ccccc1Cl)=Nc1c[nH]nc1N2,SRC,CC(=O)N[C@@H](Cc1ccc(OP(=O)(O)O)cc1)C(=O)NCC(=O)N(CCCC(=O)O)CCCc1ccccc1,6.03,4.85,=,=
O=C(O)c1ccc(-c2c[nH]c3ncc(-c4ccccc4)cc23)cc1C1CCCC1,SGK3,NC[C@@](O)(c1ccc(Cl)cc1)c1ccc(-c2cn[nH]c2)cc1,6.5,7.3,=,=
CNC(=O)c1cc(Nc2ccccc2)cc(-c2ccnc(NC(C)=O)c2)c1,PIP5K1C,COc1ccc(-c2ccc3nc(N)sc3c2)cn1,7.94,4.6,=,=
CS(=O)(=O)Nc1ccc(-c2cncc(/C=C3\OC(=O)NC3=O)c2)cc1,PIP4K2A,CC(=O)c1c(C)c2cnc(Nc3ccc(N4CCNCC4)cn3)nc2n(C2CCCC2)c1=O,4.68,6.68,=,=
CCOC(=O)C1=c2sc(=Cc3ccco3)c(=O)n2C(N)=C(C#N)C1c1ccco1,CLK4,Cc1ccc(C)c(NC(=O)c2cc(-c3ccco3)nc3ccccc23)c1,5.4,6.4,=,=
NC(=O)c1nnc(N[C@@H]2CCCC[C@@H]2N)nc1Nc1cccc2c1ccn2C(F)F,SYK,CC(=O)c1cn(C)c2ccc(Nc3nccc(-n4cc(CN5CC(O)C5)c(C)n4)n3)cc12,9.66,8.89,=,=
CN1C(=O)[C@@H](N2CCc3cn(CC4CCS(=O)(=O)CC4)nc3C2=O)COc2ccccc21,MASTL,CCn1nc(Nc2cc3cc(-c4cnnn4C)nc(N)c3cn2)c2c1[C@@H]1CC[C@H]2C(=O)N1C1CCC1,6.0,8.34,=,=
CO[C@H]1CCCC[C@@H]1NC1=N/C(=C\c2ccc3ncsc3c2)C(=O)N1,DYRK4,CC1=NN(c2ccc(Cl)c(Cl)c2)C(=O)C1=Cc1c(C)c(C#N)c2nc3ccccc3n2c1O,6.36,6.0,=,=
Cc1cnc(Nc2ccc(OCCN3CCCC3)cc2)nc1Nc1cccc(S(=O)(=O)NC(C)(C)C)c1,ICK,O=C(NC1CCNCC1)c1n[nH]cc1NC(=O)c1c(Cl)cccc1Cl,5.72,8.08,=,=
C[C@@H]1O[C@@H](C)Cn2c1nc1c(N3CC4CC3C4)nc(-c3cnc(N)nc3)nc12,MAP3K12,Cc1ccc(N2C[C@@H]3C[C@H]2CN3c2nc(-c3cnc(N)c(OC(F)F)n3)cc(N3CCC(F)(F)C3)n2)nn1,6.58,8.06,=,=
O=C(c1ccc(/C=C/c2n[nH]c3ccccc23)cc1)N1CCNCC1,PRKG2,COc1cccc(C(C)NC(=O)c2ccc(-c3ccncc3)c(C)c2)c1,6.1,7.1,=,=
CCCCN(CCC#N)C(=O)c1ccc2nc(-c3n[nH]c4ccccc34)[nH]c2c1,IKBKE,NC(=O)c1cc(-c2ccncc2)cc(-c2ccc(S(N)(=O)=O)cc2)c1N,6.2,5.8,=,=
Cc1ccc(C(=O)Nc2c(C(N)=O)sc3ccc(Cl)c(Cl)c23)cc1,PRKAA1,NC1CCC(Nc2nc(Cl)cc(-c3c[nH]c4ncccc34)n2)CC1,5.8,7.4,=,=
C[C@]12O[C@H](C[C@]1(O)CO)n1c3ccccc3c3c4c(c5c6ccccc6n2c5c31)CNC4=O,MYLK4,COc1cc2c(-c3cnc(-c4ccc[nH]4)o3)c[nH]c2cc1Br,7.54,6.37,=,=
CO[C@@H]1Cc2ccccc2[C@H]1NC1=N/C(=C\c2ccc3ncsc3c2)C(=O)N1,DYRK3,CC[C@@H](CO)Nc1ccc2ncc(-c3ccc4[nH]ccc4c3)n2n1,6.13,5.75,=,=
CC1=C(C(=O)Nc2cc(C(=O)O)ccn2)C(c2ccccc2Cl)N=C(Nc2nc3cc(Cl)ccc3o2)N1,GALK1,CC1=C(C(=O)Nc2ccc(Br)cc2)C(c2ccccc2Cl)N=C(Nc2nc3ccccc3o2)N1,5.61,5.01,=,=
CO[C@@H]1[C@H](N(C)c2ncc(-c3ccccc3)o2)C[C@H]2C[C@]1(C)n1c3ccccc3c3c4c(c5c6ccccc6n2c5c31)C(=O)NC4,PRKCB,C.C[C@H]1CN(CC2CCOCC2)CCN1C(=O)N1Cc2c(NC(=O)c3ccc(F)cn3)n[nH]c2C1(C)C,6.3,7.89,=,=
Cc1ccc(Nc2nccc(N(C)c3ccc4c(C)n(C)nc4c3)n2)cc1S(N)(=O)=O,NEK5,CN1C(=O)[C@@H](N2CCc3cn(CC4CCS(=O)(=O)CC4)nc3C2=O)COc2ccccc21,5.14,6.0,=,=
C[C@H](CO)n1cnnc1-c1cccc(NC(=O)Nc2nccc3ccccc23)n1,MAP3K6,CC(=O)NCC(=O)N1[C@@H]2CC[C@H]1c1ccc(Nc3ncc(C(F)(F)F)c(NC4CCC4)n3)cc12,6.58,5.97,=,=
O=C(Nc1ccnnc1)c1n[nH]c2ccc(-c3cccnc3)cc12,CLK3,CCC(=O)Nc1cncc(-c2cc3c(-c4cc5c(-c6cccc(F)c6)nccc5[nH]4)n[nH]c3cn2)c1,7.68,6.86,=,=
CC(NC(=O)c1ccc(C2CC2)c(-c2ccc3nc(Nc4cnn(C5CC5)c4)ncc3c2)c1)c1cccc(C(F)(F)F)c1,DDR2,CN1CCN(Cc2cc(NC(=O)c3ccc4c(c3)CN(c3cncnc3)CC4(C)C)cc(C(F)(F)F)c2)CC1,8.55,5.35,=,=
COc1ccc(Oc2cc(N3CCC(Oc4ncc(F)c(N)n4)CC3)ncn2)cc1,DCK,CCc1sc(-c2ccc(OC)c(OCCF)c2)nc1CSc1nc(N)cc(N)n1,6.77,8.15,=,=
CCCC(=O)Nc1n[nH]c2ccc(-c3nnn(Cc4ccccc4)c3-c3ccccc3)cc12,DAPK3,Cc1cc(-c2ncnc3[nH]ccc23)ccc1F,6.3,5.5,=,=
CCOc1cc2ncc(-c3cc(N)nc(F)c3)n2cc1S(=O)(=O)C(C)(C)C,RIPK2,c1nc(Nc2ccc3scnc3c2)c2ccc(-c3cc[nH]n3)cc2n1,8.52,6.36,=,=
Cc1n[nH]c2ccc(-c3cncc(OCC(N)Cc4ccc(Cl)c(Cl)c4)c3)cc12,ROS1,COc1cc(N2CCC(N3CCOCC3)CC2)ccc1Nc1cc(N2CCC[C@H](C(=O)NCc3ccc(OC(F)(F)F)cc3)C2)ccn1,6.2,5.47,=,=
COC(=O)c1ccc2c(c1)NC(=O)/C2=C(\Nc1ccc(N(C)C(=O)CN2CCN(C)CC2)cc1)c1ccccc1,MAP3K19,Nc1nc2c(-c3ccccn3)nccc2[nH]1,8.28,6.66,=,=
Cc1ccc(-n2nc(C(C)(C)C)cc2NC(=O)Nc2ccc(OCCN3CCOCC3)c3ccccc23)cc1,MINK1,Cc1ccc(C(=O)Nc2cccc(C(F)(F)F)c2)cc1Nc1nc(-c2cccnc2)nc2c1cnn2C,6.96,5.2,=,=
CC(=O)N1CCC[C@H]1C(=O)N[C@@H](CC(C)C)C(=O)N[C@@H](Cc1cncn1CCCCCCCCc1c(F)cccc1Oc1cccc(O)c1)C(=O)N[C@@H](CO)C(=O)N[C@H](C(N)=O)[C@@H](C)OP(=O)(O)O,PLK2,N#CC[C@H](C1CCCC1)n1cc(-c2ncnc3[nH]ccc23)cn1,5.47,5.82,=,=
Cc1nc(OCc2cncs2)c2c(-c3ccnc(N)c3)c[nH]c2n1,TTK,CCc1cccc(CC)c1N1CCn2cc(-c3nc(Nc4ccc(N5CCC(O)(C(=O)N6CCN(C)CC6)CC5)cc4OC)nc4[nH]ccc34)cc2C1=O,7.0,8.12,=,=
COc1cc(N2CCN(C)CC2)ccc1Nc1ncc(Cl)c(Nc2ccccc2C(=O)NCCO)n1,RPS6KA6,CC(C)C1OC(=O)N(C2CCCC2)c2nc(Nc3ccc(O)c(Cl)c3)ncc21,7.04,7.48,=,=
C=CS(=O)(=O)N1CCC[C@@H]1Cn1cc(-c2ccc3c(c2)OCO3)c2c(N)ncnc21,FGR,Nc1ncnc2c1c(-c1ccc(Oc3ccccc3)cc1)cn2C[C@H]1CCCN1C[C@@H]1CO1,6.88,7.55,=,=
Cc1nc2ccc(C#CC(C)(C)O)cc2n1-c1ncnc(N)n1,PKN1,CCn1c(-c2ccncc2)cc2c1CCNC2=O,4.82,6.82,=,=
CN(C)CCOc1ccc(Nc2ncc3nc(Sc4cccc(F)c4)n(C4CCOCC4)c3n2)cc1,ERBB3,COc1ccc(OC)c(Nc2cc(NCCc3cccs3)ncn2)c1,8.24,6.78,=,=
C[C@@H](Oc1ccc2[nH]nc(/C=C/c3cnn(CCO)c3)c2c1)c1c(Cl)cncc1Cl,FGFR3,COc1cc(Nc2ncc(OCc3c(F)c(OC)cc(OC)c3F)cn2)cnc1N1CCC(N2CCN(C)CC2)CC1,8.19,8.89,=,=
O=C(c1ccc(/C=C/c2n[nH]c3ccccc23)cc1)N1CCNCC1,RIOK3,Cc1[nH]c(/C=C2\C(=O)Nc3ccc(S(=O)(=O)Cc4c(Cl)cccc4Cl)cc32)c(C)c1C(=O)N1CCC[C@@H]1CN1CCCC1,7.21,6.41,=,=
CN1CCN(c2nc(C3=C(c4cn(C)c5ccccc45)C(=O)NC3=O)c3ccccc3n2)CC1,PRKCE,O=C(NC1CNCCC[C@H]1OC(=O)c1cc(O)c(C(=O)c2ncccc2C(=O)O)c(O)c1)c1ccc(O)cc1,7.6,5.09,=,=
CS(=O)(=O)Nc1ccc(-c2ccc3[nH]nc(N)c3c2)cc1,ROS1,NS(=O)(=O)c1cccc(Nc2ncc3ccn(Cc4ccccc4)c3n2)c1,6.4,8.1,=,=
c1cc2cc(-c3ccc4cn[nH]c4c3)cnc2[nH]1,SLK,COc1cc(-c2ccc(Cl)nc2Cl)ccc1C1=C(Nc2cccc(C#N)c2)C(=O)NC1=O,5.5,7.52,=,=
CN(C)c1ncnc(-c2ccc3nc(Nc4cc(CN5CCN(C(=O)CC(F)(F)F)CC5)ccn4)[nH]c3c2)c1Cl,RPS6KA6,COC(=O)c1ccc2c(c1)NC(=O)/C2=C(\Nc1ccc(N(C)C(=O)CN2CCN(C)CC2)cc1)c1ccccc1,5.21,6.64,=,=
CCNC(=O)Nc1ccc2ncc(Nc3ccc(OC)nc3)nc2n1,PIK3CA,CC(=O)Nc1nc2ccc(-c3ccnc(Sc4ccccc4F)n3)cc2s1,6.57,7.34,=,=
COc1ccc2c(c1)Cc1c(NCc3c(C)cccc3Cl)n[nH]c1-2,EIF2AK1,COc1cc2c(cc1OC)S(=O)(=O)c1c(NCc3c(Cl)cccc3Cl)n[nH]c1-2,6.3,7.1,=,=
Cc1ccc(NC(=O)c2ccc(CN3CCN(C)CC3)cc2)cc1Nc1nccc(-c2cccnc2)n1,MELK,NCCOc1ccc(Nc2c(C(=O)C3CC3)cnc3ccc(-c4cc(Cl)c(O)c(Cl)c4)cc23)cn1,5.72,8.72,=,=
CC(=O)c1cnc2ccc(-c3cc(Cl)c(O)c(Cl)c3)nc2c1N[C@H]1CC[C@H](CN(C)C)CC1,MAP2K6,C[C@]12O[C@H](C[C@]1(O)CO)n1c3ccccc3c3c4c(c5c6ccccc6n2c5c31)CNC4=O,5.34,7.36,=,=
Cc1cnc(Nc2ccc(OCCN3CCCC3)cc2)nc1Nc1cccc(S(=O)(=O)NC(C)(C)C)c1,TLK1,C[C@]12O[C@H](C[C@]1(O)CO)n1c3ccccc3c3c4c(c5c6ccccc6n2c5c31)CNC4=O,5.89,6.96,=,=
Cc1[nH]c(/C=C2\C(=O)Nc3ccc(F)cc32)c(C)c1C(=O)NC[C@H](O)CN1CCOCC1,MYLK2,CN1CCC(NC(=O)c2cnc(Nc3cc(Cl)cc(Cl)c3)nc2NC2CCC(N(C)C)CC2)CC1,6.72,5.08,=,=
Cc1nc(-c2cn3c(n2)-c2ccc(-c4cnn(C(C)(C)C(N)=O)c4)cc2OCC3)n(C(C)C)n1,PIK3C2B,Cc1nc2c(N)cc(N3CCOCC3)nn2c1Nc1cccc(C(F)(F)F)c1CN1CCC(S(C)(=O)=O)CC1,6.54,7.92,=,=
COc1cc(Nc2ccnc3ccc(Br)cc23)cc(OC)c1OC,STK16,CC(C)CS(=O)(=O)NCc1cccc(-c2ccc3c(NC(=O)C4CC4)n[nH]c3c2)c1,4.29,6.35,=,=
Clc1ccc(Nc2ncnc3[nH]ccc23)cc1,TTBK2,c1ccc(COc2ccc(Nc3ncnc4[nH]ccc34)cc2)cc1,4.69,5.92,=,=
O=C(N[C@H]1C(O)O[C@H](CNS(=O)(=O)c2cccc(Cl)c2Cl)[C@@H](O)[C@@H]1O)c1cccc(-c2ccccc2)c1,HK2,COC1=C(c2ccccc2)C(=O)[C@@](O)(CC(C)=O)C(c2ccccc2)=C1,7.15,5.01,=,=
C[C@]12O[C@H](C[C@]1(O)CO)n1c3ccccc3c3c4c(c5c6ccccc6n2c5c31)CNC4=O,ERN2,COC(=O)[C@@]1(O)C[C@H]2O[C@]1(C)n1c3ccccc3c3c4c(c5c6ccccc6n2c5c31)C(=O)NC4,6.54,6.04,=,=
CCn1c2cc(Cl)c(O)cc2c(=O)c2c(=O)o[nH]c21,PRKAB1,c1ccc2c(-c3cnn4cc(-c5ccc(OCCN6CCOCC6)cc5)cnc34)ccnc2c1,5.76,6.28,=,=
CN(C)c1cc[n+](Cc2cccc(-c3cccc(C[n+]4ccc(N(C)C)c5ccccc54)c3)c2)c2ccccc12.[Br-].[Br-],CHKA,Nc1cc[n+](Cc2ccc(CCc3ccc(C[n+]4ccc(N)c5ccccc54)cc3)cc2)c2ccccc12.[Br-].[Br-],5.36,4.1,=,=
Cc1cccc(NC(=O)Nc2ccc(-c3cncc4c3c(N)nn4C)cc2)c1,MATK,Oc1c2ccccc2c2c3c(cccc13)N=N2,5.8,6.3,=,=
O=C(NC(C(=O)NC1CCCc2ccccc21)c1cccnc1)c1ccc(/N=N/c2ccccc2)cc1,TAOK3,CN1C(=O)[C@@H](N2CCc3c(nn(Cc4ccccc4)c3Br)C2=O)COc2ccccc21,7.3,6.0,=,=
CNC(=O)c1cc(Nc2ccccc2F)cc(-c2ccnc(NC(=O)C3CCOCC3)c2)c1,PIP5K1C,CC1(C)c2c(-c3cc4ccccc4[nH]3)n[nH]c2CN1C(=O)NC1CC1,6.82,7.6,=,=
CCn1c(-c2nonc2N)nc2c(C#CC(C)(C)O)ncc(OC[C@H]3CCCNC3)c21,CDC42BPB,c1cc(N2CCCCC2)c2c(-c3ccc4[nH]ncc4c3)c[nH]c2n1,5.76,6.67,=,=
CC(C)Nc1nc(-c2ccc([C@@H](C)NS(C)(=O)=O)cc2)cc2ncn(C)c(=O)c12,SYK,Cc1cc(Nc2nccc(C(F)(F)F)n2)cc(-c2cccc(NS(=O)(=O)c3ccco3)c2)c1,6.16,6.62,=,=
C=CC(=O)N1CC[C@]2(C1)C[C@H](n1c(NC(=O)c3ccc(-c4cnco4)s3)nc3ccccc31)C2,TEC,C=CC(=O)N1CC[C@]2(C1)C[C@H](n1c(NC(=O)c3ccc(C(F)(F)CO)s3)nc3ccccc31)C2,9.21,8.88,=,=
CO[C@@H]1[C@H](N(C)C(=O)c2ccccc2)C[C@H]2O[C@]1(C)n1c3ccccc3c3c4c(c5c6ccccc6n2c5c31)C(=O)NC4,GRK7,C[C@@H]1CCN(C(=O)CC#N)C[C@@H]1N(C)c1ncnc2[nH]ccc12,7.32,5.37,=,=
C[C@]12O[C@H](C[C@]1(O)CO)n1c3ccccc3c3c4c(c5c6ccccc6n2c5c31)CNC4=O,MAP3K6,CC(C)n1cnnc1-c1cccc(NC(=O)Nc2ncc3ccccc3n2)n1,6.77,5.54,=,=
COc1cc(N2CCC(N3CCN(C)CC3)CC2)ccc1Nc1ncc(Cl)c(Nc2ccccc2S(=O)(=O)C(C)C)n1,CDC42BPG,C[S+]([O-])c1ccc(-c2nc(-c3ccc(F)cc3)c(-c3ccncc3)[nH]2)cc1,5.02,6.4,=,=
COc1cc2nccc(Oc3ccc(NC(=O)NC4CC4)c(Cl)c3)c2cc1C(N)=O,TNIK,Cc1cc2c(F)c(Oc3ncnn4cc(OC[C@@H](C)O)c(C)c34)ccc2[nH]1,6.25,6.8,=,=
COC(=O)c1cc(S(=O)(=O)NC[C@H]2OC(O)[C@H](NC(=O)c3cccc(Br)c3)[C@@H](O)[C@@H]2O)oc1C,HK1,O=S(=O)(N[C@H]1C(O)O[C@H](CNS(=O)(=O)c2cccc(Cl)c2Cl)[C@@H](O)[C@@H]1O)c1cccc(-c2ccccc2)c1,5.8,5.3,=,=
Cc1ccncc1-c1cc2cc(NC(=O)[C@H]3C[C@@H]3C#N)ncc2c(N)n1,MAP4K1,CC[C@H](O)C(=O)N1CCC2(CC1)C(=O)N(C1CC(N3CCC(C)(C)C3)C1)c1cc(-c3cc4ncn(C(C)C)c4c(Nc4ccncc4F)n3)ccc12,9.04,9.7,=,=
CN(C)CC(=O)N1CCC(c2ccc(NC(=O)c3nc(C#N)c[nH]3)c(C3=CCCCC3)c2)CC1.Cl,ANKK1,CCN(CC)CCNC(=O)c1c(C)[nH]c(/C=C2\C(=O)Nc3ccc(F)cc32)c1C,5.85,6.51,=,=
Cc1cccc(C)c1/C=C/n1cnc2c(Nc3ccc(P(C)(C)=O)cc3)nc(N3CCN(C)CC3)nc21,ABL1,Nc1ncc(-c2ccoc2)c2scc(-c3ccc(NC(=O)Nc4ccccc4F)cc3)c12,8.17,7.0,=,=
CN1C(=O)[C@@H](N2CCc3cn(Cc4ccccc4)nc3C2=O)COc2ccccc21,BMPR2,CN(C)CC(=O)N1CCC(c2ccc(NC(=O)c3nc(C#N)c[nH]3)c(C3=CCCCC3)c2)CC1.Cl,6.0,6.51,=,=
CCOc1cc(-c2ccc(O)c(O)c2)cc(=O)c2c(C)oc(C)c12,GRK6,COc1ccc(-c2nnc(SCC(=O)O)[nH]2)c(O)c1,5.36,4.68,=,=
Cc1n[nH]c2ccc(-c3cncc(OCC(N)Cc4cccc(Cl)c4)c3)cc12,FLT4,Cc1ccc(F)c(NC(=O)Nc2ccc(-c3c(F)ccc4[nH]nc(N)c34)cc2)c1,5.6,9.0,=,=
Cn1cc(-c2n[nH]c3ccc(Oc4ccc(NC(=O)CN)cc4)cc23)cn1,PFKFB1,N#Cc1c(N)[nH]c2ccc(Oc3ccc(NC(=O)[C@H](N)CO)cc3)cc12,4.87,4.21,=,=
COC(=O)Nc1cc(-c2ccc(OC[C@@](C)(N)CC(C)C)c(Cl)n2)ccn1,TLK2,O=C1Nc2ccc(NC(=O)c3ccc(F)cc3)cc2/C1=C/c1ncc[nH]1,5.85,6.85,=,=
C[C@@H](Sc1cc(-c2cnn(C3CCNCC3)c2)cnc1N)c1c(Cl)ccc(F)c1Cl,MET,CCOC(=O)c1nc2c(=O)[nH]c3cc([N+](=O)[O-])c(NC(C)=O)cc3n2c1C,8.11,5.6,=,=
Cc1nc[nH]c1/C=C1\C(=O)Nc2ccc(NC(=O)c3ccccc3)cc21,TLK2,CCN(CC)CCNC(=O)c1c(C)[nH]c(/C=C2\C(=O)Nc3ccc(F)cc32)c1C,7.17,6.48,=,=
COc1ccc(-n2cc(NC(=O)c3cccc(NS(=O)(=O)c4ccc(Cl)cc4)c3)cn2)cc1,FGFR1,CNC(=O)c1ccccc1Sc1ccc2c(/C=C/c3ccccn3)n[nH]c2c1,4.59,6.57,=,=
CCNc1nc2cc(Cl)c(C#CCCN3C(=O)c4ccccc4C3=O)cc2nc1NCC,PGK1,CCNc1nc2cc(Cl)c(C#N)cc2nc1NCCN1CCN(C)CC1,5.5,7.15,=,=
CN1CC[C@@H](Oc2ccc3c(c2)Cc2cccc(-c4cc(=O)cc(N5CCOCC5)o4)c2S3)C1,ATM,C[C@H](c1ccccc1)n1nnc2cnc3ccc(-c4ccc(OCCCN(C)C)nc4)cc3c21,7.76,9.0,=,=
C[C@H](CCC(=O)N[C@@H](Cc1c[nH]c2ccccc12)C(=O)O)[C@H]1CC[C@H]2[C@@H]3CC=C4C[C@@H](O)CC[C@]4(C)[C@H]3CC[C@]12C,EPHA8,CCn1cc(-c2ccc3c(c2)CCN3C(=O)Cc2cccc(OC(F)(F)F)c2)c2c(N)ncnc21,5.51,6.63,=,=
NC(=O)c1cnc2ccc(-c3cccnc3-c3cc(F)ccn3)cn12,TGFBR2,O[C@H]1CCN(Cc2ccn3nc(-c4cccc(C(F)F)n4)nc(Nc4ccncc4F)c23)C1,4.9,6.17,=,=
O=C(CO)N1CCC[C@H]1COc1cccc2ncnc(Nc3ccc(OCc4ccccn4)c(Cl)c3)c12,EGFR,CC(=O)N1CCOc2c1ccc1ncnc(Nc3cccc(Br)c3)c21,6.49,7.34,=,=
C[C@@H]1C(=O)N(CC#N)c2cnc(Nc3cc(F)c(O)c(F)c3)nc2N1C,VRK1,CC(C)CCN1C(=O)[C@@H](C)N(C)c2nc(Nc3cc(F)c(O)c(F)c3)ncc21,7.18,6.74,=,=
c1c[nH]c(-c2c[nH]c3nccc(N4CC[C@@]5(CCCN5)C4)c23)n1,CDC42BPB,c1csc(-c2c[nH]c3nccc(N4CCCC5(CCCCN5)C4)c23)n1,9.52,10.2,=,=
O=C(O)c1ccc(-c2c[nH]c3ncc(-c4ccccc4)cc23)cc1C1CCCC1,SGK3,CN1CCN(c2ccc3nc(-c4c(N)c5c(F)cccc5[nH]c4=O)[nH]c3c2)CC1,6.5,6.02,=,=
Cc1ccc2c(c1)C(=O)N(C)c1cnc(Nc3ccc(S(=O)(=O)N4CCN(C)CC4)cc3)nc1N2C,PIK3C2G,Cc1ccc2c(c1)C(=O)N(C)c1cnc(Nc3cccc(S(N)(=O)=O)c3)nc1N2C,5.58,7.12,=,=
Nc1ncnc2c1c(-c1ccc(NC(=O)Nc3cc(C4(C(F)(F)F)CC4)on3)c(F)c1)cn2C1CCC1,NEK7,CS(=O)(=O)CCCOc1cccc2c1ccn2-c1ccnc(N[C@H]2CC[C@H](C(=O)N3CCC(O)CC3)CC2)n1,6.0,5.16,=,=
Cc1nc2ccc(C#CC(C)(C)O)cc2n1-c1ncnc(N)n1,PKN1,Cc1c(O)c(O)c2c(c1C=O)[C@@H]1O[C@H](O2)c2c(C)c(O)c(O)c(O)c2C1=O,4.82,5.35,=,=
CNC(=O)c1cc2c(-c3ccccc3F)n[nH]c2s1,CAMK2G,C[C@@H](Oc1cc(-n2cnc3ccc(CN4CCN(C)CC4)cc32)sc1C(N)=O)c1ccccc1C(F)(F)F,5.5,5.89,=,=
CC(=O)N1CCC(Oc2cc3cnccc3cc2-c2ccccc2)CC1,CHUK,O=C(NCCN1CCCC1)c1ccc(Nc2nccc(-c3cc4ccccc4s3)n2)cc1,4.8,5.92,=,=
O=C1NCCc2c1c(-c1cccc3ccncc13)c(-c1ccncc1)n2CC1CCOCC1,RIPK3,Cn1cc(-c2ccc3ncnc(Nc4ccc5scnc5c4)c3c2)cn1,5.12,5.82,=,=
Cc1cn(CC#CCOC(c2ccccc2)(c2ccccc2)c2ccccc2)c(=O)[nH]c1=O,TK1,Cc1ccc(C(=O)Nc2cccc(C(F)(F)F)c2)cc1Nc1nc(-c2cccnc2)nc2nn(C)cc12,5.51,7.81,=,=
CN(C)C[C@@H]1CCn2cc(c3ccccc32)C2=C(C(=O)NC2=O)c2cn(c3ccccc23)CCO1,DAPK2,CCN(CC)CCNC(=O)c1c(C)[nH]c(/C=C2\C(=O)Nc3ccc(F)cc32)c1C,5.58,6.82,=,=
Cc1ccc(C(=O)NC2CC2)cc1-c1ccn2c(-c3ccccc3Cl)nnc2c1,MAPK13,Cc1cccc(NC(=O)Nc2ccc(-c3cncc4c3c(N)nn4C)cc2)c1,8.2,5.3,=,=
COc1ccc(-c2ccc3[nH]c(=O)c4nnn(-c5ccc(Cl)cc5)c4c3c2)cn1,RIOK2,O=C(Cc1ccc2ccccc2c1)Nc1cc(Br)ccn1,6.34,4.87,=,=
C[C@]12O[C@H](C[C@]1(O)CO)n1c3ccccc3c3c4c(c5c6ccccc6n2c5c31)CNC4=O,DMPK,COc1ccc(F)c(F)c1C(=O)c1cnc(NC2CCN(S(C)(=O)=O)CC2)nc1N,6.62,6.21,=,=
CN1C(=O)C[C@H](Cc2ccccc2)c2nnc3cc(-c4ccnc(Nc5ccnn5C)c4)cc1n23,MAPK6,COc1ccc(-c2n[nH]c3cnc(N[C@@H]4CC[C@@H](N)C4)nc23)cc1,8.23,5.18,=,=
CNC(=O)c1cc(Oc2ccc(NC(=O)Nc3cc(C(C)(C)C)nn3-c3ccc4ncccc4c3)c(F)c2)ccn1,EPHA6,Cc1ccc(F)c(NC(=O)Nc2ccc(-c3cccc4[nH]nc(N)c34)cc2)c1,7.77,6.48,=,=
CC1(C)OC(=O)N2C[C@H](c3nc(-c4ccc(C(=O)Nc5cc(C(F)(F)F)ccn5)cc4)c4c(N)nccn34)CC[C@H]21,ERBB4,N#Cc1cnc2ccc(NC(=O)C3CSSC3)cc2c1Nc1ccc(OCc2cccc(F)c2)c(Cl)c1,7.64,6.4,=,=
CCCS(=O)(=O)Nc1ccc(F)c(C(=O)c2c[nH]c3ncc(Cl)cc23)c1F,PAK1,CNc1ncc2cc(-c3ccccc3Cl)c(=O)n(CCCN)c2n1,5.85,6.42,=,=
CC(C)(C)n1nc(-c2cccc3ccccc23)c2c(N)ncnc21,CSK,COCC(=O)N1CCO[C@@H](c2nc(-c3ccc(C(=O)Nc4cc(C(F)(F)F)ccn4)cc3F)c3c(N)nccn23)C1,5.71,6.2,=,=
O=C(O)c1ccc2noc(-c3ccc(NC(=O)c4ccncn4)cc3)c2c1,IP6K1,NC(=O)c1ccc2c(c1F)[C@]1(CC[C@H](Oc3ncc(Cl)cc3Cl)CC1)C(=O)N2,6.1,7.8,=,=
C[C@@H]1COCCN1c1cc(N2CCN(C(=O)c3cncc(F)c3)CC2C(F)(F)F)[nH]c(=O)c1,PIK3C3,CC(=O)Nc1cc(-c2cncc(NS(=O)(=O)c3ccc(F)cc3F)c2C)ccn1,8.3,7.52,=,=
Oc1cc(-c2ccc(Nc3ncc4c5ccncc5n(C5CCCC5)c4n3)nn2)ccn1,CDK6,Cc1nc2c(F)cc(-c3nc(Nc4ccc5c(n4)CCN(C(=O)CCN(C)C)C5)ncc3F)cc2n1C1CC1,7.78,8.26,=,=
O=C(Nc1ccccc1Cl)c1cnc2ccc(C3(O)CCNCC3)cn12,EPHB3,O=C(Nc1ccccc1Cl)c1cnn2cc(Cl)ccc12,6.64,4.7,=,=
Cc1nc(Nc2ncc(C(=O)Nc3c(C)cccc3Cl)s2)cc(N2CCN(CCO)CC2)n1.O,MAP3K1,COc1ccc(-n2cnc3ccc(-c4nnc(SCc5cccc(C#N)c5)o4)cc32)cc1,5.9,5.09,=,=
NS(=O)(=O)c1ccc(CNc2nc(Nc3cccc(CN4CCOCC4)c3)ncc2Br)cc1,STK16,Cn1cc(C2=C(c3cccc(NCC(O)CO)c3)C(=O)NC2=O)c2cc(F)ccc21,7.06,6.64,=,=
CN1CCN(C2CCC(n3cc(-c4ccc(Oc5ccccc5)cc4)c4c(N)ncnc43)CC2)CC1,SRMS,O=C(Cc1ccccc1)Nc1cccc(-c2nc3sccn3c2-c2ccnc(Nc3cccc(N4CCOCC4)c3)n2)c1,8.2,6.1,=,=
Cc1nc(Nc2ncc(C(=O)Nc3c(C)cccc3Cl)s2)cc(N2CCN(CCO)CC2)n1.O,EPHB1,COc1cc2/c(=N/c3ccc(Br)cc3F)nc[nH]c2cc1OCC1CCN(C)CC1,9.35,6.54,=,=
Cc1ccc(C(=O)Nc2cc(N3CCN(C)CC3)cc(C(F)(F)F)c2)cc1/C=C/n1cnc2c(NC3CC3)ncnc21,SRC,COc1ccc(Nc2nnc3cc(-c4c(C)cccc4C)cc(C)c3n2)cc1,4.39,6.85,=,=
COc1cc2ncn(-c3cc(OCc4ccccc4C(F)(F)F)c(C(=O)O)s3)c2cc1OC,NEK4,O=C(NCC(F)(F)F)c1cc(-c2cnn3cc(-c4ccc(OCCN5CCCCC5)cc4)cnc23)cs1,6.0,6.8,=,=
Cc1cc(N2CCN(C)CC2)cnc1Nc1nc(N)c(C(=O)c2c(Cl)cccc2Cl)s1,CDK11A,CNc1nc(Nc2ccc(N3CCN(C)CC3)cc2)sc1C(=O)c1c(Cl)cccc1Cl,6.41,5.32,=,=
Nc1ncc(-c2cc(N3CCC(F)(F)C3)nc(N3CC4CC(C3)O4)n2)nc1OC(F)F,MAP3K12,CC(C)N1C[C@@H]2C[C@H]1CN2c1cc(-c2cnc(N)nc2)nc(N2CC3CC2C3)n1,7.54,6.66,=,=
O=C1CCN(c2ccnc(-c3cnc4ccc(Cl)cn34)n2)CCN1,EIF2AK4,CC(NS(C)(=O)=O)C1CN(c2ccnc(-c3cnc4ccc(C(F)(F)F)cn34)n2)CCO1,6.26,7.26,=,=
CN(CCc1ccc(-c2ccccc2)cc1)Cc1cn(C)c2ccc(C(=O)Nc3ccc(F)cc3)cc12,MAPK15,CN(C)C[C@@H]1CCn2cc(c3ccccc32)C2=C(C(=O)NC2=O)c2cn(c3ccccc23)CCO1,4.21,7.06,=,=
CCN1CCN(Cc2ccc(NC(=O)Nc3ccc(Oc4cc(NC)ncn4)cc3)cc2C(F)(F)F)CC1,CDKL5,Nc1nc2c(-c3cnc4ccccc4c3)nccc2[nH]1,8.18,4.4,=,=
CCS(=O)(=O)Nc1ccc2c(c1)/C(=C(/Nc1ccc(CN3CCCCC3)cc1)c1ccccc1)C(=O)N2,STK24,CCOc1cc2ncc(C#N)c(Nc3ccc(F)c(Cl)c3)c2cc1NC(=O)/C=C/CN(C)C,8.0,5.68,=,=
[2H]C([2H])([2H])Nc1nc(-c2cc(C(=O)N3CCN(Cc4ccc(Cl)cc4)CC3)c(Cl)cn2)cs1,WNK1,O=[N+]([O-])c1cc(S(=O)(=O)C(Cl)(Cl)Br)ccc1NCCCCc1ccccc1,7.22,4.66,=,=
CC(C)(C)c1cc(NC(=O)Nc2ccc(-c3cn4c(n3)sc3cc(OCCN5CCOCC5)ccc34)cc2)no1,PAK3,COc1cc(N2CCC(N3CCN(C)CC3)CC2)ccc1Nc1ncc(Cl)c(Nc2ccccc2S(=O)(=O)C(C)C)n1,5.37,7.54,=,=
Cn1cc(-c2cccc(-c3ncc(-c4ccn(C)n4)c(N[C@H]4CC[C@@H](N)CC4)n3)c2)cn1,IRAK1,Cn1cc(-c2cccc(-c3ncc(-c4cnn(C)c4)c(NCc4ccncc4)n3)c2)cn1,6.26,5.52,=,=
COc1cccc(Cn2cnc3ccc(-c4cn[nH]c4)cc3c2=O)c1,GRK7,CCN(CC)CCNC(=O)c1c(C)[nH]c(/C=C2\C(=O)Nc3ccc(F)cc32)c1C,5.04,6.75,=,=
CC[C@H](C)[C@H](NC(=O)[C@H](CC(C)C)NC(=O)[C@H](CCCN=C(N)N)NC(=O)[C@H](CCCN=C(N)N)NC(=O)[C@H](CCCCN)NC(=O)[C@H](C)NC(=O)[C@@H](N)Cc1c[nH]cn1)C(=O)N[C@@H](Cc1ccccc1)C(N)=O,CCNA2,CC[C@H](C)[C@H](NC(=O)[C@H](CC(C)C)NC(=O)[C@H](CCCNC(=N)N)NC(=O)[C@H](CCCNC(=N)N)NC(=O)[C@H](CCCCN)NC(=O)[C@H](C)NC(=O)[C@@H](N)Cc1cnc[nH]1)C(=O)N[C@@H](Cc1ccccc1)C(=O)O,7.3,7.72,=,=
Cc1[nH]nc(N)c1-c1nc2ccc(S(=O)(=O)NCCc3cccs3)cc2s1,ILK,CC(C)CCCC1(C)CCc2cc(S(N)(=O)=O)cc(Br)c2O1,5.77,4.88,=,=
NC(=O)c1cc2c(N)ncnc2cc1-c1ccc2c(c1)CCO2,PI4K2A,NC(=O)c1cc2c(N)ncnc2cc1-c1ccc2[nH]cnc2c1,4.36,4.91,=,=
COc1ccc(F)c(F)c1C(=O)c1cnc(NC2CCN(S(C)(=O)=O)CC2)nc1N,CDK18,CN1C(=O)[C@@H](N2CCc3c(nn(Cc4ccccc4)c3Br)C2=O)COc2ccccc21,7.7,6.0,=,=
O=c1[nH]c(=O)n([C@H]2C[C@H](n3cc(-c4ccc(Cl)cc4)nn3)[C@@H](CO)O2)cc1/C=C/Br,TK2,CNC(=O)c1ccc(C(OC/C=C\Cn2cc(C)c(=O)[nH]c2=O)(c2ccccc2)c2ccccc2)cc1,7.44,5.72,=,=
Cc1ccc(Nc2ncc3c(n2)N(C)C(=O)N(c2cc(NC(=O)c4cccc(C(F)(F)F)c4)ccc2C)C3)cn1,BMX,C#CC(=O)N1CC(c2cnn3c(C(N)=O)c(-c4ccc(Oc5ccccc5)cc4)[nH]c23)C1,8.1,7.67,=,=
Cc1cccc(/C=N/Nc2cc(N3CCOCC3)nc(OCCc3ccccn3)n2)c1,PIKFYVE,CN(C)C/C=C/C(=O)Nc1ccc(C(=O)Nc2cccc(Nc3cc(-c4c[nH]c5ccccc45)ncn3)c2)cc1,8.4,7.4,=,=
O=C1NCc2c3c(c4[nH]c5ccccc5c4c21)Cc1ccccc1-3,MAP3K10,CN[C@@H]1C[C@H]2O[C@@](C)([C@@H]1OC)n1c3ccccc3c3c4c(c5c6ccccc6n2c5c31)C(=O)NC4,5.57,7.9,=,=
O=C(/N=c1\sccn1Cc1ccccc1)c1n[nH]c2ncccc12,LATS2,CC(C)(C)Nc1nc(-c2ccncc2)nc2cnccc12,7.62,8.4,=,=
COc1ccccc1-n1c(-c2cc(O)ccc2C)cn2c3c(=O)[nH]c(=O)n(C)c3nc12,EPHB2,Cc1ccc(NC(=O)c2cccc(C(F)(F)F)c2)cc1C#Cc1nn(C2CCN(C)CC2)c2ncnc(N)c12,8.92,8.0,=,=
Cc1cccc(C=NNc2cc(N3CCOCC3)nc(OCCc3ccccn3)n2)c1,TYK2,[2H]C([2H])([2H])NC(=O)c1nnc(NC(=O)C2CC2)cc1Nc1cccc(C(=O)Nc2ccc(-n3ccccc3=O)cc2)c1OC,5.9,8.49,=,=
Cc1ccc(Nc2cc(Nc3cccc(NC(=O)c4ccc(NC(=O)/C=C/CN(C)C)cc4)c3)ncn2)cc1,PIP4K2B,CC1(C)CN(c2ncc(C(=O)Nc3cccc(C(F)(F)F)c3)c(N)n2)C(=O)N1,5.21,5.55,=,=
O=C(NCc1ccccc1)c1cccc(NCc2nc(-c3ccncc3)n[nH]2)c1,GRK7,CN(C)CC(=O)N1CCC(c2ccc(NC(=O)c3nc(C#N)c[nH]3)c(C3=CCCCC3)c2)CC1.Cl,5.06,6.09,=,=
CN(C)C[C@@H]1CCn2cc(c3ccccc32)C2=C(C(=O)NC2=O)c2cn(c3ccccc23)CCO1,NUAK2,Cn1cc(C2=C(c3cn(C4CCN(Cc5ccccn5)CC4)c4ccccc34)C(=O)NC2=O)c2ccccc21,6.5,5.39,=,=
O=c1cc(-c2ccc(O)cc2)oc2cc(O)ccc12,IP6K2,COc1ccc(-c2cc(=O)c3c(O)cc(O)cc3o2)cc1O,4.74,6.05,=,=
CCCCn1cc(-c2ccc(NC(=O)Nc3cc(C(C)(C)C)on3)cc2)c2c(N)ncnc21,FLT3,Cc1cc2c(O[C@H](C)[C@H]3CNC(=O)C3)cc(-c3cnn(C(C)(C)C)c3)cn2n1,7.47,5.17,=,=
O=C(Nc1ccc2[nH]cnc2c1)c1csc(Nc2ccccc2)n1,CLK4,CC(C)(Nc1nccc(-c2c[nH]c3ncccc23)n1)c1ccccc1,7.62,8.5,=,=
Cc1[nH]c2ccccc2c1-c1ncc(Nc2ccc(N3CCN(C)CC3)cn2)c2c1CNC2=O,MAP4K1,COc1ccc(-c2n[nH]c3ncc(-c4ccc(N5CCN(C)CC5)cc4)cc23)cc1OC,6.26,7.11,=,=
CS(=O)(=O)Nc1ccc(-c2ccc3[nH]nc(N)c3c2)cc1,ROS1,CCc1nc(C(N)=O)c(Nc2ccc(N3CCC(N4CCN(C)CC4)CC3)c(C)c2)nc1N[C@H]1CC[C@](C)(O)CC1.O=C(O)/C=C/C(=O)O,6.4,9.11,=,=
COc1ccc(C=C2C(=O)ON=C2c2ccc(Br)cc2)cc1OC,PIM1,CC(=O)c1ccccc1-c1ncnc2[nH]ccc12,6.6,4.1,=,=
O=C(NC1CC1)N1Cc2c(-c3cc4ccccc4[nH]3)n[nH]c2C12CCC2,PIP5K1C,CN(CC1OCCO1)C(=O)c1cc(Nc2ccccc2)cc(-c2ccnc(NC(=O)C3CC3)c2)c1,6.55,7.41,=,=
O=C(Nc1ccc(-c2ccnc(Nc3ccc(N4CCOCC4)cc3)n2)cc1)[C@H]1CCCN1,FLT1,CN1CCN(c2ccc3[nH]c(-c4c(O)nc5ccccc5c4N)nc3n2)CC1,6.04,7.85,=,=
O=C(Nc1cc(-c2cccc(Nc3ccccc3)c2)ccn1)C1CCOC1,PIP5K1C,COc1ccc(-c2ccc3nc(N)sc3c2)cn1,5.77,4.6,=,=
CN[C@@H]1C[C@H]2O[C@@](C)([C@@H]1OC)n1c3ccccc3c3c4c(c5c6ccccc6n2c5c31)C(=O)NC4,MAP3K15,N#CC[C@H](C1CCCC1)n1cc(-c2ncnc3[nH]ccc23)cn1,8.6,5.96,=,=
COc1cc(Nc2ncc(F)c(Nc3ccc4c(n3)NC(=O)C(C)(C)O4)n2)cc(OC)c1OC,INSRR,COc1cc(N2CCC(N3CCN(C)CC3)CC2)ccc1Nc1ncc(Cl)c(Nc2ccccc2P(C)(C)=O)n1,5.34,7.35,=,=
COc1cc(-c2ccccc2)c(=O)c(C(C)=O)c(O)c1-c1ccccc1,HK2,O=S(=O)(N[C@H]1C(O)O[C@H](CNS(=O)(=O)c2cccc(Cl)c2Cl)[C@@H](O)[C@@H]1O)c1ccc(Cl)s1,4.51,6.58,=,=
COc1ccc(N2CCN(Cc3ccc4c5c(c(=O)[nH]c4c3)CCCN5)CC2)nn1,TNK1,C1=N/C2=N/c3ccc(OCCN4CCCC4)c(c3)COC/C=C/COCc3cccc(c3)C(=C1)N2,8.01,6.05,=,=
c1ccc(-c2cnc3cncc(Nc4ccc(N5CCCCC5)cc4)c3n2)cc1,HIPK1,c1ccc(-c2cnc3cnc(Nc4ccc(N5CCCCC5)cc4)cc3n2)cc1,5.59,4.52,=,=
CO[C@@H]1[C@H](N(C)C(=O)c2ccccc2)C[C@H]2O[C@]1(C)n1c3ccccc3c3c4c(c5c6ccccc6n2c5c31)C(=O)NC4,CAMK1G,CS(=O)(=O)N1CCN(Cc2cc3nc(-c4cccc5[nH]ncc45)nc(N4CCOCC4)c3s2)CC1,5.75,5.17,=,=
O=C(Nc1nc2ccccc2s1)c1cccc2c1CN(c1nc(C(=O)O)c(-c3ccc(CO)cc3)s1)CC2,GSK3A,CC[C@]1(c2ccccc2)C2=C(CC(C)(C)CC2=O)Nc2n[nH]c(C)c21,6.2,5.52,=,=
NC(=O)c1c(OCc2c(F)cc(Br)cc2F)nsc1NC(=O)NCCCCN1CCCC1,TESK1,COc1cc2c(Oc3ccc(NC(=O)C4(C(=O)Nc5ccc(F)cc5)CC4)cc3F)ccnc2cc1OCCCN1CCOCC1,5.85,6.58,=,=
Cc1cc(-n2ncc3ccc(C#CCN(C)C)cc32)nc(N)n1,PIKFYVE,Nc1nc(N/N=C/c2cccc(Cl)c2)nc2sc(-c3cnco3)cc12,7.08,7.46,=,=
COc1cc(N2CCC(N3CCN(C)CC3)CC2)ccc1Nc1ncc(Cl)c(Nc2ccccc2S(=O)(=O)C(C)C)n1,DCLK3,CCN(CC)CCNC(=O)c1c(C)[nH]c(/C=C2\C(=O)Nc3ccc(F)cc32)c1C,7.85,6.96,=,=
CN1C(=O)[C@@H](N2CCc3c(nn(Cc4ccccc4)c3Br)C2=O)COc2ccccc21,HIPK1,CCCS(=O)(=O)Nc1ccc(F)c(C(=O)c2c[nH]c3ncc(Cl)cc23)c1F,6.0,5.26,=,=
CC1CCNC(=O)c2cc3ccc(C(=O)Nc4nc5ccccc5n4C)cc3n21,RPS6KA2,O=C(Nc1cccnc1)c1ccc2cc3n(c2c1)CC1(CCC1)CNC3=O,8.8,5.48,=,=
COCc1ccc(Nc2cc(Nc3ccc(F)cc3S(C)(=O)=O)c3nc(C(F)F)[nH]c3n2)nn1,TYK2,Fc1ccc(NC[C@H]2CC[C@H](c3nnn4cnc5[nH]ccc5c34)CC2)cc1F,9.52,6.07,=,=
C[C@@H](Oc1cc(-c2cnn(C3CCNCC3)c2)cnc1N)c1c(Cl)ccc(F)c1Cl,DSTYK,CCOc1cc2ncc(C#N)c(Nc3ccc(OCc4ccccn4)c(Cl)c3)c2cc1NC(=O)/C=C/CN(C)C,6.35,5.19,=,=
CCCCCn1cc(-c2ccccc2OCc2ccccc2)nc1N.Cl,PNCK,CN1Cc2nn(C)c(C#N)c2-c2cnc3[nH]cc(c3c2)-c2cn(nc2C(F)(F)F)CCCC1=O,5.52,6.08,=,=
CCn1c(-c2nonc2N)nc2c(C#CC(C)(C)O)ncc(OC[C@H]3CCCNC3)c21,MAP3K3,CN1CC[C@H](c2c(O)cc(O)c3c(=O)cc(-c4ccccc4Cl)oc23)[C@H](O)C1,6.06,5.0,=,=
C[C@@H]1CCc2ncc(F)cc2[C@H]2CCCN2c2ccn3ncc(c3n2)C(=O)N1,ROS1,NS(=O)(=O)c1cccc(Nc2ncc3ccn(Cc4ccccc4)c3n2)c1,8.57,8.1,=,=
NC(=O)c1cc(-c2cnc(Nc3ccc(N4CCOCC4)cc3)c3nccn23)cs1,MAPKAPK5,O=C(O)c1ccc(Nc2ncc3c(n2)-c2ccc(Cl)cc2C(c2c(F)cccc2F)=NC3)cc1,6.43,8.1,=,=
O=C1/C(=C/c2ccc(O)c(O)c2)Oc2cc(O)ccc21,DAPK2,CCCC(=O)Nc1ccc2c(c1)/C(=C1/Nc3ccccc3/C1=N\O)C(=O)N2,5.51,6.23,=,=
CC(C)(C)NC(=O)Nc1nc2nc(N)ncc2cc1-c1c(F)cccc1F,FGFR1,COc1ccc(NC(=O)Nc2ccc(-c3cccc4onc(N)c34)cc2)cc1Cl,6.96,6.1,=,=
CO[C@@H]1[C@H](NCCOCCOCCOCCNC(=O)CCC2=[N+]3C(=Cc4c(C)cc(C)n4[B-]3(F)F)C=C2)C[C@H]2O[C@]1(C)n1c3ccccc3c3c4c(c5c6ccccc6n2c5c31)C(=O)NC4,MYLK3,Cc1nc(Nc2n[nH]c3c2CN(C(=O)N[C@H](CN(C)C)c2ccccc2)C3(C)C)c2sccc2n1,6.84,6.46,=,=
CCN1CCN(Cc2ccc(NC(=O)Nc3ccc(Oc4cc(NC)ncn4)cc3)cc2C(F)(F)F)CC1,CDK16,CC(C)c1cc(CNc2nc(Nc3cc(C4CC4)[nH]n3)cc(N3CCN(C)CC3)n2)on1,6.38,5.98,=,=
CCNc1cc(F)cc2c1[nH]c(=O)n2-c1ccc(Oc2cccc(S(=O)(=O)F)c2)cc1,PDK3,S=C(SSC(=S)N1CCCOCC1)N1CCCOCC1,5.5,5.11,=,=
N#Cc1ccc(N2CCN(Cc3ccc4c5c(c(=O)[nH]c4c3)CCCN5)CC2)cc1C(F)(F)F,TNK1,N#Cc1ccnc(N2CCN(Cc3ccc4c5c(c(=O)[nH]c4c3)CCCN5)CC2)c1,7.58,7.98,=,=
CO[C@@H]1[C@H](N(C)C(=O)c2ccccc2)C[C@H]2O[C@]1(C)n1c3ccccc3c3c4c(c5c6ccccc6n2c5c31)C(=O)NC4,HUNK,CC[C@@H]1C(=O)N(C)c2cnc(Nc3ccc(C(=O)NC4CCN(C)CC4)cc3OC)nc2N1C1CCCC1,6.62,5.01,=,=
O=C(c1ccc(/C=C/c2n[nH]c3ccccc23)cc1)N1CCNCC1,IRAK3,COc1cc(N2CCC(N3CCN(C)CC3)CC2)ccc1Nc1ncc(Cl)c(Nc2ccccc2S(=O)(=O)C(C)C)n1,6.21,6.8,=,=
C#CCCCn1c(Sc2cc3c(cc2I)OCO3)nc2c(N)nccc21,CDC37,Cc1ccc(C(=O)Nc2cccc(C(F)(F)F)c2)cc1Nc1nc(-c2cccnc2)nc2nn(C)cc12,6.26,8.06,=,=
O=c1cc(-c2ccc(O)cc2)oc2cc(O)cc(O)c12,IPMK,O=c1c(O)c(-c2ccc(O)cc2)oc2cc(O)cc(O)c12,4.54,5.36,=,=
C[S+]([O-])c1ccc(-c2nc(-c3ccc(F)cc3)c(-c3ccncc3)[nH]2)cc1,EPHA6,COc1cc2/c(=N/c3ccc(Br)cc3F)nc[nH]c2cc1OCC1CCN(C)CC1,5.92,7.3,=,=
Cc1cc(-c2ccccc2)n(-c2cc(NN=Cc3ccco3)ncn2)n1,MINK1,Oc1c2ccccc2c2c3c(cccc13)N=N2,5.7,6.7,=,=
Cc1[nH]c(/C=C2\C(=O)Nc3ccccc32)c(C)c1CCC(=O)O,RPS6KA4,NC(COc1cncc(-c2ccc3[nH]c(=O)oc3c2)c1)Cc1c[nH]c2ccccc12,5.86,7.7,=,=
CCN1C(=O)C(C)(C)c2cc3[nH]c4c(c3cc21)CCCc1c(C)n[nH]c1-4,CHEK1,CC(C)(O)C(=O)N1CCc2nc(Nc3ncc(C(F)(F)F)c(N[C@H]4CC[C@@H](N)CC4)n3)ccc2C1,7.07,6.6,=,=
CCN1CCN(Cc2ccc(NC(=O)Nc3ccc(Oc4cc(NC)ncn4)cc3)cc2C(F)(F)F)CC1,CDKL3,COc1cc2c(Oc3ccc(NC(=O)C4(C(=O)Nc5ccc(F)cc5)CC4)cc3F)ccnc2cc1OCCCN1CCOCC1,8.28,5.23,=,=
Cc1cccc(-c2[nH]c(CNC(=S)c3cccc(C(N)=O)c3)nc2-c2ccc3ncnn3c2)n1,TGFBR1,CC(=O)N1CCN(CC(=O)Nc2cc(Nc3nc(-c4cccc(C(F)(F)F)n4)nn4cccc34)ccn2)CC1,7.66,9.07,=,=
Nc1ncc(-c2cnn(C3CCNCC3)c2)c2cc(-c3c(Cl)ccc(F)c3Cl)oc12,MAP4K3,O=C1NCc2c(-c3cnc4cc(F)ccn34)ccc(Nc3ccc4c(n3)CN(CCO)C43CCOCC3)c21,7.11,5.98,=,=
CN1CCN(c2ccc3nc(-c4c(N)c5c(F)cccc5[nH]c4=O)[nH]c3c2)CC1,PHKG1,O=C(c1ccc(/C=C/c2n[nH]c3ccccc23)cc1)N1CCNCC1,6.19,6.68,=,=
Nc1ncnc2c1sc1ncnc(N)c12,HIPK4,Cc1cccc(NC(=O)Nc2ccc(-c3coc4ncnc(N)c34)cc2)c1,5.2,7.1,=,=
COc1cc2c(Oc3ccc(NC(=O)c4cc5cccnc5n(-c5ccc(F)cc5)c4=O)cc3F)ccnc2cc1OCCCN1CCN(C)CC1,FLT4,Cc1cccc(NC(=O)Nc2ccc(-c3cccc4[nH]ncc34)cc2)c1,6.74,6.4,=,=
C[C@]12O[C@H](C[C@]1(O)CO)n1c3ccccc3c3c4c(c5c6ccccc6n2c5c31)CNC4=O,HIPK3,O=C(O)c1ccc2c(c1)nc(Nc1cccc(Cl)c1)c1ccncc12,6.6,7.35,=,=
CN(C)Cc1cncc(-c2cc3c(-c4cc5c(-c6ccncc6)cncc5[nH]4)n[nH]c3cn2)c1,DYRK1A,Cn1ncc(-c2ccc3cnc(NC(=O)C4CC5(C4)CN(CCF)C5)cc3c2)c1CN1CCCCC1,7.7,8.66,=,=
C#CC[C@H](NC(=O)[C@H](CCC(=O)O)NC(=O)[C@H](CC(C)C)NC(=O)[C@@H]1CCCN1C(=O)[C@H](CCC(=O)O)NC(=O)[C@H](CC(=O)O)NC(=O)[C@H](Cc1ccc(O)cc1)NC(=O)[C@@H](N=[N+]=[N-])c1ccccc1)C(N)=O,FLT1,Cc1ccc(NC(=O)c2ccc(C)c(C(F)(F)F)c2)cc1C#Cc1nn([C@H]2CC[C@H](O)CC2)c2ncnc(N)c12,4.02,7.82,=,=
COc1cc(Nc2c(C#N)cnc3cc(OCCCN4CCN(C)CC4)c(OC)cc23)c(Cl)cc1Cl,MAPK7,Cc1nc(C2CCN(C(=O)c3ccc(OC(F)(F)F)cc3N)CC2)c2ncc(N3CCN(C)CC3)cc2n1,5.64,4.96,=,=
CS(=O)(=O)c1cccc(Nc2nccc(Nc3c(Cl)ccc4c3OCO4)n2)c1,EPHB2,c1cn(CCCNc2[nH]cnc3ncnc2-3)cn1,7.3,5.28,=,=
Cc1noc(NC(=O)c2ccc3cc4n(c3c2)CCCNC4=O)c1Cl,RPS6KA2,Cc1cc(NC(=O)c2ccc3cc4n(c3c2)[C@@H](C)[C@H](C)NC4=O)no1,5.48,6.8,=,=
CO[C@@H]1[C@H](NCCOCCOCCOCCNC(=O)CCC2=[N+]3C(=Cc4c(C)cc(C)n4[B-]3(F)F)C=C2)C[C@H]2O[C@]1(C)n1c3ccccc3c3c4c(c5c6ccccc6n2c5c31)C(=O)NC4,PRKACG,Cc1nc(Nc2n[nH]c3c2CN(C(=O)N[C@H](CN(C)C)c2ccccc2)C3(C)C)c2sccc2n1,6.83,7.18,=,=
C[C@@H]1CCN(C(=O)CC#N)C[C@@H]1N(C)c1ncnc2[nH]ccc12.O=C(O)CC(O)(CC(=O)O)C(=O)O,DCLK3,COc1cc2c(-c3cnc(-c4ccc[nH]4)o3)c[nH]c2cc1Br,8.13,5.75,=,=
CC(C)c1cc(CNc2nc(Nc3cc(C4CC4)[nH]n3)cc(N3CCN(C)CC3)n2)on1,IRAK3,COC(=O)c1ccc2c(c1)NC(=O)/C2=C(\Nc1ccc(N(C)C(=O)CN2CCN(C)CC2)cc1)c1ccccc1,7.1,5.28,=,=
CC(C)N1CCC(Nc2nc(N3CCC(F)(F)CC3)nc3ccccc23)CC1.O=C(O)C(F)(F)F,STK19,COc1cc2nc(NCCN(C)C)nc(NC3CCN(C(C)C)CC3)c2cc1OC,7.32,6.9,=,=
Cc1cccc(NC(=O)Nc2ccc(-c3cnc4c(-c5cnn(C)c5)cnn4c3N)cc2)c1,MATK,CNS(=O)(=O)c1ccccc1Nc1nc(Nc2cc(OC)c(OC)c(OC)c2)ncc1Cl,5.8,7.3,=,=
N[C@@H](Cc1ccc(Br)cc1)C(=O)NO,CSK,CN1CCN([C@H]2CC[C@@H](n3cc(-c4ccc(Oc5ccccc5)cc4)c4c(N)ncnc43)CC2)CC1,5.25,7.39,=,=
Cc1n[nH]cc1-c1nc(NC2(C)CC2)c2ccncc2n1,LATS2,CN[C@@H]1C[C@H]2O[C@@](C)([C@@H]1OC)n1c3ccccc3c3c4c(c5c6ccccc6n2c5c31)C(=O)NC4,8.4,8.06,=,=
CN1CCC(NC(=O)c2cnc(Nc3cc(Cl)cc(Cl)c3)nc2NC2CCC(N(C)C)CC2)CC1,CAMK1,Cc1cc(Nc2cc(N3CCN(C)CC3)nc(Sc3ccc(NC(=O)C4CC4)cc3)n2)n[nH]1,4.71,5.16,=,=
O=C1Nc2cc(-c3ccc(O)cc3)ccc2C1=Cc1ccc[nH]1,CAMK1D,CC1(C)C(=O)Nc2c(-c3ccccc3)cc(Nc3nc(N4CCC[C@H](N)C4)ncc3C(N)=O)cc21,6.3,8.22,=,=
CC(O)C#Cc1ccc2[nH]c(C(C)(C)C)c(-c3ccnc(N)n3)c2c1,PIKFYVE,CCC(O)(CC)c1ccc2[nH]c3c(c2c1)Cc1nc(N)ncc1CC3,5.6,8.74,=,=
COC(=O)[C@@]1(O)C[C@H]2O[C@]1(C)n1c3ccccc3c3c4c(c5c6ccccc6n2c5c31)C(=O)NC4,BMP2K,COCCN1CCN(Cc2ccc(-c3n[nH]c4c3C(=O)c3c(NC(=O)NN5CCOCC5)cccc3-4)cc2)CC1,7.05,8.1,=,=
NC1CCC(Nc2nccc(-c3c[nH]c4ncccc34)n2)CC1,TSSK2,COc1cc2ncn(-c3cc(OCc4ccccc4C(F)(F)F)c(C(N)=O)s3)c2cc1OC,6.1,7.2,=,=
COc1cccc([C@H](NC(=O)CN2Cc3ccc(-c4nc(NC5CCOCC5)ncc4Br)cc3C2=O)[C@H](C)O)c1,MAPK1,COc1ccccc1CNC(=O)Nc1cc2[nH]nc(N)c2cn1,8.8,7.97,=,=
Cc1cnc(Nc2ccc(OCCN3CCCC3)cc2)nc1Nc1cccc(S(=O)(=O)NC(C)(C)C)c1,MYLK4,NCC(OCc1ccccc1)C(=O)Nc1ccc(-c2cn[nH]c2)cc1,6.89,6.26,=,=
Cc1ccc2c(c1)C(=O)N(C)c1cnc(Nc3cccc(S(N)(=O)=O)c3)nc1N2C,PIK3C2G,CN1C(=O)c2ccccc2N(C)c2nc(Nc3cccc(S(N)(=O)=O)c3)ncc21,7.12,8.4,=,=
C=CC(=O)N1CCC([C@@H]2CCNc3c(C(N)=O)c(-c4cc(OC)c(C)c(OC)c4)nn32)CC1,NLK,COc1cc2c(Oc3ccc(NC(=O)C4(C(=O)Nc5ccc(F)cc5)CC4)cc3F)ccnc2cc1OCCCN1CCOCC1,7.39,6.77,=,=
NCCn1cc(-c2cc(-c3cc4ccccc4s3)c3[nH]ncc3c2)c2nc(N)ncc21,MAPK12,CC(=O)N1CCN(C2CCC(n3nc(-c4ccc(NC(=O)c5cc6ccccc6n5C)cc4)c4c(N)ncnc43)CC2)CC1,5.35,5.8,=,=
COc1cc2nc(N(C)C3CC3)nc(NC3CCN(C(C)C)CC3)c2cc1OC,STK19,COc1cc2nc(N3CCC(F)(F)CC3)nc(NCCN(C)C)c2cc1OC,6.6,7.16,=,=
O=C(c1ccc(/C=C/c2n[nH]c3ccccc23)cc1)N1CCNCC1,NUAK2,CN(C)C[C@@H]1CCn2cc(c3ccccc32)C2=C(C(=O)NC2=O)c2cn(c3ccccc23)CCO1,7.27,6.5,=,=
C#Cc1cccc(Nc2ncnc3cc(OCCOC)c(OCCOC)cc23)c1,CIT,N[C@H](CC1CCC1)C(=O)Nc1ccc(-c2ccnc3[nH]ccc23)cc1,6.17,7.21,=,=
Fc1ccc(Cn2cnc3cc(Cl)c(Nc4cc(C5CC5)[nH]n4)nc32)cc1,NUAK1,O=C(NCCc1ccc(O)c(Br)c1)/C(Cc1cc(Br)c(O)c(Oc2ccc(CCNC(=O)/C(Cc3cc(Br)c(O)c(-c4cc(C/C(=N\O)C(=O)NCCc5ccc(O)c(Br)c5)cc(Br)c4O)c3)=N/O)cc2Br)c1)=N/O,7.46,5.77,=,=
CC(=O)Nc1cc(Nc2cc(NC3CC3)n3ncc(C#N)c3n2)ccc1N(C)CCN,HIPK1,COc1ccc(-c2cnc3cncc(Nc4cc(OC)ccc4OC)c3n2)cc1,7.4,4.88,=,=
CC1=NN(c2ccc(Cl)c(Cl)c2)C(=O)C1=Cc1c(C)c(C#N)c2nc3ccccc3n2c1O,AKT1,NC(=O)Cc1cccc(-c2cncc(OC[C@@H](N)Cc3c[nH]c4ccccc34)c2)c1,5.4,5.86,=,=
CCCCSc1ncc2cc3cnccc3c([N+](=O)[O-])c2n1,GSG2,c1ccc(-c2c[nH]c3cc4cnccc4cc23)cc1,5.98,6.32,=,=
O=c1c(N2C[C@H]3C[C@@H]2CN3)nc2cnc(-c3cnc4cccnn34)cc2n1Cc1ccccc1,NUAK1,O=c1c(C(F)F)nc2cnc(-c3cnc4cccnn34)cc2n1Cc1ccccc1,9.2,7.45,=,=
O=C(NC1(c2ccccc2)CC1)c1ccc2nc(N[C@H]3CC[C@H](O)CC3)c3nccn3c2c1,MAST3,O=C(NC1(c2ccc(F)cc2)CC1)c1ccc2nc(N[C@H]3CC[C@H](O)CC3)c3nccn3c2c1,6.62,6.13,=,=
O=C(O)COc1ncnc2cc(-c3ccc4[nH]ncc4c3)sc12,STK17B,CCc1ccc(Nc2ncc(Cl)c(NCCCN)n2)cc1,7.52,6.43,=,=
O=C1NC(NCc2nc3ccccc3s2)=N/C1=C\c1ccc2ncsc2c1,DYRK1B,Cc1ccc(C)c(NC2=N/C(=C\c3ccc4c(c3)OCO4)C(=O)N2)c1,5.99,7.04,=,=
O=C(O)c1c2c(nc3ccccc13)C(=C1CCCC1)CC2,MAPKAPK5,N#CC1=C(N)n2c(sc(=Cc3ccco3)c2=O)=C(C(N)=O)C1c1ccco1,5.8,6.5,=,=
CN1CCOCCn2cc(c3ccccc32)C2=C(C(=O)NC2=O)c2cn(c3ccccc23)CCOCC1,PRKCB,Cc1ncc(F)c(Nc2n[nH]c3c2CN(C(=O)N2CC(CCO)N(C)C[C@@H]2C)C3(C)C)n1,7.36,7.0,=,=
O=C(O)CCNS(=O)(=O)c1cc2c(c(O)c1O)C(=O)c1ccccc1C2=O,PKLR,O=S1(=O)Oc2cc(O)c(O)c(O)c2-c2cc(O)c(O)cc21,5.24,7.16,=,=
COc1cc2ncnc(Nc3ccc(F)c(Cl)c3)c2cc1OCCCN1CCOCC1,MAP3K2,Cc1ccc(C(=O)Nc2cccc(C(F)(F)F)c2)cc1Nc1nc(-c2cccnc2)nc2c1cnn2C,5.48,7.16,=,=
O=C1NN=Cc2c[nH]c3cc(NC(=O)C4CC4c4ccccc4)cc1c23,FER,COc1c(Nc2ncc(Cl)c(N[C@H]3[C@@H](C(N)=O)[C@@H]4C=C[C@H]3C4)n2)ccc2c1CC[C@@H](N1CCOCC1)CC2,6.5,7.07,=,=
CN1CCN(c2ccc(Nc3nc(N)c(C(=O)c4c(Cl)cccc4Cl)s3)cn2)CC1,CDK11A,Cc1ccc2nc(NCCN)c3ncc(C)n3c2c1,7.03,6.41,=,=
COc1cc(CNC(=O)Nc2snc(OCc3cccnc3)c2C(N)=O)cc(OC)c1,ACVR2A,COc1cc(-c2cnn3cc(OC)c(-c4cnn(C)c4)nc23)ccn1,4.7,6.28,=,=
N#CC[C@H](C1CCCC1)n1cc(-c2ncnc3[nH]ccc23)cn1,DCLK3,COc1cc(Nc2ncc(F)c(Nc3ccc4c(n3)NC(=O)C(C)(C)O4)n2)cc(OC)c1OC,6.58,6.22,=,=
O=c1cc(N2CCOCC2)oc2c(-c3ccco3)csc12,PIK3CB,C[C@H](Nc1ncnc(N)c1C#Cc1ccc(C(N)=O)cn1)c1nc2cccc(Cl)c2c(=O)n1-c1ccccc1,6.87,6.26,=,=
Cn1cc(-c2ccc3cnc(NC(=O)C4CCN(S(C)(=O)=O)CC4)cc3c2)cn1,DYRK3,COC[C@H](CC(C)C)NC1=N/C(=C\c2ccc3ncsc3c2)C(=O)N1,6.68,5.75,=,=
Cc1[nH]c(/C=C2\C(=O)Nc3ccc(F)cc32)c(C)c1C(=O)NC[C@H](O)CN1CCOCC1,TLK1,Cc1cc(Nc2cc(N3CCN(C)CC3)nc(Sc3ccc(NC(=O)C4CC4)cc3)n2)n[nH]1,6.2,5.4,=,=
COc1cc(Nc2ncc(F)c(Nc3ccc4c(n3)NC(=O)C(C)(C)O4)n2)cc(OC)c1OC,PLK2,N#CC[C@H](C1CCCC1)n1cc(-c2ncnc3[nH]ccc23)cn1,7.47,5.82,=,=
O=C(Cc1ccccc1)Nc1cccc(-c2nc3sccn3c2-c2ccnc(Nc3ccc(N4CCOCC4)cc3)n2)c1,PTK6,Cc1nc2cc(-c3nn(C(C)C)c4ncnc(N)c34)ccc2o1,7.0,5.68,=,=
Cc1cnc(Nc2ccc(OCCN3CCCC3)cc2)nc1Nc1cccc(S(=O)(=O)NC(C)(C)C)c1,DAPK2,Cc1n[nH]c2ccc(-c3cncc(OC[C@@H](N)Cc4ccccc4)c3)cc12,7.54,5.6,=,=
CC(C)Nc1ccc2cnn(-c3cncc(-c4csc(C(=O)O)c4)n3)c2c1,CSNK2A1,[C-]#[N+]c1cnc2c(Nc3nc(C)n(C)n3)nc(Nc3ccc4c(c3)c(C#N)nn4C)nn12,7.58,9.89,=,=
CC(C)[C@H](NC(=O)c1cc(C2C=C3N=C(c4ccc(OCCN5CCCCC5)cc4)C=CN3N2)cs1)C(F)(F)F,ULK1,Nc1ccc(Nc2nc(Nc3cc(C4CC4)[nH]n3)c3ccccc3n2)cc1,8.8,6.8,=,=
CCOc1cc2ncc(C#N)c(Nc3ccc(F)c(Cl)c3)c2cc1NC(=O)/C=C/CN(C)C,STK33,COc1ccc(C(=O)Nc2ccccc2-c2nc3ccccc3[nH]c2=O)cc1,5.35,6.01,=,=
CN[C@H]1CCCN(c2ccnc3[nH]cc(-c4cncnc4)c23)C1,CDC42BPA,Nc1cccnc1-c1c[nH]c2nccc(N3CCCC4(CCCCN4)C3)c12,8.53,9.72,=,=
O=C(Nc1cnn(-c2cccc(NCC3CC3)c2)c1)Nc1cccc2ccccc12,MAPK9,O=C(Nc1cnn(-c2cccnc2)c1)Nc1cccc2ccccc12,6.14,5.56,=,=
CN1C(=O)[C@@H](N2CCc3c(nn(Cc4ccccc4)c3Br)C2=O)COc2ccccc21,MYLK3,Cc1n[nH]c2ccc(-c3cncc(OC[C@@H](N)Cc4ccccc4)c3)cc12,6.0,6.4,=,=
O=C(O)CCNS(=O)(=O)c1cc2c(c(O)c1O)C(=O)c1ccccc1C2=O,PKLR,O=C1c2ccccc2C(=O)c2c1cc(S(=O)(=O)[O-])c(O)c2O.[Na+],5.24,6.7,=,=
CCn1c(-c2ccncc2)cc2c1CCNC2=O,PKN1,CN1CCN(c2nc(C3=C(c4c[nH]c5ccccc45)C(=O)NC3=O)c3ccccc3n2)CC1,6.82,5.53,=,=
COCc1cc(O)c(O)c(O)c1-c1c(COC)cc(O)c(O)c1O.Cl,MYLK,CCc1ccc(-c2ccc3c(c2)-c2[nH]ncc2S(=O)(=O)N3C)cc1,4.75,5.4,=,=
O=S(=O)(c1cccc2cnccc12)N1CCCNCC1,PKN3,CNc1ncc2cc(-c3ccc(-c4ncccc4F)cc3Cl)c(=O)n(C[C@H]3OC[C@H](N)CO3)c2n1,7.0,5.51,=,=
O[C@@H]1CC[C@@H](Nc2nccc(-n3cnc4ccccc43)n2)C1,MKNK2,c1ccc2c(c1)OCCN2c1ccnc(NCCc2ccncc2)n1,7.21,5.46,=,=
CCc1ccc(Nc2ncc(Cl)c(NCCCN)n2)cc1,STK17B,COc1ccccc1-c1cc2c(SCC(=O)O)ncnc2s1,6.43,6.06,=,=
CSCCC(NS(=O)(=O)c1cc2c(c(O)c1O)C(=O)c1ccccc1C2=O)C(=O)O,PKLR,O=C(O)CCNS(=O)(=O)c1cc2c(c(O)c1O)C(=O)c1ccccc1C2=O,5.85,5.24,=,=
CCN(CC)CCNC(=O)c1c(C)[nH]c(/C=C2\C(=O)Nc3ccc(F)cc32)c1C,RPS6KA3,C[C@@H]1CNC(=O)c2cc3ccc(C(=O)Nc4nc5ccccc5n4CCCN(C)C)nc3n21,6.24,7.27,=,=
CC(C)(C)c1cnc(CSc2cnc(NC(=O)C3CCNCC3)s2)o1,HIPK2,CN1CCN(c2ccc3nc(-c4c(N)c5c(F)cccc5[nH]c4=O)[nH]c3c2)CC1,5.82,6.3,=,=
Nc1ncnc2scc(-c3ccc(NC(=O)Nc4cc(C(F)(F)F)ccc4F)cc3)c12,IRAK1,O=C1NCCc2[nH]c(-c3ccnc(-c4cnc5ccccc5c4)c3)cc21,5.9,5.3,=,=
N#C[C@@H]1CN(C(=O)OCC(F)(F)CO)CC[C@H]1n1cc(C(N)=O)c(Nc2ccc(F)cc2)n1,JAK1,Cc1[nH]nc2[nH]c(=O)cc([C@H]3CC[C@H](CC(=O)N4CCC(c5ccccc5)C4)CC3)c12,8.3,7.82,=,=
C[C@]12O[C@H](C[C@]1(O)CO)n1c3ccccc3c3c4c(c5c6ccccc6n2c5c31)CNC4=O,MAP3K6,CC(C)n1cnnc1-c1cccc(NC(=O)Nc2ncc3ccccc3n2)n1,6.77,5.54,=,=
CCCCNc1ncc(-c2cccc(CNC3CC3)n2)c(NC2CCC(O)CC2)n1,FLT3,C[C@@H](Oc1nc(-c2cnn(C3CCN(C)CC3)c2)cc2nn(C)cc12)[C@H]1CNC(=O)C1,7.96,5.11,=,=
CNC(=O)c1cc(Oc2ccc(NC(=O)Nc3cc(C(C)(C)C)nn3-c3ccc4ncccc4c3)c(F)c2)ccn1,EPHA6,CN(C)C/C=C/C(=O)Nc1cc2c(Nc3ccc(F)c(Cl)c3)ncnc2cc1O[C@H]1CCOC1.O=C(O)/C=C\C(=O)O.O=C(O)/C=C\C(=O)O,7.77,6.47,=,=
CC(C)n1nc(-c2cnc(N)c3cn[nH]c23)cc1[C@H]1[C@@H]2CN(CC(F)(F)F)C[C@@H]21,MAP3K12,C[C@@H]1O[C@@H](C)Cn2c1nc1c(N3CC4CC3C4)nc(-c3cnc(N)nc3)nc12,6.02,6.58,=,=
CC#CC(=O)N1CC=C(c2ccc(C(C)C(=O)Nc3cc(C4CC4)[nH]n3)cn2)CC1,CDK12,C=CC(=O)Nc1cccc(-c2ccc3nc(CC(=O)Nc4cc(C5CC5)[nH]n4)cn3n2)c1,6.69,7.5,=,=
CN[C@@H]1C[C@H]2O[C@@](C)([C@@H]1OC)n1c3ccccc3c3c4c(c5c6ccccc6n2c5c31)C(=O)NC4,NEK9,O=C(Nc1ccc(-c2ccnc(Nc3ccc(N4CCOCC4)cc3)n2)cc1)C1CCCN1,6.2,5.66,=,=
O=C(c1ccc(/C=C/c2n[nH]c3ccccc23)cc1)N1CCNCC1,SGK3,CN1C(=O)[C@@H](N2CCc3c(nn(Cc4ccccc4)c3Br)C2=O)COc2ccccc21,7.02,6.0,=,=
Cc1ccc(NC(=O)c2c(C)ccc3c(N)nc(C)nc23)cn1,PIK3CA,CNc1cc(-c2ccc3c(c2)-c2ccc(O[C@@H](C)C(N)=O)cc2OC3)ncn1,5.34,8.49,=,=
C[C@@]1(C(=O)Nc2ccc(F)nc2)CCCN1c1nc(Nc2cc(C3CC3)n[nH]2)c2cccn2n1,TIE1,COc1cc(Nc2ncc(F)c(Nc3ccc4c(n3)NC(=O)C(C)(C)O4)n2)cc(OC)c1OC,6.22,7.12,=,=
CC(=O)N1CCC(n2cc(Nc3ncc(Cl)c(-c4cnc5ccccn45)n3)cn2)CC1,CDK7,Cc1ccc([N+](=O)[O-])cc1S(=O)(=O)N(C)/N=C/c1cnn2ccc(Cl)nc12,7.68,6.08,=,=
COC(=O)c1cc(S(=O)(=O)NC[C@H]2OC(O)[C@H](NC(=O)c3cccc(Br)c3)[C@@H](O)[C@@H]2O)oc1C,HK1,CC1(C)C(=O)Nc2ccccc2N1C(=O)COC(=O)c1cc(Cl)cc(Cl)c1,5.8,4.19,=,=
Cc1ccc(C(=O)Nc2cccc(C(F)(F)F)c2)cc1Nc1nc(-c2cccnc2)nc2c1cnn2C,TP53RK,CC(=O)c1cnc2ccc(-c3cc(Cl)c(O)c(Cl)c3)nc2c1N[C@H]1CC[C@H](CN(C)C)CC1,5.46,6.51,=,=
Clc1ccc2c(N3CCCCCC3)cc[n+](Cc3ccccc3)c2c1.[Br-],CHKB,Nc1nc(Cl)nc2c1ncn2[C@H]1CC[C@@H](C(=O)Nc2nc3ccccc3s2)CC1,4.48,5.22,=,=
C[C@H](CO)n1cc(C(=O)c2cncc(NC(=O)Cc3ccc4cccnc4c3)c2)c2cncnc21,NTRK1,COCCN1C[C@@H](NC(=O)Nc2c(C)c(C(=O)NCc3cncnc3)nn2-c2ccccc2)[C@H](c2ccnc(F)c2)O1,6.73,6.26,=,=
O/N=C1\NCc2cc(Nc3c(-c4ncccn4)oc4cnccc34)ccc21,EIF2AK3,c1cnc(-c2oc3cnccc3c2Nc2ccc3c(c2)Cc2c[nH]nc2-3)nc1,7.75,5.96,=,=
CNc1cc(C2(C(=O)Nc3cc(C(=O)Nc4ccc(Cl)c(C(F)(F)F)c4)ccc3C)CC2)ncn1,ARAF,CNC(=O)c1cc(Oc2ccc(NC(=O)c3ccc(OC)cc3)cc2)ccc1N,7.75,6.68,=,=
Cc1cn([C@H]2C[C@H](n3cc(-c4ccc(Cl)cc4)nn3)[C@@H](CO)O2)c(=O)[nH]c1=O,TK1,Cc1cn(C/C=C\COC(=O)c2ccccc2)c(=O)[nH]c1=O,4.15,4.52,=,=
CN1CCC(NC(=O)c2cnc(Nc3cc(Cl)cc(Cl)c3)nc2N[C@@H]2COC[C@H]2O)CC1,NEK2,CNC(=O)C=Cc1cnc(N)c2c(-c3ccc4sc(C)nc4c3)csc12,4.52,5.5,=,=
CNC(=O)c1cc(Oc2ccc(NC(=O)Nc3ccc(Cl)c(C(F)(F)F)c3)cc2)ccn1,MUSK,Cc1cnc(Nc2ccc(OCCN3CCCC3)cc2)nc1Nc1cccc(S(=O)(=O)NC(C)(C)C)c1,6.89,6.1,=,=
CCN1CCN(Cc2ccc(NC(=O)Nc3ccc(Oc4cc(NC)ncn4)cc3)cc2C(F)(F)F)CC1,YES1,CCN(CC)CCOc1cccc(Nc2nnc3cc(-c4c(C)cccc4C)cc(C)c3n2)c1,6.58,8.59,=,=
CO[C@@H]1[C@H](N(C)CCOCCOCCOCCNC(=O)CCC2=[N+]3C(=Cc4c(C)cc(C)n4[B-]3(F)F)C=C2)C[C@H]2O[C@]1(C)n1c3ccccc3c3c4c(c5c6ccccc6n2c5c31)C(=O)NC4,STK32C,CN1C(=O)[C@@H](N2CCc3cn(CC4CCS(=O)(=O)CC4)nc3C2=O)COc2ccccc21,6.49,6.0,=,=
C#CCCCn1c(Sc2cc(OC)ccc2I)nc2c(N)nccc21,CDC37,Cc1ccc(C(=O)Nc2cccc(C(F)(F)F)c2)cc1Nc1nc(-c2cccnc2)nc2nn(C)cc12,5.26,8.06,=,=
O=C(NCCc1ccc(O)c(Br)c1)/C(Cc1cc(Br)c(O)c(Oc2ccc(CCNC(=O)/C(Cc3cc(Br)c(O)c(-c4cc(C/C(=N\O)C(=O)NCCc5ccc(O)c(Br)c5)cc(Br)c4O)c3)=N/O)cc2Br)c1)=N/O,BRAF,O=S(=O)(Nc1cc(Sc2ccccn2)c(O)c2ccccc12)c1cccs1,5.77,6.59,=,=
CCOc1cc2ncnc(Nc3ccc4c(cnn4Cc4ccccc4)c3)c2cc1NC(=O)/C=C/CN1C[C@@H](C)N[C@@H](C)C1,ERBB2,O=C(Nc1cccc(-c2nc3sccn3c2-c2ccncc2)c1)c1ccccc1Cl,7.72,6.62,=,=
Cc1cc(=O)n(C2CCCC2)c2nc(Nc3ccc(N4CC5CC(C4)N5C)cc3)ncc12,NUAK1,C[C@@H]1COCCN1c1nc(-c2ccnc3[nH]ccc23)nc2c1ccn2S(C)(=O)=O,7.4,5.14,=,=
CN[C@@H]1C[C@H]2O[C@@](C)([C@@H]1OC)n1c3ccccc3c3c4c(c5c6ccccc6n2c5c31)C(=O)NC4,EPHB2,Cc1cnc(Nc2ccc(OCCN3CCCC3)cc2)nc1Nc1cccc(S(=O)(=O)NC(C)(C)C)c1,6.82,5.41,=,=
O=C1NC2(CC2)COc2ncc(F)cc2[C@H]2CNCCN2c2ccn3ncc1c3n2,NTRK3,C=CCn1cc(N(c2nc(C(N)=O)c(-c3cc(C(=O)N4CCOCC4)c[nH]3)s2)C2CC2)cn1,9.7,7.35,=,=
Cc1ccc(C(=O)Nc2ccc3c(-c4ccc(OC(C)(C)C)cc4)cn(C)c3c2)cc1C#Cc1cnc2cccnn12,ROR1,CC[C@H](C)[C@H](NC(=O)[C@H](CCC(N)=O)NC(=O)[C@H](CCCNC(=N)N)NC(=O)[C@H](CC(=O)O)NC(=O)[C@H](CC(N)=O)NC(=O)[C@@H](NC(=O)[C@H](CC(=O)O)NC(=O)[C@@H](N)CO)[C@@H](C)CC)C(N)=O,6.85,7.58,=,=
O=c1nc(-c2cc3c(Oc4ccc(I)cc4)cncc3s2)[nH]o1,NEK4,Cc1n[nH]c2ccc(-c3cncc(OCC(N)Cc4cccc(OC(F)(F)F)c4)c3)cc12,7.3,6.6,=,=
CN1C(=O)[C@@H](N2CCc3cn(Cc4ccccc4)nc3C2=O)COc2ccccc21,MLKL,COCCOCn1c(S(C)(=O)=O)nc2c1c(=O)n(C)c(=O)n2C,6.0,4.14,=,=
CC(C)CCN1C(=O)[C@@H](C)N(C)c2nc(Nc3cc(F)c(O)c(F)c3)ncc21,VRK1,C[C@@H]1C(=O)N(CC#N)c2cnc(Nc3cc(F)c(O)c(F)c3)nc2N1C,6.74,7.18,=,=
N#Cc1ccc(Cl)cc1S(=O)(=O)Nc1ccc(-c2ncc3c(N)n[nH]c3n2)cc1,SGK3,Cc1cnc(Nc2ccc(OCCN3CCCC3)cc2)nc1Nc1cccc(S(=O)(=O)NC(C)(C)C)c1,6.68,5.6,=,=
CC1=C(C(=O)NCc2cnn(C)c2)[C@@H](c2ccc(C)cc2Cl)N=C(Nc2nc3cccc(N)c3o2)N1,GALK1,CC1=C(C(=O)Nc2nncs2)C(c2ccc(C)cc2Cl)N=C(Nc2nc3ccccc3o2)N1,4.91,5.51,=,=
Nc1ccn2ncc(-c3ccc4ccccc4c3)c2n1,PIM1,CC(C)(CO)COc1cccc2ccc(-c3nnc4cc(CN)ccn34)nc12,6.09,9.15,=,=
COc1cc(N2CCC(N3CCN(C)CC3)CC2)ccc1Nc1ncc(Cl)c(Nc2ccccc2S(=O)(=O)C(C)C)n1,CDK16,CCOc1cc2ncc(C#N)c(Nc3ccc(OCc4ccccn4)c(Cl)c3)c2cc1NC(=O)/C=C/CN(C)C,6.25,5.64,=,=
C=CC(=O)Nc1ccccc1Nc1nc(Nc2cc(C(=O)NOCCO)ccc2C#N)ncc1Cl,MAPK3,C=CC(=O)Nc1ccccc1Nc1nc(N[C@@H]2CCN(C(C)=O)C2)ncc1C(F)(F)F,6.52,6.12,=,=
CC(=O)NCCNc1nc2cc(-c3ccccc3)sc2n2c(C)cnc12,CHUK,CCNC(=O)C(N)Cc1cccc(-c2cc3nc(NC)c4ncc(C)n4c3s2)c1,5.15,6.0,=,=
CN[C@@H]1C[C@H]2O[C@@](C)([C@@H]1OC)n1c3ccccc3c3c4c(c5c6ccccc6n2c5c31)C(=O)NC4,STK38L,CO[C@@H]1[C@H](NCCOCCOCCOCCNC(=O)CCC2=[N+]3C(=Cc4c(C)cc(C)n4[B-]3(F)F)C=C2)C[C@H]2O[C@]1(C)n1c3ccccc3c3c4c(c5c6ccccc6n2c5c31)C(=O)NC4,8.19,6.12,=,=
CNS(=O)(=O)c1ccccc1Nc1nc(Nc2cc(OC)c(OC)c(OC)c2)ncc1Cl,MST1R,CC(C)Cc1nc(Nc2ccc(N3CCOCC3)c(Cl)c2)nc2[nH]ccc12,8.1,6.0,=,=
CC(C)CC(C)(N)COc1c(F)cc(-c2ccnc3ccccc23)cc1Cl,AAK1,CC(C)C[C@](C)(N)COc1ccc(-c2ccnc(F)c2)cc1C#N,7.47,8.33,=,=
CN1CC[C@H](c2c(O)cc(O)c3c(=O)cc(-c4ccccc4Cl)oc23)[C@H](O)C1,CDK18,CN1CCN(c2ccc3nc(-c4c(N)c5c(F)cccc5[nH]c4=O)[nH]c3c2)CC1,5.96,5.08,=,=
CN(C)CC(=O)N1CCC(c2ccc(NC(=O)c3nc(C#N)c[nH]3)c(C3=CCCCC3)c2)CC1.Cl,MAP3K7,COC1=CC(=O)C2=C(/C=C\C[C@H](O)[C@H](O)C(=O)/C=C\C[C@H](C)OC2=O)C1(F)F,8.14,7.11,=,=
OCCn1cc(-c2ccc3c(c2)CCC3=NO)c(-c2ccncc2)n1,MAP2K5,COC(=O)[C@@]1(O)C[C@H]2O[C@]1(C)n1c3ccccc3c3c4c(c5c6ccccc6n2c5c31)C(=O)NC4,5.29,5.69,=,=
Cn1cc(-c2n[nH]c3ccc(Oc4ccc(NC(=O)CN)cc4)cc23)cn1,PFKFB1,N#Cc1cn(Cc2ccccc2)c2ccc(Oc3ccc(NC(=O)[C@@H]4CCCN4)cc3)cc12,4.87,5.74,=,=
CCN1CCN(Cc2ccc(Nc3ncc(F)c(-c4cc(F)c5nc(C)n(C(C)C)c5c4)n3)nc2)CC1,ICK,CN1C(=O)[C@@H](N2CCc3cn(Cc4ccccc4)nc3C2=O)COc2ccccc21,7.28,6.0,=,=
CNC(=O)c1ncn2c1CC[C@H](c1c(F)ccc(NS(=O)(=O)c3cc(Cl)cnc3OC)c1F)C2,EIF2AK3,COc1ccc(S(=O)(=O)Nc2cccc(-c3cn(C4CCN(C5CC5)CC4)c4ncnc(N)c34)c2F)cc1Cl,6.34,7.48,=,=
CC(=O)N1Cc2c(-c3ccc(C(=O)N4CCCc5ccccc54)cc3)cnn2C[C@@H]1C,PINK1,CN1C(=O)[C@@H](N2CCc3cn(Cc4ccccc4)nc3C2=O)COc2ccccc21,4.84,6.0,=,=
CC(C)Oc1cc(Oc2ccc(S(C)(=O)=O)cc2)cc(-c2ncc(C(C)C)c(=O)[nH]2)c1,GCK,CS(=O)(=O)c1ccc(C(CC2CCOCC2)C(=O)Nc2nccs2)cc1,6.23,5.41,=,=
Cc1ccc(NC(=O)c2cccc(-c3ccoc3)c2)cc1-c1ccc(C(=O)NCC2CC2)cc1,MAPK14,COc1ccc(Nc2nccc(Oc3ccc(NC(=O)Nc4cc(C(C)(C)C)nn4-c4ccc(C)cc4)c4ccccc34)n2)cc1,8.8,7.08,=,=
C[C@@H]1CCCC[C@H]1NC1=N/C(=C\c2ccc3ncsc3c2)C(=O)N1,DYRK3,CC(=O)Nc1cc(Nc2cc(NC3CC3)n3ncc(C#N)c3n2)ccc1N(C)CCN,6.28,7.4,=,=
O=C(c1ccc(/C=C/c2n[nH]c3ccccc23)cc1)N1CCNCC1,PRKG2,CN[C@@H]1C[C@H]2O[C@@](C)([C@@H]1OC)n1c3ccccc3c3c4c(c5c6ccccc6n2c5c31)C(=O)NC4,6.1,7.8,=,=
Cc1ccc(/N=N/c2c(=N)[nH]n3cc4c(nc23)CCCC4)cc1,MAPK9,O=C(Nc1cnn(-c2cccc(C(=O)NCC3CCNCC3)c2)c1)Nc1ccccc1Cl,4.77,6.51,=,=
CCCS(=O)(=O)Nc1ccc(-c2ccc3[nH]nc(NC(=O)CC)c3c2)cc1,DYRK3,CNC(=O)c1ccc(Nc2nc(OC3CCCC3)c3c(-c4ccc5nc(C)oc5c4)c[nH]c3n2)c(OC)c1,5.3,7.0,=,=
CC[C@](C)(N)c1ccnc(Nc2cc3cc(-c4cnnn4C)nc(N)c3cn2)c1,MASTL,Cn1nncc1-c1cc2cc(Nc3nn(C)c4c3[C@@H]3CC[C@H]4N(C4CCC4)C3)ncc2c(N)n1,10.3,8.47,=,=
Cc1ccccc1-c1cccc(Nc2nc(N3CCC[C@H](N)C3)ncc2C(N)=O)c1,CAMK1D,CC(C)n1cc(Nc2nc(N3CCC[C@H](N)C3)ncc2C(N)=O)cc(C(=O)N2CCCCC2)c1=O,6.91,7.72,=,=
CC(C)CC(=O)Nc1n[nH]c2c1CN(C(=O)C1CCN(C)CC1)C2(C)C,CDK12,C=CC(=O)Nc1ccc(C(=O)N2CC[C@@H](Nc3ncc(C)c(OC4CC4)n3)C2)cc1,5.44,6.26,=,=
C=CC(=O)N1CC(Oc2cc3c(Nc4cccc(-c5cnco5)c4)ncnc3cc2OC)C1,ERBB2,CCOc1cc2ncnc(Nc3ccc4c(cnn4Cc4ccccc4)c3)c2cc1NC(=O)/C=C/CN1C[C@@H](C)N[C@@H](C)C1,6.15,7.72,=,=
CCN1C(=O)c2ccccc2N(C)c2nc(Nc3ccc(C(=O)NC4CCN(C)CC4)cc3OC)ncc21,DCLK1,O=c1[nH]c2cnc(-n3cnc4ccc(F)cc43)nc2n1C1CCOc2c(F)cccc21,8.7,5.5,=,=
CN1C(=O)[C@@H](N2CCc3c(nn(Cc4ccccc4)c3Br)C2=O)COc2ccccc21,MYO3B,COc1cc(Nc2c(C#N)cnc3cc(OCCCN4CCN(C)CC4)c(OC)cc23)c(Cl)cc1Cl,6.0,5.64,=,=
CCN(CC)CCNC(=O)c1c(C)[nH]c(/C=C2\C(=O)Nc3ccc(F)cc32)c1C,MYO3B,CO[C@@H]1[C@H](N(C)CCOCCOCCOCCNC(=O)CCC2=[N+]3C(=Cc4c(C)cc(C)n4[B-]3(F)F)C=C2)C[C@H]2O[C@]1(C)n1c3ccccc3c3c4c(c5c6ccccc6n2c5c31)C(=O)NC4,5.35,6.53,=,=
Cc1[nH]nc(N)c1-c1nc2ccc(S(=O)(=O)NCCc3cccs3)cc2s1,ILK,Cc1[nH]nc(N)c1-c1nc2ccc(S(=O)(=O)NCCc3ccccc3)cc2s1,5.77,6.1,=,=
CO[C@@H]1[C@H](N(C)C(=O)c2ccccc2)C[C@H]2O[C@]1(C)n1c3ccccc3c3c4c(c5c6ccccc6n2c5c31)C(=O)NC4,PIP5K1A,COc1cc(Nc2c(C#N)cnc3cc(OCCCN4CCN(C)CC4)c(OC)cc23)c(Cl)cc1Cl,6.51,5.48,=,=
CC(=O)N[C@@H](CCCNC(=N)N)C(=O)N[C@@H](CCCNC(=N)N)C(=O)N[C@@H](CC(C)C)C(=O)N[C@@H](CC(N)=O)C(=O)N[C@@H](Cc1cccc(Cl)c1)C(N)=O,CCNA2,CC(=O)N[C@@H](CCCNC(=N)N)C(=O)N[C@@H](CCCNC(=N)N)C(=O)N[C@@H](CC(C)C)C(=O)N[C@@H](CC(N)=O)C(=O)N[C@@H](Cc1ccccc1)C(N)=O,5.25,4.92,=,=
CNc1nc2c(-c3ccnc(OC)c3)cnn2cc1C,TGFBR2,COc1cc(-c2cnn3cc(OC)c(C(C)C)nc23)ccn1,8.54,9.0,=,=
Cc1ccc(NC(=O)c2cccc(C(F)(F)F)c2)cc1N1Cc2cnc(N)nc2N(C)C1=O,EPHA3,Cc1ccc(C(=O)Nc2cccc(C(F)(F)F)c2)cc1Nc1nc(-c2cccnc2)nc2nn(C)cc12,8.7,7.3,=,=
CC(=O)c1cnc2ccc(-c3cc(Cl)c(O)c(Cl)c3)nc2c1N[C@H]1CC[C@H](CN(C)C)CC1,CDC42BPG,COc1cnccc1Nc1nc(-c2nn(Cc3c(F)cc(OCCO)cc3F)c3ccccc23)ncc1OC,7.2,6.07,=,=
Cc1ccc(C(=O)Nc2cccc(C(F)(F)F)c2)cc1Nc1nc(-c2cccnc2)nc2nn(C)cc12,CDC37,C#CCCCn1c(Sc2cc(OC)ccc2I)nc2c(N)nccc21,8.06,5.26,=,=
COc1cc(N2CCN(C)CC2)ccc1Nc1ncc2cc(-c3cccc(NC(=O)c4cccc(C(F)(F)F)c4)c3)c(=O)n(C[C@H]3CCCO3)c2n1,TNK2,Nc1ncc(-c2cccnc2F)cc1C(=O)N[C@H]1CCC[C@@H]1OCc1ccc(-c2ccc3c(c2)CCC[C@@H]3N2CCN(C[C@H](O)CO)CC2)cc1,8.52,6.28,=,=
O[C@H]1CC[C@H](Nc2ncc3nc(Nc4ccc(F)cc4F)n(C4CCOCC4)c3n2)CC1,MAPK8,COC(=O)c1c(CNC(=O)c2cccc(F)c2)c(=O)c2ccc(Cl)cc2n1-c1ccccc1,6.41,7.89,=,=
CCNC(=O)c1c(OC)cc(-n2cnc3cc(-c4cnn(CCOC)c4)ccc32)cc1OC,SIK3,NC(=O)Nc1cc(-c2cccc(F)c2)sc1C(=O)N[C@H]1CCCNC1,8.17,7.37,=,=
COc1ccc(-c2cnn3c(N)c(-c4nccs4)c(OC4CCN(C)CC4)nc23)cc1OC,BLK,CN1CCN(C(C)(C)/C=C(\C#N)C(=O)N2CCC[C@@H](n3nc(-c4ccc(Oc5ccccc5)cc4F)c4c(N)ncnc43)C2)CC1,5.09,9.3,=,=
Cc1ccc(O)c(C)c1-n1c(N)c2c3c(ncnc31)-c1ccccc1NC2=O,PKMYT1,Cc1ccc(O)c(C)c1-n1c(N)c(C(N)=O)c2c(=O)n(CC(F)F)c(C)nc21,8.06,8.64,=,=
CS(=O)(=O)Nc1ccc(-c2ccc3[nH]nc(N)c3c2)cc1,PBK,O=C(N[C@H]1CCCNC1)c1ccnc2nc(-c3ccc(N4CCCC(O)C4)s3)[nH]c12,5.1,6.2,=,=
CC[C@H]1CCc2nnc(-c3cccc(N4Cc5c(cc(N6CCC[C@H]6C)nc5[C@H](C)N)C4=O)n3)n21,RPS6KA2,O=C(Nc1ccc(Cl)cc1)c1ccc2cc3n(c2c1)CCCNC3=O,8.48,6.72,=,=
CO[C@H]1/C=C\C=C(/C)C(=O)NC2=CC(=O)C(NCCCCCCCOc3ccc4c(=O)cc(N5CCOCC5)oc4c3C)=C(C[C@@H](C)C[C@H](OC)[C@H](O)[C@@H](C)/C=C(\C)[C@@H]1OC(N)=O)C2=O,PRKDC,CC(C)n1nc(-c2ccc3[nH]c(=O)ccc3c2)c2c(N)ncnc21,5.43,4.75,=,=
CN(C)CC(=O)N1CCC(c2ccc(NC(=O)c3nc(C#N)c[nH]3)c(C3=CCCCC3)c2)CC1.Cl,MARK1,COc1cc(N2CCC(N3CCN(C)CC3)CC2)ccc1Nc1ncc(Cl)c(Nc2ccccc2P(C)(C)=O)n1,5.38,6.9,=,=
CN[C@@H]1C[C@H]2O[C@@](C)([C@@H]1OC)n1c3ccccc3c3c4c(c5c6ccccc6n2c5c31)C(=O)NC4,PNCK,CC(C)(C#N)c1cc(Nc2nc(N3CCC[C@H](N)C3)ncc2C(N)=O)cc(C(C)(C)C#N)c1,8.3,7.96,=,=
Cn1cncc1C1=CN(c2ncnc3[nH]cnc23)CCS1,PRKG2,Cn1cc(C2=C(c3cn(C4CCN(Cc5ccccn5)CC4)c4ccccc34)C(=O)NC2=O)c2ccccc21,7.47,6.77,=,=
CS(=O)(=O)Nc1ccc(-c2cncc(-c3ccc4cc[nH]c4c3)c2)cc1,PIP4K2B,CC1(C)CN(c2ncc(C(=O)Nc3cccc(C(F)(F)F)c3)c(N)n2)C(=O)N1,4.54,5.55,=,=
Cn1cc(-c2ccc3[nH]c4c(c3c2)-c2nc(N)ncc2CC4)cn1,PIKFYVE,Nc1ncc2c(n1)-c1c([nH]c3ccc(CCO)cc13)CCC2,5.3,7.4,=,=
C=CC(=O)Nc1ccccc1Nc1nc(Nc2cc(C(N)=O)c(OCCCNC(=O)CCCC(=O)NCCCOCCOCCOCCCNC(=O)CCCC[C@@H]3SC[C@@H]4NC(=O)N[C@@H]43)cc2C)ncc1Cl,MAPK3,COc1cccc(N2C(=O)/C(=C/c3ccc(OCC(=O)Nc4cccc(C)c4)cc3)N=C2c2ccccc2)c1,6.52,7.7,=,=
O=C(NCCN1CCCC1)c1ccc(-c2cnc3ccc(NCC4CC4)nn23)cc1F,IKBKB,NC(=O)Nc1sc2c(c1C(N)=O)CCc1nn(C3CN(Cc4ccccc4)C3)cc1-2,6.85,5.15,=,=
O=C(c1ccc(/C=C/c2n[nH]c3ccccc23)cc1)N1CCNCC1,OXSR1,CCCS(=O)(=O)Nc1ccc(F)c(C(=O)c2c[nH]c3ncc(Cl)cc23)c1F,5.77,5.41,=,=
COc1cc(-c2cnc(Nc3cc(N4CCOCC4)nc(C)n3)s2)cc2c1C(=O)N(CC(F)(F)F)CC2,SIK3,O[C@H]1CC[C@H](Nc2ncc3nc(Nc4c(F)cc(F)cc4F)n([C@H]4CCOC4)c3n2)CC1,8.07,5.53,=,=
O=C(c1ccc(/C=C/c2n[nH]c3ccccc23)cc1)N1CCNCC1,BRSK2,C[C@@H](Oc1cc(-n2cnc3ccc(CN4CCN(C)CC4)cc32)sc1C(N)=O)c1ccccc1C(F)(F)F,5.92,5.08,=,=
CCc1ccc(-c2ccc(C(=O)NCC(=O)NC3CN(C(=O)OC(C)(C)C)Cc4ccccc43)cc2)cc1,TAOK3,CC(C)c1ccc(NC(=O)N2CCC[C@@]2(N)C(=O)NCc2ccc(Cl)c(Cl)c2)cc1,6.3,7.3,=,=
NC(=O)c1nnc(N[C@@H]2CCCC[C@@H]2N)nc1Nc1cccc2cc[nH]c12,MAP3K2,CCc1nc(C(N)=O)c(Nc2ccc(N3CCC(N4CCN(C)CC4)CC3)c(OC)c2)nc1NC1CCOCC1,6.85,6.27,=,=
CN1C(=O)c2sccc2N(C)c2nc(Nc3ccc(S(N)(=O)=O)cc3)ncc21,RIPK4,COc1cc2/c(=N/c3ccc(Br)cc3F)nc[nH]c2cc1OCC1CCN(C)CC1,6.85,6.21,=,=
Nc1nc(Nc2ccc([C@H]3CC[C@H](N4CCOCC4)CC3)cc2)nn1-c1ccccn1,PDGFRB,Cc1cc(F)c(Nc2ccnc3c2C(=O)Nc2cc(CNC4CC(F)(F)C4)ccc2N3)cc1O,6.7,8.7,=,=
CCOC(=O)C1=c2sc(=Cc3ccco3)c(=O)n2C(N)=C(C#N)C1c1ccco1,SLK,CCOC(=O)C1=C(N)n2c(sc(=Cc3cccs3)c2=O)=C(C(N)=O)C1c1cccs1,7.0,5.4,=,=
COc1cc2nccc(Oc3ccc(NC(=O)Nc4cc(C)on4)c(Cl)c3)c2cc1OC,EPHA5,Cc1ccc(F)c(NC(=O)Nc2ccc(-c3cccc4[nH]nc(N)c34)cc2)c1,6.22,5.82,=,=
Cc1nc2c(N)cc(N3CCOCC3)nn2c1Nc1cccc(C(F)(F)F)c1CN1CCC(S(C)(=O)=O)C1,PIK3C2B,Cc1nc2c(-c3ncc[nH]3)cc(N3CCOCC3)nn2c1Cc1cccc(C(F)(F)F)c1C,8.6,7.82,=,=
Cn1nc(-c2ccc(F)cc2)c(-c2ccc3nc(NC(=O)c4ccncc4)cn3n2)c1C1CCN(Cc2cocn2)CC1,CSNK1D,N#CC1(C(=O)N2CCC(n3cnc(-c4ccc(F)cc4)c3-c3ccc4nc(NC(=O)c5ccnc(F)c5)cn4n3)CC2)CC1,8.35,9.76,=,=
COC(=O)[C@@]1(O)C[C@H]2O[C@]1(C)n1c3ccccc3c3c4c(c5c6ccccc6n2c5c31)C(=O)NC4,MAP2K5,Cn1cc(-c2cnn3c(N)c(Br)c([C@@H]4CCCNC4)nc23)cn1,5.69,6.21,=,=
CN1C(=O)[C@@H](N2CCc3cn(Cc4ccccc4)nc3C2=O)COc2ccccc21,OXSR1,C[C@]12O[C@H](C[C@]1(O)CO)n1c3ccccc3c3c4c(c5c6ccccc6n2c5c31)CNC4=O,6.0,5.1,=,=
O=C(c1ccc(/C=C/c2n[nH]c3ccccc23)cc1)N1CCNCC1,SRPK2,CCc1cc2c(cc1-c1cnn(CCN(C)C)c1)C(C)(C)c1[nH]c3cc(C#N)ccc3c1C2=O,7.82,8.18,=,=
CCC1(O)CC(N)(c2ccc(-c3nc4n(c3-c3ccccc3)COc3ccncc3-4)cc2)C1,AKT2,Nc1ccc(-c2nnc(C3CCN(Cc4ccc(-c5nc6nc(N7CCN(CCO)CC7)ccc6nc5-c5ccccc5)cc4)CC3)[nH]2)cn1,8.68,6.64,=,=
CCC(=O)NN1C(=O)c2c(c3c4cccc(O)c4n(C4OC(CO)C(O)C(O)C4O)c3c3[nH]c4c(O)cccc4c23)C1=O,PRKCA,CC(C)C(CC(=O)OC[C@H](CO)OC(=O)CC(C(C)C)C(C)C)C(C)C,4.44,7.54,=,=
COC(=O)[C@]1(O)C[C@@H]2O[C@@]1(C)n1c3ccccc3c3c4c(c5c6ccccc6n2c5c31)C(=O)NC4,MYLK,COc1ccc2c(c1)c1c3c(c4c5cc(OC)ccc5n(CCC#N)c4c1n2C)C(=O)NC3=O,7.77,6.75,=,=
CNC(=O)c1c(F)cccc1Nc1nc(Nc2cc3c(cc2OC)CCN3C(=O)CN(C)C)nc2[nH]ccc12,DAPK2,CN(C)C[C@@H]1CCn2cc(c3ccccc32)C2=C(C(=O)NC2=O)c2cn(c3ccccc23)CCO1,5.96,5.58,=,=
Cc1ccc(CO)cc1N(C)c1ccnc(Nc2cc(N3CCCCC3)cc(N3CCOCC3)c2)n1,EPHB4,COc1cc2c(Nc3cc(Cl)c(Br)cc3F)ncnc2cc1OC[C@H]1CN2CCOCC2CO1,7.98,6.28,=,=
Cc1ccc(NC(=O)Nc2cc(C(F)(F)F)ccc2F)cc1Nc1ccc2c(c1)NC(=O)/C2=C\c1ccc[nH]1,TIE1,Cn1c(Nc2ccc(C(F)(F)F)cc2)nc2cc(Oc3ccnc(-c4ncc(C(F)(F)F)[nH]4)c3)ccc21,5.24,6.82,=,=
O=C(O[C@@H]1O[C@H](C(=O)O)[C@@H](O)[C@H](O)[C@H]1O)c1c[nH]c2cc(Cl)c(-c3ccc(C4(O)CCC4)cc3)cc12,PRKAB1,c1cc(N2CCOCC2)ccc1-c1cnc2c(-c3cn[nH]c3)cnn2c1,4.96,7.4,=,=
CCc1c(C)c(C#N)c2nc3ccccc3n2c1NC,HK1,Br.CC(C)(C)c1ccc(-c2csc(NNC3=NCCCCC3)n2)cc1,4.68,4.32,=,=
Cc1[nH]c2ccccc2c1-c1ncc(Nc2ccc(N3CCN(C)CC3)cn2)c2c1CNC2=O,MAP4K1,Cc1ccncc1-c1cc2cc(NC(=O)[C@H]3C[C@@H]3C#N)ncc2c(N)n1,6.26,9.04,=,=
CC1(C)CCc2c1nc1sc(C(N)=O)c(N)c1c2-c1cncs1,EEF2K,CCN(CC)C(=O)Nc1ccc2nc(-c3ccco3)c(-c3ccco3)nc2c1,6.4,5.6,=,=
Cc1cc(-c2cnc3[nH]cc(-c4ccc(C(O)C5CCN(C)C5)cc4)c3c2)ccc1N1CCN(C)CC1,MAP4K1,CC(C)c1cc(CNc2nc(Nc3cc(C4CC4)[nH]n3)cc(N3CCN(C)CC3)n2)on1,8.35,7.82,=,=
CN1C(=O)[C@@H](N2CCc3cn(CC4CCS(=O)(=O)CC4)nc3C2=O)COc2ccccc21,STK24,CNc1ncc2cc(-c3ccc(-c4cccc(C)n4)cc3Cl)c(=O)n(CCCCCO)c2n1,6.0,6.5,=,=
Nc1cc(-c2c[nH]c3ncccc23)cc(Cl)n1,PKN2,Cc1ccc(CNc2c(Nc3ccncc3)c(=O)c2=O)cc1,7.0,6.1,=,=
CC1(C(=O)N2CCC[C@@H](c3nc(-c4ccc(C(=O)Nc5cc(C(F)(F)F)ccn5)cc4)c4c(N)nccn34)C2)COC1,SRMS,CN1C(=O)[C@@H](N2CCc3c(nn(Cc4ccccc4)c3Br)C2=O)COc2ccccc21,7.5,6.0,=,=
COc1ccc(-n2ccc3c(Nc4ccc(OC)c(Cl)c4)ncnc32)cc1,PIP4K2A,Cc1ncccc1-c1cc2ncnc(Nc3ccc(N4CCCC4=O)cc3)c2s1,7.4,7.0,=,=
CN1C(=O)[C@@H](N2CCc3cn(Cc4ccccc4)nc3C2=O)COc2ccccc21,STRADA,Cc1cc(Nc2nc(N[C@@H](C)c3ncc(F)cn3)ncc2Cl)[nH]n1,6.0,6.5,=,=
OCC1(COc2cnc(-c3nn(Cc4ccccc4F)c4ccccc34)nc2Nc2ccncc2)COC1,BUB1,CC(C)N(C)CC1CC(=O)c2c([nH]c(-c3ccncc3)c2Nc2ccccc2)C1,8.48,7.64,=,=
NC(=O)CCCCCNC(=O)[C@H]1O[C@@H](n2cnc3c(N)ncnc32)[C@H](O)[C@@H]1O,PRKACA,Oc1ccc(-c2nc(-c3ccc(F)cc3)c(-c3ccncc3)[nH]2)cc1,5.12,5.88,=,=
Cc1cc(Cl)ccc1NC(=S)NNC(=O)C(O)(c1ccccc1)c1ccccc1,MAPKAPK3,N#Cc1c(O)[nH]c(=O)c2c(=N)oc3ccc(Cl)cc3c12,6.6,5.6,=,=
CC(C)Oc1cc(Nc2nc(NC(C)c3ccc(F)cn3)ncc2Cl)n[nH]1,FYN,CN(C)C(=O)c1ccc(-c2ccnc3[nH]nc(-c4ccsc4)c23)cc1,6.4,4.95,=,=
C=CC(=O)N1CC[C@]2(C1)C[C@H](n1c(NC(=O)c3ccc(-c4cnc(C)nc4)s3)nc3ccccc31)C2,TEC,C=CC(=O)N1CCC(Oc2cc3c(Nc4ccc(Cl)c(Cl)c4F)ncnc3cc2OC)CC1,8.13,7.16,=,=
CC(C)CNS(=O)(=O)c1ccc(OCC(=O)N(Cc2ccccc2)Cc2ccccc2)cc1,PDK3,CN(C)C(=O)c1ccc(N(Cc2ccc(C#N)cc2)C(=O)c2ccc(O)cc2O)cc1,5.31,6.34,=,=
Cc1cc(CN2C(=O)[C@@H](C)N(C)c3nc(Nc4cc(F)c(O)c(F)c4)ncc32)on1,VRK1,C#CCN1c2nc(Nc3cc(F)c(O)c(F)c3)ncc2N(CC)C(=O)[C@H]1C,6.9,7.21,=,=
CN1CCN(c2ccc3nc(-c4c(N)c5c(F)cccc5[nH]c4=O)[nH]c3c2)CC1,SRPK3,O=C(Nc1cc(C(F)(F)F)ccc1N1CCCCC1)c1ccncc1,6.6,6.99,=,=
CNc1ncc2cc(-c3cc(NC(=O)NCCC(C)(C)C)c(F)cc3C)c(C)nc2n1,ARAF,Cc1ccc(C(=O)Nc2ccc(Cl)c(C(F)(F)F)c2)cc1NC(=O)C1(c2ncnc3[nH]cnc23)CC1,7.36,9.0,=,=
C=CCn1c(=O)c2cnc(Nc3ccc(N4CCN(C)CC4)c4ccn(C)c34)nc2n1-c1cccc(C(C)(C)O)n1,WEE1,CC(C)n1c(=O)c2cnc(Nc3ccc4c(c3)CNCC4)nc2n1-c1cccc(C2CC2)n1,6.87,8.7,=,=
CCN(CC)CCNC(=O)c1c(C)[nH]c(/C=C2\C(=O)Nc3ccc(CCN(C)C)cc32)c1C,PRKAA2,CC(C)(C)C(=O)N1CCN(C(=O)c2ccc(C(=O)NC3CCN(Cc4ccc(C#N)cc4)CC3)nc2)CC1,6.81,6.12,=,=
Clc1cccc(CNc2[nH]nc3ncnc(Nc4cccc(Cl)c4)c23)c1,SRC,Cc1ccc(-c2cn([C@H]3CC[C@@H](N)CC3)c3ncnc(N)c23)c(F)c1,5.68,7.25,=,=
CC(C)C[C@@H]1NC(=O)[C@@H]2CSCCC(=O)N3CN(CN(C3)C(=O)CCSC[C@H](NC(=O)[C@H](C)N)C(=O)N3CCC[C@H]3C(=O)N[C@@H](CC(C)C)C(=O)N[C@@H](C(C)C)C(=O)N[C@@H](CC(N)=O)C(=O)N3CCC[C@H]3C(=O)N[C@@H](CC(C)C)C(=O)N2)C(=O)CCSC[C@@H](C(=O)N[C@@H](C)C(N)=O)NC(=O)[C@H](CCCCN)NC(=O)[C@H](Cc2c[nH]c3ccccc23)NC(=O)CNC(=O)[C@H](CO)NC(=O)[C@H]([C@@H](C)O)NC1=O,EPHA2,COc1cc2c(Nc3ccc(Br)c(Cl)c3C)ncnc2cc1OCC1CN(C)CCO1,6.94,7.3,=,=
O=C(Nc1ccc(F)cc1F)N[C@@H]1[C@H]2Oc3ccc(Oc4ncnc5[nH]cnc45)cc3[C@@H]12,BRAF,COCCOc1ccc2ncnc(Sc3cccc(NC(=O)Nc4cc(C(C)(C)C)on4)c3)c2c1,4.62,6.43,=,=
COC(=O)c1cccc(NC(=O)C2(CN)CCN(c3ncnc4[nH]cc(C)c34)CC2)c1,LIMK1,O=C(NCc1ccc(Cl)c(Cl)c1)Nc1ccc2[nH]ncc2c1,7.8,5.0,=,=
c1ccc(Nc2ccnc(Nc3ccccc3)n2)cc1,RPS6KA3,Fc1cccc(CNc2ncnc3[nH]cnc23)c1,5.5,4.4,=,=
CCc1cncc(-c2cc3c(cn2)cnn3-c2cccc(N3CCCNCC3)n2)n1,PIM3,Nc1nnc(-c2ccc3[nH]cc(-c4cccc(OC5CCC5)n4)c3c2)s1,10.72,8.53,=,=
Cc1c[nH]c2ncnc(N3CCN(C(=O)N[C@H](C)c4ccccc4)[C@@H](C)C3)c12,LIMK2,Cc1c[nH]c2ncnc(N3CCN(C(=O)N[C@@H](C)c4ccccc4)[C@@H](C)C3)c12,6.75,8.0,=,=
Cc1n[nH]c2ccc(-c3cncc(OCC(N)Cc4ccccc4)c3)cc12,MAPK13,Cc1c(F)cc(C(=O)NC2CC2)cc1-c1ccn2c(C(C)C)nnc2c1,5.3,8.52,=,=
CC1(C)CNCCN1C(=O)c1ccc(Nc2nc(C3CC3)cn3c(-c4cn[nH]c4)cnc23)c(F)c1,PTK6,CC(=O)c1ccc2[nH]c3nccc(Nc4cccc(Cl)c4)c3c2c1,8.34,7.89,=,=
CCCCCCCCCCCCC/C=C/[C@@H](O)[C@H](CO)N(C)C,SPHK2,OC[C@@H]1C[C@H](O)CCN1CCc1ccc(Nc2nc(-c3ccc4ccccc4c3)cs2)cc1,4.85,5.66,=,=
CN(C)c1ncnc2nc[nH]c12,MARK2,CO[C@@H]1[C@H](NCCOCCOCCOCCNC(=O)CCC2=[N+]3C(=Cc4c(C)cc(C)n4[B-]3(F)F)C=C2)C[C@H]2O[C@]1(C)n1c3ccccc3c3c4c(c5c6ccccc6n2c5c31)C(=O)NC4,5.1,8.22,=,=
CC(=O)c1cn(C)c2ccc(Nc3nccc(-n4cc(CN5CC(O)C5)c(C)n4)n3)cc12,SYK,Cc1cccc(C(=O)N2CCc3ccc(Nc4nc(N[C@@H]5CCCC[C@@H]5N)ncc4C(N)=O)cc3C2)c1,8.89,7.44,=,=
COc1cc2c(Oc3ccc4[nH]c(C)cc4c3F)ncnc2cc1OCCCN1CCCC1,TAOK2,CN1C(=O)c2sccc2N(C)c2nc(Nc3ccc(S(N)(=O)=O)cc3)ncc21,5.23,6.94,=,=
Cc1cc(Nc2cc(N3CCN(C)CC3)nc(C=Cc3ccccc3)n2)n[nH]1,MAP2K2,NC(=O)c1cc2c(-c3ccc(Nc4nc5ccccc5o4)cc3)cnc(N)c2s1,6.5,6.1,=,=
CCCCc1cc(=O)oc2cc(OCC(=O)N[C@@H](Cc3c[nH]c4ccc(O)cc34)C(=O)O)ccc12,PI4K2A,CC(=O)Nc1cccc(-c2cc3ncnc(N)c3cc2C(N)=O)c1,5.84,4.39,=,=
O=C(Nc1cc(Nc2c(Cl)cnc3c2OCO3)ccn1)C1CC1,ACVR1B,CN(C)CCN1CCN(C(=O)c2cc(C(C)(C)C)sc2NC(=O)Nc2cccc(Cl)c2Cl)CCC1=O,7.51,4.46,=,=
CSc1ccccc1Nc1nc(N(C)CC2CCNCC2)nc2c(NCC3CC3)ncnc12,KHK,COc1nn(-c2ccccc2)c2cc(N3CCN(C4CNC4)CC3)ccc12,7.18,5.22,=,=
CN1C/C=C/CCOc2cccc(c2)-c2ccnc(n2)Nc2cccc(c2)C1,ADCK1,O=C(Nc1nc2cccc(-c3ccc(CN4CCS(=O)(=O)CC4)cc3)n2n1)C1CC1,7.64,5.69,=,=
C[C@]12O[C@H](C[C@]1(O)CO)n1c3ccccc3c3c4c(c5c6ccccc6n2c5c31)CNC4=O,CAMK1,Cc1cc(O)ccc1-n1c2cc(Cl)ccc2c(=O)c2c(N)nc(N)nc21,6.89,5.3,=,=
O=C(O)c1ccc2noc(-c3ccc(Oc4ccccn4)cc3)c2c1,IP6K2,O=C(O)/C=C/c1ccc2noc(-c3ccc(OC(F)(F)F)cc3)c2c1,5.92,6.5,=,=
CN[C@H]1CCCN(c2ccnc3[nH]cc(-c4cncnc4)c23)C1,CDC42BPA,Cc1n[nH]c2ccc(-c3cncc(OCC(CN)Cc4ccccc4)c3)cc12,8.53,7.6,=,=
CN1C(=O)[C@@H](N2CCc3c(nn(Cc4ccccc4)c3Br)C2=O)COc2ccccc21,STK32C,CN[C@@H]1C[C@H]2O[C@@](C)([C@@H]1OC)n1c3ccccc3c3c4c(c5c6ccccc6n2c5c31)C(=O)NC4,6.0,6.51,=,=
C=CC(=O)N1CC[C@]2(C1)C[C@H](n1c(NC(=O)c3ccc(-c4cc[nH]c(=O)c4)s3)nc3cc(CO)ccc31)C2,TXK,C=CC(=O)N1CCN(C(=O)c2cc(Sc3cnc(NC(=O)C4CC4)s3)c(C)cc2OC)CC1(C)C,9.57,8.26,=,=
CN(C)C1CCN(c2ccc(Nc3ncc4c5ccncc5n([C@H]5CC[C@H](C)CC5)c4n3)nc2)CC1,FLT3,CNc1ncc2c(-c3ccc(N4CCNCC4)nc3)nn(CC3CCCC3)c2n1,8.7,7.7,=,=
C=CC(=O)N1CC[C@]2(C1)C[C@H](n1c(NC(=O)c3ccns3)nc3cc(CN[C@@H](C)C(C)(C)C)ccc31)C2,TXK,CC#CC(=O)N1CC[C@]2(C1)C[C@H](n1nc(-c3cnn(Cc4ccccc4Cl)c3)c(C(N)=O)c1N)C2,9.23,6.96,=,=
COc1cc(Nc2ncc([N+](=O)[O-])c(Nc3ccccc3C(N)=O)n2)cc(OC)c1OC,BRSK1,N#Cc1cnc(NC(=O)Nc2ccc3cc(C(=O)O)ccc3c2)cn1,6.2,5.3,=,=
COc1c(NC(=O)Nc2ccc(-c3ccc(CN4CCOCC4)nc3)c3ccccc23)cc(C(C)(C)C)cc1NS(C)(=O)=O,LYN,CCN(CC)CCCCNc1cc(-n2c(Nc3cc(NC(=O)c4cccc(C(F)(F)F)c4)ccc3C)nc3ccccc32)ncn1,5.62,6.66,=,=
COc1c(F)cc(Nc2ncc3c(n2)N(CCC(C)C)C(=O)OC3C(C)C)cc1F,RPS6KA6,CCS(=O)(=O)c1cccc(-c2cc(C(=O)NC3CCN(C)CC3)c(C)c3[nH]c4ncc(C)cc4c23)c1,4.86,6.05,=,=
O=C(Nc1ccc(OC(F)(F)Cl)cc1)c1cnc(N2C[C@@H](O)[C@@H](O)C2)c(-c2cncc(F)c2)c1,ABL1,COc1nc2cc(C(=O)Nc3ccc(OC(F)(F)Cl)cc3)cc(-c3ccn[nH]3)c2n1C(C)C,9.11,9.44,=,=
O=C(N[C@H]1C[C@@H](CO)C[C@H]1OC(=O)c1cc(O)c(C(=O)c2c(O)cccc2C(=O)O)c(O)c1)c1ccc(O)cc1,PRKCE,O=C(NC1CNCCC[C@H]1OC(=O)c1cc(O)c(C(=O)c2ncccc2C(=O)O)c(O)c1)c1ccc(O)cc1,6.58,5.09,=,=
O=C(Cc1csc(NC(=O)CSc2nc3nccnc3c(=O)n2CCc2ccccc2)n1)NCc1cccs1,PIK3C2A,Cn1c(=O)n(-c2ccc(C(C)(C)C#N)cc2)c2c3cc(-c4cnc5ccccc5c4)ccc3ncc21,7.03,7.47,=,=
CN1C(=O)[C@@H](CC2CCCC2)N(C2CCCC2)c2nc(Nc3cc(Cl)c(O)c(Cl)c3)ncc21,PIP4K2B,Cc1[nH]c(/C=C2\C(=O)Nc3ccc(F)cc32)c(C)c1C(=O)NC[C@H](O)CN1CCOCC1,7.52,6.58,=,=
CCOc1cc(-c2nncn2C)ccc1Nc1ncc2cc(C)nc(N3CC(N(C)C)C3)c2n1,TTK,COc1cc(-c2cnc(C)n2C)ccc1Nc1cc2cc(C3CC3)ccc2cn1,8.22,6.84,=,=
Nc1ncnc2c1sc1ncnc(N)c12,PHKG2,NCCNS(=O)(=O)c1cccc(C(=O)Nc2ccc(-c3n[nH]c(=O)c4ccccc34)cc2)c1,5.9,5.4,=,=
CNC(=O)[C@]1(C)CC[C@@H](Nc2ncc3c(Br)nn(-c4ccc(-c5nnc(C)s5)cc4)c3n2)C1,CDKL3,CNC(=O)c1cc(Oc2ccc(NC(=O)Nc3ccc(Cl)c(C(F)(F)F)c3)cc2)ccn1,6.84,6.31,=,=
C[C@@H](Oc1ccc2[nH]nc(/C=C/c3cnn(CCO)c3)c2c1)c1c(Cl)cncc1Cl,FGFR3,COC(=O)c1ccc2c(c1)NC(=O)/C2=C(\Nc1ccc(C(=O)NOCCN2CCC(O)CC2)cc1)c1ccccc1,8.19,7.75,=,=
CSc1cc(-c2cnc(N)c(OC(F)F)n2)nc(N2C[C@@H]3C[C@H]2CO3)n1,MAP3K13,Cc1cc(Nc2cc(N3CCN(C)CC3)nc(Sc3ccc(NC(=O)C4CC4)cc3)n2)n[nH]1,7.35,6.75,=,=
Cc1nc(N2CCN(C)CC2)ncc1Nc1nc(N)c(C(=O)c2c(Cl)cccc2Cl)s1,CDK11A,Cc1nc(N2CCC(O)CC2)ccc1Nc1nc(N)c(C(=O)c2c(Cl)cccc2Cl)s1,6.39,5.66,=,=
CN(C)CC(=O)N1CCC(c2ccc(NC(=O)c3nc(C#N)c[nH]3)c(C3=CCCCC3)c2)CC1.Cl,MAP3K15,COc1cc(N2CCC(N3CCN(C)CC3)CC2)ccc1Nc1ncc(Cl)c(Nc2ccccc2S(=O)(=O)C(C)C)n1,5.6,6.1,=,=
Cc1cnc(Nc2ccccc2)nc1Nc1cccc(NC(=O)/C=C/CN(C)C)c1,ITK,CC(C)C=C(C#N)C(=O)N1CCC[C@@H]1Cn1c(NC(=O)c2ccc(C(F)F)s2)nc2cc(CNCC(C)(C)C)ccc21,7.26,8.12,=,=
CC(C)COc1ncnc2[nH]cc(/C=C/C(=O)NC[C@@H](C)O)c12,TAB1,CC(C)(C)COc1ncnc2[nH]cc(/C=C/C(N)=O)c12,5.6,8.28,=,=
Cc1nc(Nc2n[nH]c3c2CN(C(=O)N[C@H](CN(C)C)c2ccccc2)C3(C)C)c2sccc2n1,PRKAG1,CO[C@@H]1[C@H](N(C)C(=O)c2ccccc2)C[C@H]2O[C@]1(C)n1c3ccccc3c3c4c(c5c6ccccc6n2c5c31)C(=O)NC4,8.22,5.93,=,=
CC(C)c1cnc(-c2cc(Cl)ccc2F)cc1Nc1ccncc1C(=O)NCCNC(=O)OC(C)(C)C,ACVRL1,Clc1cc(-c2cnc3c(-c4cccc5ncccc45)cnn3c2)ccc1N1CCNCC1,5.67,7.1,=,=
OC1CCC(Nc2nc(Cl)cc(-c3c[nH]c4ncccc34)n2)CC1,TSSK1A,CNS(=O)(=O)c1ccccc1Nc1nc(Nc2cc(N3CCN(C(C)=O)CC3)ccc2OC)ncc1Br,6.9,8.6,=,=
CCn1c(-c2nonc2N)nc2c(C#CC(C)(C)O)ncc(OC[C@H]3CCCNC3)c21,STK36,COc1cc(Nc2c(C#N)cnc3cc(OCCCN4CCN(C)CC4)c(OC)cc23)c(Cl)cc1Cl,5.58,6.24,=,=
COc1cc(N2CCC(N3CCN(C)CC3)CC2)ccc1Nc1ncc(Cl)c(Nc2ccccc2P(C)(C)=O)n1,FGR,CCOc1cc2ncc(C#N)c(Nc3ccc(OCc4ccccn4)c(Cl)c3)c2cc1NC(=O)/C=C/CN(C)C,6.31,5.72,=,=
COc1cc(-c2ccc3c(c2)Nc2ccc(C(=O)NCc4cccc(F)c4)cc2NC3=O)ccc1O,MAPK13,Cc1c(F)cc(C(=O)NC2CC2)cc1-c1ccn2c(C(C)(C)NS(C)(=O)=O)nnc2c1,5.5,7.77,=,=
COC(=O)c1c(Cc2ccc(S(=O)(=O)N3CCNCC3)cc2)c(=O)c2ccc(Cl)cc2n1-c1ccccc1,MAPK8,CC(C)NC(=O)N[C@H]1CC[C@H](Nc2ncc3ccc(=O)[nH]c3n2)CC1,7.52,5.7,=,=
Cc1ccc(NC(=O)c2ccc(C)c(C(F)(F)F)c2)cc1C#Cc1nn([C@H]2CC[C@H](O)CC2)c2ncnc(N)c12,EPHA7,Nc1ncc(-c2cc([C@H]3[C@@H]4CN(C5COC5)C[C@@H]43)n(CC3CC3)n2)cc1C(F)(F)F,6.84,6.18,=,=
COc1cccc(C(CCN(C)C)NC(=O)c2cccc(-c3ccc4[nH]ncc4c3)c2)c1,ROCK2,CN(C)c1ccc(C(=O)Nc2cc(Br)cc(NC(=O)COc3ccc4c(=O)ccoc4c3)c2)cc1,8.0,5.34,=,=
Cn1cc(C2=C(c3cccc(NCC(O)CO)c3)C(=O)NC2=O)c2cc(F)ccc21,CDK17,COc1cc(Nc2ncc(F)c(Nc3ccc4c(n3)NC(=O)C(C)(C)O4)n2)cc(OC)c1OC,7.16,6.48,=,=
Nc1ncnc2c1c(-c1ccc(Oc3ccccc3)cc1)cn2C[C@H]1CCCN1C[C@@H]1CO1,FGR,C[C@@H]1C[C@H]1C(=O)N1CCN(c2cnc(C#N)c(-c3cnn(C)c3)n2)C[C@H]1C,7.55,4.59,=,=
Cc1nc([C@](C)(O)CO)sc1-c1cnc(N)c(O[C@H](C)c2cc(F)ccc2-n2nccn2)c1,LTK,COc1cc(Nc2c(C#N)cnc3cc(OCCCN4CCN(C)CC4)c(OC)cc23)c(Cl)cc1Cl,8.7,5.52,=,=
O=C(Nc1nc2cc(C3(O)c4ccccc4C(=O)N3Cc3ccccc3)ccc2[nH]1)N1CCOCC1,RAF1,COCCOc1cc2c(Oc3cccc(NC(=O)Nc4cc(C(C)(C)C)on4)c3)ncnc2cc1OC,7.0,6.43,=,=
COC(=O)c1ccc2c(c1)NC(=O)/C2=C(\Nc1ccc(N(C)C(=O)CN2CCN(C)CC2)cc1)c1ccccc1,MAP3K15,CN[C@@H]1C[C@H]2O[C@@](C)([C@@H]1OC)n1c3ccccc3c3c4c(c5c6ccccc6n2c5c31)C(=O)NC4,5.85,8.6,=,=
CC(C)NC(=O)N[C@H]1CC[C@H](Nc2ncc3ccc(=O)n(C)c3n2)CC1,MAPK10,CCOC(=O)/C=C\Sc1nc(-c2ccc(F)cc2)c(-c2ccnc(Nc3ccccc3)c2)[nH]1,6.62,7.1,=,=
CC[C@@H](NC(=O)c1ccc2nc(N[C@H]3CC[C@H](O)CC3)c3nccn3c2c1)c1ccccc1,MAST3,O=C(NC1(c2ccccc2)CC1)c1ccc2nc(N[C@H]3CC[C@H](O)CC3)c3nccn3c2c1,5.85,6.62,=,=
CS(=O)(=O)NC[C@@H]1CN(c2ccnc(-c3cnc4ccc(C(F)(F)F)cn34)n2)CCO1,EIF2AK4,O=C1CCN(c2ccnc(-c3cnc4ccc(Cl)cn34)n2)CCN1,7.26,6.26,=,=
C[C@H](Nc1cc(Nc2nccc(-c3ccc(CC(=O)O)cc3)n2)ccn1)c1ccccc1,CAMK2D,CCN(CC)CCNC(=O)c1cccc(-c2cnn3ccc(-c4cccs4)nc23)c1,5.47,8.46,=,=
COC(=O)c1ccc2c(c1)NC(=O)/C2=C(\Nc1ccc(N(C)C(=O)CN2CCN(C)CC2)cc1)c1ccccc1,CDKL2,Cc1[nH]c(/C=C2\C(=O)Nc3ccc(F)cc32)c(C)c1C(=O)NC[C@H](O)CN1CCOCC1,5.89,5.41,=,=
CCS(=O)(=O)c1ccc(Cl)cc1CNC(=O)c1ccc(CN2CCC[C@H]2CN)c(C(F)(F)F)c1,DDR1,CCS(=O)(=O)c1ccc(Cl)cc1Cn1cnc2c(Cl)c(CN3CCC[C@H](NC(=O)CCN)C3)c(C(F)(F)F)cc2c1=O,7.57,7.15,=,=
Clc1ccc2[nH]c(CNc3nc(N4CCOCC4)nc4c3ncn4-c3cccnc3)nc2c1,CSNK1D,Cc1nc(-c2ccc(F)cc2)c(-c2ccc3nc(NC(=O)Nc4ccc(C#N)cc4)cn3n2)n1C,6.28,7.89,=,=
COC[C@H](NC(=O)C1(N)CCN(c2ncnc(N)c2C(N)=O)CC1)c1ccc(Cl)cc1,RPS6KB1,CN(C)CCC(Nc1ncnc2c(C(N)=O)cccc12)c1cccc(NC(O)c2cc(C3CC3)n[nH]2)c1,5.3,7.37,=,=
COc1cc(-c2cnc3c(N4CCOC(C)C4)snc3c2)ccc1N,GAK,c1cc(-c2cnc3c(N4CCOCC4)snc3c2)co1,7.34,6.7,=,=
CC1(C)C(=O)N([C@H]2CCc3c(O)cccc32)c2nc(Nc3ccccc3)ncc21,SRC,Cc1ccc(-n2nc(C(C)(C)C)cc2NC(=O)Nc2ccc(Oc3ccnc(Nc4cc(C)c5[nH]ncc5c4)n3)c3ccccc23)cc1,6.17,7.96,=,=
CN1C(=O)[C@@H](N2CCc3c(nn(Cc4ccccc4)c3Br)C2=O)COc2ccccc21,CDK3,CC(=O)N[C@@H]1CCC[C@H](C(=O)Nc2cc(-c3cnn4c3CC(C)(C)C4)c(F)cn2)C1,6.0,7.7,=,=
c1cc(-c2cnn3cc(-c4ccc(OCCN5CCCCC5)cc4)cnc23)ccn1,BMPR2,Cc1cc(Nc2cc(N3CCN(C)CC3)nc(Sc3ccc(NC(=O)C4CC4)cc3)n2)n[nH]1,7.13,5.15,=,=
Cc1c(O)cccc1-c1c(N)c(=O)[nH]c2cc(Cl)cnc12,PKMYT1,Cc1ccc(O)c(C)c1-n1c(N)c(C(N)=O)c2nc(C)c(C)nc21,7.64,8.3,=,=
CN1CCN(c2cc(-c3ccnc(Nc4cccc(S(N)(=O)=O)c4)n3)ccn2)CC1,SMG1,CCN(CC)S(=O)(=O)c1cc(Nc2nccc(-c3ccnc(-c4ccc(NC(=O)NC)cc4)c3)n2)ccc1Cl,6.51,9.96,=,=
Cc1cc(CS(=O)(=O)c2ccccc2)cc(OCc2ccc(CN3CCC[C@@H]3CO)cc2)c1,SPHK2,Cl.N=C(N)N1CCC[C@H]1c1nc(-c2ccc(Cn3cc(-c4ccccn4)nn3)cc2)no1,6.45,6.04,=,=
CN(C)C1CCC(Nc2nc(Cl)cc(-c3c[nH]c4ncccc34)n2)CC1,LTK,OCc1cc(-c2ccc3[nH]ncc3c2)on1,6.3,4.7,=,=
Cn1cccc1-c1c2c(nc3sc(C(N)=O)c(N)c13)CCCCCC2,EEF2K,O=C(O)CC(NC(=O)c1ccc(F)cc1)c1ccc(Cl)cc1Cl,6.0,4.77,=,=
Nc1nc2ccc(-c3ccccc3)cc2s1,PI4KA,COc1ccc(-c2c(C)nc3c(NCCNC(C)=O)cc(Cl)nn23)cc1S(=O)(=O)NC1CCC(N)CC1,5.6,6.18,=,=
CC1CCN(c2cc(N3CCNCC3)ccc2NC(=O)c2cc(C#N)c[nH]2)CC1,CSF1R,COc1cc(C=C(C#N)c2nc3cc(C)ccc3[nH]2)c(Br)cc1O,9.0,5.9,=,=
CC1(C)Cc2c(-c3ccncc3)c(-c3ccccn3)nn2C1,TGFBR1,Cc1cccc(/C=C\c2ccc3ncc(-c4nnn[nH]4)n3c2)n1,5.71,7.68,=,=
Cc1cccc(NC(=O)Nc2ccc(-c3cncc4c3c(N)nn4C)cc2)c1,RPS6KA4,CN(C)C[C@@H]1CCn2cc(c3ccccc32)C2=C(C(=O)NC2=O)c2cn(c3ccccc23)CCO1,6.6,5.21,=,=
CS(=O)(=O)CCCOc1cccc2c1ccn2-c1ccnc(N[C@H]2CC[C@H](C(=O)N3CC[C@@H](O)C3)CC2)n1,MAPK9,CCC(C)Nc1nnc(Sc2ncc([N+](=O)[O-])s2)s1,7.33,6.85,=,=
C[C@]12O[C@H](C[C@]1(O)CO)n1c3ccccc3c3c4c(c5c6ccccc6n2c5c31)CNC4=O,CAMK1G,Cc1cnc(Nc2ccc(OCCN3CCCC3)cc2)nc1Nc1cccc(S(=O)(=O)NC(C)(C)C)c1,6.33,5.5,=,=
CC(=O)c1c[nH]c(-c2sc(N(c3cnn(-c4ccncc4CO)c3)C3CC3)nc2C(N)=O)c1,ACVR2B,CN[C@@H]1C[C@H]2O[C@@](C)([C@@H]1OC)n1c3ccccc3c3c4c(c5c6ccccc6n2c5c31)C(=O)NC4,7.16,5.34,=,=
Cc1[nH]c(/C=C2\C(=O)Nc3ccc(F)cc32)c(C)c1C(=O)NC[C@H](O)CN1CCOCC1,MAP2K4,Fc1ccc2c(NCc3ccc4c(c3)OCO4)n[nH]c2c1,5.85,4.96,=,=
CC(C)(CO)CNc1nccc(-c2c(-c3ccc(F)cc3)nc3c(OCC(F)(F)F)nccn23)n1,MAP4K5,Cc1ccc(NC(=O)Nc2ccc(NC(=O)c3csc4ncnc(N)c34)cc2)cc1,5.5,7.0,=,=
COc1cc(Nc2ncc(F)c(Nc3ccc4c(n3)NC(=O)C(C)(C)O4)n2)cc(OC)c1OC,STK36,C[C@]12O[C@H](C[C@]1(O)CO)n1c3ccccc3c3c4c(c5c6ccccc6n2c5c31)CNC4=O,6.64,5.42,=,=
C[C@]12O[C@H](C[C@]1(O)CO)n1c3ccccc3c3c4c(c5c6ccccc6n2c5c31)CNC4=O,CHUK,Cc1ccc2[nH]c(/C=C/C(=O)c3c(-c4ccccc4)c4cc(Cl)ccc4[nH]c3=O)nc2c1,8.05,5.79,=,=
COC(=O)Nc1cc(-c2ccc(OC[C@@](C)(N)CC(C)C)c(Cl)n2)ccn1,DAPK1,O=C(/C=C/c1ccc(O)c(I)c1)c1ccc(O)cc1O,6.09,6.46,=,=
CCOc1cc2ncc(C#N)c(Nc3ccc(OCc4ncccc4C)c(C)c3)c2cc1NC(=O)CCCN(C)C,STK3,CC(C)n1nc(-c2cc3cc(O)ccc3[nH]2)c2c(N)ncnc21,6.26,5.58,=,=
Nc1ncnc2sc3c(c12)-c1ccc(NC(=O)Nc2ccccc2)cc1CC3,PLK3,C[C@@H](Oc1cc(-n2cnc3ccc(OCCCN(C)C)cc32)sc1C(N)=O)c1ccccc1Cl,6.0,6.34,=,=
COc1c(Nc2cc(NC(=O)C3CC3)ncc2-c2ncc(Cl)s2)cccc1-c1nnn(C)n1,TYK2,Fc1ccc(NC[C@H]2CC[C@H](c3nnn4cnc5[nH]ccc5c34)CC2)cc1F,9.52,6.07,=,=
O=C(c1ccc2c(c1)C(O)(C(F)(F)F)c1ccccc1-2)N1CCCCC1,PDK2,CC(=O)c1cc(-c2cnn(CCC(=O)O)c2)cc2c1-c1ccccc1C2(O)C(F)(F)F,5.4,7.32,=,=
CCC1(c2ccc(COc3cccc(CCO)c3)cc2)Oc2ccccc2-n2cccc2C1=O,ADK,OC[C@H]1O[C@@H](n2cnc3c(N4CCc5ccccc54)ncnc32)[C@H](O)[C@@H]1O,5.1,6.3,=,=
C=CC(=O)Nc1ccc(-n2nc(C(F)F)cc2-c2cnc(NC(=O)C(C)C)s2)cc1,STK32B,Oc1ccc(-c2nc(-c3ccc(F)cc3)c(-c3ccncc3)[nH]2)cc1,4.51,5.31,=,=
Cc1ccc(C(=O)Nc2cccc(C(F)(F)F)c2)cc1Nc1nc(-c2cccnc2)nc2nn(C)cc12,ERN2,C[C@]12O[C@H](C[C@]1(O)CO)n1c3ccccc3c3c4c(c5c6ccccc6n2c5c31)CNC4=O,5.87,6.54,=,=
COC(=O)c1ccc2c(c1)NC(=O)/C2=C(\Nc1ccc(N(C)C(=O)CN2CCN(C)CC2)cc1)c1ccccc1,PIP4K2B,CN(C)C/C=C/C(=O)Nc1ccc(C(=O)Nc2ccc(Nc3cc(-c4cnc5[nH]ccc5c4)ncn3)cc2)cc1,7.77,4.45,=,=
Cc1ccc(NC(=O)Nc2cc(C(F)(F)F)ccc2F)cc1Nc1ccc2c(c1)NC(=O)/C2=C\c1ccc[nH]1,TIE1,C[C@@H](Oc1cc(-c2cnn(C3CCNCC3)c2)cnc1N)c1c(Cl)ccc(F)c1Cl,5.24,6.96,=,=
C[C@@H](CN(C)C)c1ccc(-c2c(O)cc(Cl)c3[nH]c(=O)c4sccc4c23)cc1,NEK1,O=c1[nH]c2ccc(O)c(-c3ccc(S(=O)(=O)NCCCl)cc3)c2c2c1CCC2,7.37,7.89,=,=
N#Cc1cnc2c(Cl)cc(NCc3cn(Cc4ccccn4)nn3)cc2c1Nc1ccc(F)c(Cl)c1,MAP3K8,c1nc2ccc(-n3cnc4cnc5cnc(-c6cnsc6)cc5c43)cc2[nH]1,8.7,6.8,=,=
Cn1cc(-c2ccc3occ(-c4cccc(-c5cn[nH]c5)c4)c3n2)cn1,HIPK3,CN(C)CC(=O)N1CCC(c2ccc(NC(=O)c3nc(C#N)c[nH]3)c(C3=CCCCC3)c2)CC1.Cl,6.79,5.4,=,=
Cn1cc(C=C2C(=O)Nc3cccnc32)c2ccccc21,PKN2,O=[N+]([O-])c1ccc2[nH]c(-c3ccncc3)nc2c1,5.6,4.74,=,=
CCCCNC(=O)Nc1ccc(Oc2ncnc3cc(OCCCN4CCCC4)c(OC)cc23)cc1Cl,FLT4,CCn1c(N)c(C(=O)NC)c(=O)c2ccc(C#CC(C)(C)O)nc21,9.27,7.64,=,=
CC(=O)Nc1cccc(-c2cnc3ccc(-c4ccncc4)nn23)c1,FYN,CC(=O)Nc1cccc(-c2cncc(NCc3ccco3)n2)c1,6.13,4.95,=,=
COc1c(-c2nc3ccccc3[nH]2)c(O)cc2oc(C)cc(=O)c12,MAP2K2,CN1C(=O)NC(=O)C12Cc1ccc(NC(=O)CN(Cc3ccc(F)cc3)C(=O)C(C)(C)C)cc1C2,6.4,5.43,=,=
O=C(OC1CCCC1Oc1ccc(O)cc1)c1cc(O)c(C(=O)c2c(O)cccc2C(=O)O)c(O)c1,PRKCH,CN(C)CCCn1cc(C2=C(c3csc4ccccc34)C(=O)NC2=O)c2ccccc21,8.0,6.53,=,=
NC1CCCCC1Nc1nc(Cl)cc(-c2c[nH]c3ncccc23)n1,HIPK2,Cc1ccc(Nc2nc3ccc([N+](=O)[O-])cc3[nH]2)nc1,6.9,6.2,=,=
CNC(=O)c1ccccc1Nc1nc(Nc2ccc(OC(=O)CCCCC(=O)NCCCC(O)(P(=O)(O)O)P(=O)(O)O)cc2OC)ncc1Cl,PTK2B,CS(=O)(=O)c1ccccc1CNc1nc(Nc2ccc3c(c2)CC(=O)N3)ncc1C(F)(F)F,6.93,7.82,=,=
O=C(NS(=O)(=O)C1CC1)c1ccc2c(c1)[C@]1(CC[C@H](Oc3ncc(Cl)cc3Cl)CC1)C(=O)N2,IP6K1,O=C(O)c1ccc2noc(-c3ccc(-c4ccncc4)cc3)c2c1,7.18,6.77,=,=
Clc1ccc(Nc2nccc(-c3ccnc(N4CCOCC4)c3)n2)cc1,SMG1,Cc1cccc(Nc2nccc(-c3ccnc(N4CCOCC4)c3)n2)c1,6.0,6.48,=,=
COc1cc2c(cc1Nc1ncc(C(N)=O)c(Nc3ccccc3C(F)(F)F)n1)CN(C)CC2,MAP4K1,COc1ccc(-c2c[nH]c3ncc(-c4ccc(N5CCN(C)CC5)cc4)cc23)cc1OC,9.96,8.74,=,=
COCCNC(=O)c1ccc(Nc2ncc(C(F)(F)F)c(NCc3cccnc3N(C)S(C)(=O)=O)n2)cc1,PTK2,COc1cc(Nc2ncc3scc(-c4ccccn4)c3n2)cc(OC)c1OC,9.22,7.75,=,=
Cc1ccc(C(=O)Nc2cccc(C(F)(F)F)c2)cc1Nc1nc(-c2cccnc2)nc2c1cnn2C,STRADA,CN1C(=O)[C@@H](N2CCc3cn(Cc4ccccc4)nc3C2=O)COc2ccccc21,7.7,6.0,=,=
CO[C@H]1CCC[C@@H](NC2=N/C(=C\c3ccc4ncsc4c3)C(=O)N2)CC1,CLK1,CN1CCN(c2cnc(NC3=N/C(=C\c4ccc5ncsc5c4)C(=O)N3)nc2)CC1,7.5,6.43,=,=
CC(C)Cc1nc(Nc2ccc(N3CCOCC3)c(Cl)c2)nc2[nH]ccc12,MST1R,Nc1cc(=O)[nH]n1-c1ccccn1,6.0,4.3,=,=
Nc1ncnc2c1c(-c1cccc(OCCO)c1)cn2[C@H]1C[C@@H](CN2CCC2)C1,IGF1R,CN1CCN([C@H]2C[C@@H](c3nc(-c4ccc5ccc(-c6ccccc6)nc5c4)c4c(N)nccn43)C2)CC1,5.1,7.53,=,=
COCc1cc(O)c(O)c(O)c1-c1c(COC)cc(O)c(O)c1O.Cl,MYLK,Cc1[nH]c(/C=C2\C(=O)Nc3ccc(F)cc32)c(C)c1C(=O)NC[C@H](O)CN1CCOCC1,4.75,6.44,=,=
C[C@H]1COCCN1C(=O)[C@H]1CCc2c(sc3ncnc(Nc4ccn5nccc5c4)c23)C1,MKNK1,Cc1cc(Nc2ncnc3cc(F)ccc23)c(=O)n2c1C(=O)NC21CCCCC1,7.19,7.6,=,=
[2H]C([2H])([2H])Nc1nc(-c2cc(C(=O)N3CCN(Cc4ccc(Cl)cc4)CC3)c(Cl)cn2)cs1,WNK1,COc1cccc(-c2cc(-n3cc(CNCC(C)C)c4ccccc43)c(C)cn2)c1,7.22,6.44,=,=
N#Cc1ccc2ccc(=O)n(CC(=O)Nc3scc(Br)c3-c3ncn[nH]3)c2c1,MAPK9,CS(=O)(=O)CCCOc1cccc2c1ccn2-c1ccnc(N[C@H]2CC[C@H](C(=O)N3CC[C@@H](O)C3)CC2)n1,8.0,7.33,=,=
N#Cc1cnc2ccc(NC(=O)C3CSSC3)cc2c1Nc1ccc(OCc2cccc(F)c2)c(Cl)c1,ERBB4,O=C(/C=C/CN1CCCC1)Nc1cc2c(Nc3ccc(Cc4ccccn4)cc3)ncnc2cn1,6.4,8.4,=,=
Nc1ncc(-c2c(F)cccc2F)nc1C(=O)Nc1cnc2c(c1N1CCC[C@H](N)C1)CC[C@@H]2O,PIM2,C#Cc1ccc2sc3c(=O)[nH]c(CN(C)C)nc3c2c1,6.26,7.52,=,=
CC(C)(C)c1cc(NC(=O)Nc2ccc(Oc3ccnc(Nc4ccc(SCCO)cc4)n3)c3ccccc23)n(-c2ccc(P(C)(C)=O)cc2)n1,GSK3A,N#Cc1ccc(Nc2nccc(C(=O)Nc3cnccc3-c3ccc(F)cc3)n2)cc1,6.78,9.6,=,=
O=c1[nH]c(=O)n(C2O[C@H](CO)[C@@H](O)[C@@H]2O)cc1/C=C\Br,TK2,Cc1cn(CCCCCCOC(c2ccccc2)(c2ccccc2)c2ccccc2)c(=O)[nH]c1=O,4.37,6.3,=,=
O=C(O)Cc1ccc(-n2cccc2)cc1,GRK2,Cc1ccc(NCC(=O)N/N=C/c2c(Cl)cncc2Cl)cc1,4.96,6.0,=,=
CC[S@@](C)(=O)=Nc1cc(N2CCOC[C@H]2C)nc(-c2ccnc3[nH]ccc23)n1,ATR,Nc1nn2cc(Cl)cnc2c1C(=O)Nc1cncc(F)c1N1CCN(C2COC2)CC1,7.68,6.3,=,=
NC(=O)Cn1cc(-c2cc(-c3cc4ccccc4s3)c3[nH]ncc3c2)c2nc(N)ncc21,PRKX,NCCCOc1cc2c(c(-c3ccc(Nc4nc5ccc(Cl)cc5o4)cc3)c1)CNC2=O,7.4,6.2,=,=
CC(C)c1[nH]c(-c2ccncc2)cc1C(N)=O,CDC7,Nc1nccc(-n2cc(C3=CCOCC3)c3cnccc32)n1,6.33,6.8,=,=
C=CC(=O)N1CCC=C(c2ccc(C(C)C(=O)Nc3cc(C4CC4)[nH]n3)cc2F)C1,CDK13,COc1cc2c(Oc3ccc(NC(=O)C4(C(=O)Nc5ccc(F)cc5)CC4)cc3F)ccnc2cc1OCCCN1CCOCC1,7.06,6.68,=,=
O=C(O)c1ccc2cc3nc(-c4cccs4)c(-c4cccs4)nc3cc2c1,RPS6KB2,c1csc(-c2nc3cc4ccccc4cc3nc2-c2cccs2)c1,7.4,5.87,=,=
O=C1Nc2ccc(C(=O)c3ccccc3)cc2/C1=C/c1ccc[nH]1,TLK2,O=C1Nc2ccc(NC(=O)c3cc4sccc4s3)cc2/C1=C/c1cnc[nH]1,6.06,7.33,=,=
Cc1cnc2nc1Nc1cc([nH]n1)C(=O)NCCc1ccc(cc1)N2,STK26,CCN(CC)CCNC(=O)c1c(C)[nH]c(/C=C2\C(=O)Nc3ccc(F)cc32)c1C,4.41,6.47,=,=
O=C1NC(NC(CF)c2ccccc2)=N/C1=C\c1ccc2ncsc2c1,DYRK2,CCOC(=O)c1cccc(-c2cnc3ccc(N[C@@H](CC)CO)nn23)c1,6.28,7.32,=,=
Cc1[nH]c(/C=C2\C(=O)Nc3ccc(F)cc32)c(C)c1C(=O)NC[C@H](O)CN1CCOCC1,STK35,COC(=O)c1ccc2c(c1)NC(=O)/C2=C(\Nc1ccc(N(C)C(=O)CN2CCN(C)CC2)cc1)c1ccccc1,8.09,6.09,=,=
CCS(=O)(=O)c1cccc(-c2cc(C(=O)NC3CCN(C)CC3)c(C)c3[nH]c4ncc(C)cc4c23)c1,EPHB3,Cc1cccn2ncc(C(=O)Nc3ccccc3Cl)c12,5.63,4.82,=,=
Cc1n[nH]c2ccc(-c3cncc(OCC(N)Cc4cccc(OC(F)(F)F)c4)c3)cc12,NEK4,CC1=NN(c2cccc(Br)c2)C(=O)C1=Cc1c(C)c(C#N)c2nc3ccccc3n2c1O,6.6,5.5,=,=
CC(C)(CN)c1ccc(-c2c(O)cc(Cl)c3[nH]c(=O)c4sccc4c23)cc1,NEK1,COc1cc(F)c2[nH]c(=O)c3sccc3c2c1-c1ccc(CN)cc1,7.12,7.58,=,=
Cc1ccc(-n2nc(C(C)(C)C)cc2NC(=O)Nc2ccc(OCCc3ccncc3)c3ccccc23)cc1,MAPK12,COc1cc(C=C2SC(=Nc3ccccc3)NC2=O)ccc1O,6.67,5.2,=,=
Cc1ccc(-n2nc(C(C)(C)C)cc2NC(=O)Nc2ccc(Oc3ccnc(Nc4cc(C)c5[nH]ncc5c4)n3)c3ccccc23)cc1,SRC,BrC(Cn1ncc2c(N3CCCCC3)ncnc21)c1ccccc1,7.96,5.8,=,=
O=C(Nc1ccc(Oc2ccc3ccccc3c2Br)c(Cl)c1)c1cc([N+](=O)[O-])ccc1O,STK39,O=C(Nc1ccc(Oc2ccc3c(c2)CCCC3)c(Cl)c1)c1cc(Cl)cc(Cl)c1O,6.96,5.55,=,=
Cc1cnc(Nc2ccc(OCCN3CCCC3)cc2)nc1Nc1cccc(S(=O)(=O)NC(C)(C)C)c1,NEK3,Cc1ccc(C(=O)Nc2cccc(C(F)(F)F)c2)cc1Nc1nc(-c2cccnc2)nc2c1cnn2C,6.19,5.45,=,=
c1ccc2c(-c3cnn4cc(-c5ccc(N6CCNCC6)cc5)cnc34)ccnc2c1,ACVR2A,C[C@]12O[C@H](C[C@]1(O)CO)n1c3ccccc3c3c4c(c5c6ccccc6n2c5c31)CNC4=O,5.03,5.6,=,=
Cc1nc(Nc2n[nH]c3c2CN(C(=O)N[C@H](CN(C)C)c2ccccc2)C3(C)C)c2sccc2n1,PAK3,Cn1cc(C2=C(c3cn(C4CCN(Cc5ccccn5)CC4)c4ccccc34)C(=O)NC2=O)c2ccccc21,7.0,5.37,=,=
C[C@@H]1CCN(C(=O)CC#N)C[C@@H]1N(C)c1ncnc2[nH]ccc12.O=C(O)CC(O)(CC(=O)O)C(=O)O,DMPK,CC[C@@H]1C(=O)N(C)c2cnc(Nc3ccc(C(=O)NC4CCN(C)CC4)cc3OC)nc2N1C1CCCC1,5.92,5.54,=,=
NC(=O)c1ccc(-c2c[nH]c3nccc(Cl)c23)cc1,DYRK1B,C=CCN(C)C(=O)c1cnc2[nH]cc(-c3cc(F)c4nccc(-c5cccnc5)c4c3)c2c1,8.4,8.0,=,=
CO[C@@H]1[C@H](N(C)C(=O)c2ccccc2)C[C@H]2O[C@]1(C)n1c3ccccc3c3c4c(c5c6ccccc6n2c5c31)C(=O)NC4,CAMK1G,CCN(CC)CCCC(C)Nc1nc(/C=C/c2cc(OC)c(OC)cc2Cl)nc2cc(Cl)ccc12,5.75,5.32,=,=
CNc1ccc(S(=O)(=O)NC)cc1Nc1ncnc2[nH]ccc12,TNNI3K,CNS(=O)(=O)c1cccc(Nc2cc(N(C)c3cccc(C)c3)ncn2)c1,5.2,5.7,=,=
Cc1n[nH]c2ccc(-c3cncc(OCC(N)Cc4ccc(Cl)c(Cl)c4)c3)cc12,HIPK2,COc1cc(Nc2ncc(F)c(Nc3ccc4c(n3)NC(=O)C(C)(C)O4)n2)cc(OC)c1OC,6.9,6.01,=,=
NCCCNc1nc(Nc2ccc3c(c2)CCCN3S(=O)(=O)C2CC2)ncc1C(F)(F)F,CHEK1,c1cc(-c2cnc3ncc(-c4cn[nH]c4)cn23)ccc1CN1CCOCC1,7.02,4.66,=,=
CS(=O)(=O)CCCOc1cccc2c1ccn2-c1ccnc(N[C@H]2CC[C@H](C(=O)N3CC[C@@H](O)C3)CC2)n1,MAPK9,O=C(Nc1cnn(-c2cccc(NCC3CC3)c2)c1)Nc1cccc2ccccc12,7.33,6.14,=,=
CN1C(=O)[C@@H](N2CCc3cn(CC4CCS(=O)(=O)CC4)nc3C2=O)COc2ccccc21,MUSK,O=C(c1ccc(/C=C/c2n[nH]c3ccccc23)cc1)N1CCNCC1,6.0,6.7,=,=
Cc1ccc(C(=O)Nc2cccc(C(F)(F)F)c2)cc1Nc1nc(-c2cccnc2)nc2c1cnn2C,MARK3,CC(=O)N1CCC(N2C(=O)C(C)(C)c3cnc(Nc4ccc(F)cc4)nc32)CC1,4.83,5.55,=,=
CCCOc1ncnc2[nH]cc(/C=C/C(N)=O)c12,TAB1,CC(C)COc1ncnc2[nH]cc(/C=C/C#N)c12,7.72,6.68,=,=
COC(=O)Nc1ccc(-c2c(OC3CCN(C)CC3)nc3c(-c4ccc(OC)c(OC)c4)cnn3c2N)cc1,PDGFRB,CCN1CCC(Oc2ccc(C(=O)Nc3ccc(NC(=O)Nc4cc(C(C)(C)C)on4)cc3)nc2)CC1,7.66,8.89,=,=
NC(=O)c1ccc(-c2nc(-c3ccccn3)c(-c3ccc4c(c3)OCO4)[nH]2)cc1,CSNK1A1L,CN1C(=O)[C@@H](N2CCc3cn(Cc4ccccc4)nc3C2=O)COc2ccccc21,5.23,6.0,=,=
CNC(=O)/C=C/c1c[nH]c2ncnc(OCC(C)C)c12,TAB1,COC(=O)/C=C/c1c[nH]c2ncnc(OCC(C)C)c12,7.39,6.7,=,=
CN1CN[C@@H]2CN(c3ccnc4[nH]cc(-c5cncnc5)c34)CC[C@@H]21,CDC42BPB,Cn1nccc1-c1c[nH]c2nccc(N3CCCCC3)c12,8.51,6.09,=,=
Cc1[nH]c(/C=C2\C(=O)Nc3ccc(F)cc32)c(C)c1C(=O)NC[C@H](O)CN1CCOCC1,CSNK1A1L,Cc1n[nH]c2ccc(-c3cncc(OC[C@@H](N)Cc4ccccc4)c3)cc12,5.82,5.34,=,=
Fc1ccc(-c2nc3sccn3c2-c2ccncc2)cc1,PRKD3,NC(=O)c1cc(-c2ccnc(N)n2)[nH]c1-c1ccc(Cl)cc1F,5.9,7.1,=,=
CN1C(=O)[C@@H](N2CCc3c(nn(Cc4ccccc4)c3Br)C2=O)COc2ccccc21,MAPK4,Cn1cc(C2=C(c3cccc(NCC(O)CO)c3)C(=O)NC2=O)c2cc(F)ccc21,6.0,4.4,=,=
CN(C)C(=O)Cn1c(N)c(C#N)c2cc(Oc3ccc(NC(=O)CN)cc3)ccc21,PFKFB1,CCn1cc(C#N)c2cc(Oc3ccc(N(C)C(=O)[C@@H]4CCCN4)cc3)ccc21,5.6,4.14,=,=
COCC1CCCN1Cc1cnc(Cl)nc1Oc1ccc2c(ccc3sc4c(c32)NC[C@@H](C)NC4=O)n1,MAPKAPK2,CC(C)(C)CN1CCC(NC(=O)c2csc(NC(=O)c3ccc4cc5n(c4c3)C(C)(C)CNC5=O)n2)CC1,6.52,8.7,=,=
COc1ccc(Cn2ccc3c(Nc4cc(-c5cc(Cl)ccc5F)ncc4C(C)C)ncnc32)cc1,ACVRL1,CC(C)n1cc(-c2cncc(-c3cc4c(cc3F)N(C)C(=O)C4)c2)ccc1=O,5.71,6.11,=,=
O[C@@H]1CC[C@@H](Nc2nccc(-n3cnc4ccccc43)n2)C1,MKNK2,CCN1CCN(Cc2ccc(NC(=O)Nc3ccc(Oc4cc(NC)ncn4)cc3)cc2C(F)(F)F)CC1,7.21,8.11,=,=
Cc1cc(C(=O)O)ccc1CN1CCC[C@H](O[C@H](CO)c2cccc(C(F)(F)F)c2)[C@@H]1c1ccccc1,PRKG1,Cc1c(O)ccc2c1CCCC2=NNC(=O)Cc1cccc2ccccc12,5.39,5.9,=,=
CCCC(=O)Nc1cccc(Nc2nccc(Nc3cc(C4CC4)[nH]n3)n2)c1,YES1,CCOc1cc(N2CCN(C)CC2)ccc1Nc1ncc2cc(-c3cccc(NC(=O)c4cccc(C(F)(F)F)c4)c3)c(=O)n(C[C@H]3CCCO3)c2n1,6.33,7.38,=,=
Cc1nc(Nc2ncc(C(=O)Nc3c(C)cccc3Cl)s2)cc(N2CCN(CCO)CC2)n1.O,ABL2,NC(=O)Nc1cc(-c2cccc(F)c2)sc1C(=O)N[C@H]1CCCNC1,9.09,6.05,=,=
CN(C)Cc1ccc2ccc(Cl)c(C3=C(c4cn(C)c5ccccc45)C(=O)NC3=O)c2c1,PRKCH,NCCNc1nc(-c2ccncc2)cc2cnccc12,6.25,8.3,=,=
CN[C@@H]1C[C@H]2O[C@@](C)([C@@H]1OC)n1c3ccccc3c3c4c(c5c6ccccc6n2c5c31)C(=O)NC4,MAK,C[C@]12O[C@H](C[C@]1(O)CO)n1c3ccccc3c3c4c(c5c6ccccc6n2c5c31)CNC4=O,7.59,5.77,=,=
Cc1cccc(Cl)c1NC(=O)c1ccc2nc(NC(=O)NC3CC(C)(C)NC(C)(C)C3)sc2c1,LCK,N=c1oc2c(O)cccc2cc1C(N)=O,8.4,4.0,=,=
O=C(Nc1ccc(Br)cc1)c1cc(Br)cc(Br)c1O,ERBB2,COc1cc2c(Nc3ccc(Cl)c(Cl)c3F)ncnc2cc1O[C@@H]1C[C@H]2OC[C@H](OC)[C@H]2O1,5.22,7.3,=,=
O=C(O)c1ccc(Nc2ncc3c(n2)-c2ccc(Cl)cc2C(c2c(F)cccc2F)=NC3)cc1,STK10,COc1cc(Oc2ccnc3cc(OC)c(OC)cc23)ccc1NC(=O)NC(C)c1nccs1,5.43,7.66,=,=
CCN1CCN(Cc2ccc(NC(=O)Nc3ccc(Oc4cc(NC)ncn4)cc3)cc2C(F)(F)F)CC1,CDK17,Nc1nc(Nc2ccc(S(N)(=O)=O)cc2)nn1C(=O)c1c(F)cccc1F,7.82,6.54,=,=
COc1cc2ncnc(Nc3ccc(F)c(Cl)c3)c2cc1OCCCN1CCOCC1,CSNK1E,CCn1cnc(-c2ccc(F)cc2)c1-c1ccc2nc(NC(=O)c3ccnc(F)c3)cn2n1,6.37,8.81,=,=
c1cncc(-c2ccc3[nH]cc(-c4ccc(N5CCNCC5)cc4)c3c2)c1,PIM3,COCCOc1cc(F)c(-c2nc(C(=O)Nc3cnccc3[C@H]3C[C@@H](N)[C@H](OC)[C@@H](C)C3)ccc2F)c(F)c1,6.31,8.7,=,=
ON=C(c1nc2ccccc2[nH]1)c1nc2ccccc2[nH]1,CDK7,CC(C)S(=O)(=O)c1ccccc1Nc1nc(N[C@H]2CC[C@H](N)CC2)ncc1Br,5.5,8.11,=,=
CCN1C(=O)C(C)(C)c2cc3[nH]c4c(c3cc21)CCCc1c(C)n[nH]c1-4,CHEK1,O=C(Nc1ccc(O)cc1)c1ccc2c(-c3nc4cc(C(F)(F)F)ccc4[nH]3)n[nH]c2c1,7.07,6.0,=,=
C[C@@H](c1ccccc1)N1CCc2c([nH]c3ccc(Br)cc23)-c2c(I)ccnc21,ALK,Cc1cc(Nc2ncc(Cl)c(Nc3ccccc3S(=O)(=O)C(C)C)n2)c(OC(C)C)cc1C1CCN(C[C@H](O)C(F)(F)F)CC1,5.08,7.37,=,=
Cc1cc(Nc2nc(CCN)cn3c(-c4cn[nH]c4)cnc23)sn1,AURKB,C=CC(=O)NC1CCN(S(=O)(=O)c2cccc(Nc3ncc4c(n3)N(C)c3ccc(C)cc3C(=O)N4C)c2)CC1,7.48,6.2,=,=
CC(C)(C)c1n[nH]c2c1C(c1ccccc1F)C(C#N)=C(N)O2,PBK,O=C(N[C@H]1CCCNC1)c1ccc(O)c2[nH]c(-c3cccs3)nc12,5.7,7.07,=,=
Cc1c2cc(cc1C(=O)Nc1cc(CN3CCN(C)CC3)cc(C3CC3)c1)OCCCCCCCNC(=O)c1ccc3ncc(n3n1)C#C2,EPHA5,CO[C@@H](C(=O)N1Cc2[nH]nc(NC(=O)c3ccc(N4CCN(C)CC4)cc3)c2C1)c1ccccc1,7.64,7.06,=,=
CN1CCN(c2nc(-c3ccncc3)nc3sc4c(c23)CCCC4)CC1,PRKCZ,c1ccc2ncc(-c3cncc4ccc(O[C@H]5CCNC5)cc34)cc2c1,5.43,5.97,=,=
Cc1cn(-c2cc(NC(=O)c3ccc4c(c3)C[C@H](N(C)c3cncnc3)C4)cc(C(C)(C)C)c2)cn1,DDR2,CCN(CCO)CCCOc1ccc2c(Nc3cc(CC(=O)Nc4cccc(F)c4)[nH]n3)ncnc2c1,6.99,5.18,=,=
O=C(O)c1ccc(Nc2ncc3c(n2)-c2ccc(Cl)cc2C(c2c(F)cccc2F)=NC3)cc1,STK10,CC(=O)c1cnc2ccc(-c3cc(Cl)c(O)c(Cl)c3)nc2c1N[C@H]1CC[C@H](CN(C)C)CC1,5.43,7.85,=,=
C[C@]12O[C@H](C[C@]1(O)CO)n1c3ccccc3c3c4c(c5c6ccccc6n2c5c31)CNC4=O,CDKL3,COC[C@@H](CC(C)C)NC1=N/C(=C\c2ccc3ncsc3c2)C(=O)N1,6.37,9.3,=,=
COc1cc2ncnc(Nc3ccc(F)c(Cl)c3)c2cc1OCCCN1CCOCC1,MYLK2,COC(=O)c1ccc2c(c1)NC(=O)/C2=C(\Nc1ccc(N(C)C(=O)CN2CCN(C)CC2)cc1)c1ccccc1,5.72,5.4,=,=
COc1cc2c3c(oc2c(C=O)c1OC)CC[C@H]1C(C)(C)CCC[C@]31C,PIK3CA,CCc1ncnc(-c2cc(Cl)c(C(=O)N3CCC4(CC3)CN(C)C4)c(Cl)c2)c1C#Cc1ccc(N)nc1,5.29,5.66,=,=
COc1cc(-c2cnc(Nc3cc(N4CCN(CCO)CC4)nc(C)n3)s2)cc2c1C(=O)N(CC(F)(F)F)CC2,SIK3,COc1cc(-c2cc(-c3cnn(CC4COC4)c3)cnc2N)cc2c1C(=O)N(CC(F)(F)F)CC2,8.19,7.75,=,=
O=C(NC1CCNCC1)c1n[nH]cc1NC(=O)c1c(Cl)cccc1Cl,ICK,COC(=O)c1ccc2c(c1)NC(=O)/C2=C(\Nc1ccc(N(C)C(=O)CN2CCN(C)CC2)cc1)c1ccccc1,8.08,5.77,=,=
CS(=O)(=O)N1CCN(Cc2cc3nc(-c4cccc5[nH]ncc45)nc(N4CCOCC4)c3s2)CC1,EPHB6,CCN(CCO)CCCOc1ccc2c(Nc3cc(CC(=O)Nc4cccc(F)c4)[nH]n3)ncnc2c1,5.8,7.3,=,=
CCC(C)(C)C[C@H](c1ccc(C(=O)O)c(Oc2cccc(Cl)c2)c1)N1CCC[C@H](n2cc(C)c(=O)[nH]c2=O)C1,DTYMK,CC(C)(C)OC(=O)N1CCN(C(=O)Cn2sc3ncccc3c2=O)CC1,4.36,6.33,=,=
O=C(NCc1ccc(Cl)c(Cl)c1)Nc1ccc2[nH]ncc2c1,MARK2,COc1cccc(C(=O)Nc2cnc3[nH]cc(-c4ccccc4)c3c2)c1,5.4,5.9,=,=
Cc1cccc(-c2onc3ccc(C(=O)O)cc23)c1,IP6K3,O=C(O)c1ccc2noc(-c3ccc(Oc4ccccc4)cc3)c2c1,5.85,6.26,=,=
Cc1c[nH]c2ncnc(N3CCN(C(=O)N[C@H](C)c4ccccc4)[C@@H](C)C3)c12,LIMK2,CN(Cc1ccccc1)C(=O)c1ccc(S(=O)(=O)Nc2cccc(F)c2)cc1,6.75,7.66,=,=
COc1cc(N2CCC(N3CCN(C)CC3)CC2)ccc1Nc1ncc(Cl)c(Nc2ccccc2S(=O)(=O)C(C)C)n1,CDK17,Cn1cc(C2=C(c3cccc(NCC(O)CO)c3)C(=O)NC2=O)c2cc(F)ccc21,6.09,7.16,=,=
Cc1n[nH]c2sc(C(=O)NCCc3ccc(Cl)cc3)cc12,BRSK1,Cc1cc(C)cc(NC(=O)Nc2ccc3c(c2)CCc2sc4ncnc(N)c4c2-3)c1,5.1,5.8,=,=
CNC(=O)Nc1cc(Oc2cncc(C)c2)c([C@H]2C[C@@H](C(C)(C)O)C2)cn1,GCK,CCOC[C@H](Oc1ncnc2c1cnn2-c1ncccc1Cl)C(=O)Nc1ccccn1,7.11,6.3,=,=
CC(C)Oc1ccc2c(c1)CCc1c-2c2c(c3c4ccccc4n(CCO)c13)CNC2=O,MAP3K10,N#Cc1ccnc(Nc2cc(C3CCN(C4COC4)CC3)cc(N3CCC(F)(F)C3)n2)c1,5.73,6.12,=,=
COc1cc2c(cc1OCC1CCN(C)CC1)ncc1c(N)nc(-c3ccncc3)cc12,PDPK1,O=C(Nc1csc2c(=O)[nH]cnc12)c1ccccc1,5.16,4.02,=,=
O=C(O)c1ccc2noc(-c3ccc(Cc4ccccc4)cc3)c2c1,IP6K2,O=c1[nH]cnc2ccc(CCc3ccccc3)cc12,7.19,4.29,=,=
CCc1nc(C(N)=O)c(Nc2ccc(N3CCC(N4CCN(C)CC4)CC3)c(OC)c2)nc1NC1CCOCC1,MAP2K5,OCCn1cc(-c2ccc3c(c2)CC/C3=N\O)c(-c2ccncc2)n1,5.69,5.29,=,=
Nc1nc(Nc2ccc(S(N)(=O)=O)cc2)nn1C(=O)c1c(F)cccc1F,BRSK2,Nc1ncnc2[nH]nc(Nc3ccc(F)cc3)c12,5.57,5.96,=,=
C[C@H]1O[C@@H](n2cc(-c3ccccc3)c3c(NCc4ccccc4)ncnc32)[C@H](O)[C@@H]1O,ADK,Nc1ncnc(C#Cc2ccc(N3CCOCC3)nc2)c1-c1ccsc1,7.52,7.04,=,=
CC1CCNC(=O)c2cc3ccc(C(=O)Nc4nc5ccccc5n4C)cc3n21,RPS6KA2,CC[C@H]1CCc2nnc(-c3cccc(N4Cc5c(cc(N6CCC[C@H]6C)nc5[C@H](C)N)C4=O)n3)n21,8.8,8.48,=,=
Cc1cccc(NC(=O)Nc2ccc(-c3csc4c(C#CCN(C)C)cnc(N)c34)cc2)c1,FER,Cc1ccc(NC(=O)Nc2ccc(-c3csc4ncnc(N)c34)cc2)cc1C,6.6,6.1,=,=
COc1cc2c(Oc3ccc(NC(=O)C4(C(=O)Nc5ccc(F)cc5)CC4)cc3F)ccnc2cc1OCCCN1CCOCC1,MYO3A,C[C@]12O[C@H](C[C@]1(O)CO)n1c3ccccc3c3c4c(c5c6ccccc6n2c5c31)CNC4=O,5.55,6.58,=,=
O=C1NC(N[C@@H]2CCCC[C@H](O)C2)=N/C1=C\c1ccc2ncsc2c1,CLK2,O=C1NC(NC2CCCCC(F)(F)C2)=N/C1=C\c1ccc2ncsc2c1,7.5,8.3,=,=
CC1(C)C(=O)N([C@H]2CCc3c(O)cccc32)c2nc(S(C)(=O)=O)ncc21,NUAK2,CO[C@@H](C(=O)N1Cc2[nH]nc(NC(=O)c3ccc(N4CCN(C)CC4)cc3)c2C1)c1ccccc1,6.92,7.6,=,=
Nc1ncc2cccc(-c3ccccc3)n12,LTK,COc1ccc(C2=NNc3cccc4c(OC)ccc2c34)cc1OC,4.2,7.6,=,=
CC(C)(C)C(=O)N1N=CCC1c1ccncc1,RIPK1,O=S(=O)(c1nc2n(n1)[C@H](c1ccccc1Cl)CC2)C(F)F,6.65,7.25,=,=
O=c1[nH]cnc2ccc(/C=C/c3ccc(F)cc3)cc12,IP6K3,O=C(O)c1ccc2noc(-c3ccc(-c4cccnc4)cc3)c2c1,5.57,6.21,=,=
c1cc2c(ncc3onc(C4CCCCC4)c32)[nH]1,JAK2,CNC1CCN(c2ccc(Nc3ncc4scc(-c5cccc(NS(=O)(=O)C(C)(C)C)c5)c4n3)cc2F)CC1,6.66,8.7,=,=
COc1cc(OCc2ccnc(Nc3cnn(C)c3)n2)cc2sc(N[C@H]3CCCC[C@@H]3O)nc12,CSF1R,Cc1ccc(NC(=O)Nc2nnc(Sc3ncnc4cc(OCCCN5CCOCC5)ccc34)s2)cc1,8.77,5.55,=,=
CC(C)(O)C#Cc1ccc2c(c1)-c1nc(C(N)=O)sc1CCO2,MAP3K14,C[C@]1(CO)CNc2c(C#N)cc(-c3ccnc(Nc4cnn5c4COCC5)n3)cc21,7.52,8.82,=,=
Cc1[nH]c(/C=C2\C(=O)Nc3ccc(F)cc32)c(C)c1C(=O)NCCN,PRKAA1,O=C(Nc1cnccn1)Nc1cccc2c(O)cccc12,6.41,5.7,=,=
Nc1ncnc2c1sc1nc3c(c(-c4ccc(Cl)cc4)c12)CCCCCCC3,EEF2K,Cc1cc(-c2c3c(nc4sc(C(N)=O)c(N)c24)CCCCCC3)oc1C,6.96,5.96,=,=
Oc1ccc(-c2n[nH]c(Nc3cccc(Cl)c3)c2-c2ccc(O)cc2)cc1,PRKD2,CN(c1ncccc1CNc1nc(Nc2ccc3c(c2)CC(=O)N3)ncc1C(F)(F)F)S(C)(=O)=O,5.3,5.79,=,=
N#CC[C@H](C1CCCC1)n1cc(-c2ncnc3[nH]ccc23)cn1,CAMK4,Cc1cc(Nc2ncc(Cl)c(Nc3ccccc3S(=O)(=O)C(C)C)n2)c(OC(C)C)cc1C1CCNCC1,6.71,6.2,=,=
CC(C)Nc1nc(Nc2cnn(C3CCCCC3)c2)nc2ccn(-c3cnn(C)c3)c12,IRAK4,CC(C)(O)[C@H](F)CNC(=O)c1cnc(Nc2nc3scnc3cc2F)cc1NC1CCOCC1F,6.26,8.47,=,=
CCNCc1cncc(-c2ccc3[nH]nc(-c4nc5ccccc5[nH]4)c3c2)c1Cl,MAP3K8,N#Cc1cnc2c(Cl)cc(NCc3cn(Cc4ccccn4)nn3)cc2c1Nc1ccc(F)c(Cl)c1,5.03,8.7,=,=
O=c1[nH]c(CN2CC[C@H](O)C2)nc2c1oc1cc(O)c(Br)cc12,CDC7,O=C(O)C1CCN(Cc2nc3c(oc4ccc(Br)cc43)c(=O)[nH]2)C1,6.0,7.89,=,=
COc1cc(N2CCC(N3CCN(C)CC3)CC2)ccc1Nc1ncc(Cl)c(Nc2ccccc2S(=O)(=O)C(C)C)n1,MAP2K6,Cc1ccc(C(=O)Nc2cccc(C(F)(F)F)c2)cc1Nc1nc(-c2cccnc2)nc2c1cnn2C,5.7,7.43,=,=
Cc1cc(Nc2cc(N3CCN(C)CC3)nc(Sc3ccc(NC(=O)C4CC4)cc3)n2)n[nH]1,STK38L,O=C(c1ccc(/C=C/c2n[nH]c3ccccc23)cc1)N1CCNCC1,5.16,5.96,=,=
CCN1CCN(c2ccc(Nc3nccc(-c4c(-c5cccc(C(=O)Nc6ccccc6F)c5)nc5ccccn45)n3)cc2)CC1,CAMK2B,CO[C@@H]1[C@H](N(C)CCOCCOCCOCCNC(=O)CCC2=[N+]3C(=Cc4c(C)cc(C)n4[B-]3(F)F)C=C2)C[C@H]2O[C@]1(C)n1c3ccccc3c3c4c(c5c6ccccc6n2c5c31)C(=O)NC4,5.6,7.92,=,=
CNc1cccc2c1NC(=O)C2(C)C,PDK4,Cc1cnc(Cl)nc1-c1ccc(N(Cc2ccc(CNC(=O)C(F)F)cc2)C(=O)c2ccc(O)cc2O)cc1,4.89,7.04,=,=
CC(=O)Nc1cccc(CNc2c(Nc3ccc4[nH]ncc4c3)c(=O)c2=O)c1,DAPK3,COCc1nnn(-c2nonc2N)c1C(=O)NN=C(C)c1ccc(O)cc1O,5.9,6.8,=,=
N#Cc1ccc(-c2cc3c(o2)C(=O)N(Cc2ccccc2-c2cncnc2)c2ccc(C4CCNCC4)cc2C3(F)F)cc1,MAPKAPK2,CC(Nc1c(Nc2ccncc2)c(=O)c1=O)c1ccccc1F,8.05,5.03,=,=
COc1cc2c(Oc3ccc(NS(=O)(=O)c4c(F)cccc4F)cc3F)ccnc2cc1OCCCN1CCN(C)CC1,TNK1,C1=N/C2=N/c3ccc(OCCN4CCCC4)c(c3)COC/C=C/COCc3cccc(c3)C(=C1)N2,7.85,6.05,=,=
CC(C)n1nc(-c2cc3cc(O)ccc3[nH]2)c2c(N)ncnc21,PAK2,COCCNc1nc2ccc(C#CC3(O)CCCCC3)cc2n1-c1ccnc(N)n1,5.5,6.01,=,=
COc1cc(Nc2ncc(F)c(Nc3ccc4c(n3)NC(=O)C(C)(C)O4)n2)cc(OC)c1OC,STK11,O=C(c1ccc(/C=C/c2n[nH]c3ccccc23)cc1)N1CCNCC1,5.47,6.62,=,=
Nc1ncnc2c1sc1ncnc(N)c12,MELK,COc1ccc(C(=O)c2sc(NC(C)C)c(C#N)c2N)cc1,5.8,5.38,=,=
Clc1ccc(-c2ccc(Oc3cncc4sc(-c5nn[nH]n5)cc34)cc2)cc1,MAP3K8,C[C@@H](Nc1cc2c(Nc3ccc(F)c(Cl)c3)c(C#N)cnc2cn1)c1ccccc1,6.37,7.86,=,=
Cn1nccc1-c1nc(NC2(C)CC2)c2ccncc2n1,LATS1,CC(C)(C)Nc1cc(-c2ccnc3[nH]ccc23)nc2cnccc12,7.77,8.7,=,=
CC1(Oc2ccc3[nH]nc(-c4cc(N5CCO[C@@H](c6ccccc6)C5)ncn4)c3c2)CC1,LRRK2,Cc1c(C#N)cnc(C(=O)Nc2ccc3[nH]nc(C)c3c2)c1C,8.22,6.26,=,=
Nc1nc2c(-c3cnc4ccccc4c3)nccc2[nH]1,CDKL5,COc1cc2c(Oc3ccc(NC(=O)C4(C(=O)Nc5ccc(F)cc5)CC4)cc3F)ccnc2cc1OCCCN1CCOCC1,4.4,5.57,=,=
O=C(c1cc(Cc2n[nH]c(=O)c3c2CCCC3)ccc1F)N1CCN(c2ncccn2)CC1,MAP4K4,O=C1Nc2cc(-c3ccc(O)cc3)ccc2C1=Cc1ccc[nH]1,6.3,7.7,=,=
Brc1ccc2cc(-c3n[nH]c4cccnc34)[nH]c2c1,ITK,CC(C)C(=O)c1ccc(C(=O)/N=c2\[nH]c3cc(N(C)C(=O)c4ccccc4)ccc3n2CCC(N)=O)s1,6.64,6.97,=,=
N#CCNC(=O)c1ccc(-c2ccnc(Nc3ccc(N4CCOCC4)cc3)n2)cc1,ICK,CO[C@@H]1[C@H](N(C)C(=O)c2ccccc2)C[C@H]2O[C@]1(C)n1c3ccccc3c3c4c(c5c6ccccc6n2c5c31)C(=O)NC4,6.14,5.23,=,=
O=C(c1ccc(/C=C/c2n[nH]c3ccccc23)cc1)N1CCNCC1,STK32A,C[S+]([O-])c1ccc(-c2nc(-c3ccc(F)cc3)c(-c3ccncc3)[nH]2)cc1,5.36,5.89,=,=
NC(=O)c1ccc(-c2c[nH]c3nccc(Cl)c23)cc1,PRKX,CCC(=O)Nc1ccc(C(=O)N2CCNCC2)c(O)c1,6.7,6.2,=,=
COC(=O)c1cccc(NC(=O)C2(CN)CCN(c3ncnc4[nH]cc(C)c34)CC2)c1,LIMK1,CCCNc1ncc(-c2cc(-c3c(Cl)cc(OCCC)cc3Cl)nc(-c3cnccn3)n2)s1,7.8,6.94,=,=
COc1ccc(-c2nnc(SCC(=O)O)[nH]2)c(O)c1,GRK6,O=C(O)CSc1nnc(-c2cccc([N+](=O)[O-])c2)[nH]1,4.68,5.85,=,=
Cc1ccc2c(ccn2-c2ccnc(N)n2)c1,ROCK1,CC1=C(C(=O)Nc2ccc3[nH]ncc3c2)C(c2ccc(F)cc2)N=C(c2ccccc2)N1,5.08,6.98,=,=
CCCCCCCCCCCCc1ccc(-c2noc(C3(C(=N)N)CC3)n2)cc1,SPHK2,CCc1cc(-c2noc([C@@H]3CCCN3C(=N)N)n2)ccc1OCc1ccc(C(F)(F)F)cc1.Cl,4.26,6.84,=,=
CCC(c1ccc(C2CC2)cc1)N1C[C@H](CC)N(c2nc(=O)n(C)c3ccc(C#N)nc23)C[C@H]1CC,DGKZ,CC[C@@H]1CN(c2nc(=O)n(C)c3ccc(C(F)F)nc23)[C@@H](C)CN1C(C)c1ccc(C(F)(F)F)cc1,6.97,5.3,=,=
Cc1cnc(Nc2ccc(OCCN3CCCC3)cc2)nc1Nc1cccc(S(=O)(=O)NC(C)(C)C)c1,DSTYK,COc1ccc(F)c(F)c1C(=O)c1cnc(NC2CCN(S(C)(=O)=O)CC2)nc1N,5.77,6.11,=,=
O=C(CS(=O)(=O)c1ccc(Cl)cc1)N/N=C/c1cc(C(=O)O)c(Nc2ccc(I)cc2F)c(F)c1F,MAP3K9,COc1cc(N2CCC(N3CCN(C)CC3)CC2)ccc1Nc1ncc(Cl)c(Nc2ccccc2P(C)(C)=O)n1,5.16,6.66,=,=
CCNc1cc2c(cn1)c(-c1cnn(C)c1)nn2C1CCC(Oc2cn(C)nc2C2CC2)CC1,MERTK,CC[C@H]1C[C@@H]1Nc1ncc2c(C3CCN(C(=O)c4cc(C)nc(C)c4)CC3)cn([C@H]3CC[C@H](O)CC3)c2n1,6.96,9.05,=,=
CCCNc1ncc(-c2cc(-c3c(Cl)cc(OC4CCCC4)cc3Cl)nc(-c3cnccn3)n2)s1,LIMK2,COC(=O)Cc1cccc(NC(=O)C2(N(C)C)CCN(c3ncnc4[nH]c5c(c34)CCCC5)CC2)c1,6.09,9.1,=,=
CC1(O)CC(N)(c2ccc(-c3nc4n(c3-c3ccncc3)COc3cccc(F)c3-4)cc2)C1,AKT1,CC1=NN(c2ccc(Cl)c(Cl)c2)C(=O)C1=Cc1c(C)c(C#N)c2nc3ccccc3n2c1O,7.6,5.4,=,=
COc1cc(N2CCN(C)CC2)ccc1Nc1nc(N)c(C(=O)c2c(Cl)cccc2Cl)s1,CDK11A,CN1CCN(c2ccc(Nc3nc(N)c(C(=O)c4c(Cl)cccc4Cl)s3)cn2)CC1,5.92,7.03,=,=
CCCCCCCCc1ccc2c3c(c[nH]c13)C[C@@H](CO)NC(=O)[C@H](C(C)C)N2C,PRKCG,NC(COc1cncc(-c2ccc3c(c2)CC(=O)N3)c1)Cc1c[nH]c2ccccc12,8.92,5.7,=,=
Cc1nc2c3cccnc3nn2c(C)c1CCC(=O)Nc1ccccc1F,PANK3,CC(C)c1ccc(NC(=O)N2CCN(c3ncccc3C#N)CC2)cc1,4.87,5.96,=,=
CCNC(=O)C#Cc1ccc2c(c1)NC(=O)/C2=C(\Nc1ccc(N2CCN(C)CC2)cc1)c1ccccc1,MAP2K1,Cc1ccnc(Oc2ccc(-c3cc4c(cc3F)ncc3nc(C)n([C@H]5CCN(CC#N)CC5F)c34)c(Cl)c2)n1,8.0,8.52,=,=
COc1cc(-c2ccccc2)c(=O)c(C(C)=O)c(O)c1-c1ccccc1,HK2,O=C(N[C@H]1C(O)O[C@H](CNS(=O)(=O)c2cccc(Cl)c2Cl)[C@@H](O)[C@@H]1O)c1cccc(-c2ccccc2)c1,4.51,7.15,=,=
COc1cc2c(Oc3ccc(NS(=O)(=O)c4c(F)cccc4F)cc3F)ccnc2cc1OCCCN1CCN(C)CC1,PRKAG1,CCS(=O)(=O)c1cccc(-c2cc(C(=O)NC3CCN(C)CC3)c(C)c3[nH]c4ncc(C)cc4c23)c1,5.73,6.45,=,=
O=C(CC(F)(F)F)N1CCN(Cc2ccnc(Nc3nc4ccc(-c5cnn(CC6CC6)c5)cc4[nH]3)c2)CC1,IKBKE,COc1ccc(-c2nc3c(NCCCNC(=O)C4CC(O)C4)c(Br)cnc3[nH]2)cc1,8.15,7.34,=,=
COc1cc2ncc3c(N)nc(-c4cncc(OC[C@H](N)CC(C)C)c4)cc3c2cc1OC,PDPK1,N#Cc1ncc2nc1OCCCCCOc1cc(OCCCO)c(Cl)cc1NC(=O)N2,7.75,5.69,=,=
COc1cc(C)c(-c2cc(-c3cnc(NC(C)=O)s3)nc(-c3cnccn3)n2)c(C)c1,TESK2,Cc1nc2cc(-c3nn(C(C)C)c4ncnc(N)c34)ccc2o1,6.21,7.75,=,=
COc1ccc(-n2nc(C(C)(C)C)cc2NC(=O)Nc2ccc(Oc3ccnc(Nc4ccc(O)cc4)n3)c3ccccc23)cc1,MAPK12,Clc1cc(NC2CCCCC2)nc(-c2c[nH]c3ncccc23)n1,6.58,5.4,=,=
NCCOCCOCCOCCC(=O)NCCCn1c(=O)c2cc(F)ccc2n2c(=S)[nH]nc12,PLK1,CC[C@@H]1c2nnc(C)n2-c2cnc(Nc3ccc(C(=O)NC4CCN(C)CC4)cc3OC)nc2N1Cc1cccs1,5.3,7.15,=,=
COc1cc(Nc2c(C#N)cnc3cc(OCCCN4CCN(C)CC4)c(OC)cc23)c(Cl)cc1Cl,VRK2,CC(C)CCN1c2nc(Nc3cc(F)c(O)c(F)c3)ncc2N(C)C(=O)C1C,6.15,7.55,=,=
COc1cn2c(-n3cc(-c4cc(C(=O)NC5CC5)c(F)cc4C)cn3)cnc2cn1,RIPK2,COc1cncc(-n2cnc(-c3cc(C(=O)NC4CC4)ccc3Cl)c2)c1,8.36,7.39,=,=
Oc1ccc(Nc2[nH]nc(-c3ccc(O)cc3)c2-c2ccc(O)cc2)cc1,DAPK3,NC(=O)c1cc2ccncc2s1,6.5,5.6,=,=
CC(C)n1cc(-c2cc(-c3ccc(CN4CCOCC4)c(F)c3)cnc2N)nn1,LRRK2,C[C@@H]1CN(c2cc(-n3ncc4ccc([C@]5(C#N)CC56CC6)cc43)ncn2)C[C@H](C)N1C1COC1,6.56,9.22,=,=
Nc1n[nH]c2cccc(-c3ccc(F)cc3)c12,CAMK2A,CCN(CC)CCNC(=O)c1c(C)[nH]c(C=C2C(=O)Nc3ccc(F)cc32)c1C,4.6,6.8,=,=
N#CCNC(=O)c1ccc(-c2ccnc(Nc3ccc(N4CCOCC4)cc3)n2)cc1,ADCK1,Cc1ccc(C(=O)Nc2cccc(C(F)(F)F)c2)cc1Nc1nc(-c2cccnc2)nc2nn(C)cc12,6.66,7.24,=,=
C[S+]([O-])c1ccc(-c2nc(-c3ccc(F)cc3)c(-c3ccncc3)[nH]2)cc1,TEK,CCCn1c2ccc(N)cc2c2c3c(c4c(c21)CCc1nn(C)cc1-4)C(=O)NC3,4.7,7.44,=,=
CCN(CC)CCNC(=O)c1c(C)[nH]c(/C=C2\C(=O)Nc3ccc(F)cc32)c1C,DAPK2,CC(=O)Nc1cc(Nc2cc(NC3CC3)n3ncc(C#N)c3n2)ccc1N(C)CCN,6.82,8.0,=,=
Cc1nc(-c2cccnc2)sc1C(=O)Nc1cn2nc(-c3c(-c4ccc(F)cc4)ncn3C3CCN(C(=O)CC(F)(F)F)CC3)ccc2n1,CSNK1E,Fc1ccc(-c2nc3ccc(N4CCC(N5CCCC5)CC4)nn3c2-c2ccncc2)cc1,9.31,9.0,=,=
COc1cc(Nc2nccc(Nc3cc(C4CCCCC4)no3)n2)cc(OC)c1OC,CLK2,COc1ccc2sc(C(=O)NC(=O)c3cc(Cl)ccc3OC)cc2c1,5.5,6.31,=,=
CNc1ncc2cc(-c3ccc(-c4ncccc4Cl)cc3Cl)c(=O)n(C[C@H]3OC[C@H](N)CO3)c2n1,SIK3,C[S+]([O-])c1ccc(-c2nc(-c3ccc(F)cc3)c(-c3ccncc3)[nH]2)cc1,5.05,5.41,=,=
O=C(Nc1n[nH]c2cc(-c3cccc(CNS(=O)(=O)CC4CC4)c3)ccc12)C1CC1,STK16,CC[C@@H]1C(=O)N(C)c2cnc(Nc3ccc(C(=O)NC4CCN(C)CC4)cc3OC)nc2N1C1CCCC1,6.82,5.96,=,=
Cc1c(-c2cccc(OCc3ccccc3)c2)c2c(N)ncnc2n1C1CC(CN2CCCC2)C1,DCLK1,CN1C(=O)c2ccccc2N(C)c2nc(Nc3ccc(N4CCC(O)CC4)cc3)ncc21,5.1,6.96,=,=
C[C@@H](Oc1cc(-c2cnn(C3CCNCC3)c2)cnc1N)c1c(Cl)ccc(F)c1Cl,TESK1,CSc1cccc(Nc2ncc3cc(-c4c(Cl)cccc4Cl)c(=O)n(C)c3n2)c1,6.42,7.1,=,=
COc1ccccc1Nc1nc(Nc2ccccc2S(=O)(=O)C(C)C)c2nc[nH]c2n1,DCLK1,CNC(=O)c1c(F)cccc1Nc1nc(Nc2cc3c(cc2OC)CCN3C(=O)CN(C)C)nc2[nH]ccc12,6.77,5.39,=,=
COc1cc(Nc2ncc(F)c(Nc3ccc4c(n3)NC(=O)C(C)(C)O4)n2)cc(OC)c1OC,NEK11,CN1C(=O)[C@@H](N2CCc3c(nn(Cc4ccccc4)c3Br)C2=O)COc2ccccc21,6.77,6.0,=,=
C=CC(=O)Nc1cc(CN2CCN(CC)CC2)ccc1Nc1ncc2c(n1)N(C)C(=O)N(c1cc(OC)cc(OC)c1)C2,FGFR4,C=CC(=O)N(C)c1cc2c(cn1)CN(c1c(F)c(OC)cc(OC)c1F)C(=O)C21CC1,6.52,7.7,=,=
COc1nc(N(C)C)ccc1-c1cc2c(C(=O)O[C@@H]3O[C@H](C(=O)O)[C@@H](O)[C@H](O)[C@H]3O)c[nH]c2cc1Cl,PRKAB1,O=C(O[C@@H]1O[C@H](C(=O)O)[C@@H](O)[C@H](O)[C@H]1O)c1c[nH]c2cc(Cl)c(-c3ccc(C4(O)CCC4)cc3)cc12,4.6,4.96,=,=
c1cc(Nc2nccc(-c3cnn4ncccc34)n2)cc(-c2cocn2)c1,CDK2,COc1cc(F)ccc1-c1nc(Nc2cc(C)cc(CS(C)(=O)=NC#N)c2)ncc1F,8.52,6.66,=,=
CCC(c1ccc(OCC2CN(C)C2)cc1)N1C[C@H](C)N(c2nc(=O)n(C)c3ccc(C#N)nc23)C[C@H]1CC,DGKZ,CC[C@H]1CN(C(C)c2ccc(C(C)(C)C#N)cc2)[C@H](CC)CN1c1nc(=O)n(C)c2ccc(C#N)nc12,4.98,7.29,=,=
CC(=O)Nc1cc(CCc2ccc(NC(=O)Nc3cc(C(C)(C)C)nn3-c3ccc(F)cc3)c(F)c2)ccn1,MAPK13,O=C1NCCc2[nH]c(-c3ccncc3)cc21,6.2,7.1,=,=
CCc1nc(C(N)=O)c(Nc2ccc(N3CCC(N4CCN(C)CC4)CC3)c(OC)c2)nc1NC1CCOCC1,CIT,COc1cc(-c2ccnc3[nH]ccc23)ccc1NC(=O)[C@H](N)CC(C)C,5.63,7.4,=,=
CO[C@@H](c1ccc(-c2ccccc2)cc1)c1nc2ccc(C(=O)O)cc2[nH]1,MLKL,CN1C(=O)[C@@H](N2CCc3cn(CC4CCS(=O)(=O)CC4)nc3C2=O)COc2ccccc21,4.3,6.0,=,=
N#CC[C@H](C1CCCC1)n1cc(-c2ncnc3[nH]ccc23)cn1,NEK3,O=C(Nc1ccc(-c2ccnc(Nc3ccc(N4CCOCC4)cc3)n2)cc1)C1CCCN1,5.25,6.45,=,=
NCCCn1cc(-c2cc(-c3cc4ccccc4s3)c3[nH]ncc3c2)c2nc(N)ncc21,MAP3K20,Cc1cnc(Nc2ccc(OCCN3CCCC3)cc2)nc1Nc1cccc(S(=O)(=O)NC(C)(C)C)c1,5.6,6.19,=,=
Oc1cc(Nc2c(-c3ncccn3)oc3cnccc23)ccc1Cl,EIF2AK3,CC(C)NC(=O)c1oc2cnccc2c1Nc1ccc2c(c1)CN/C2=N\O,7.51,5.89,=,=
COC(=O)c1ccc(-c2ccc3c(c2)C(=O)N(c2cccc(-c4nncn4C(C)C)n2)C3)cc1,MAP3K5,CC(C)n1cnnc1-c1cccc(N2C(=O)c3ccc(-n4cnc(C5CC5)c4)cc3C2(C)C)n1,7.83,8.49,=,=
CSc1nn(-c2ccccn2)c(N)c1C(N)=O,SLK,Cc1cnc(Nc2ccc(OCCN3CCCC3)cc2)nc1Nc1cccc(S(=O)(=O)NC(C)(C)C)c1,5.1,6.17,=,=
COc1cc(N2CCC(N3CCN(C)CC3)CC2)ccc1Nc1ncc(Cl)c(Nc2ccccc2P(C)(C)=O)n1,INSRR,CNC(=O)c1c(F)cccc1Nc1nc(Nc2cc3c(cc2OC)CCN3C(=O)CN(C)C)nc2[nH]ccc12,7.35,8.07,=,=
O=C(CNc1cccc(F)c1)N/N=C/c1ccncc1,GRK3,C/C(=N\NC(=O)CNc1cccc(Oc2ccccc2)c1)c1ccncc1,6.0,7.0,=,=
C[C@@H](C(=O)N1Cc2c(-c3ccc(C(=O)N4CCCc5ccccc54)cc3)cnn2C[C@@H]1C)c1ccccc1,PINK1,CO[C@@H](C(=O)N1Cc2c(-c3ccc(C(=O)N4CCCc5ccccc54)cc3)cnn2C[C@@H]1C(C)C)c1ccccc1,5.82,7.4,=,=
Cc1c[nH]c2ncnc(N3CCN(C(=O)N[C@@H](C)c4ccccc4)[C@@H](C)C3)c12,LIMK2,CCCNc1ncc(-c2cc(-c3c(Cl)cc(OC4CCCC4)cc3Cl)nc(-c3cnccn3)n2)s1,8.0,6.09,=,=
Nc1nccc2scc(-c3ccc(NC(=O)Nc4cccc(F)c4)cc3)c12,RPS6KA5,CCn1c(-c2nonc2N)nc2cncc(C(=O)NCCNC)c21,6.2,7.82,=,=
CN1C(=O)[C@@H](N2CCc3c(nn(Cc4ccccc4)c3Br)C2=O)COc2ccccc21,STK24,CCS(=O)(=O)Nc1ccc2c(c1)/C(=C(/Nc1ccc(CN3CCCCC3)cc1)c1ccccc1)C(=O)N2,6.0,8.0,=,=
CN1C(=O)[C@@H](N2CCc3cn(Cc4ccccc4)nc3C2=O)COc2ccccc21,MARK2,O=C1NCCc2[nH]c(-c3ccnc(C=Cc4ccccc4)c3)cc21,6.0,7.1,=,=
COCC#Cc1cccc2c1Cc1c(-c3cccs3)n[nH]c1-2,DYRK1B,O=C(O)c1ccc2c(c1)nc(Nc1cccc(Cl)c1)c1ccncc12,5.6,8.19,=,=
O=C(Nc1c[nH]nc1-c1nc2ccc(CN3CCOCC3)cc2[nH]1)NC1CC1,EPHA7,CC(C)c1cc(CNc2nc(Nc3cc(C4CC4)[nH]n3)cc(N3CCN(C)CC3)n2)on1,8.1,7.77,=,=
COc1cc(Nc2c(C#N)cnc3cc(OCCCN4CCN(C)CC4)c(OC)cc23)c(Cl)cc1Cl,EPHA5,CCn1c(-c2nonc2N)nc2c(C#CC(C)(C)O)ncc(OC[C@H]3CCCNC3)c21,7.57,5.39,=,=
Cc1cccc2[nH]nc(-c3ccc(O)cc3)c12,MAP2K4,OCc1cccc(-c2n[nH]c3cccc(Cl)c23)c1,6.04,5.14,=,=
Clc1cc(-c2c[nH]c3ncccc23)cc(NCc2ccccc2)n1,BRSK1,Nc1n[nH]c2cccc(-c3ccc(NC(=O)Nc4cc(C(=O)O)ccc4F)cc3)c12,5.7,5.1,=,=
Cc1ccc(Nc2nccc(N(C)c3ccc4c(C)n(C)nc4c3)n2)cc1S(N)(=O)=O,EPHB6,C#Cc1cccc(Nc2ncnc3cc(OCCOC)c(OCCOC)cc23)c1,7.09,5.77,=,=
COc1ccc(-c2c(C)nn3c(NCc4ccccc4)ccnc23)cc1F,PI4KB,Cc1nc(NC(=O)[C@@H](C)CC(F)(F)F)sc1-c1ccc(N)nc1,6.42,7.28,=,=
C#CCCCn1c(Sc2cc(OC)ccc2C(C)=O)nc2c(N)nccc21,CDC37,C#CCCCn1c(Sc2cc3c(cc2Cl)OCO3)nc2c(N)nccc21,5.26,6.26,=,=
O=C(O)c1cc2c(-c3ccccc3)cncc2s1,CDK1,NS(=O)(=O)c1ccc(N/N=C2\C(=O)Nc3ccc4ncsc4c32)cc1,5.5,7.37,=,=
CN1C(=O)[C@@H](N2CCc3cn(Cc4ccccc4)nc3C2=O)COc2ccccc21,CDK13,CC(C)CC(=O)Nc1n[nH]c2c1CN(C(=O)C1CCN(C)CC1)C2(C)C,6.0,5.45,=,=
CNC(=O)c1cc(Nc2ccccc2)cc(-c2ccnc(NC(=O)C3CCOCC3)c2)c1,PIP5K1A,CC(=O)Nc1cc(Nc2ccccc2)cc(-c2ccnc(NC(=O)C3CCOCC3)c2)c1,7.02,7.96,=,=
Cn1cc(C2=C(c3coc4cc(CO)ccc34)C(=O)NC2=O)c2cc(F)c(Cl)cc21,CDK3,CN(c1ncccc1CNc1nc(Nc2ccc3c(c2)CC(=O)N3)ncc1C(F)(F)F)S(C)(=O)=O,4.6,5.46,=,=
Oc1ccc(-c2nc(-c3ccc(F)cc3)c(-c3ccncc3)[nH]2)cc1,EPHA6,CC1(C)CNc2cc(NC(=O)c3cccnc3NCc3ccncc3)ccc21,5.66,6.31,=,=
Cc1ccnn1CC(=O)N1CCc2cc(-c3cn(C)c4ncnc(N)c34)ccc21,EIF2AK3,CNc1ncc2c(Cl)cc(Oc3c(C)ccc(C(=O)c4c(-c5ccccc5)n(C)n(-c5ccccc5)c4=O)c3N)cc2n1,7.78,6.7,=,=
NC(=O)c1c(OCc2c(F)cc(Br)cc2F)nsc1NC(=O)NCCCCN1CCCC1,MAP3K1,CC(=O)NCC(=O)N1[C@@H]2CC[C@H]1c1ccc(Nc3ncc(C(F)(F)F)c(NC4CCC4)n3)cc12,6.87,5.66,=,=
CCOc1cc2ncnc(-c3ccc(C(=O)O)c(C(C)C)c3)c2cc1F,CAMKK1,CN[C@@H]1C[C@H]2O[C@@](C)([C@@H]1OC)n1c3ccccc3c3c4c(c5c6ccccc6n2c5c31)C(=O)NC4,7.96,8.92,=,=
CC(C(=O)Nc1cc(C2CC2)[nH]n1)c1ccc(-c2ccc(NC(=O)/C=C/CN3CCOCC3)nc2)cc1,CDK13,COc1cc2c(Oc3ccc(NC(=O)C4(C(=O)Nc5ccc(F)cc5)CC4)cc3F)ccnc2cc1OCCCN1CCOCC1,7.62,6.68,=,=
CC(O)(C#Cc1cc2c(cc1F)OCCn1cc(C(N)=O)nc1-2)c1ncc(F)cn1,MAP3K14,C[C@@](O)(C#Cc1cccc(-n2nc(C(N)=O)c3ccccc32)c1)c1ncccn1,5.4,7.45,=,=
O=C(Cc1ccc2ccccc2c1)Nc1cc(Cl)ccn1,RIOK2,Cc1[nH]c(/C=C2/C(=O)Nc3ccc(F)cc32)c(C)c1C(=O)NC[C@H](O)CN1CCOCC1,5.3,6.85,=,=
Cc1cnc(Nc2ccc(OCCN3CCCC3)cc2)nc1Nc1cccc(S(=O)(=O)NC(C)(C)C)c1,CASK,CC(C)(C)c1cnc(CSc2cnc(NC(=O)C3CCNCC3)s2)o1,5.55,6.53,=,=
CCN1CCN(Cc2ccc(NC(=O)Nc3ccc(Oc4cc(NC)ncn4)cc3)cc2C(F)(F)F)CC1,CDKL5,COC[C@@H](CC(C)C)NC1=N/C(=C\c2ccc3ncsc3c2)C(=O)N1,8.18,5.85,=,=
CN[C@@H]1C[C@H]2O[C@@](C)([C@@H]1OC)n1c3ccc(O)cc3c3c4c(c5c6cc(O)ccc6n2c5c31)C(=O)NC4,PAK3,CCn1c(=O)c(-c2ccc(Cl)cc2Cl)cc2cnc(Nc3ccc(N4CCNCC4)c(F)c3)nc21,9.0,7.26,=,=
Cn1cc(Nc2nccc(-c3ccn([C@H](CO)c4ccc(Cl)c(F)c4)c(=O)c3)n2)c(C(F)(F)F)n1,MAPK3,CNc1cc(Oc2ccc(NC(=O)Nc3ccc(Br)cc3)cc2F)ncn1,6.26,5.12,=,=
COc1cc2c(Nc3ccc(Cl)c(Cl)c3)ncnc2cc1OCc1noc(C2CCN(C)CC2)n1,EPHB4,Cc1cc(-c2cc(O)ccc2Cl)cc2nnc(Nc3ccc(OCCN4CCCC4)cc3)nc12,6.28,7.8,=,=
COc1ccc(Nc2ncc(F)c(Oc3cccc4c3C(=O)CC4)n2)cc1,PTK2,Cc1cc(Nc2cc(N3CCN(C)CC3)nc(/C=C/c3ccccc3)n2)n[nH]1,6.71,7.26,=,=
COc1cc2ncn(-c3cc(OCc4ccccc4C(F)(F)F)c(C(N)=O)s3)c2cc1OC,TSSK2,NCCCn1cc(-c2cc(-c3cc4ccccc4s3)c3[nH]ncc3c2)c2nc(N)ncc21,7.2,5.8,=,=
CN[C@@H]1C[C@H]2O[C@@](C)([C@@H]1OC)n1c3ccccc3c3c4c(c5c6ccccc6n2c5c31)C(=O)NC4,STK32A,COc1cc(Nc2ncc(F)c(Nc3ccc4c(n3)NC(=O)C(C)(C)O4)n2)cc(OC)c1OC,7.89,5.64,=,=
CNC(=O)c1ccc(-c2c[nH]c3nc(Nc4ccc(C(=O)NC)cc4OC)nc(OC4CCCC4)c23)cc1,CAMKK2,O=C(O)c1ccc(-c2ccnc3ccccc23)cc1C1CCCC1,7.47,6.85,=,=
C[C@@]1(C(=O)Nc2ccc(F)nc2)CCCN1c1nc(Nc2cc(C3CC3)n[nH]2)c2cccn2n1,EPHA1,O=C(O)c1ccc(Nc2ncc3c(n2)-c2ccc(Cl)cc2C(c2c(F)cccc2F)=NC3)cc1,5.21,5.75,=,=
NC(c1ccc(Cl)cc1)C1CCN(c2ccnc3[nH]ccc23)CC1,AKT2,CC1(O)CC(N)(c2ccc(-c3nc4n(c3-c3ccccc3)COc3ccc(F)cc3-4)cc2)C1,7.92,9.0,=,=
O=C(Nc1ccnnc1)c1n[nH]c2ccc(-c3cccnc3)cc12,CLK3,O=C1NC(N[C@@H]2c3ccccc3C[C@H]2O)=N/C1=C\c1ccc2ncsc2c1,7.68,5.69,=,=
CN(C)CCN1CCN(C(=O)c2cc(C(C)(C)C)sc2NC(=O)Nc2cccc(Cl)c2Cl)CCC1=O,NEK3,N#CCNC(=O)c1ccc(-c2ccnc(Nc3ccc(N4CCOCC4)cc3)n2)cc1,4.41,6.54,=,=
Cc1[nH]c(/C=C2\C(=O)Nc3ccc(F)cc32)c(C)c1C(=O)NC[C@H](O)CN1CCOCC1,MAP3K7,Nc1ncc(-c2cnn([C@H]3CC[C@H](O)CC3)c2)c2c(CF)c(-c3cccc4nnsc34)oc12,7.0,7.35,=,=
CNS(=O)(=O)c1ccccc1Nc1nc(Nc2cc(OC)c(OC)c(OC)c2)ncc1Cl,MST1R,CCOc1ccn(-c2ccc(F)cc2)c(=O)c1C(=O)Nc1ccc(Oc2ccnc3cc(-c4ccc(CNCCOC)cn4)sc23)c(F)c1,8.1,9.55,=,=
CNC(=O)c1cc(Oc2ccc(NC(=O)Nc3cc(C(C)(C)C)nn3-c3ccc4ncccc4c3)c(F)c2)ccn1,CDK16,CCOc1cc2ncc(C#N)c(Nc3ccc(F)c(Cl)c3)c2cc1NC(=O)/C=C/CN(C)C,6.5,5.0,=,=
CCN1CCN(CCS(=O)(=O)c2ccc(Nc3ncc(Cl)c(Nc4ccccc4S(=O)(=O)C(C)C)n3)c(OC)c2)CC1,ROS1,C[C@@H]1CCc2ncc(F)cc2[C@H]2CCCN2c2ccn3ncc(c3n2)C(=O)N1,8.1,8.57,=,=
CCS(=O)(=O)c1ccc(Cl)cc1Cn1cnc2c(F)c(CN3CCNCC3)c(C(F)(F)F)cc2c1=O,DDR1,Cc1ccc2c(Nc3ccc(Cl)cc3)nccc2c1NC(=O)c1csc2c(N)ncnc12,6.96,8.7,=,=
CC(C)OC1=NNC(=O)C1=Cc1c[nH]c2ccccc12,FRK,CN1CC[C@H](c2c(O)cc(O)c3c(=O)cc(-c4ccccc4Cl)oc23)[C@H](O)C1,6.4,5.92,=,=
C[C@@H](c1ccccc1)N1CCc2c([nH]c3ccc(Br)cc23)-c2c(I)ccnc21,ALK,CC1(C)c2cc(OC[C@H](O)CO)c(Br)cc2C(=O)c2c1[nH]c1cc(OC(F)(F)F)ccc21,5.08,6.54,=,=
Cc1ccc(C(=O)N[C@@H](CC(C)C)C(N)=O)cc1NC(=O)c1ccc(-c2ccccc2Cl)s1,MAPK11,CN(C)C(=O)[C@H](CCC1CCCCC1)NC(=O)c1ccc(CNC(=O)c2cnn(-c3ccccc3)c2N)cc1,5.15,6.18,=,=
O=C1NC(=O)/C(=C/c2c[nH]c3ccc(Br)cc23)N1,EIF2AK2,Nc1ncc(-c2nnn(CCCO)n2)cc1-c1cc2cc(NC(=O)Nc3ccc(Cl)c(C(F)(F)F)c3)ccc2o1,5.4,6.32,=,=
Cc1ncc(-c2cc(-c3ccc(S(=O)(=O)NCC(C)(C)O)cc3C)cnc2N)o1,PIK3R1,COCCN1CC(C)(C)Oc2nc(N3CCOC[C@@H]3C)nc(-c3ccc(NC(=O)Nc4cnn(C)c4)cc3)c2C1=O,6.52,6.09,=,=
Nc1nc(Nc2ccc(S(N)(=O)=O)cc2)nn1C(=O)c1c(F)cccc1F,CDK14,COc1cc(Nc2c(C#N)cnc3cc(OCCCN4CCN(C)CC4)c(OC)cc23)c(Cl)cc1Cl,5.44,5.85,=,=
CN(C)CC(=O)N1CCC(c2ccc(NC(=O)c3nc(C#N)c[nH]3)c(C3=CCCCC3)c2)CC1.Cl,ABL2,Cc1ccc(NC(=O)c2ccc(CN3CCN(C)CC3)cc2)cc1Nc1nccc(-c2cncc(-c3nnco3)c2)n1,5.28,6.11,=,=
COc1ccc2[nH]c3c(c2c1)C1CCN(C1)C3C(=O)O,MAPKAPK3,Cc1ccc2[nH]nc(-c3ccc4c(c3)OCO4)c2c1,4.05,5.07,=,=
CCn1ncc(-c2nc3c(O[C@H]4CCN(C(=O)c5cc6occc6[nH]5)C4)ncnc3n2C)c1C,PIK3CD,Cc1nc2cnc3ccc(-c4cnc5[nH]ccc5c4)cc3c2n1CC1CCOC1,6.68,6.35,=,=
CCCCOc1ccc(CC/C=C2\SC(=O)N(CCN)C2=O)cc1,SPHK2,CCCCCCCCCCCCc1ccc(CC[C@@H]2OC[C@@H](N)[C@@H]2O)cc1,5.19,4.68,=,=
CN[C@@H]1C[C@H]2O[C@@](C)([C@@H]1OC)n1c3ccccc3c3c4c(c5c6ccccc6n2c5c31)C(=O)NC4,ERN2,COC(=O)[C@@]1(O)C[C@H]2O[C@]1(C)n1c3ccccc3c3c4c(c5c6ccccc6n2c5c31)C(=O)NC4,7.66,6.04,=,=
CC(C)(C)c1nc2c3ccc(F)cc3c3c(=O)[nH]ccc3c2[nH]1,MST1R,Nc1cc(=O)[nH]n1-c1ccccn1,7.5,4.3,=,=
O=S(=O)(c1cccc2cnccc12)N1CCCNCC1,CHEK2,O=C(c1ccc(/C=C/c2n[nH]c3ccccc23)cc1)N1CCNCC1,5.1,7.02,=,=
CC(C)(C)Nc1c(Nc2ccnc(Nc3ccc(-c4ccncc4)cc3)n2)c(=O)c1=O,PRKAB1,c1cc(N2CCNCC2)ccc1-c1cnc2c(-c3cn[nH]c3)cnn2c1,6.48,7.09,=,=
O=[N+]([O-])c1cccc(S(=O)(=O)N[C@H]2C(O)O[C@H](CNS(=O)(=O)c3cccc(Cl)c3Cl)[C@@H](O)[C@@H]2O)c1,HK2,O=S(=O)(N[C@H]1C(O)O[C@H](CNS(=O)(=O)c2cccc(Cl)c2Cl)[C@@H](O)[C@@H]1O)c1ccc(Cl)c(Cl)c1,6.89,7.3,=,=
Cc1ccc(C(=O)Nc2cccc(C(F)(F)F)c2)cc1Nc1nc(-c2cccnc2)nc2nn(C)cc12,ADCK1,N#CCNC(=O)c1ccc(-c2ccnc(Nc3ccc(N4CCOCC4)cc3)n2)cc1,7.24,6.66,=,=
C[C@]12O[C@H](C[C@]1(O)CO)n1c3ccccc3c3c4c(c5c6ccccc6n2c5c31)CNC4=O,PLK3,CC[C@@H]1C(=O)N(C)c2cnc(Nc3cc(N4CCC(NC(=O)OC(C)(C)C)CC4)ccc3OC)nc2N1C1CCCC1,5.64,5.19,=,=
Nc1ccc(C#Cc2c[nH]c3ncc(-c4ccc5c(c4)OCC4COCCN54)cc23)cc1,AAK1,O=C(CC1CC1)Nc1n[nH]c2cc(-c3cccc(NS(=O)(=O)C4CC4)c3)ccc12,7.27,5.46,=,=
Cc1ccc(C(=O)Nc2cccc(C(F)(F)F)c2)cc1Nc1nc(-c2cccnc2)nc2c1cnn2C,STRADA,N#CC[C@H](C1CCCC1)n1cc(-c2ncnc3[nH]ccc23)cn1,7.7,5.43,=,=
Cn1nncc1-c1cc2cc(Nc3cc(C(C)(C)N)ccn3)ncc2c(N)n1,MASTL,Cn1nncc1-c1cc2cc(Nc3cc(C(C)(C)O)ccn3)ncc2c(N)n1,8.64,7.32,=,=
CNC(=O)c1c(F)cccc1Nc1nc(Nc2cc3c(cc2OC)CCN3C(=O)CN(C)C)nc2[nH]ccc12,INSRR,CN1C(=O)[C@@H](N2CCc3cn(CC4CCS(=O)(=O)CC4)nc3C2=O)COc2ccccc21,8.07,6.0,=,=
O=C(Nc1cnc(Cl)nc1)c1c(Cl)ccc2c(Nc3cccc(C(F)(F)F)c3)noc12,KIT,COc1cccc(-c2[nH]c(C3CCN(c4ncnc5[nH]c(-c6ccc(C#N)cc6)cc45)CC3)nc2C(F)(F)F)c1,7.7,6.3,=,=
CCN(CCO)CCCOc1ccc2c(Nc3cc(CC(=O)Nc4cccc(F)c4)[nH]n3)ncnc2c1,HCK,CC(C)n1nc(-c2ccc3cc[nH]c3c2)c2c(N)ncnc21,5.41,7.75,=,=
COc1cc(Nc2ncc(F)c(Nc3ccc4c(n3)NC(=O)C(C)(C)O4)n2)cc(OC)c1OC,RIPK4,COc1cc2c(Oc3ccc(NC(=O)C4(C(=O)Nc5ccc(F)cc5)CC4)cc3F)ccnc2cc1OCCCN1CCOCC1,6.66,6.05,=,=
O=C1NCCc2[nH]c(-c3ccnc(C=Cc4ccccc4)c3)cc21,PLK4,Nc1ncc(-c2cnn(CCO)c2)c2scc(-c3ccc(NC(=O)Nc4cccc(F)c4)cc3)c12,7.5,8.0,=,=
Cc1ccc(F)c(NC(=O)Nc2ccc(-c3cc(CO)c(F)c4[nH]nc(N)c34)cc2)c1,CDK19,CCCS(=O)(=O)Nc1ccc(F)c(C(=O)c2c[nH]c3ncc(Cl)cc23)c1F,5.7,6.16,=,=
Cc1nnc(Nc2ncnc3scc(-c4cccc(S(C)(=O)=O)c4)c23)s1,PIP4K2C,Cc1ccc(-c2csc3ncnc(Sc4nnnn4C)c23)cc1,5.3,4.85,=,=
O=C(CCCC[C@@H]1SC[C@@H]2NC(=O)N[C@@H]21)NCCOCCOCCNC(=O)COc1cc(O)c2c(=O)c(O)c(-c3ccc(O)c(O)c3)oc2c1,CAMK2B,CCN1CCN(c2ccc(Nc3nccc(-c4c(-c5cccc(C(=O)Nc6ccccc6F)c5)nc5ccccn45)n3)cc2)CC1,4.59,5.6,=,=
CC(C)OC1=NNC(=O)C1=Cc1c[nH]c2ccccc12,BLK,C=CC(=O)Nc1cccc(-n2c(=O)n(-c3ccc(Oc4cccc(Cl)c4)c(F)c3)c3cnccc32)c1,6.2,7.26,=,=
O=C(Nc1ccc(N2CCNCC2)cc1)c1csc(-c2ccc(Cl)cc2)n1,MAPKAPK2,Cc1ccc(-n2nc(C(C)(C)C)cc2NC(=O)NCc2cc(F)ccc2Oc2ccc3c(cnn3CCO)c2)cc1,5.54,7.17,=,=
O=c1[nH]cnc2c(Cl)cccc12,CLK4,COc1ccc(-c2cnc3c(Br)cnn3c2)cc1,6.3,6.7,=,=
CCN(CC)CCNC(=O)c1c(C)[nH]c(/C=C2\C(=O)Nc3ccc(F)cc32)c1C,HIPK3,O=C(c1ccc(/C=C/c2n[nH]c3ccccc23)cc1)N1CCNCC1,7.39,6.24,=,=
COc1cc2c(Oc3ccc(NC(=O)C4(C(=O)Nc5ccc(F)cc5)CC4)cc3F)ccnc2cc1OCCCN1CCOCC1,MYO3A,O=C(c1ccc(/C=C/c2n[nH]c3ccccc23)cc1)N1CCNCC1,5.55,6.13,=,=
O=C1NC(=O)/C(=C/c2cnn3c(NC4CC4)cc(N4CCN(C(=O)CN5CCOCC5)CC4)nc23)N1,CSNK2B,COC(=O)N[C@H]1CC[C@H](Nc2cc(NC3CC3)n3ncc(/C=C4\NC(=O)NC4=O)c3n2)CC1,4.28,6.17,=,=
O=C1NC(=O)c2c1c1c3ccccc3[nH]c1c1sc3ccccc3c21,MAP3K9,O=C1NC(=O)c2c1c1c3ccccc3ccc1c1[nH]c3ccccc3c21,7.17,6.52,=,=
O=C(CNc1cccc(Cl)c1)N/N=C/c1c(Cl)cncc1Cl,GRK3,CCn1c(CNc2cccc(C(=O)NCc3ccccc3)c2)nnc1-c1ccncc1,6.0,8.48,=,=
Cc1cc(Nc2nc(NCc3ccc(Cl)c(C(=O)Nc4cccc(Br)c4)c3)nc3c2cnn3C2CCOCC2)n[nH]1,PLK4,Nc1ncc(-c2cnn(CCO)c2)c2scc(-c3ccc(NC(=O)Nc4cccc(F)c4)cc3)c12,7.21,8.0,=,=
CCN(CC)Cc1cccc2[nH]c(-c3n[nH]c4ncc(-c5cncc6ccccc56)cc34)nc12,ERBB2,CCOc1cc2ncnc(Nc3ccc4c(cnn4Cc4ccccc4)c3)c2cc1NC(=O)/C=C/CN1C[C@@H](C)N[C@@H](C)C1,7.05,7.72,=,=
COc1ccc(CNc2nc(Nc3ccc4c(c3)CC(=O)N4)ncc2C(F)(F)F)cc1,PTK2,Cc1nc([C@](C)(O)CO)sc1-c1cnc(N)c(O[C@H](C)c2cc(F)ccc2-n2nccn2)c1,4.9,7.8,=,=
CC(C)(C)OC(=O)N1CCN(C(=O)c2cnc(Nc3ncc(F)c(-c4ccc5scnc5c4)n3)nc2)CC1,DYRK2,C[C@]12CC3CC(NC4=N/C(=C\c5ccc6ncsc6c5)C(=O)N4)(C1)C[C@@](C)(C3)C2,6.27,5.34,=,=
O=C(NNC(=S)Nc1ccc(Cl)cc1)C(O)(c1ccccc1)c1ccccc1,CSNK1G3,Cc1cccc(Nc2nc(NC3CCCCC3N)cnc2C(N)=O)c1,6.0,5.6,=,=
CN1C(=O)[C@@H](N2CCc3cn(CC4CCS(=O)(=O)CC4)nc3C2=O)COc2ccccc21,CSNK1G3,NC(=O)c1cc(-c2ccnc(N)n2)[nH]c1-c1ccc(Cl)cc1F,6.0,7.5,=,=
CSc1cnc2c(ccc3cnccc32)c1O,GSK3B,C=Cc1ccc2c(-c3ccnc(NC4CC4)n3)cnn2n1,6.9,5.5,=,=
COc1ccc(-c2cn(C)c3cc(NC(=O)c4ccc(C)c(Nc5nccc(-c6ccc(OC7CC7)cc6)n5)c4)ccc23)cn1,ROR1,CCOc1ccc(-c2cn(C)c3cc(NC(=O)c4ccc(C)c(Nc5nccc(-c6cccc(C)c6)n5)c4)ccc23)cn1,7.64,6.46,=,=
CN1CCN(C[C@@H]2CCn3cc(c4ccccc43)C3=C(C(=O)NC3=O)c3cn(c4ccccc34)CCO2)CC1,PRKCB,NC1(C(=O)N[C@@H](CCO)c2ccc(Cl)cc2)CCN(c2nc[nH]c3nccc2-3)CC1,7.57,5.61,=,=
Oc1c2ccccc2c2c3c(cccc13)N=N2,DAPK2,COc1ccc(-c2cnc3scc(NC(=O)C4CCCCC4)c3c2)cc1OC,6.21,4.26,=,=
NC(COc1cncc(-c2ccc3c(c2)C(=Cc2ccco2)C(=O)N3)c1)Cc1c[nH]c2ccccc12,CSNK1G1,CC1CSc2c(C(=O)O)c(=O)c3cc(F)c(N4CCC(N)C4)c(F)c3n21,5.9,6.3,=,=
Nc1ncnc2c1sc1nc3c(c(-c4ccc(Cl)cc4)c12)CCCCCCC3,EEF2K,Cn1cccc1-c1c2c(nc3sc(C(N)=O)c(N)c13)CCCCCC2,6.96,6.0,=,=
CC(C)(C)c1cc(NC(=O)Nc2ncc(CCc3ccnc(N)c3)s2)n(-c2ccc(Cl)cc2)n1,MAPK13,Cc1c(F)cc(C(=O)NC2CC2)cc1-c1ccn2c(C(C)(C)NS(C)(=O)=O)nnc2c1,6.2,7.77,=,=
OCCN1C[C@@H]2C[C@H]1CN2c1ccc(Nc2ncc(F)c(-c3ccc4nc(N5CCCC5)ncc4c3)n2)cn1,STK17A,O=C(O)CSc1ncnc2sc(-c3cc4ccccc4s3)cc12,7.32,5.01,=,=
Cc1cc(C(=O)Nc2c(Cl)ccc(NS(=O)(=O)c3cc(F)ccc3F)c2F)c2ncnc(NCCN(C)C)c2c1,ERN1,Cc1ccc2c(NS(=O)(=O)c3ccccc3Cl)cccc2c1Oc1ncccc1-c1ccnc(N[C@@H]2CNCC(F)(F)C2)n1,4.9,6.6,=,=
Cc1cccc(NC(=O)Nc2ccc3c(c2)CCc2sc4ncnc(N)c4c2-3)c1,MAP4K5,CNC(=O)c1ccccc1Nc1nc(Nc2ccc(N3CCOCC3)cc2OC)ncc1Cl,6.3,5.3,=,=
COCc1c(-c2ccc(NC(=O)Nc3cc(C(F)(F)F)ccc3F)c(F)c2)c2c(N)ncnn2c1CN1CCOCC1,RPS6KA6,COc1cc(N2CCN(C)CC2)ccc1Nc1ncc(Cl)c(Nc2ccccc2C(=O)NCCO)n1,5.57,7.04,=,=
O=C(N[C@@H](c1ccccn1)C1CC1)c1ccc2[nH]nc(-c3ccc(N4[C@H]5CC[C@H]4CC(O)C5)cc3)c2c1,MUSK,COc1cc(Nc2nccc(-c3cc(C(=O)N[C@@H](C)CN4CCC4)n(C)n3)n2)cc(OC)c1,6.16,6.59,=,=
CN(Cc1ccccc1)C(=O)c1ccc(S(=O)(=O)Nc2cccc(F)c2)cc1,LIMK2,Cc1c[nH]c2ncnc(N3CCN(/C(=N/C#N)Nc4cccc(Br)c4)[C@@H](C(C)C)C3)c12,7.66,8.38,=,=
CCOc1cc2ncc(C#N)c(Nc3ccc(OCc4ccccn4)c(Cl)c3)c2cc1NC(=O)/C=C/CN(C)C,PAK6,COCCNc1nc2ccc(C#CC3(O)CCCCC3)cc2n1-c1ccnc(N)n1,5.12,7.44,=,=
CN(C)CC(=O)N1CCC(c2ccc(NC(=O)c3nc(C#N)c[nH]3)c(C3=CCCCC3)c2)CC1.Cl,LATS1,CC(C)(Nc1nc(-c2ccncc2)nc2cnccc12)C1CC1,5.48,9.0,=,=
C[C@]12O[C@H](C[C@]1(O)CO)n1c3ccccc3c3c4c(c5c6ccccc6n2c5c31)CNC4=O,PAK2,COCCNc1nc2ccc(C#CC3(O)CCCCC3)cc2n1-c1ccnc(N)n1,7.37,6.01,=,=
Cc1ccc(C(=O)Nc2ccc(CN3CCN(C)CC3)c(C(F)(F)F)c2)cc1C#Cc1cnc2cccnn12,TNIK,CC1(COc2ccc3c(c2)ncn3-c2ccc3cccc(N4CCC(N)CC4)c3n2)COC1,6.42,6.97,=,=
Cn1cc(C(CN)c2cncc(C=Cc3ccncc3)c2)c2ccccc21,DYRK1A,FC(F)(F)c1ccc(Cn2cc(-c3ccc4[nH]ncc4c3)nn2)c(C(F)(F)F)c1,5.7,6.5,=,=
Nc1cnc(-c2cc(N3C[C@@H]4C[C@H]3CO4)nc(N3CC4CC3C4)n2)cn1,MAP3K13,Cc1ccc(N2C[C@@H]3C[C@H]2CN3c2nc(-c3cnc(N)c(OC(F)F)n3)cc(N3CCC(F)(F)C3)n2)nn1,6.61,8.22,=,=
O=C(c1ccc(/C=C/c2n[nH]c3ccccc23)cc1)N1CCNCC1,MAP3K2,COc1cc2c(Oc3ccc(NS(=O)(=O)c4cc(F)ccc4F)cc3F)ccnc2cc1OCCCN1CCN(C)CC1,7.14,5.36,=,=
C[C@]12O[C@H](C[C@]1(O)CO)n1c3ccccc3c3c4c(c5c6ccccc6n2c5c31)CNC4=O,MAP3K15,COc1cc(N2CCC(N3CCN(C)CC3)CC2)ccc1Nc1ncc(Cl)c(Nc2ccccc2S(=O)(=O)C(C)C)n1,8.47,6.1,=,=
Nc1cncc(-c2ccc3cnn(-c4cccc(C(=O)N5CC(O)C5)n4)c3c2)c1,IRAK4,O=C(Nc1cn(C2CCNCC2)nc1C(F)(F)F)c1cnc2ccc(N[C@@H]3CCCNC3)nn12,6.26,7.28,=,=
CNC(=O)Nc1ccc(-c2nc(N3CC4CCC(C3)O4)c3cnn(C4CCC5(CC4)OCCO5)c3n2)cc1,SMG1,CCN(CC)S(=O)(=O)c1cccc(Nc2nccc(-c3ccnc(-c4ccc(NC(=O)NC)cc4)c3)n2)c1,5.9,9.7,=,=
Cn1nccc1Nc1cc(-c2cc3n4c(nnc4c2)[C@@H](Cc2ccc(F)c(F)c2)CO3)ccn1,MAPK6,Cn1nccc1Nc1nccc(-c2cc3n4c(nnc4c2)[C@H](Oc2cncc(Cl)c2)CCO3)n1,10.52,9.51,=,=
COc1cc2c(Nc3ccc(Br)c(Cl)c3)ncnc2cc1O[C@@H]1C[C@H]2OCC3(OCCO3)[C@H]2O1,EPHB4,COc1cc2c(Nc3cc(Cl)c(Br)cc3F)ncnc2cc1OC[C@H]1CN2CCOCC2CO1,7.3,6.28,=,=
CN[C@@H]1C[C@H]2O[C@@](C)([C@@H]1OC)n1c3ccccc3c3c4c(c5c6ccccc6n2c5c31)C(=O)NC4,STK33,CN(C)CC(=O)N1CCC(c2ccc(NC(=O)c3nc(C#N)c[nH]3)c(C3=CCCCC3)c2)CC1.Cl,7.44,6.11,=,=
CC(C)c1ccc(C(=O)Nc2cc(CN3CCN(C)CC3)cc(C(F)(F)F)c2)cc1C#Cc1cnc2cnccn12,EPHB2,COc1ccccc1-n1c(-c2cc(O)ccc2C)cn2c3c(=O)[nH]c(=O)n(C)c3nc12,6.58,8.92,=,=
CC(C)(C)Nc1c(Nc2ccnc(Nc3ccc(-c4ccncc4)cc3)n2)c(=O)c1=O,PRKAB1,COc1ccc(-c2cnc3c(-c4ccnc5ccccc45)cnn3c2)cc1,6.48,5.14,=,=
Cc1cc(Nc2cc(N3CCN(C)CC3)nc(Sc3ccc(NC(=O)C4CC4)cc3)n2)n[nH]1,TESK1,NC(=O)c1c(OCc2c(F)cc(Br)cc2F)nsc1NC(=O)NCCCCN1CCCC1,5.25,5.85,=,=
O=C([O-])c1ccc2c(c1)cc(C1CC1)c1ccncc12.[Na+],HIPK2,CC(C)(C)c1cnc(CSc2cnc(NC(=O)C3CCNCC3)s2)o1,6.52,5.82,=,=
CCCS(=O)(=O)Nc1ccc(F)c(C(=O)c2c[nH]c3ncc(Cl)cc23)c1F,SGK3,Cc1cnc(Nc2ccc(OCCN3CCCC3)cc2)nc1Nc1cccc(S(=O)(=O)NC(C)(C)C)c1,5.14,5.6,=,=
N#C/C(=C\c1cccc(-c2ncnc3[nH]ccc23)c1)C(N)=O,RPS6KA5,Cc1n[nH]c2cccc(-c3ccc(NC(=O)Nc4cccc(C(F)(F)F)c4)cc3)c12,9.6,6.1,=,=
Nc1ncnc2c1c(-c1cccc(OCc3ccccc3)c1)cn2C1CCC(N2CCCC2)CC1,INSR,Cc1c(-c2cccc(OCc3ccccc3)c2)c2c(N)ncnc2n1C1CC(CN2CCCC2)C1,6.9,7.8,=,=
COc1ccc(NC(=O)Nc2ccc3c(c2)NC(=O)/C3=C\c2[nH]c(C)c(CC(=O)O)c2C)cc1,FLT3,COc1ccc2c(c1)[C@]1(C[C@H]1c1ccc3c(/C=C/c4ccc(CN(C)C)cc4)n[nH]c3c1)C(=O)N2,8.4,7.72,=,=
C[C@H]1CN(c2cc(-n3ncc4ccc([C@]5(C#N)CC56CC6)cc43)ncn2)CCN1C1CCOC1,LRRK2,CC1(Oc2ccc3[nH]nc(-c4cc(N5CCO[C@@H](c6ccccc6)C5)ncn4)c3c2)CC1,9.22,8.22,=,=
Cc1ccc(C(=O)Nc2cccc(C(F)(F)F)c2)cc1Nc1nc(-c2cccnc2)nc2nn(C)cc12,CDK7,C=CC(=O)N1CCC=C(c2ccc(C(C)C(=O)Nc3cc(C4CC4)[nH]n3)cc2F)C1,7.33,6.36,=,=
C[C@]12O[C@H](C[C@]1(O)CO)n1c3ccccc3c3c4c(c5c6ccccc6n2c5c31)CNC4=O,PHKG1,CN1C(=O)[C@@H](N2CCc3cn(Cc4ccccc4)nc3C2=O)COc2ccccc21,9.41,6.0,=,=
O=C(O)c1ccccc1Nc1ncnc(Nc2ccc3cn[nH]c3c2)n1,PRKACA,O=C(Cc1ccc2c(c1Cl)OCO2)Nc1nc(-c2ccncc2)cs1,5.4,6.51,=,=
CNc1nc(-c2cc(C(=O)N3CCN(Cc4ccc(Cl)cc4)CC3)c(Cl)cn2)cs1,WNK1,COc1cccc(-c2cc(C(=O)N3CCN(Cc4ccccc4)CC3)c3ccccc3n2)c1,7.43,6.21,=,=
NC(=O)c1cnc(N[C@@H]2CCCC[C@@H]2N)nc1Nc1cccc(-n2nccn2)c1,PAK5,C[C@@H]1CN(C(=O)c2nc(Nc3cc(C4CC4)[nH]n3)c3cc(Cl)ccc3n2)CCN1,6.78,7.82,=,=
O=C(CCc1cccc(-c2cnc3[nH]ccc3c2)c1)Nc1cc(F)cc(F)c1,CDK8,O=C(CCc1cnccc1-c1cnn(C2CC2)c1)Nc1ccc(CN2CCOCC2)cc1,6.36,6.89,=,=
Cc1[nH]c(/C=C2\C(=O)Nc3ccc(F)cc32)c(C)c1C(=O)NC[C@H](O)CN1CCOCC1,TAOK3,Cc1cnc(Nc2ccc(OCCN3CCCC3)cc2)nc1Nc1cccc(S(=O)(=O)NC(C)(C)C)c1,6.51,5.72,=,=
CCCCCC(=O)Nc1nc(C)c(-c2ccc(OC)c(S(=O)(=O)NCc3cccc(F)c3)c2)s1,PI4KB,C[C@@H]1CCN(C(=O)Nc2nc3c(s2)-c2nc(C(C)(C)C)ncc2CC3)[C@@H]1C(N)=O,7.34,6.8,=,=
O=C(NCc1ccccc1)c1cccc(NCc2nc(-c3ccncc3)n[nH]2)c1,GRK7,CNC(=O)c1c(F)cccc1Nc1nc(Nc2cc3c(cc2OC)CCN3C(=O)CN(C)C)nc2[nH]ccc12,5.06,6.27,=,=
C[C@H]1CN(C(=O)c2cc(-c3ccccc3)nn2C)Cc2cnc([C@@](C)(O)C(F)(F)F)n21,PDK1,O=C(c1cc(Cl)c(O)cc1O)N(Cc1ccsc1)c1ccc(-c2ccc(S(=O)(=O)NCc3ccccn3)cc2)cc1,8.52,5.0,=,=
Cc1cc(C(=O)Nc2c(Cl)ccc(NS(=O)(=O)c3cc(F)ccc3F)c2F)c2ncnc(NCCN(C)C)c2c1,ERN1,CN(C)C(=O)c1ccc(-c2cc(C=O)c(O)c([N+](=O)[O-])c2)cc1,4.9,6.39,=,=
CNC(=O)c1ccc(-c2cc3c(N[C@@H]4CN(C(=O)OC)C[C@@H]4C)c(C(N)=O)cnn3c2)cn1,JAK1,CC(O)(CO)c1cc(Nc2nn([C@H]3CCCC[C@@H]3C#N)c3cc[nH]c(=O)c23)ccc1S(C)(=O)=O,8.33,6.6,=,=
Nc1ncnc2scc(-c3ccc(NC(=O)Nc4cc(C(F)(F)F)ccc4F)cc3)c12,PRKD2,Cc1cc(Nc2ncc(F)c(NC3C4C=CC(C4)C3C(N)=O)n2)ccc1N1CCN(C)CC1,5.2,7.5,=,=
COc1cc(N2CCC(N3CCN(C)CC3)CC2)ccc1Nc1ncc(Cl)c(Nc2ccccc2P(C)(C)=O)n1,FES,C[C@@H](Oc1cc(-c2cnn(C3CCNCC3)c2)cnc1N)c1c(Cl)ccc(F)c1Cl,8.46,6.35,=,=
Cc1nc(Nc2ncc(C(=O)Nc3c(C)cccc3Cl)s2)cc(N2CCN(CCO)CC2)n1.O,FES,C[C@@H](Oc1cc(-c2cnn(C3CCNCC3)c2)cnc1N)c1c(Cl)ccc(F)c1Cl,5.7,6.35,=,=
O=c1c(O)c(-c2ccc(O)c(O)c2)oc2cc(O)cc(O)c12,IPMK,O=c1cc(-c2ccc(O)c(O)c2)oc2cc(O)cc(O)c12,5.64,5.26,=,=
CO[C@@H]1[C@H](N(C)C(=O)c2ccccc2)C[C@H]2O[C@]1(C)n1c3ccccc3c3c4c(c5c6ccccc6n2c5c31)C(=O)NC4,SIK1,CNc1ncc2cc(-c3ccccc3Cl)c(=O)n(CCCCN)c2n1,6.8,7.7,=,=
COCCn1cc(Nc2ncc(Cl)c(CCc3ccccc3C3(C(N)=O)CC3)n2)cn1,FLT4,COc1cc2c(Oc3ccc(NC(=O)c4cc5cccnc5n(-c5ccc(F)cc5)c4=O)cc3F)ccnc2cc1OCCCN1CCN(C)CC1,8.52,6.74,=,=
CC[C@@H]1c2nnc(C)n2-c2cnc(Nc3ccc(C(=O)NC4CCN(C)CC4)cc3OC)nc2N1Cc1ccccc1,PLK1,O=C(O)Cc1cn(CC(O)CN2CCCC2)c2ccccc12,6.36,6.89,=,=
Cc1ccc(-n2nc(C(C)(C)C)cc2NC(=O)Nc2ccc(OCCN3CCOCC3)c3ccccc23)cc1,EPHB2,Cn1cc(-c2cncc(Oc3cccc(NC(=O)Nc4cc(C(C)(C)C)on4)c3)n2)cn1,6.36,6.06,=,=
CC(C)CC(C)(N)COc1c(F)cc(-c2ccnc3ccccc23)cc1Cl,AAK1,CC(C)C[C@](C)(N)COc1ccc(-c2ccnc(F)c2)cc1C#N,7.47,8.33,=,=
C=CC(=O)Nc1cccc(Nc2nc(Nc3ccc(N4CCN(C(C)=O)CC4)cc3OC)ncc2C(F)(F)F)c1,FES,COc1cc(N2CCC(N3CCN(C)CC3)CC2)ccc1Nc1ncc(Cl)c(Nc2ccccc2P(C)(C)=O)n1,5.92,8.46,=,=
Nc1nccn2c([C@H]3CN(C4CCOCC4)CCO3)nc(-c3ccc(C(=O)Nc4cc(C(F)(F)F)ccn4)cc3F)c12,TXK,C=CC(=O)N1CC[C@]2(C1)C[C@H](n1c(NC(=O)c3ccc(-c4cc[nH]c(=O)c4)s3)nc3cc(CO)ccc31)C2,6.55,9.57,=,=
O=C1NC(N[C@H]2CN3CCC2CC3)=N/C1=C\c1ccc2ncsc2c1,DYRK4,NC(=O)c1cccc(-c2cnc3[nH]cc(-c4ccccc4)c3c2)c1,6.15,6.6,=,=
CNC1CCN(c2ccc(Nc3ncc4scc(-c5cccc(NS(=O)(=O)C(C)(C)C)c5)c4n3)cc2F)CC1,JAK2,C/C(=C\C[C@@H](C)[C@H]1CC[C@H]2[C@@H]3C[C@H](OS(=O)(=O)[O-])[C@H]4C[C@H](OS(=O)(=O)[O-])[C@@H](OS(=O)(=O)[O-])C[C@]4(C)[C@H]3CC[C@]12C)C(C)(C)C(C)C.[Na+].[Na+].[Na+],8.7,5.92,=,=
O=S(=O)(c1cccc2cnccc12)N1CCCNCC1,PKN3,Nc1ncnc2c1c(-c1cccc(OCc3ccccc3)c1)cn2[C@H]1C[C@H](N2CCC2)C1,7.0,7.64,=,=
Cc1n[nH]c2cccc(-c3ccc(NC(=O)Nc4cccc(C(F)(F)F)c4)cc3)c12,RPS6KA5,N#C/C(=C\c1cccc(-c2ncnc3[nH]ccc23)c1)C(N)=O,6.1,9.6,=,=
c1nc(Nc2ccc(N3CCOCC3)cc2)c2cc[nH]c2n1,TTBK2,Clc1ccc(Oc2ccc(Nc3ncnc4[nH]ccc34)cc2)cc1Cl,4.8,5.24,=,=
COc1cc(OC)cc(N(CC2CC2)c2ccc3ncc(-c4cnn(CCCN5CCOCC5)c4)nc3c2)c1.Cl,FGFR2,C/C=C/C(=O)N1CC(N(C)CCn2c(=O)c(-c3c(Cl)c(OC)cc(OC)c3Cl)cc3cnc(NC)nc32)C1,8.14,7.64,=,=
Cc1n[nH]c2ccc(-c3cncc(OC[C@@H](N)Cc4ccccc4)c3)cc12,CDK14,CCN(CC)CCNC(=O)c1c(C)[nH]c(/C=C2\C(=O)Nc3ccc(F)cc32)c1C,6.1,6.57,=,=
CN[C@@H]1C[C@H]2O[C@@](C)([C@@H]1OC)n1c3ccccc3c3c4c(c5c6ccccc6n2c5c31)C(=O)NC4,ERN2,C[C@]12O[C@H](C[C@]1(O)CO)n1c3ccccc3c3c4c(c5c6ccccc6n2c5c31)CNC4=O,7.66,6.54,=,=
CCC(O)CCc1nc(NCc2ccccc2)c2ncn(C(C)C)c2n1,CDK1,OCCCNc1cncc(-c2ncnc(Nc3cccc(Cl)c3)n2)n1,5.52,6.01,=,=
COc1cc(N2CCN(C(C)C)CC2)c(OC)cc1Nc1nc(Nc2cccc(F)c2C(N)=O)c2cc[nH]c2n1,IGF1R,COc1ccccc1Cc1c2c(nn1C)CCc1cnc(Nc3ccn(CCN(C)C)n3)nc1-2,7.77,8.3,=,=
CC(=O)NCCC(=O)Nc1cc(Nc2ncc(Br)c(Nc3ccc(NC(C)=O)cc3NC(C)=O)n2)ccc1OCCF,PTK2,CS(=O)(=O)CCN1CCC(c2cccc(Nc3nc4c(-c5ccc(S(C)(=O)=O)cc5)cccn4n3)c2)CC1,8.43,6.24,=,=
O=C(NCc1ccc(Br)cc1)Nc1ccc2[nH]ncc2c1,PRKG2,COc1cccc(C(C)NC(=O)c2ccc(-c3ccncc3)c(C)c2)c1,6.5,7.1,=,=
NC(=O)c1nnc(N[C@@H]2CCCC[C@@H]2N)nc1Nc1cccc2c1ccn2C(F)F,SYK,COCCNc1nc(-c2ccc(NC(C)=O)c(O)c2)cc2ncn(C)c(=O)c12,9.66,6.68,=,=
COCc1ccc(Nc2cc(Nc3ccc(F)cc3S(C)(=O)=O)c3nc(C(F)F)[nH]c3n2)nn1,TYK2,O=C(C1CC1)N1[C@@H]2CC[C@@H]1CN(c1nc(Nc3cnn(CCO)c3)ncc1F)C2,9.52,7.26,=,=
Cc1[nH]c(/C=C2\C(=O)Nc3ccc(F)cc32)c(C)c1C(=O)NC[C@H](O)CN1CCOCC1,STK38,Cc1cnc(Nc2ccc(OCCN3CCCC3)cc2)nc1Nc1cccc(S(=O)(=O)NC(C)(C)C)c1,6.16,5.24,=,=
CN1CCN(c2ccc(Nc3ncc4ccc(=O)n(C5CCCC5)c4n3)cc2)CC1,PKN1,NC(=O)Nc1cc(-c2cccc(F)c2)sc1C(=O)N[C@H]1CCCNC1,6.32,5.67,=,=
CC(C)CCN1c2nc(Nc3cc(F)c(O)c(F)c3)ncc2N(C)C(=O)C1C,VRK2,CN1C(=O)[C@@H](N2CCc3cn(CC4CCS(=O)(=O)CC4)nc3C2=O)COc2ccccc21,7.55,6.0,=,=
O=C(NCc1ccccc1)C(O)Cc1c(SSc2[nH]c3ccccc3c2CC(O)C(=O)NCc2ccccc2)[nH]c2ccccc12,EGFR,C=CC(=O)Nc1ccc2ncnc(Nc3cccc(C)c3)c2c1,4.85,8.86,=,=
COc1ccccc1S(=O)(=O)Nc1cc(C)c(Oc2ncccc2-c2ccnc(N[C@H]3CC[C@H](N)CC3)n2)c2ccccc12,ERN1,CC(C)(C)c1nc(-c2ccc(NC(=O)Nc3cccc(C(F)(F)F)c3)c3ccccc23)c2c(N)nccn12,7.27,6.75,=,=
C=CCn1c(=O)c2cnc(Nc3ccc(N4CCNCC4)cc3)nc2n1-c1ccc2c(n1)[C@@](O)(CC)CC2,WEE1,CN1CCN(CCCn2c3ccc(O)cc3c3c4c(c(-c5ccccc5)cc32)C(=O)NC4=O)CC1,8.49,6.52,=,=
Cc1ccc(NC(=O)Nc2cc(C(F)(F)F)ccc2F)cc1Nc1ccc2c(c1)NC(=O)/C2=C\c1ccc[nH]1,FGR,Nc1ncnc2c1c(-c1ccc(Cl)cc1)nn2-c1cccc(-c2cnnn2Cc2cccc(-c3ccccc3)c2)c1,5.44,6.62,=,=
CCN(CCO)CCCOc1ccc2c(Nc3cc(CC(=O)Nc4cccc(F)c4)[nH]n3)ncnc2c1,HCK,CCC(=O)Nc1cc(Oc2cc(C(=O)Nc3ccc(CN4CCN(CC)CC4)c(C(F)(F)F)c3)ccc2C)ncn1,5.41,6.6,=,=
CC(C)(C)Nc1cc(-c2ccnc3[nH]ccc23)nc2cnccc12,LATS1,CC(C)(Nc1nc(-c2ccncc2)nc2cnccc12)C(N)=O,8.7,7.24,=,=
COc1cc2ncnc(Nc3ccc(F)c(Cl)c3)c2cc1OCCCN1CCOCC1,MAPK4,Cn1cc(C2=C(c3cccc(NCC(O)CO)c3)C(=O)NC2=O)c2cc(F)ccc21,5.51,4.4,=,=
CN(C)CC(=O)NC(COc1cncc(-c2ccc3cnccc3c2)c1)Cc1c[nH]c2ccccc12,PRKCD,NCCOc1nc(-c2ccncc2)cc2cnccc12,5.6,6.15,=,=
CC(C)c1ccccc1-c1nc2ccccc2cc1Cn1nc(-c2cc(O)cc(F)c2)c2c(N)ncnc21,PIK3C2B,C[C@@H](Oc1cc(-n2cnc3ccc(CN4CCN(C)CC4)cc32)sc1C(N)=O)c1ccccc1C(F)(F)F,6.26,5.55,=,=
CC1=C(C(=O)Nc2ccc(CN3CCOCC3)cc2)C(c2ccccc2Cl)N=C(Nc2nc3ccccc3o2)N1,GALK1,CC1=C(C(=O)n2ccc3ccccc32)C(c2ccccc2Br)N=C(Nc2nc3ccccc3o2)N1,5.26,4.74,=,=
Nc1nc2cc(-c3nn(Cc4cc5ccccc5nc4N4CCCC4)c4ncnc(N)c34)ccc2[nH]1,PIK3C2B,Cc1nc2c(N)cc(N3CCOCC3)nn2c1Nc1cccc(C(F)(F)F)c1CN1CCOCC1,6.26,8.4,=,=
COc1cc2c(Nc3ccc(Cl)c(Cl)c3)ncnc2cc1OCc1csc(C)n1,EPHA2,COc1cc2c(Nc3ccc(Br)c(Cl)c3C)ncnc2cc1OCC1CN(C)CCO1,6.28,7.3,=,=
CNS(=O)(=O)c1ccccc1Nc1nc(Nc2cc(OC)c(OC)c(OC)c2)ncc1Cl,MAP3K10,Cc1cccc(Nc2nc(NC3CCCCC3N)cnc2C(N)=O)c1,9.1,6.9,=,=
CCCS(=O)(=O)Nc1ccc(F)c(C(=O)c2c[nH]c3ncc(Cl)cc23)c1F,NEK11,COc1cc(Oc2ccnc3cc(OC)c(OC)cc23)ccc1NC(=O)NC(C)c1nccs1,6.72,5.96,=,=
Nc1ncc(-c2ccoc2)c2scc(-c3ccc(NC(=O)Nc4ccccc4F)cc3)c12,ABL1,CC(C)n1c(C2CCOCC2)nc2cc(C(=O)Nc3ccc(OC(F)(F)Cl)cc3)cc(-c3cncnc3)c21,7.0,9.6,=,=
COc1cc(Nc2c(C#N)cnc3cc(OCCCN4CCN(C)CC4)c(OC)cc23)c(Cl)cc1Cl,RIOK1,CN[C@@H]1C[C@H]2O[C@@](C)([C@@H]1OC)n1c3ccccc3c3c4c(c5c6ccccc6n2c5c31)C(=O)NC4,5.66,6.89,=,=
COc1cc2c(Oc3ccc(NC(=O)C4(C(=O)Nc5ccc(F)cc5)CC4)cc3F)ccnc2cc1OCCCN1CCOCC1,CDC42BPG,Cc1ccc(F)c(NC(=O)Nc2ccc(-c3cccc4[nH]nc(N)c34)cc2)c1,6.75,5.08,=,=
C[C@H](CCC(=O)N[C@@H](Cc1c[nH]c2ccccc12)C(=O)O)[C@H]1CC[C@H]2[C@@H]3CC=C4C[C@@H](O)CC[C@]4(C)[C@H]3CC[C@]12C,EPHA8,CC(C)n1nc(-c2cc3cc(O)ccc3[nH]2)c2c(N)ncnc21,5.51,6.6,=,=
O=C(O)c1ccc(NC(=O)C(Oc2ccc(F)cc2F)c2ccc(S(=O)(=O)C3CC3)cc2)nc1,GCK,CC(C)C[C@@H](C(=O)Nc1nccs1)n1c(=O)[nH]c2ccccc2c1=O,6.32,4.3,=,=
Cc1cc(Br)c(CNc2ncc(C(=O)NCCCN3CCOC3=O)c(NC3CCCC3)n2)cc1Br,CASK,N#CC[C@H](C1CCCC1)n1cc(-c2ncnc3[nH]ccc23)cn1,7.81,5.82,=,=
NC(=O)c1c(OCc2c(F)cc(Br)cc2F)nsc1NC(=O)NCCCCN1CCCC1,SIK3,COc1cc(-c2cc(-c3cnn(CC4COC4)c3)cnc2N)cc2c1C(=O)N(CC(F)(F)F)CC2,5.81,7.75,=,=
Nc1nc2c(-c3cnc4ccccc4c3)nccc2[nH]1,STK32B,CO[C@@H]1[C@H](NCCOCCOCCOCCNC(=O)CCC2=[N+]3C(=Cc4c(C)cc(C)n4[B-]3(F)F)C=C2)C[C@H]2O[C@]1(C)n1c3ccccc3c3c4c(c5c6ccccc6n2c5c31)C(=O)NC4,4.4,6.35,=,=
C=CS(=O)(=O)N1CCC[C@@H]1Cn1cc(-c2ccc3c(c2)OCO3)c2c(N)ncnc21,BMX,C=CC(=O)N1CCCC[C@H]1c1nc(-c2ccc(C(=O)Nc3cc(Cl)ccn3)cc2)c(C(N)=O)n1N,7.45,7.08,=,=
CN1C(=O)[C@@H](N2CCc3cn(CC4CCS(=O)(=O)CC4)nc3C2=O)COc2ccccc21,TESK1,CN[C@@H]1C[C@H]2O[C@@](C)([C@@H]1OC)n1c3ccccc3c3c4c(c5c6ccccc6n2c5c31)C(=O)NC4,6.0,6.57,=,=
Cn1cc(-c2ccc3c(c2F)CCN3C(=O)Cc2cccc(C(F)(F)F)n2)c2c(N)ncnc21,EIF2AK1,COc1cc2c(cc1OC)-c1[nH]nc(NCc3c(C)cccc3C)c1C2,7.43,8.1,=,=
O=C(c1cc(Cc2n[nH]c(=O)c3c2CCCC3)ccc1F)N1CCN(c2ncccn2)CC1,MAP4K4,COc1ccc(Nc2cnc(Nc3cc(C)cc(F)c3)c(C(N)=O)c2)cc1,6.3,5.74,=,=
CCC(c1ccc(C(F)(F)F)cc1)N1C[C@H](CC)N(c2nc(=O)n(C)c3ccc(Cl)nc23)C[C@H]1CC,DGKZ,CC(NC[C@H](C)Nc1nc(=O)n(C)c2ccc(C#N)nc12)c1ccc(C(F)(F)F)c(CNCCO)c1,5.83,6.45,=,=
CO[C@@H]1[C@H](N(C)C(=O)c2ccccc2)C[C@H]2O[C@]1(C)n1c3ccccc3c3c4c(c5c6ccccc6n2c5c31)C(=O)NC4,GRK7,Cc1n[nH]c2ccc(-c3cncc(OC[C@@H](N)Cc4ccccc4)c3)cc12,7.32,5.72,=,=
Cc1ccc(C(=O)Nc2cccc(C(F)(F)F)c2)cc1Nc1nc(-c2cccnc2)nc2c1cnn2C,PRKAB1,O=C(O[C@@H]1O[C@H](C(=O)O)[C@@H](O)[C@H](O)[C@H]1O)c1c[nH]c2cc(Cl)c(-c3ccc(C4(O)CCC4)cc3)cc12,5.67,4.96,=,=
COc1cc2ncnc(Nc3ccc(F)c(Cl)c3)c2cc1OCCCN1CCOCC1,MAP4K5,CC(=O)c1cccc(-c2cnc3[nH]ccc3c2)c1,5.8,7.0,=,=
Cn1cc(-c2cnc(N)c3c(-c4ccc(NC(=O)Nc5ccc(OC(F)F)cc5)cc4)csc23)cn1,SRMS,CN1C(=O)[C@@H](N2CCc3c(nn(Cc4ccccc4)c3Br)C2=O)COc2ccccc21,7.3,6.0,=,=
CC(C)n1nc(-c2cccc(O)c2F)c2c(N)ncnc21,PI4KB,COc1cc(CC(=O)Nc2nc(C)c(-c3ccc(OC)c(NS(=O)(=O)c4ccccc4)c3)s2)cc(OC)c1,5.56,7.8,=,=
COc1cc2c(Oc3ccc(NC(=O)C4(C(=O)Nc5ccc(F)cc5)CC4)cc3F)ccnc2cc1OCCCN1CCOCC1,STK36,CCOc1cc2ncc(C#N)c(Nc3ccc(OCc4ccccn4)c(Cl)c3)c2cc1NC(=O)/C=C/CN(C)C,6.75,5.28,=,=
NC(=O)c1ccc(-c2c[nH]c3nccc(Cl)c23)cc1,PHKG2,COc1cc(C)c(Cl)cc1NC(=O)Nc1cnc(C#N)cn1,6.1,5.4,=,=
CC(C)Cc1ccc(S(=O)(=O)NCCN2CCC(Cn3cc(-c4c[nH]c5ccc(F)cc45)nn3)CC2)cc1,CSNK2A1,O=C(O)c1ccc2c(c1)nc(Nc1ccccc1)c1nc(NC3CC3)ncc12,6.29,7.57,=,=
CSc1nn(-c2ccccn2)c(N)c1C(N)=O,SLK,CCN(CC)CCNC(=O)C=Cc1cnc(N)c2c(-c3ccc(NC(=O)Nc4cccc(C)c4)cc3)csc12,5.1,7.5,=,=
COc1ccc(F)c(F)c1C(=O)c1cnc(NC2CCN(S(C)(=O)=O)CC2)nc1N,CDK3,CC(=O)N[C@@H]1CCC[C@H](C(=O)Nc2cc(-c3cnn4c3CC(C)(C)C4)c(F)cn2)C1,8.79,7.7,=,=
CN1CCN(c2ccc(Nc3nc(N)c(C(=O)c4c(F)cccc4C(F)(F)F)s3)cc2)CC1,CDK11A,CN1C(=O)[C@@H](N2CCc3cn(CC4CCS(=O)(=O)CC4)nc3C2=O)COc2ccccc21,6.41,6.0,=,=
COc1cc(Nc2ncc(F)c(Nc3ccc4c(n3)NC(=O)C(C)(C)O4)n2)cc(OC)c1OC,EPHA8,Cc1sc(C(=O)N[C@@H]2[C@H](N)CCCC2(F)F)cc1-c1cnn2cc(Cl)cnc12,5.89,4.8,=,=
CC(=O)Nc1ccc(CN(C(=O)c2ccc(O)cc2O)c2ccc(C(=O)NCCO)cc2)cc1,PDK4,COc1ccccc1N1CCN(C(=O)/C=C/c2noc(-c3cc(Cl)c(O)cc3O)c2-c2ccc(O)cc2)CC1,4.91,5.76,=,=
CC1(N)CCCN(c2ccnc3[nH]cc(-c4ncc[nH]4)c23)C1,CDC42BPB,N#Cc1c[nH]c2nccc(N3CCC[C@]4(CCCCN4)C3)c12,10.04,6.46,=,=
O=c1c(O)c(-c2ccc(O)c(O)c2)oc2cc(O)cc(O)c12,IPMK,O=c1cc(-c2ccc(O)cc2)oc2cc(O)cc(O)c12,5.64,4.54,=,=
COc1cc2c(Oc3ccc4[nH]c(C)cc4c3F)ncnc2cc1OCCCN1CCCC1,EPHA3,COC(=O)c1ccc2c(c1)NC(=O)/C2=C(\Nc1ccc(N(C)C(=O)CN2CCN(C)CC2)cc1)c1ccccc1,5.43,5.07,=,=
Cc1ccc(C(=O)Nc2cccc(C(F)(F)F)c2)cc1Nc1nc(-c2cccnc2)nc2c1cnn2C,CDKL5,Cc1nc(Nc2n[nH]c3c2CN(C(=O)N[C@H](CN(C)C)c2ccccc2)C3(C)C)c2sccc2n1,8.84,5.71,=,=
Cc1ccc(F)c(NC(=O)Nc2ccc(-c3cccc4[nH]nc(N)c34)cc2)c1,CDK11B,Cc1cc(Nc2cc(N3CCN(C)CC3)nc(Sc3ccc(NC(=O)C4CC4)cc3)n2)n[nH]1,5.89,6.54,=,=
C[C@]12O[C@H](C[C@]1(O)CO)n1c3ccccc3c3c4c(c5c6ccccc6n2c5c31)CNC4=O,ULK3,CNC(=O)c1ccccc1Sc1ccc2c(/C=C/c3ccccn3)n[nH]c2c1,8.31,6.17,=,=
Nc1ncnc2c1c(-c1ccc(Oc3ccccc3)cc1)nn2C[C@@H]1SSC[C@@H]1O,FYN,CC(=O)Nc1cccc(-c2cncc(NCc3ccco3)n2)c1,7.28,4.95,=,=
C[C@@H](Oc1cc(-c2cnn(C3CCNCC3)c2)cnc1N)c1c(Cl)ccc(F)c1Cl,CDK11A,CN1C(=O)[C@@H](N2CCc3cn(CC4CCS(=O)(=O)CC4)nc3C2=O)COc2ccccc21,6.38,6.0,=,=
O=C(N[C@H]1C[C@@H](CO)C[C@H]1OC(=O)c1cc(O)c(C(=O)c2c(O)cccc2C(=O)O)c(O)c1)c1ccc(O)cc1,PRKCG,CCCCCCCCc1ccc2c3c(c[nH]c13)C[C@@H](CO)NC(=O)[C@H](C(C)C)N2C,7.35,8.92,=,=
Cc1ccc(-c2cnc3ccc(-c4ccc(C(=O)N5CCOCC5)cc4)cn23)s1,MKNK1,CCN1CCN(Cc2ccc(NC(=O)COc3ccc(-c4cccnc4)cc3)cc2C(F)(F)F)CC1,7.51,6.24,=,=
O=C(O)c1ccc2c(c1)nc(Nc1cccc(Cl)c1)c1ccncc12,TP53RK,CC(=O)c1cnc2ccc(-c3cc(Cl)c(O)c(Cl)c3)nc2c1N[C@H]1CC[C@H](CN(C)C)CC1,5.91,6.51,=,=
O=C1Nc2ccc(NC(=O)c3ccns3)cc2C1=Cc1cnc[nH]1,TLK2,COc1ccccc1C(=O)Nc1ccc2c(c1)/C(=C/c1cnc[nH]1)C(=O)N2,7.34,8.04,=,=
CN1CCN(c2cc(-c3ccnc(Nc4cccc(S(N)(=O)=O)c4)n3)ccn2)CC1,SMG1,Cc1ccc(C(=O)Nc2cccc(C(F)(F)F)c2)cc1Nc1nc(-c2cccnc2)nc2nn(C)cc12,6.51,6.93,=,=
CCN1C(=O)C(C)(C)c2cc3[nH]c4c(c3cc21)CCCc1c(C)n[nH]c1-4,CHEK1,COc1nccc(OCCCN)c1-c1cc(Nc2cnc(C#N)cn2)n[nH]1,7.07,9.64,=,=
COc1cc2c(Oc3ccc(NC(=O)C4(C(=O)Nc5ccc(F)cc5)CC4)cc3F)ccnc2cc1OCCCN1CCOCC1,CDK14,CN[C@@H]1C[C@H]2O[C@@](C)([C@@H]1OC)n1c3ccccc3c3c4c(c5c6ccccc6n2c5c31)C(=O)NC4,7.51,6.8,=,=
Cc1ccc(C(=O)Nc2cccc(C(F)(F)F)c2)cc1Nc1nc(-c2cccnc2)nc2c1cnn2C,PASK,Cn1cc(-c2cnc3c(-c4csc(C(=O)N[C@@H]5CCCC[C@@H]5N)c4)cnn3c2)cn1,4.87,5.82,=,=
Nc1nc(Nc2ccc(S(N)(=O)=O)cc2)nn1C(=O)c1c(F)cccc1F,MAPK4,CS(=O)(=O)CCCOc1cccc2c1ccn2-c1ccnc(N[C@H]2CC[C@H](C(=O)N3CCC(O)CC3)CC2)n1,5.8,4.96,=,=
NC(=S)N1N=C(c2ccc(Cl)c(Cl)c2)CC1c1ccc2ccccc2c1,ERBB3,OCCn1cc(-c2ccc3c(c2)CC/C3=N\O)c(-c2ccncc2)n1,4.29,5.64,=,=
O=C(N1CCc2ccc(Nc3nc(Nc4cc(C(F)(F)F)cc(C(F)(F)F)c4)ncc3-c3cnn(C4CCNCC4)c3)cc2C1)C(F)(F)F,TYRO3,O[C@H]1CC[C@H](Nc2nc(N3CCCCC3)ncc2-c2ccccn2)CC1,7.28,4.52,=,=
CC1(C)C(=O)Nc2c(C3CC3)cccc21,PDK4,COc1ccccc1N1CCN(C(=O)/C=C/c2noc(-c3cc(Cl)c(O)cc3O)c2-c2ccc(O)cc2)CC1,4.36,5.76,=,=
Cc1ccc(-c2onc3ccc(/C=C/C(=O)O)cc23)cc1,IP6K2,COC(=O)/C=C/c1ccc2noc(-c3ccccc3)c2c1,5.19,5.8,=,=
CCN(CCCOc1ccc2c(Nc3cc(CC(=O)Nc4cccc(F)c4)[nH]n3)ncnc2c1)CCOP(=O)(O)O,CSNK2A2,N#Cc1cc(Nc2nc(NC3CC3)c3ncc(C#N)n3n2)c(Cl)c(N2CC[C@@H](NC(=O)OC3COC3)[C@H](O)C2)c1,5.71,9.59,=,=
Cc1ccc(C(=O)Nc2cccc(C(F)(F)F)c2)cc1Nc1nc(-c2cccnc2)nc2c1cnn2C,MAPKAPK5,N#CC1=C(N)n2c(sc(=Cc3ccco3)c2=O)=C(C(N)=O)C1c1ccco1,4.61,6.5,=,=
Cc1ccc(-n2nc(C(C)(C)C)cc2NC(=O)Nc2ccc(OCCN3CCOCC3)c3ccccc23)cc1,CIT,CCN1CCN(Cc2ccc(Nc3ncc(F)c(-c4cc(F)c5nc(C)n(C(C)C)c5c4)n3)nc2)CC1,5.68,6.1,=,=
O=C(CNc1cccc(Oc2ccccc2)c1)N/N=C/c1ccncc1,GRK3,Cc1n[nH]c2cccc(OC[C@@H](O)CNC(C)(C)COc3ccccn3)c12,7.0,9.84,=,=
C[C@]12O[C@H](C[C@]1(O)CO)n1c3ccccc3c3c4c(c5c6ccccc6n2c5c31)CNC4=O,TLK1,Cc1cnc(Nc2ccc(OCCN3CCCC3)cc2)nc1Nc1cccc(S(=O)(=O)NC(C)(C)C)c1,6.96,5.89,=,=
CC(=O)Nc1cc(-c2cnc(N)c(S(=O)(=O)Cc3cccnc3)c2)ccn1,PIK3C3,Cc1ncc(-c2cc(-c3cc(S(=O)(=O)NCC(C)O)ccc3C)cnc2N)o1,7.52,5.8,=,=
Nc1ccc(C#Cc2c[nH]c3ncc(-c4ccc5c(c4)OCC4COCCN54)cc23)cc1,AAK1,Cc1cc(-c2cnc(OC[C@@](C)(N)CC(C)C)c(C#N)c2)ccn1,7.27,7.57,=,=
CC#CC(=O)NCCCC(=O)c1nc(-c2ccc(C(=O)Nc3ccccn3)cc2)c2c(N)nccn12,BLK,C=CC(=O)Nc1cccc(-n2c(=O)cnc3cnc(Nc4ccc(Cl)cc4)nc32)c1,5.21,6.81,=,=
c1nc2ccc(-n3cnc4cnc5cnc(-c6cnsc6)cc5c43)cc2[nH]1,MAP3K8,N#Cc1cnc2c(Cl)cc(NCc3cn(Cc4ccccn4)nn3)cc2c1Nc1ccc(F)c(Cl)c1,6.8,8.7,=,=
CSc1cccc(Nc2ncc3cc(-c4c(Cl)cccc4Cl)c(=O)n(C)c3n2)c1,EPHB1,COc1cc(N2CCC(N3CCN(C)CC3)CC2)ccc1Nc1ncc(Cl)c(Nc2ccccc2S(=O)(=O)C(C)C)n1,8.36,6.47,=,=
C=CC(=O)N1CC[C@]2(C1)C[C@H](n1c(NC(=O)c3ccnn3C)nc3cc(CN[C@@H](C)C(C)(C)C)ccc31)C2,TEC,CC#CC(=O)N1CC[C@]2(C1)C[C@H](n1nc(-c3c(C)nn(Cc4cccc(C(F)(F)F)c4)c3C)c(C(N)=O)c1N)C2,7.28,5.96,=,=
COc1cc(O)c2c(=O)c(O)c(-c3ccc(O)c(O)c3)oc2c1,IPMK,O=c1cc(-c2ccc(O)cc2)oc2cc(O)cc(O)c12,4.85,4.54,=,=
CC(C)(C)c1cc(NC(=O)Nc2ccc(-c3cn4c(n3)sc3cc(OCCN5CCOCC5)ccc34)cc2)no1,RIPK3,CC(C)(C)S(=O)(=O)c1ccc2nccc(Nc3n[nH]c4ccc(F)cc34)c2c1,6.21,7.8,=,=
CC[C@H](C)NC(=O)O[C@@H]1CC[C@H](c2cc(NC(=O)Cc3ccc(C(=O)N(C)C)cc3)n[nH]2)C1,GSK3B,CNCc1ccc(-c2cc(-c3nc(-c4ccc(S(=O)(=O)C(C)C)cc4)cnc3N)on2)cc1,7.22,6.85,=,=
COc1cc(Nc2ncc(OCc3c(F)c(OC)cc(OC)c3F)cn2)cnc1N1CCC(N2CCN(C)CC2)CC1,FGFR3,C=CC(=O)N1CCc2cc(-c3c(-c4ccc(Oc5nccc(C)n5)cc4)c(C(N)=O)c4cnc(C)cn34)ccc2C1,8.89,6.24,=,=
NC(=O)c1ncc(-c2cnc(Nc3ccc(N4CCOCC4)cc3)c3nccn23)s1,MAPKAPK5,O=C(NNC(=S)Nc1ccc(F)cc1)C(O)(c1ccccc1)c1ccccc1,5.5,7.1,=,=
CC1=C(C(=O)NCc2cnn(C)c2)[C@@H](c2ccc(C)cc2Cl)N=C(Nc2nc3cccc(N)c3o2)N1,GALK1,CC1=C(C(=O)Nc2cc(C(=O)O)ccn2)C(c2ccc(-c3ccccc3)cc2Cl)N=C(Nc2nc3ccc(F)cc3o2)N1,4.91,5.46,=,=
Cc1cccc(NC(=O)Nc2ccc(-c3csc4c(-c5cnn(C)c5)cnc(N)c34)cc2)c1,STK3,CCOc1cc2ncc(C#N)c(Nc3ccc(OCc4ncccc4C)c(C)c3)c2cc1NC(=O)CCCN(C)C,7.7,6.26,=,=
CCC(=O)Nc1cccc(C)c1Nc1cc(-c2cccnc2Nc2c(Cl)c(OC)cc(OC)c2Cl)ncn1,FGFR4,C=CC(=O)N(C)c1cc2c(cn1)CN(c1c(F)c(OC)cc(OC)c1F)C(=O)C21CC1,6.84,7.7,=,=
CCCC(=O)Nc1ccc(-c2cnc(Cl)c(NS(=O)(=O)c3ccccc3)c2)cn1,PIK3CD,CC[C@@]1(C)C(=O)N(c2cc(-c3cc(C(F)(F)F)c4c(N)ncnn34)ccc2C#N)CCN1C(C)=O,7.34,9.7,=,=
Cn1cc(-c2ccc(F)c(C(F)(F)F)c2)nc1C1CCN(c2ncnc(N)c2-c2ccc(F)cc2)CC1,AKT1,COc1ccc2c(c1)C(=O)N(c1nc(C(=O)Nc3cnccc3N3CCNCC3)cs1)C2,5.66,5.32,=,=
O=c1[nH]cnc2ccc(OCc3ccccc3)cc12,IP6K1,O=C(O)c1ccc2noc(-c3ccc(Cc4ccccc4)cc3)c2c1,4.88,6.96,=,=
Cc1cccc(C)c1-c1cc(C)c2nc(Nc3ncc(C(=O)NCCN4CCCC4)s3)nnc2c1,SRC,CNC(=O)c1ncc(C#Cc2cc(C(=O)Nc3ccc(CN4CCN(CCO)CC4)c(C(F)(F)F)c3)ccc2C)n1C,6.54,8.4,=,=
Cc1ccc(NC(=O)c2cccc(-c3ccoc3)c2)cc1-c1ccc(C(=O)NCC2CC2)cc1,MAPK14,COc1cc(CNc2nc(-c3cccc(C)n3)c(-c3ccc4ncnn4c3)s2)cc(OC)c1,8.8,5.1,=,=
CC(C)NC(=O)c1ccc(Nc2nccc(-c3ccc4nc(N5CCCC5)ncc4c3)n2)cc1,NEK5,Cc1cc(Nc2cc(N3CCN(C)CC3)nc(Sc3ccc(NC(=O)C4CC4)cc3)n2)n[nH]1,6.88,5.38,=,=
Cc1ccc2c(c1)C(=O)N(C)c1cnc(Nc3ccc(S(=O)(=O)N4CCN(C)CC4)cc3)nc1N2C,PIK3C2G,C=CC(=O)NC1CCN(S(=O)(=O)c2ccc(Nc3ncc4c(n3)N(C)c3ccc(C)cc3C(=O)N4C)cc2)CC1,5.58,6.91,=,=
Cc1ccc(C(=O)NC2CC2)cc1-c1ccn2c(-c3ccccc3Cl)nnc2c1,MAPK13,O=C(O)c1ccccc1Nc1ccnc(Nc2cccc(O)c2)n1,8.2,6.4,=,=
Cn1cccc1C(=O)Nc1cccc(-c2csc3c(-c4cccnc4)cnc(N)c23)c1,BRAF,O=C(NCCc1ccc(O)c(Br)c1)/C(Cc1cc(Br)c(O)c(Oc2ccc(CCNC(=O)/C(Cc3cc(Br)c(O)c(-c4cc(C/C(=N\O)C(=O)NCCc5ccc(O)c(Br)c5)cc(Br)c4O)c3)=N/O)cc2Br)c1)=N/O,5.38,5.77,=,=
CN(C)Cc1ccc2ccc(Cl)c(C3=C(c4cn(C)c5ccccc45)C(=O)NC3=O)c2c1,PRKCH,COC(=O)c1cccc(O)c1C(=O)c1c(O)cc(C(=O)O[C@@H]2CCC[C@H]2NC(=O)c2ccc(O)cc2)cc1O,6.25,7.52,=,=
COC(=O)c1ccc2c(c1)NC(=O)/C2=C(\Nc1ccc(N(C)C(=O)CN2CCN(C)CC2)cc1)c1ccccc1,STK35,CCN1CCN(Cc2ccc(NC(=O)Nc3ccc(Oc4cc(NC)ncn4)cc3)cc2C(F)(F)F)CC1,6.09,7.8,=,=
CC1(C)C(=O)N([C@H]2CCc3c(O)cccc32)c2nc(Nc3cccc(CN4CCCC4)c3)ncc21,SIK1,COc1cc(-c2cnc(Nc3cc(N4CCN(CCO)CC4)nc(C)n3)s2)cc2c1C(=O)N(CC(F)(F)F)CC2,6.96,7.77,=,=
O=C(c1ccc(O)cc1)c1cc2cc(O)ccc2o1,DYRK1B,Nc1cc(=O)[nH]n1-c1ccccn1,5.89,5.4,=,=
Cc1cc(-c2cnc3cc(-c4ccc(N5CCNCC5)cc4)ccn23)c2cc(F)cc(F)c2n1,TGFBR2,CNc1nc2c(-c3ccnc(OC)c3)cnn2cc1C,6.77,8.54,=,=
O=c1[nH]c([C@@H]2CCCN2)nc2c1oc1ccc(Cl)cc12,TAOK3,CCCCCc1ccc(C(=O)NCC(=O)NC2CCCc3ccccc32)cc1,5.64,7.3,=,=
C[C@@H](NC(=O)c1cnc2ccc(-c3cnn(C)c3)cn12)c1ccc(Cl)cc1,CLK1,CNC(=O)c1ccc(Nc2nc(OC3CCOCC3)c3c(-c4ccc(O)cc4)c[nH]c3n2)c(OC)c1,7.96,7.08,=,=
COc1cc(Nc2ncc3c(n2)-c2cccnc2SC3)cc(OC)c1OC,KDR,COc1cc(OC)cc(N(C[C@@H](O)CNC(C)C)c2ccc3ncc(-c4cnn(C)c4)nc3c2)c1.Cl,7.8,6.11,=,=
CCOc1cc2ncc(C#N)c(Nc3ccc(OCc4ccccn4)c(Cl)c3)c2cc1NC(=O)/C=C/CN(C)C,MAST1,C[C@]12O[C@H](C[C@]1(O)CO)n1c3ccccc3c3c4c(c5c6ccccc6n2c5c31)CNC4=O,5.26,7.72,=,=
CN(C)C/C=C/C(=O)Nc1cccc(S(=O)(=O)N2CCC(NC(=O)c3n[nH]cc3NC(=O)c3c(Cl)cccc3Cl)CC2)c1.O=C(O)C(F)(F)F,CDK14,CN1CC[C@H](c2c(O)cc(O)c3c(=O)cc(-c4ccccc4Cl)oc23)[C@H](O)C1,7.3,6.96,=,=
CNc1cc(-c2ccc3nc(Nc4cc(CN5CCN(C(=O)CC(F)(F)F)CC5)ccn4)[nH]c3c2)ncn1,RPS6KA6,Nc1c(C(=O)NCc2ccc(C(=O)NCCCC3CCCCC3)cc2)cnn1-c1ccccc1,6.75,4.85,=,=
Cc1cccc(-n2cnc3ccc(-c4ccnc5[nH]ccc45)cc32)c1,PRKCI,Cc1sc2c(NC[C@@H](N)Cc3ccccc3)nc(-c3ccncc3)nc2c1-c1ccccc1,5.16,6.0,=,=
CO[C@@H](C(=O)N1Cc2[nH]nc(NC(=O)c3ccc(N4CCN(C)CC4)cc3)c2C1)c1ccccc1,MAPK7,Cc1nc(C2CCN(C(=O)c3ccc(OC(F)(F)F)cc3N)CC2)c2ncc(N3CCN(C)CC3)cc2n1,6.37,4.96,=,=
COc1cc(-c2ccn3nc(Nc4cccc(CNC(=O)CC(F)F)n4)cc3n2)cnc1OC,PIK3CG,O=c1c2c(Cl)ccn2nc([C@@H]2CCCN2c2ncnc3[nH]cnc23)n1-c1ccccc1,8.52,7.92,=,=
CN(C)C[C@@H]1CCn2cc(c3ccccc32)C2=C(C(=O)NC2=O)c2cn(c3ccccc23)CCO1,PRPF4B,Cc1cnc(Nc2ccc(OCCN3CCCC3)cc2)nc1Nc1cccc(S(=O)(=O)NC(C)(C)C)c1,5.8,6.41,=,=
O=C(c1ccc(/C=C/c2n[nH]c3ccccc23)cc1)N1CCNCC1,TAOK1,COc1cc(C=C(C#N)c2nc3cc(C)ccc3[nH]2)c(Br)cc1O,5.75,5.1,=,=
COc1ccc2[nH]c(=O)c3sccc3c2c1-c1ccc(S(=O)(=O)NCCCl)cc1,NEK1,COc1cc(C)c2[nH]c(=O)c3sccc3c2c1-c1ccc(CCN)c(Cl)c1,7.16,7.48,=,=
N[C@@H]1CCCN(c2ccc(Nc3c(C(=O)C4CC4)cnc4ccc(-c5cc(F)c(O)c(Cl)c5)nc34)cn2)C1,MELK,COc1ccc(N2CCN(C)CC2)cc1Nc1ncc2c(n1)-c1c(c(C(N)=O)nn1C)CC2,9.34,5.29,=,=
O=C(O)c1cccc(S(=O)(=O)NC[C@H]2OC(O)[C@H](NC(=O)c3cccc(-c4ccccc4)c3)[C@@H](O)[C@@H]2O)c1,HK1,COc1ccc(-c2nc3c(c(=O)n(C)c(=O)n3C)n2CC2CC(c3ccccc3)=NO2)cc1OC,7.6,4.46,=,=
Cc1ccc(NC2=N/C(=C\c3ccc4ncsc4c3)C(=O)N2)cc1F,DYRK3,CNC(=O)c1ccc(Nc2nc(OC3CCCC3)c3c(-c4ccc5nc(C)oc5c4)c[nH]c3n2)c(OC)c1,5.51,7.0,=,=
COC(=O)Nc1cc(-c2ccc(OC[C@@](C)(N)CC(C)C)c(Cl)n2)ccn1,STK39,O=C(Nc1ccc(Oc2ccc3ccccc3c2Br)c(Cl)c1)c1cccc(O)c1O,5.85,7.3,=,=
CCCS(=O)(=O)Nc1ccc(F)c(C(=O)c2c[nH]c3ncc(Cl)cc23)c1F,PAK1,C[C@H](Nc1nccc(Nc2cc(C3CC3)[nH]n2)n1)c1ccc2[nH]cnc2c1,5.85,7.23,=,=
C[C@H]1CN2C[C@@H](F)C[C@H]2CN1C(=O)N1Cc2c(NC(=O)c3ccccn3)n[nH]c2C1(C)C,PRKCB,O=C(N[C@@H]1CCC[C@H]1OC(=O)c1cc(O)c(C(=O)c2c(O)cccc2C(=O)O)c(O)c1)c1ccc(O)cc1,6.96,7.3,=,=
C=CC(=O)N1CCc2cc(-c3c(-c4ccc(Oc5nccc(C)n5)cc4)c(C(N)=O)c4cnc(C)cn34)ccc2C1,FGFR3,N#CCOc1ccc(Nc2nc(Nc3cccc(S(N)(=O)=O)c3)ncc2Br)cc1,6.24,7.4,=,=
O=[N+]([O-])c1cc(S(=O)(=O)C(Cl)(Cl)Br)ccc1NC1CCCC1,WNK1,COc1cccc(-c2cc(-n3cc(CNCC4CCCCC4)c4ccccc43)ccn2)c1,4.61,7.22,=,=
CCCCCC(=O)Nc1cccc(C2=NOC3(C2)C[C@@H](C(N)=O)N(C(=O)c2ccc(OC)cc2)C3)c1,GRK2,Cn1cc(-c2cc(C(N)=O)nc3[nH]ncc23)c2cc(OCC3CCCNC3)ccc21,5.36,6.16,=,=
CCS(=O)(=O)Nc1ccc2c(c1)/C(=C(/Nc1ccc(CN3CCCCC3)cc1)c1ccccc1)C(=O)N2,STK24,O=C(c1ccc(/C=C/c2n[nH]c3ccccc23)cc1)N1CCNCC1,8.0,5.96,=,=
C[C@@H]1C[C@H](c2ccncc2NC(=O)c2ccc(F)c(-c3c(F)cccc3F)n2)C[C@H](N)[C@@H]1OCCS(C)(=O)=O,PIM2,CS(=O)(=O)c1ccc(Nc2nc3c(-c4nnc[nH]4)cccc3c3cnccc23)c(Cl)c1,5.96,7.36,=,=
CC[C@@H]1C(=O)N(C)c2cnc(Nc3ccc(C(=O)N[C@H]4CC[C@H](N5CCN(CC6CC6)CC5)CC4)cc3OC)nc2N1C(C)C,NEK3,Cc1cnc(Nc2ccc(OCCN3CCCC3)cc2)nc1Nc1cccc(S(=O)(=O)NC(C)(C)C)c1,5.53,6.19,=,=
O=C(NCCCN1CCCC1=O)c1cnc(NCc2cc(Br)ccc2Br)nc1NC1CCCC1,CASK,O=C(NC1CCNCC1)c1n[nH]cc1NC(=O)c1c(Cl)cccc1Cl,7.22,7.62,=,=
Cc1c[nH]c2nccc(Oc3c(F)cc(Nc4cc(Cl)nc(N)n4)cc3F)c12,AKT3,Nc1ncccc1-c1nc2ccc(-c3ccccc3)nc2n1-c1ccc(C2(N)CCC2)cc1,6.0,7.9,=,=
C[C@H]1CCc2c(sc3nc(SCCN4CCCC4)n(N)c(=O)c23)C1,PDK4,Cc1ccc(Cl)cc1S(=O)(=O)Nc1cc(C(=O)O)ccc1Br,4.83,4.52,=,=
Nc1ncnc2scc(-c3ccc(NC(=O)Nc4cc(C(F)(F)F)ccc4F)cc3)c12,RPS6KA4,O=C1NC(=O)/C(=C/c2ccc3nccc(-c4ccncc4)c3c2)S1,7.1,6.3,=,=
COc1ccc2c(C3CCN(C(=O)c4ccc(OC(F)(F)F)cc4)CC3)nccc2c1,MAPK7,O=C(Nc1cnc(N2CCOCC2)nc1)c1cc(C(=O)c2c(F)cccc2Cl)c[nH]1,4.64,5.68,=,=
NC[C@@H](NC(=O)c1ccc(-c2nc(C3CCOCC3)cnc2N)cc1F)c1cccc(Cl)c1,MAPK1,Cc1cc(-n2ncc3cc(NC(=O)N[C@H]4CCC[C@@H]4c4ccccc4)ncc32)ccn1,10.68,8.13,=,=
Cn1cc(-c2cc3c(-c4cccc(-n5ccc6cc(C7CC7)cc(F)c6c5=O)c4CO)nc(N)nc3[nH]2)cn1,BTK,C[C@@](O)(c1ccc(-c2nc(C3(C(=O)O)CC3)n3ccnc(N)c23)cc1)c1cccc(C(F)(F)F)c1,9.27,6.21,=,=
Cc1ccccc1Nc1nc(N2CCNCC2)nc2c(NC3CCCCC3)ncnc12,KHK,CSc1ccc(CC(=O)O)cc1Nc1nc(N2C[C@H]3CNC[C@H]3C2)cc(C(F)(F)F)c1C#N,5.64,8.12,=,=
CN1CC[C@H](c2c(O)cc(O)c3c(=O)cc(-c4ccccc4Cl)oc23)[C@H](O)C1,VRK2,Cn1cc(C2=C(c3cn(CCCSC(=N)N)c4ccccc34)C(=O)NC2=O)c2ccccc21,7.2,4.79,=,=
Cc1nc([C@](C)(O)C#Cc2ccc3c(c2)-c2nc(C(N)=O)c(C(F)(F)F)n2C2CC3C2)no1,MAP3K14,CC(C)(O)C#Cc1ccc2c(c1)-c1nc(C(N)=O)sc1C(CC(=O)O)CO2,8.89,7.5,=,=
CCCN1c2nc(Nc3cc(F)c(O)c(F)c3)ncc2N(C)C(=O)[C@H]1C,VRK1,C#CCN1C(=O)[C@@H](C)N(CCC)c2nc(Nc3cc(F)c(O)c(F)c3)ncc21,7.18,7.51,=,=
Cc1ccc(F)c(NC(=O)Nc2ccc(-c3cccc4[nH]nc(N)c34)cc2)c1,CDK16,CNC(=O)c1cc(Oc2ccc(NC(=O)Nc3cc(C(C)(C)C)nn3-c3ccc4ncccc4c3)c(F)c2)ccn1,5.55,6.5,=,=
O=C(O)c1ccc2cc3nc(-c4cccs4)c(-c4cccs4)nc3cc2c1,RPS6KB2,c1csc(-c2nc3cc4ccccc4cc3nc2-c2cccs2)c1,7.4,5.87,=,=
COc1cc(-c2ccc3c(c2)Nc2ccc(C(=O)NCCNC(C)=O)cc2NC3=O)ccc1O,MAP4K5,O=C1NCc2c(-c3cnc4cc(F)ccn34)ccc(Nc3ccc4c(n3)CN(CCN3CCOCC3)C43CCOCC3)c21,5.7,6.74,=,=
COCCn1c(SC)nc(-c2ccc(F)cc2)c1-c1ccnc(N[C@H](C)c2ccccc2)c1,MAPK14,CNC(=O)c1cccc(NC(=O)c2ccc(-c3cc(-c4nnc(C)o4)ccc3C)cc2)c1,6.21,6.61,=,=
CNS(=O)(=O)c1ccccc1Nc1nc(Nc2cc(OC)c(OC)c(OC)c2)ncc1Cl,MINK1,COc1cc2c(Oc3ccc4[nH]c(C)cc4c3F)ncnc2cc1OCCCN1CCCC1,7.2,6.04,=,=
O=C(Nc1ccc2cc(C(=O)Nc3nccs3)ccc2c1)c1ccc(Cl)c(Cl)c1,CDK3,COc1ccc(F)c(F)c1C(=O)c1cnc(NC2CCN(S(C)(=O)=O)CC2)nc1N,5.1,8.79,=,=
CCn1c(-c2nonc2N)nc2c(C#CC(C)(C)O)ncc(OC[C@H]3CCCNC3)c21,PRKACA,c1ccc(Cn2nnc(-c3ccc4[nH]ncc4c3)c2C2CC2)cc1,7.72,6.5,=,=
CC(C)N1CCN(c2ccc(Oc3nc(NC4CC4)n4ncc(/C=C5\NC(=O)NC5=O)c4n3)cc2)CC1,CSNK2B,N#Cc1cccc(-c2cc(NC3CC3)n3ncc(/C=C4\NC(=O)NC4=O)c3n2)c1,4.18,7.12,=,=
c1cc(-c2ccc(Nc3ncc4c5ccncc5n(C5CCCC5)c4n3)nn2)ccn1,CDK6,CC(C)N1CCOc2c(F)cc(-c3nc(Nc4ccc(N5CCNCC5)c(F)c4)ncc3Cl)cc21,7.0,7.89,=,=
Cc1cc(F)c(Nc2ccnc3c2C(=O)Nc2cc(CNC4CC(F)(F)C4)ccc2N3)cc1O,PDGFRB,COc1cc2c(N3CCN(/C(S)=N\Cc4ccc5c(c4)OCO5)CC3)ncnc2cc1OCCN1CCCCC1,8.7,7.4,=,=
Nc1ncnc2sc3c(c12)-c1ccc(NC(=O)Nc2ccccc2)cc1CC3,ERBB4,Nc1nccn2c([C@H]3CN(C4CCOCC4)CCO3)nc(-c3ccc(C(=O)Nc4cc(C(F)(F)F)ccn4)cc3F)c12,5.8,7.12,=,=
Cn1nccc1Nc1nccc(-c2ccn([C@H](CO)c3ccc(Cl)c(F)c3)c(=O)c2)n1,CAMK1G,CN[C@@H]1C[C@H]2O[C@@](C)([C@@H]1OC)n1c3ccccc3c3c4c(c5c6ccccc6n2c5c31)C(=O)NC4,6.93,7.88,=,=
Cc1cc(-c2cc(OC(=O)c3ccccc3)ccc2Cl)cc2nnc(Nc3ccc(OCCN4CCCC4)cc3)nc12,ACVR2B,Nc1nc(Nc2ccc(S(N)(=O)=O)cc2)nn1C(=O)c1c(F)cccc1F,6.38,5.23,=,=
CCCCCCCCc1ccc(CC[C@](/C=C/P(=O)(O)O)(CF)N=[N+]=[N-])cc1,SPHK1,OC[C@@H]1C[C@H](O)CCN1CCc1ccc(Nc2nc(-c3ccc4ccccc4c3)cs2)cc1,5.24,6.35,=,=
c1cnc2[nH]cc(-c3ccc4ncnc(NCC5CCOCC5)c4c3)c2c1,DYRK1A,Fc1cccc(-c2cncc3[nH]c(-c4n[nH]cc4C#Cc4cncc(OC5CCNCC5)c4)nc23)c1,9.1,7.25,=,=
NC(=O)c1c(OCc2c(F)cc(Br)cc2F)nsc1NC(=O)NCCCCN1CCCC1,PTK6,Cc1cn2c(-c3cn[nH]c3)cnc2c(Nc2ccc(C(=O)N3CCN(CCO)CC3)c(Cl)c2)n1,6.1,7.03,=,=
CCOC(=O)c1c(C(F)(F)F)csc1NC(=O)Cc1ccc(OC)cc1,MAPK8,Cc1cccc(NC(=O)c2ccc(C(F)F)o2)c1N1CCC2(CC1)OCCO2,4.72,6.58,=,=
N#CC[C@H](C1CCCC1)n1cc(-c2ncnc3[nH]ccc23)cn1,DCLK3,C[C@]12O[C@H](C[C@]1(O)CO)n1c3ccccc3c3c4c(c5c6ccccc6n2c5c31)CNC4=O,6.58,5.96,=,=
Nc1c(C(=O)NCc2ccc(C(=O)NCCCC3CCCCC3)cc2)cnn1-c1ccccc1,MAP3K20,Cc1cccc(NC(=O)Nc2ccc(-c3csc4c(-c5cnn(CC(C)O)c5)cnc(N)c34)cc2)c1,6.04,5.6,=,=
CC(C)OC1CCN(Cc2cnc(Cl)nc2Oc2ccc3c(ccc4sc5c(c43)NC[C@@H](C)NC5=O)n2)CC1,MAPKAPK2,Clc1ccc(-c2cc3c(o2)-c2nncn2-c2ccc(N4CCNCC4)cc2C3)cc1,6.52,6.85,=,=
CN1CCC(CNc2ccc3ncc(-c4cccc(OC(F)(F)F)c4)n3n2)CC1,SIK2,C[S+]([O-])c1ccc(-c2nc(-c3ccc(F)cc3)c(-c3ccncc3)[nH]2)cc1,5.21,6.0,=,=
CCOc1cc2ncc(C#N)c(Nc3ccc(OCc4ccccn4)c(Cl)c3)c2cc1NC,STK4,CCOc1cc2ncc(C#N)c(Nc3cccc(Cl)c3)c2cc1NC(=O)CCCN(C)C,6.26,5.26,=,=
CN1CCN(c2ccc3nc(-c4c(N)c5c(F)cccc5[nH]c4=O)[nH]c3c2)CC1,MAP2K2,Nc1ncnc2c1c(-c1ccc(Oc3ccc(CO)cc3)cc1)cn2C1CCOC1,6.46,8.2,=,=
Cc1cc(N=S(C)(C)=O)cc2ncnc(Nc3ccc(Cl)cc3O[C@H](C)C(=O)NCC(F)F)c12,MKNK2,O[C@@H]1CC[C@@H](Nc2nccc(-n3cnc4ccccc43)n2)C1,8.7,7.21,=,=
Nc1n[nH]c2ncc(Br)cc12,CSNK1A1,CC(C)(C)c1cnc(CSc2cnc(NC(=O)C3CCNCC3)s2)o1,4.6,6.0,=,=
O=C(c1ccc(/C=C/c2n[nH]c3ccccc23)cc1)N1CCNCC1,MYO3A,CCN(CC)CCNC(=O)c1c(C)[nH]c(/C=C2\C(=O)Nc3ccc(F)cc32)c1C,6.13,5.51,=,=
O=C1NC(=O)/C(=C/c2ccc3nccc(-c4ccncc4)c3c2)S1,TP53RK,Cc1ccc(C(=O)Nc2cccc(C(F)(F)F)c2)cc1Nc1nc(-c2cccnc2)nc2nn(C)cc12,7.24,6.32,=,=
N=C(N)NCCCC(NC(=O)CCCCCNC(=O)C(Cc1c[nH]c2ccccc12)NC(=O)CCCCCNC(=O)c1ccc(-c2ccnc(N)n2)[se]1)C(=O)NC(CCCNC(=N)N)C(=O)NC(CCCNC(=N)N)C(=O)NC(CCCNC(=N)N)C(=O)NC(CCCNC(=N)N)C(=O)NC(CCCNC(=N)N)C(=O)NC(CCCCN)C(N)=O,PRKACB,Cc1ccc(C(=O)Nc2cccc(C(F)(F)F)c2)cc1Nc1nc(-c2cccnc2)nc2nn(C)cc12,10.89,8.49,=,=
O=C(NCCCNc1nc(Nc2cccc(CN3CCOCC3)c2)ncc1C1CC1)C1CCC1,ULK2,CNC(=O)c1ccccc1Sc1ccc2c(/C=C/c3ccccn3)n[nH]c2c1,7.42,5.0,=,=
O=C1NCCOCCNc2nc(c3ccccc3n2)Nc2cc1[nH]n2,STK26,CC1(C)C(=O)N([C@H]2CCc3c(O)cccc32)c2nc(Nc3ccccc3)ncc21,4.89,5.65,=,=
Cc1ccc(C(=O)Nc2cccc(C(F)(F)F)c2)cc1Nc1nc(-c2cccnc2)nc2c1cnn2C,MAP3K1,COc1ccc(-n2cnc3ccc(-c4nnc(SCc5cccc(C#N)c5)o4)cc32)cc1,5.45,5.09,=,=
CCn1c(-c2nonc2N)nc2cnc(Oc3cccc(NC(=O)c4ccc(OCCN5CCOCC5)cc4)c3)cc21,PRKD2,Cc1cc(Nc2ncc(F)c(NC3C4C=CC(C4)C3C(N)=O)n2)ccc1N1CCN(C)CC1,5.7,7.5,=,=
C[C@@H](O)[C@@H](C)Oc1nc(Nc2ccc(S(=N)(=O)C3CC3)cc2)ncc1C(F)(F)F,CDK3,O=C(Nc1ccc2cc(C(=O)Nc3nccs3)ccc2c1)c1ccc(Cl)c(Cl)c1,8.18,5.1,=,=
CCOc1cc(F)c2c(-c3ccc(C(=O)O)c(C(C)C)c3)ncnc2c1,CAMKK1,CN[C@@H]1C[C@H]2O[C@@](C)([C@@H]1OC)n1c3ccccc3c3c4c(c5c6ccccc6n2c5c31)C(=O)NC4,7.92,8.92,=,=
Cc1ccc(NC(=O)Nc2ccc(-c3csc4c(-c5cnn(C(C)C(=O)N(C)C)c5)cnc(N)c34)cc2)cc1,MAP4K2,COc1ccc(-c2ccc(NC(=O)Nc3cccc(Br)c3)cc2)c2c(N)noc12,7.2,6.2,=,=
C[C@H](Nc1c(C(N)=O)cnc2ccc(-c3cccnc3)cc12)C1CCOCC1,ATM,O=c1cc(N2CCOCC2)nc(N2CCC[C@@H]2Cc2ccc(Cl)c(Cl)c2)[nH]1,6.78,8.38,=,=
Cn1cc(C2=C(c3cn(CCCSC(=N)N)c4ccccc34)C(=O)NC2=O)c2ccccc21,MAPK15,O=C(Nc1ccc2cc(C(=O)Nc3nccs3)ccc2c1)c1ccc(Cl)c(Cl)c1,9.05,5.27,=,=
CC(=O)NCCNc1nc2cc(-c3ccccc3)sc2n2c(C)cnc12,CHUK,NC(=O)c1cc(-c2ccc(F)cc2)cc(-c2ccc(S(N)(=O)=O)cc2)c1N,5.15,6.3,=,=
COc1ccc(OC)c(Nc2nccnc2NS(=O)(=O)c2cccc(NC(C)=O)c2)c1,PIK3C2G,COc1ccc(-c2sc(NC(=O)C3CCCC3)nc2C)cc1S(=O)(=O)Nc1ccc(O)cc1,5.47,6.0,=,=
CC(C)C[C@H](N)CNc1nc(-c2ccncc2)nc2c(Br)csc12,PRKCI,CC(C)(C)c1sc2c(NC[C@@H](N)Cc3ccccc3)nc(-c3ccncc3)nc2c1-c1cccc(N)c1,6.0,5.0,=,=
COCC1(CN2CCN(c3ccnc(-c4cnc5ccc(C(F)(F)F)cn45)n3)[C@@H](C)[C@@H]2c2cn[nH]c2)CCC1,EIF2AK4,Cc1nnc(C)n1[C@@H]1C[C@H](C)CN(c2nccc(-c3cnc4ccc(C(F)(F)F)cn34)n2)C1,6.26,7.26,=,=
CNC(=O)c1ccccc1Nc1cc(Nc2cc(C)c(C3CCNCC3)cc2OC(C)C)ncc1C(F)(F)F,PTK2B,CN1C(=O)/C(=C/c2cn(CC(=O)N3CCCCC3)c3ccccc23)c2ccccc21,6.21,4.33,=,=
Cc1cc([C@](C)(O)C#Cc2cc3c(cc2C)OCCn2cc(C(N)=O)nc2-3)no1,MAP3K14,CC(C)(O)C#Cc1ccc2c(c1)-c1nc(C(N)=O)sc1CCO2,7.21,7.52,=,=
Cc1cnc(C(=O)Nc2cc(C(F)(F)F)ccc2N2CCN(Cc3ccccn3)CC2)o1,SRPK1,O=C(NNC(=S)Nc1ccc(F)cc1)C(O)(c1ccccc1)c1ccccc1,5.0,6.4,=,=
Nc1nc(Nc2ccc(Oc3ccc(Cl)cc3)cc2)c2cc[nH]c2n1,TTBK2,Clc1ccccc1Oc1ccc(Nc2ncnc3[nH]ccc23)cc1,5.57,6.31,=,=
COc1ccc(F)c(F)c1C(=O)c1cnc(NC2CCN(S(C)(=O)=O)CC2)nc1N,DMPK,CO[C@@H]1[C@H](N(C)CCOCCOCCOCCNC(=O)CCC2=[N+]3C(=Cc4c(C)cc(C)n4[B-]3(F)F)C=C2)C[C@H]2O[C@]1(C)n1c3ccccc3c3c4c(c5c6ccccc6n2c5c31)C(=O)NC4,6.21,7.03,=,=
CCCCCCCCCCCC(=O)O[C@H]1[C@H](O)[C@@H](CO)O[C@H]1n1cc(C)c(=O)[nH]c1=O,TK2,Cc1cn([C@H]2C[C@H](n3cc(-c4ccccn4)nn3)[C@@H](CO)O2)c(=O)[nH]c1=O,4.55,5.89,=,=
CC(C)(C(N)=O)n1cc(-c2cnc(N)c3c(-c4ccc(NC(=O)Nc5cccc(F)c5)cc4)csc23)cn1,CSNK1G3,Clc1cc(NC2CCCCC2)nc(-c2c[nH]c3ncccc23)n1,5.3,5.7,=,=
Nc1n[nH]c2ccc(-c3nnn(Cc4ccccc4)c3-c3ccc(F)cc3)cc12,PRKG2,NC(=O)c1ccc(-c2c[nH]c3nccc(Cl)c23)cc1,5.8,6.8,=,=
Cc1cc(C(=O)Nc2cccc(Oc3ccc4nc(NC(=O)C5CC5)sc4c3)c2)n(C)n1,PDGFRB,COc1ccc(N(C)c2nc(Cl)nc3ccccc23)cc1,7.68,7.12,=,=
CC[C@@H]1c2nnc(C)n2-c2cnc(Nc3ccc(C(=O)NC4CCN(C)CC4)cc3OC)nc2N1Cc1ccccc1,PLK1,C=CCn1c(=O)c2cnc(Nc3ccc4c(c3)CN(C)CC43CC3)nc2n1-c1ccccn1,6.36,6.02,=,=
CO[C@@H]1[C@H](N(C)C(=O)c2ccccc2)C[C@H]2O[C@]1(C)n1c3ccccc3c3c4c(c5c6ccccc6n2c5c31)C(=O)NC4,HUNK,CCN(CC)CCNC(=O)c1c(C)[nH]c(/C=C2\C(=O)Nc3ccc(F)cc32)c1C,6.62,6.3,=,=
COc1cc2ncnc(Nc3ccc(O)cc3)c2cc1OC,STK10,COc1cc(N2CCC(N3CCN(C)CC3)CC2)ccc1Nc1ncc(Cl)c(Nc2ccccc2P(C)(C)=O)n1,5.58,6.91,=,=
OC[C@@]12C[C@@H]1[C@@H](n1cc(-c3ccccc3)c3c(Nc4ccccc4)ncnc31)[C@H](O)[C@@H]2O,ADK,CC(C)c1ccc(-c2c(N)ncnc2C#Cc2ccc(N(C)C)cc2)cc1,6.85,7.66,=,=
CSc1nn(-c2ccccc2)c2cc(NC(=O)CC3CCCCN3)ccc12,KHK,C[C@H]1[C@H](O)CN1c1nc(-c2cnn([C@@H]3CCNC3)c2)cc(C(F)(F)F)n1,6.07,7.76,=,=
COc1nccc(-c2c(-c3ccc(F)cc3)ncn2C2CCC(O)CC2)n1,FRK,Cc1ccc(C(=O)Nc2cccc(C(C)(C)C)c2)cc1-c1ccc(C(=O)NCC2CC2)cc1,6.1,6.91,=,=
FC(F)(F)c1cc(Cl)c2ncn(-c3nc(OCCc4ccccn4)ncc3Cl)c2c1,MKNK1,Cc1ccc(-c2cnc3ccc(-c4ccc(C(=O)N5CCOCC5)cc4)cn23)s1,5.26,7.51,=,=
CCNC(=O)c1cnc(N)c2c(-c3ccc(NC(=O)Nc4cccc(F)c4)cc3)csc12,LCK,Cc1cn(-c2cc(NC(=O)c3ccc(C)c(Nc4nc5ccccc5n4-c4cc(N)ncn4)c3)cc(C(F)(F)F)c2)cn1,8.1,7.23,=,=
COc1cc(-c2cnn3cc(OC)c(C4CCCC4)nc23)ccn1,ACVR2A,CNc1nc2c(-c3ccnc(OC)c3)cnn2cc1C,5.54,5.89,=,=
CC(C)(C)NC(=O)N1CCn2nc(-c3cccc(CNS(C)(=O)=O)c3)c(C(N)=O)c2C1,CSNK1E,COc1cc2ncnc(Nc3ccc(F)c(Cl)c3)c2cc1OCCCN1CCOCC1,5.9,6.37,=,=
CO[C@@H]1[C@H](NCCOCCOCCOCCNC(=O)CCC2=[N+]3C(=Cc4c(C)cc(C)n4[B-]3(F)F)C=C2)C[C@H]2O[C@]1(C)n1c3ccccc3c3c4c(c5c6ccccc6n2c5c31)C(=O)NC4,STK32B,C[C@]12O[C@H](C[C@]1(O)CO)n1c3ccccc3c3c4c(c5c6ccccc6n2c5c31)CNC4=O,6.35,5.23,=,=
Cc1n[nH]c2cnc(-c3cncc(OCC(N)Cc4cccc(C(F)(F)F)c4)c3)cc12,CDK8,COc1ccc(F)cc1-c1ccnc2[nH]c(C3=CCN(CC(O)CO)CC3)cc12,7.9,5.51,=,=
COc1c(N2CCNC(C)C2)c(F)cc2c(=O)c(C(=O)O)cn(C3CC3)c12,CLK2,CC(C)CC(=O)Nc1cncc(-c2cc3c(-c4cc5cccnc5[nH]4)n[nH]c3cn2)c1,5.1,7.68,=,=
N#CCOc1ccc(Nc2nc(Nc3cccc(S(N)(=O)=O)c3)ncc2Br)cc1,MATK,CNS(=O)(=O)c1ccccc1Nc1nc(Nc2cc(OC)c(OC)c(OC)c2)ncc1Cl,6.5,7.3,=,=
Cc1cc(NC(=O)c2ccc(C)c(Nc3ncccc3-c3ncnc4[nH]cnc34)c2)ccc1Cl,BRAF,CS(=O)(=O)c1cc(NC(=O)Nc2ccc(Oc3ccnc(NC(=O)C4CC4)c3)cn2)cc(C(F)(F)F)c1,8.15,7.54,=,=
Nc1ncc(-c2c(F)cccc2F)nc1C(=O)Nc1cnc2c(c1N1CCC[C@H](N)C1)CC[C@@H]2O,PIM2,CS(=O)(=O)c1ccc(Nc2nc3c(-c4nnc[nH]4)cccc3c3cnccc23)c(Cl)c1,6.26,7.36,=,=
N#Cc1ccc(N2CC[C@@H](Nc3c(C(N)=O)cnc4[nH]ccc34)[C@@H](F)C2)nc1,CAMK2A,O=C(O)Cc1ccccc1Nc1c(Cl)cc(O)cc1Cl,6.0,5.69,=,=
COc1ccc(-c2ccc(NC(=O)Nc3cccc(Br)c3)cc2)c2c(N)noc12,BLK,Nc1n[nH]c2cccc(-c3ccc(NC(=O)Nc4cccc(C(F)(F)F)c4)c(F)c3)c12,6.9,6.6,=,=
O=C(Cc1ccc(C2CC2)c(F)c1)N1CCN(c2ccc(Cl)nn2)CC1,PANK3,CC(C)c1ccc(CC(=O)N2CCN(c3nccc(Cl)n3)CC2)cc1,8.86,6.57,=,=
COC(=O)c1ccc(-c2ccc3c(c2)C(=O)N(c2cccc(-c4nncn4C(C)C)n2)C3)cc1,MAP3K5,CCS(=O)(=O)N1CCN(c2ccc(Nc3ncc(C(N)=O)c(NC4CC4)n3)cc2)CC1.Cl,7.83,6.54,=,=
NC(=O)Cn1cc(CN2CCN(c3cc(C(=O)Nc4ccc5c(c4)-c4c(c(C(N)=O)nn4-c4ccc(F)cc4)CC5)c(Cl)cn3)CC2)cn1,IKBKB,CCN1CCN(c2cc(C(=O)Nc3ccc4c(c3)-c3c(c(C(N)=O)nn3-c3ccc5c(c3)OCO5)CC4)c(Cl)cn2)CC1,9.05,7.28,=,=
CCCNC(=O)N(C)c1cnc2ccc(-c3ccc(OCCCN(C)C)nc3)cc2n1,ATM,COc1ccccc1C[C@H]1[C@H](C)CCN1c1nc(N2CCO[C@H](C)C2)cc(=O)[nH]1,8.52,7.39,=,=
N[C@H]1CCCC[C@H]1Nc1cc2nc[nH]c(=O)c2c(Nc2cccc3[nH]ccc23)n1,JAK2,CN1CCC(CNc2c(Cl)cnc3[nH]c(-c4cccc(F)c4)nc23)CC1,7.08,4.79,=,=
Cc1ccc(F)c(-c2cc(Nc3ccnc4cn(C[C@@H](C)O)nc34)c(C)cn2)c1,TGFBR1,CN1CCN(CC(=O)Nc2cc(Nc3nc(-c4cccc(C(F)(F)F)n4)nc4[nH]ccc34)ccn2)CC1,6.8,9.28,=,=
Nc1ncnc2c1N=C(c1ccc(NC(=O)Nc3cc(C(F)(F)F)ccc3F)cc1)CCN2,PKN2,CN1C/C=C/CCOc2cccc(c2)-c2ccnc(n2)Nc2cccc(c2)C1,5.2,6.85,=,=
Fc1cccc(CSc2nnc(Cn3nnc4ccccc43)o2)c1,PTK2,Cc1cnc2[nH]c(-c3ccc(F)cc3)cc2c1NCc1cccnc1N(C)S(C)(=O)=O,5.15,6.15,=,=
N#Cc1c(C(F)(F)F)cc(N2C[C@H]3CNC[C@H]3C2)nc1Nc1ccccc1SC(F)F,KHK,CCc1c(C(F)F)nc(N2C[C@@H](O)[C@@H]2C)nc1N1CC2C(CC(=O)O)C2C1,8.8,6.96,=,=
CCCn1c(CNc2cccc(C(=O)NCc3c(F)cccc3F)c2)nnc1-c1ccncn1,GRK1,CN[C@@H]1C[C@H]2O[C@@](C)([C@@H]1OC)n1c3ccccc3c3c4c(c5c6ccccc6n2c5c31)C(=O)NC4,5.05,7.18,=,=
NC(=O)c1ccc(C(O)c2cc(-c3ncnc4cc(N5CCOCC5)ccc34)c(F)cc2Cl)nn1,PRKDC,C[C@@H]1COCCN1c1nc(-c2cccc3[nH]ccc23)nc2c1CN(C(=O)c1cccc(S(C)(=O)=O)c1)C2(C)C,8.3,6.18,=,=
N#Cc1cc(-c2ncnc(Nc3ccc(N4CCOCC4)cc3)n2)ccc1O[C@@H]1CCN(C(=O)CO)C1,TBK1,COc1nnc(Cl)cc1-c1ccc2nc(Nc3cc(CN4CCN(C(=O)C5CC5)CC4)ccn3)[nH]c2c1,5.22,7.14,=,=
Cc1n[nH]c2ccc(-c3cncc(OCC(N)Cc4c[nH]c5ccccc45)c3)cc12,MAPK12,COc1ccc(-n2nc(C(C)(C)C)cc2NC(=O)Nc2ccc(Oc3ccnc4[nH]c(=O)cnc34)c3ccccc23)cc1,6.0,6.44,=,=
COc1ccc2cc(-c3nn(C(C)C)c4ncnc(N)c34)ccc2c1.Cl,EPHA3,COc1cc2ncnc(Nc3ccc(F)c(Cl)c3)c2cc1OCCCN1CCOCC1,5.8,5.26,=,=
CO[C@@H]1[C@H](N(C)CCOCCOCCOCCNC(=O)CCC2=[N+]3C(=Cc4c(C)cc(C)n4[B-]3(F)F)C=C2)C[C@H]2O[C@]1(C)n1c3ccccc3c3c4c(c5c6ccccc6n2c5c31)C(=O)NC4,CAMKK1,COC(=O)c1ccc2c(c1)NC(=O)/C2=C(\Nc1ccc(N(C)C(=O)CN2CCN(C)CC2)cc1)c1ccccc1,7.85,6.2,=,=
C#CCN(Cc1ccco1)C(=O)Cc1cc(C2NC(=O)NC(C)=C2C(=O)Nc2ccc3[nH]ncc3c2)ccc1F,GRK5,CC1=C(C(=O)Nc2ccc3[nH]ncc3c2)C(c2ccc(F)c(C(=O)NCc3ncccc3C)c2)NC(=O)N1,5.41,4.17,=,=
Cc1cn2c(-c3ccnc(NCC(C)(C)CO)n3)c(-c3ccc(F)cc3F)nc2c(C)n1,FRK,Oc1c2ccccc2c2c3c(cccc13)N=N2,5.7,7.2,=,=
COc1cc(N2CCC(N3CCN(C)CC3)CC2)ccc1Nc1ncc(Cl)c(Nc2ccccc2S(=O)(=O)C(C)C)n1,OXSR1,CCN(CC)CCNC(=O)c1c(C)[nH]c(/C=C2\C(=O)Nc3ccc(F)cc32)c1C,7.32,6.28,=,=
Cc1[nH]c(/C=C2\C(=O)Nc3ccc(F)cc32)c(C)c1C(=O)NC[C@H](O)CN1CCOCC1,MAP2K3,NC(=O)c1nc(-c2ccncc2)c2ccccn12,5.66,6.82,=,=
C=CC(=O)N1CC[C@]2(C1)C[C@H](n1c(NC(=O)c3ccc(-c4nc(C)no4)s3)nc3ccccc31)C2,ITK,C=CC(=O)N1CCN(C(=O)c2cc(Sc3cnc(NC(=O)C4CC4)s3)c(C)cc2C(F)(F)F)C[C@H]1C,6.28,7.26,=,=
CO[C@@H]1Cc2ccccc2[C@H]1NC1=N/C(=C\c2ccc3ncsc3c2)C(=O)N1,DYRK4,CCOC[C@@H](CC(C)C)NC1=N/C(=C\c2ccc3ncsc3c2)C(=O)N1,6.81,6.01,=,=
Nc1ncc(-c2ccoc2)c2scc(-c3ccc(NC(=O)Nc4cccc(F)c4)cc3)c12,MAP4K2,CN1CCN(c2ccc3nc(-c4c(N)c5c(F)cccc5[nH]c4=O)[nH]c3c2)CC1,6.8,5.72,=,=
COc1cc(N2CCC(N3CCN(C)CC3)CC2)ccc1Nc1ncc(Cl)c(Nc2ccccc2S(=O)(=O)C(C)C)n1,EPHA5,COc1cc(Nc2c(C#N)cnc3cc(OCCCN4CCN(C)CC4)c(OC)cc23)c(Cl)cc1Cl,5.43,7.57,=,=
CN1C(=O)[C@@H](N2CCc3cn(CC4CCS(=O)(=O)CC4)nc3C2=O)COc2ccccc21,DCLK3,COc1cc(Nc2c(C#N)cnc3cc(OCCCN4CCN(C)CC4)c(OC)cc23)c(Cl)cc1Cl,6.0,5.27,=,=
COCCN(Cc1cc(F)cc2[nH]ncc12)c1nccc(Nc2cc(C3CC3)[nH]n2)n1,PAK1,COc1cc(/C=C/C(=O)CC(=O)/C=C/c2ccc(O)c(OC)c2)ccc1O,7.31,4.8,=,=
C[C@H]1[C@H](O)CN1c1nc(-c2cnn([C@@H]3CCNC3)c2)cc(C(F)(F)F)n1,KHK,CSc1ccccc1Nc1nc(N(C)CC2CCNCC2)nc2c(NCC3CC3)ncnc12,7.76,7.18,=,=
CC1(C)CNc2cc(NC(=O)c3cccnc3NCc3ccncc3)ccc21,MAP3K19,COc1cc(Nc2ncc(F)c(Nc3ccc4c(n3)NC(=O)C(C)(C)O4)n2)cc(OC)c1OC,6.7,7.17,=,=
O=C(O)CCCCNS(=O)(=O)c1cc2c(c(O)c1O)C(=O)c1ccccc1C2=O,PKLR,O=C(O)CC(O)(CC(=O)N1CCN(S(=O)(=O)c2cc3c(c(O)c2O)C(=O)c2ccccc2C3=O)CC1)C(=O)O,4.72,6.7,=,=
CNC(=O)Cn1cc(C#N)c2cc(Oc3ccc(NC(=O)[C@@H]4CCCN4)cc3)ccc21,PFKFB2,CCn1cc(C#N)c2cc(Oc3ccc(NC(=O)[C@@H]4CCCCN4)cc3)ccc21,5.63,4.66,=,=
C=CC(=O)N1CCC[C@@H](Nc2nc(N)nc(Nc3ccc(Oc4ccccc4)cc3)n2)C1,BMX,CC#CC(=O)N1CC[C@]2(C1)C[C@H](n1nc(-c3cnn(Cc4ccccc4)c3)c(C(N)=O)c1N)C2,7.07,7.62,=,=
Nc1nc(N/N=C/c2cccc(Cl)c2)nc2sc(-c3cnco3)cc12,PIKFYVE,Nc1ncc2c(n1)-c1c([nH]c3ccc(C#CC4CC4)cc13)CC2,7.46,6.52,=,=
CC(C)(C)c1cnc(CSc2cnc(NC(=O)C3CCNCC3)s2)o1,MAST1,COc1cc(Nc2c(C#N)cnc3cc(OCCCN4CCN(C)CC4)c(OC)cc23)c(Cl)cc1Cl,5.21,6.46,=,=
C[C@H]1COCCN1c1nc(N2CCOC[C@@H]2C)c2ccc(-c3ccnc(C#N)c3)nc2n1,MTOR,C[C@H]1COCCN1c1nc(-c2cnc(N)cc2C(F)(F)F)nc(N2CCOCC2)n1,6.32,7.59,=,=
N#CC[C@H](C1CCCC1)n1cc(-c2ncnc3[nH]ccc23)cn1,MAST1,CO[C@@H]1[C@H](N(C)C(=O)c2ccccc2)C[C@H]2O[C@]1(C)n1c3ccccc3c3c4c(c5c6ccccc6n2c5c31)C(=O)NC4,6.28,6.72,=,=
CC[C@@](C)(Nc1ccnc(-c2c[nH]c3ncccc23)n1)C(=O)NCC(F)(F)F,TP53RK,CC(=O)c1cnc2ccc(-c3cc(Cl)c(O)c(Cl)c3)nc2c1N[C@H]1CC[C@H](CN(C)C)CC1,5.55,6.51,=,=
CCOc1cc2ncc(C#N)c(Nc3ccc(OCc4ccccn4)c(Cl)c3)c2cc1NC(=O)/C=C/CN(C)C,STK3,CCOc1cc2ncc(C#N)c(Nc3ccc(OCc4ncccc4C)c(C)c3)c2cc1NC(=O)CCCN(C)C,7.24,6.26,=,=
C[C@@H](O)Cn1c2cnccc2c2cnc(Nc3ccc(N4CCC(N(C)C)CC4)cn3)nc21,CDK4,COC1CCN(c2ccc(Nc3ncc(F)c(-c4cc(F)c5c(c4)N(C(C)C)CCO5)n3)nc2)CC1,6.53,7.19,=,=
Cn1cc(-c2cn(C)c3ccc(Oc4ccc(NC(=O)[C@@H]5CCCN5)cc4)cc23)cn1,PFKFB2,CCn1cc(C#N)c2cc(Oc3ccc(NC(=O)CNC)cc3)ccc21,6.09,4.6,=,=
CN[C@@H]1C[C@H]2O[C@@](C)([C@@H]1OC)n1c3ccccc3c3c4c(c5c6ccccc6n2c5c31)C(=O)NC4,STK38L,CN1C(=O)[C@@H](N2CCc3cn(CC4CCS(=O)(=O)CC4)nc3C2=O)COc2ccccc21,8.19,6.0,=,=
CCN(CC)CCNC(=O)c1c(C)[nH]c(/C=C2\C(=O)Nc3ccc(F)cc32)c1C,BRSK2,COc1cc(N2CCC(N3CCN(C)CC3)CC2)ccc1Nc1ncc(Cl)c(Nc2ccccc2P(C)(C)=O)n1,5.96,6.9,=,=
CC(C)n1nc(-c2cc3cc(O)ccc3[nH]2)c2c(N)ncnc21,GAK,CCN(C)S(=O)(=O)Nc1cccc(-c2ccc3c(NC(=O)C4CC4)n[nH]c3c2)c1,6.5,5.77,=,=
CO[C@@H]1[C@H](N(C)CCOCCOCCOCCNC(=O)CCC2=[N+]3C(=Cc4c(C)cc(C)n4[B-]3(F)F)C=C2)C[C@H]2O[C@]1(C)n1c3ccccc3c3c4c(c5c6ccccc6n2c5c31)C(=O)NC4,LATS2,CN(C)C[C@@H]1CCn2cc(c3ccccc32)C2=C(C(=O)NC2=O)c2cn(c3ccccc23)CCO1,6.65,6.19,=,=
Nc1ncc2c(n1)CCN(c1cccc(C(=O)Nc3cccc(C(F)(F)F)c3)c1)C2,KDR,CNC(=O)c1ccc(C#Cc2cc(C(=O)Nc3cccc(C(F)(F)F)c3)ccc2C)cn1,7.92,6.77,=,=
Cn1nccc1-c1nc(Nc2cc(C(F)(F)F)ccn2)cc(C2CCN(CC3CCOCC3)C2)n1,MAP3K12,CC(C)n1nc(-c2cnc(N)c3cn[nH]c23)cc1[C@H]1[C@@H]2CN(CC(F)(F)F)C[C@@H]21,8.06,6.02,=,=
Cn1cc(-c2cn(C)c3ccc(Oc4ccc(NC(=O)[C@@H]5CCCN5)cc4)cc23)cn1,PFKFB2,N#Cc1cn(-c2ccccc2)c2ccc(Oc3ccc(NC(=O)[C@@H]4CCCN4)cc3)cc12,6.09,6.43,=,=
Clc1cc(Nc2nc(NC3CC3)c3sccc3n2)ccc1N1CCOCC1,NTRK2,Cn1cc(C=C2C(=O)Nc3cccnc32)c2ccccc21,5.7,6.1,=,=
CC(=O)N1CCOc2c1ccc1ncnc(Nc3cccc(Br)c3)c21,EGFR,C=CC(=O)Nc1ccc2ncnc(Nc3cccc(C)c3)c2c1,7.34,8.86,=,=
Cc1sc(C(=O)N[C@@H]2[C@H](N)CCCC2(F)F)cc1-c1cnn2cc(Cl)cnc12,NEK4,Cc1n[nH]c2ccc(-c3cncc(OCC(N)Cc4ccc(Cl)c(Cl)c4)c3)cc12,6.32,6.9,=,=
CN1CCC(CNc2ccc3ncc(-c4cccc(OC(F)(F)F)c4)n3n2)CC1,SIK2,COCCC(=O)Nc1ccn2c(-c3cc(OC)c(C(=O)NC4CC4)c(OC(F)F)c3)cnc2c1,5.21,7.26,=,=
COC(=O)Nc1cc(-c2ccc(OC[C@@](C)(N)CC(C)C)c(Cl)n2)ccn1,DAPK1,N#CC[C@H](C1CCCC1)n1cc(-c2ncnc3[nH]ccc23)cn1,6.09,7.14,=,=
COC(=O)c1cc2c(cc1C)/C(=C(/Nc1ccc(C(=O)N3CCC(C(=O)NCCN(C)C)CC3)cc1)c1ccccc1)C(=O)N2,FLT1,CN1CCN(c2ccc3[nH]c(-c4c(O)nc5ccccc5c4N)nc3n2)CC1,7.53,7.85,=,=
CCCS(=O)(=O)Nc1ccc(F)c(C(=O)c2c[nH]c3ncc(Cl)cc23)c1F,CDK19,O=C(Nc1cccc(C(F)(F)F)c1)Nc1cc(Cl)ccc1O,6.16,4.7,=,=
O=C(O)c1ccc2c(c1)nc(NCCc1cccc(Cl)c1)c1ccncc12,CSNK2A2,O=C(O)c1ccc(-c2nnc(NC(=O)c3ccco3)s2)cc1,7.77,5.75,=,=
CN(c1ccccc1)c1cc[n+](Cc2ccccc2)c2cc(Cl)ccc12.[Br-],CHKB,Nc1nc(Cl)nc2c1ncn2[C@H]1CC[C@@H](C(=O)Nc2nc3ccccc3s2)CC1,4.44,5.22,=,=
CC(O)(C#Cc1cc2c(cc1F)OCCn1cc(C(N)=O)nc1-2)c1ncc(F)cn1,MAP3K14,CN1CC[C@@](O)(C#Cc2cccc(-n3nc(C(N)=O)c4ncccc43)c2)C1=O,5.4,8.81,=,=
CC1=C(C#N)C(O)=NC(=O)/C1=C\c1ccc(-c2ccccc2)o1,NEK6,COc1cc(Nc2ncc(F)c(Nc3ccc4c(n3)NC(=O)C(C)(C)O4)n2)cc(OC)c1OC,5.17,8.2,=,=
COc1cccc(F)c1-c1nccc(C(=O)Nc2cc(F)ccc2N2C[C@@H](N)C[C@H]2CO)n1,STK4,CN1C(=O)C(c2ccccc2C(F)(F)F)N(C)c2nc(Nc3ccc(S(N)(=O)=O)cc3)ncc21,6.82,7.25,=,=
CC(=O)N1CC[C@@H](Nc2cncc(C(=O)c3cn(C(C)C)c4ncnc(N)c34)n2)[C@H]1c1ccc(F)cc1,MARK1,CC1(C)C(=O)N([C@H]2CCc3c(O)cccc32)c2nc(Nc3cccc(CN4CCCC4)c3)ncc21,6.23,8.7,=,=
c1ccc(-c2cc3ncccc3nc2-c2ccc(CN3CCC(c4n[nH]c(-c5ccccn5)n4)CC3)cc2)cc1,AKT2,CCC1(O)CC(N)(c2ccc(-c3nc4n(c3-c3ccccc3)COc3ccncc3-4)cc2)C1,6.5,8.68,=,=
c1ccc(COc2ccc(Nc3ncnc4[nH]ccc34)cc2)cc1,TTBK2,c1nc(Nc2ccc(N3CCOCC3)cc2)c2cc[nH]c2n1,5.92,4.8,=,=
Cc1ccc(C(=O)Nc2cccc(C(F)(F)F)c2)cc1Nc1nc(-c2cccnc2)nc2nn(C)cc12,PRKACG,Cc1nc(NC(=O)N2CCC[C@H]2C(N)=O)sc1-c1ccnc(C(C)(C)C(F)(F)F)c1,7.15,5.7,=,=
CC1(C)CC(=O)c2c([nH]c(-c3ccnc4c3OCCO4)c2Nc2ccccc2)C1,BUB1,COc1cnc(-c2nn(Cc3c(F)cc(F)cc3F)c3ccccc23)nc1N(Cc1c(F)cc(F)cc1F)c1ccncc1,6.89,6.05,=,=
NC(=O)c1cccc2c(N[C@H](CO)c3ccccc3)ncnc12,RPS6KB1,NC(=O)c1c(N)ncnc1N1CCC(c2nc(-c3ccnc(C(F)(F)F)c3)cn2CCN2CCC2)CC1,6.27,8.26,=,=
CCN1CCN(Cc2ccc(NC(=O)Nc3ccc(Oc4cc(NC)ncn4)cc3)cc2C(F)(F)F)CC1,CDK18,CN1C(=O)[C@@H](N2CCc3cn(Cc4ccccc4)nc3C2=O)COc2ccccc21,7.27,6.0,=,=
COC(=O)c1ccc(Nc2nnc(-c3ccc(C(N)=O)cc3)c3ccccc23)cc1,KDR,CCc1ccc(C(=O)Nc2ccc(Nc3ncnc4cc(OC)c(OC)cc34)cc2)cc1,5.57,6.42,=,=
Nc1cc(=O)[nH]n1-c1ccccn1,MST1R,CCOc1ccn(-c2ccc(F)cc2)c(=O)c1C(=O)Nc1ccc(Oc2ccnc3cc(-c4ccc(CNCCOC)cn4)sc23)c(F)c1,4.3,9.55,=,=
COc1nnc(C(=O)Nc2ccc(C)c(-c3ccc4c(c3)OC3(CCOCC3)CC(=O)N4)c2)cc1C(F)(F)F,RAF1,O=C1Nc2nccc(Oc3ccc4c(c3)C3C(O4)C3c3nc4ccc(C(F)(F)F)cc4[nH]3)c2CO1,7.66,8.49,=,=
Cc1ccc(NC(=O)N2CC[C@@H](CC(F)(F)F)C2)cc1-c1cc(N[C@H](C)CO)nc(N2CCOCC2)c1,ARAF,Cc1ccc(C(=O)Nc2ccc(Cl)c(C(F)(F)F)c2)cc1NC(=O)C1(c2ncnc3[nH]cnc23)CC1,8.62,9.0,=,=
Cc1cc(CN2CCOCC2)ccc1-c1cc2c(-c3ccc(C(N)=O)cc3)ccnc2[nH]1,CAMKK2,O=C(O)c1ccc(-c2ncnc3ccc(-c4ccccc4)cc23)cc1C1CCCC1,7.6,6.98,=,=
CCS(=O)(=O)c1cccc(-c2cc(C(=O)NC3CCN(C)CC3)c(C)c3[nH]c4ncc(C)cc4c23)c1,RPS6KA4,Cc1cccc(NC(=O)Nc2ccc(-c3csc4c(C#CCN5CCCC5)cnc(N)c34)cc2)c1,5.52,6.6,=,=
NC(=O)c1nnc(N[C@@H]2CCCC[C@@H]2N)nc1Nc1cccc2c1ccn2C(F)F,SYK,COc1cc(Nc2nc(N[C@@H]3CCCC[C@@H]3N)ncc2C(N)=O)cc(-n2cnnn2)c1,9.66,8.26,=,=
C#CCN1C(=O)[C@@H](C)N(CC)c2nc(Nc3cc(F)c(O)c(F)c3)ncc21,VRK1,CN1C(=O)[C@@H](N2CCc3cn(Cc4ccccc4)nc3C2=O)COc2ccccc21,7.43,6.0,=,=
Cc1ccc(Nc2nccc(N(C)c3ccc4c(C)n(C)nc4c3)n2)cc1S(N)(=O)=O,ACVR2B,COc1cc(-c2cn(C)c(=O)c3cnccc23)c(OC)cc1CN(C)C,5.62,5.12,=,=
NC(=O)[C@@H]1[C@H](Nc2nc(Nc3cccc(C(=O)N4CCCC4)c3)ncc2-c2ccc(F)cc2)[C@H]2C=C[C@@H]1C2,MAP3K7,COC1=CC(=O)C2=C(/C=C\C[C@H](O)[C@H](O)C(=O)/C=C\C[C@H](C)OC2=O)C1(F)F,6.17,7.11,=,=
O=c1nc(-c2cc3c(Oc4ccc(I)cc4)cncc3s2)[nH]o1,STK17A,OCCN1C[C@@H]2C[C@H]1CN2c1ccc(Nc2ncc(F)c(-c3ccc4nc(N5CCCC5)ncc4c3)n2)cn1,7.0,7.32,=,=
C#CC(=O)N1CC(c2cnn3c(C(N)=O)c(-c4ccc(Oc5ccccc5)cc4)[nH]c23)C1,ITK,O=C(Nc1cnn([C@H](CO)c2ccccc2)c1)c1n[nH]c2cc(-c3cn[nH]c3)ccc12,6.33,8.18,=,=
Cc1ncc(-c2cc(F)c(O)c(F)c2)cc1-c1cc(F)c(O)c(F)c1,VRK1,C#CCN1c2nc(Nc3cc(F)c(O)c(F)c3)ncc2N(CC#N)C(=O)[C@@H]1C,6.77,7.58,=,=
CSc1cc(-c2ccc3nc(Nc4cc(CN5CCN(C(=O)OC(C)(C)C)CC5)ccn4)[nH]c3c2)ncn1,TBK1,CC(O)C(=O)N1CC[C@@H](Oc2ccc(-c3ncnc(Nc4ccc(N5CCN(C6COC6)CC5)cc4)n3)cc2C#N)C1,7.41,5.71,=,=
Clc1cc(-c2cc3cnccc3c(N3CCNCC3)n2)ccn1,PRKCD,CO[C@H]1CC[C@@H](CNc2cc(NCc3cnccc3C(F)(F)F)ncc2C#N)CC1,6.0,5.3,=,=
Cc1cnc(Nc2ccc(OCCN3CCCC3)cc2)nc1Nc1cccc(S(=O)(=O)NC(C)(C)C)c1,SLK,COc1cc(-c2ccc(Cl)nc2Cl)ccc1C1=C(Nc2cccc(C#N)c2)C(=O)NC1=O,6.17,7.52,=,=
CCN1CCN(Cc2ccc(C(=O)Nc3ccc(C)c(Nc4nc5ccccc5n4-c4cc(N)ncn4)c3)cc2Cl)CC1,LYN,Cc1cc(C)cc(NC(=O)Nc2ccc(-c3cccc4onc(N)c34)cc2)c1,8.0,7.1,=,=
CN(C)C[C@@H]1CCn2cc(c3ccccc32)C2=C(C(=O)NC2=O)c2cn(c3ccccc23)CCO1,RIOK3,C[C@]12O[C@H](C[C@]1(O)CO)n1c3ccccc3c3c4c(c5c6ccccc6n2c5c31)CNC4=O,6.19,8.11,=,=
CNC(=O)c1cc(Oc2ccc(NC(=O)Nc3cc(C(C)(C)C)nn3-c3ccc4ncccc4c3)c(F)c2)ccn1,EPHA6,C[S+]([O-])c1ccc(-c2nc(-c3ccc(F)cc3)c(-c3ccncc3)[nH]2)cc1,7.77,5.92,=,=
CC(=O)c1ccc2c(c1)/C(=C/c1ccc[nH]1)C(=O)N2,TLK2,Cc1cnc(Nc2ccc(OCCN3CCCC3)cc2)nc1Nc1cccc(S(=O)(=O)NC(C)(C)C)c1,6.82,5.7,=,=
CC1=C(C(=O)Nc2ccc3[nH]ncc3c2)C(c2ccc(F)c(C(=O)NCCc3c(C)cccc3C)c2)NC(=O)N1,GRK5,Cc1[nH]c(/C=C2\C(=O)Nc3ccc(C(=O)N[C@H](C)Cc4cccc(Cl)c4)cc32)c(C)c1NC(=O)CCl,4.24,6.85,=,=
COc1cc(C(=O)NC(C)c2c(F)cccc2Cl)ccc1-c1cn[nH]c1,ROCK2,O=C(C1CC(F)(F)C1)N1Cc2ccc(-c3nc(Nc4ccc(-c5cn[nH]c5)cc4)c4sccc4n3)cc2C1,8.46,7.22,=,=
Cn1cc(-c2nc3c(-c4ccnc(OC5CC5)c4)cnn3cc2OCCC(C)(C)O)cn1,ACVR2A,c1cc2cc(c1)-c1cnn3ccc(nc13)NCCOCCO2,5.52,5.89,=,=
COc1cc(N2CCN(C)CC2)ccc1Nc1ncc2c(n1)-c1c(c(C(N)=O)nn1C)CCC2,PIM2,CC(C)C(=O)Nc1cnc2c(C(=O)Nc3cnccc3N3C[C@@H](N)[C@H](O)[C@@H](C)C3)c(N)sc2c1,5.23,7.26,=,=
Cc1ccnc(NC(=O)Cc2ccc3ccccc3c2)c1,SNRK,CN[C@@H]1C[C@H]2O[C@@](C)([C@@H]1OC)n1c3ccccc3c3c4c(c5c6ccccc6n2c5c31)C(=O)NC4,6.05,8.05,=,=
CN[C@@H]1C[C@H]2O[C@@](C)([C@@H]1OC)n1c3ccccc3c3c4c(c5c6ccccc6n2c5c31)C(=O)NC4,MAP3K3,COc1cc2ncnc(Nc3ccc(F)c(Cl)c3)c2cc1OCCCN1CCOCC1,7.64,5.68,=,=
Cc1sc(C(=O)N[C@@H]2[C@H](N)CCCC2(F)F)cc1-c1cnn2cc(Cl)cnc12,MARK3,O=C(O)c1ccccc1Nc1ccnc(Nc2ccc3cn[nH]c3c2)n1,8.3,6.7,=,=
CCC(=O)c1cccc2c1-c1ccccc1C2(O)C(F)(F)F,PDK2,O=C(O)c1ccccc1C(=O)N1CCC(Nc2ccc3c(c2)CN(S(=O)(=O)c2ccc(O)cc2O)C3)CC1,5.56,6.25,=,=
CN1CC[C@H](c2c(O)cc(O)c3c(=O)cc(-c4ccccc4Cl)oc23)[C@H](O)C1,PRKD1,O=C(NCCO)C1CCN(c2nc(-c3ccnc(NC4CCOCC4)c3)cc3cnccc23)CC1,6.28,7.96,=,=
CCC1C(=O)N(C)c2cnc(-n3ccnc3-c3ccc(F)cc3)nc2N1C1CCC(F)(F)C1,PLK2,COc1cc(Nc2c(C#N)cnc3cc(OCCCN4CCN(C)CC4)c(OC)cc23)c(Cl)cc1Cl,7.89,6.02,=,=
COc1cc(N2CCC(N3CCN(C)CC3)CC2)ccc1Nc1ncc(Cl)c(Nc2ccccc2S(=O)(=O)C(C)C)n1,MAP2K2,Cc1ccc(C(=O)Nc2cccc(C(F)(F)F)c2)cc1Nc1nc(-c2cccnc2)nc2nn(C)cc12,6.25,5.67,=,=
O=c1cc(-c2ccc(O)c(O)c2)oc2cc(O)cc(O)c12,IPMK,COc1cc(O)c2c(=O)c(O)c(-c3ccc(O)c(O)c3)oc2c1,5.26,4.85,=,=
O=C1c2ccccc2-c2c1oc1ccccc1c2=O,NTRK1,COc1cccc(NC(=O)N2CCC(c3nc4c(C(N)=O)cccc4[nH]3)CC2)c1,4.25,5.6,=,=
COc1cc(Nc2c(C#N)cnc3cc(OCCCN4CCN(C)CC4)c(OC)cc23)c(Cl)cc1Cl,VRK2,CN1CC[C@H](c2c(O)cc(O)c3c(=O)cc(-c4ccccc4Cl)oc23)[C@H](O)C1,6.15,7.2,=,=
c1cc(-c2cnn3cc(-c4ccc(OCCN5CCCCC5)cc4)cnc23)ccn1,ACVR1B,Cc1nc(N)sc1-c1ccnc(Nc2ccc(N3CCOCC3)cc2)n1,4.59,5.9,=,=
CN(CCc1ccc(-c2ccccc2)cc1)Cc1cn(C)c2ccc(C(=O)Nc3ccc(F)cc3)cc12,MAPK7,COc1cc(N2CCN(C)CC2)ccc1Nc1ncc2c(n1)N(C)c1ccccc1C(=O)N2CC(F)(F)F,4.05,5.47,=,=
Cc1nc(Nc2cccc(N3CCOCC3=O)n2)sc1-c1cc2c(c(S(=O)(=O)NC3COC3)c1)C(=O)N([C@@H](C)C1CC1)C2,PIK3C2A,CCC(=O)N1CCN(c2ccc(N3C(=O)CCc4cnc5ccc(-c6cnc7ccccc7c6)cc5c43)cc2C(F)(F)F)CC1,5.5,6.75,=,=
C=CC(=O)N1CC[C@]2(C1)C[C@H](n1c(NC(=O)c3cccs3)nc3ccccc31)C2,TEC,C=CC(=O)N1CC[C@]2(C1)C[C@H](n1c(NC(=O)c3ccnn3C)nc3cc(CN[C@@H](C)C(C)(C)C)ccc31)C2,8.14,7.28,=,=
Cc1ccc(NC(=O)c2ccc(CN3CCN(C)CC3)cc2)cc1Nc1nccc(-c2cccnc2)n1,MELK,CN(C)[C@H]1CC[C@H](Nc2c(C(=O)C3CC3)cnc3ccc(-c4cc(F)c(O)c(Cl)c4)cc23)CC1,5.72,8.54,=,=
CN1C(=O)c2sccc2N(C)c2nc(Nc3ccc(S(N)(=O)=O)cc3)ncc21,MAP3K2,O=C(NCCCN1CCOC1=O)c1cnc(NCc2cc(Cl)ccc2Cl)nc1NC1CCCC1,7.41,6.16,=,=
CS(=O)(=O)NC1CCC(Nc2nc(Cl)cc(-c3c[nH]c4ncccc34)n2)CC1,PRKX,Nc1ncnc2c1C(=O)Nc1ccccc1N2,6.7,4.6,=,=
CO[C@@H]1[C@H](N(C)C(=O)c2ccccc2)C[C@H]2O[C@]1(C)n1c3ccccc3c3c4c(c5c6ccccc6n2c5c31)C(=O)N[C@H]4O,MAP3K19,CCN(CCO)CCCOc1ccc2c(Nc3cc(CC(=O)Nc4cccc(F)c4)[nH]n3)ncnc2c1,6.89,5.62,=,=
CCS(=O)(=O)c1cccc(-c2cc(C(=O)NC3CCN(C)CC3)c(C)c3[nH]c4ncc(C)cc4c23)c1,EPHB3,O=C(Nc1cnn2ccccc12)c1ccccc1Cl,5.63,4.7,=,=
CCN(CC)CCNC(=O)c1cccc(-c2cnn3ccc(-c4cccs4)nc23)c1,CAMK2D,C[C@H](Nc1cc(Nc2nccc(-c3ccc(CC(=O)O)cc3)n2)ccn1)c1ccccc1,8.46,5.47,=,=
Cc1nc(N)sc1-c1ccnc(Nc2ccc(N3CCOCC3)cc2)n1,EPHA2,COC(=O)c1ccc2c(c1)NC(=O)/C2=C(\Nc1ccc(N(C)C(=O)CN2CCN(C)CC2)cc1)c1ccccc1,6.0,5.54,=,=
Cl.NCCc1cn(Cc2ccc(-c3ccccc3)cc2)c2ccc(OCCc3ccc(O)cc3)cc12,KDR,COC[C@H](C)N(Cc1ccc(-c2cc3nccc(Oc4ccc(NC(=O)c5cnn(-c6ccccc6)c5C(F)(F)F)cc4F)c3s2)cc1)C(C)=O,5.93,5.6,=,=
COc1ccccc1COc1cccc(/C=N/NC(=O)c2cc(O)c(O)c(O)c2)c1,SPHK1,CCCCCCCCc1ccc(CC[C@](/C=C/P(=O)(O)O)(CF)N=[N+]=[N-])cc1,4.69,5.24,=,=
NC(=O)c1cccc2[nH]c(-c3ccc(NC(=O)c4cccc(S(=O)(=O)N5CCOCC5)c4)cc3)nc12,HIPK2,CS(=O)(=O)NC1CCC(Nc2nc(Cl)cc(-c3c[nH]c4ncccc34)n2)CC1,5.5,7.1,=,=
CN(C)CCCNC(=O)c1csc2nc(-c3ccc(NC(=O)Nc4cc(C(C)(C)C)on4)cc3)cn12,FLT1,Cc1cccc(NC(=O)Nc2ccc(-c3csc4c(C#CCNS(C)(=O)=O)cnc(N)c34)cc2)c1,5.55,9.1,=,=
CN1C(=O)[C@@H](N2CCc3cn(Cc4ccccc4)nc3C2=O)COc2ccccc21,MAP2K6,CN(C)CC(=O)N1CCC(c2ccc(NC(=O)c3nc(C#N)c[nH]3)c(C3=CCCCC3)c2)CC1.Cl,6.0,5.5,=,=
Cc1cnc(Nc2ccc(OCCN3CCCC3)cc2)nc1Nc1cccc(S(=O)(=O)NC(C)(C)C)c1,WEE2,CCOc1cc2ncc(C#N)c(Nc3ccc(OCc4ccccn4)c(Cl)c3)c2cc1NC(=O)/C=C/CN(C)C,5.22,5.89,=,=
CCCS(=O)(=O)Nc1ccc(F)c(C(=O)c2c[nH]c3ncc(Cl)cc23)c1F,CDK19,COc1cc(-c2ccc3c(c2)Nc2ccc(C(=O)NCc4cccc(F)c4)cc2NC3=O)ccc1O,6.16,5.5,=,=
O=C(CCCCCn1c(=O)c(-c2ccc(Cl)cc2Cl)cc2cnc(NC3CC3)nc21)NO,PAK2,CO[C@@H]1[C@H](N(C)C(=O)c2ccccc2)C[C@H]2O[C@]1(C)n1c3ccccc3c3c4c(c5c6ccccc6n2c5c31)C(=O)NC4,6.71,5.48,=,=
COc1cc(Nc2ncc(F)c(Nc3ccc4c(n3)NC(=O)C(C)(C)O4)n2)cc(OC)c1OC,ANKK1,CC(C)n1nc(-c2cc3cc(O)ccc3[nH]2)c2c(N)ncnc21,6.48,5.58,=,=
COc1cc(N2CCC(N3CCN(C)CC3)CC2)ccc1Nc1ncc(Cl)c(Nc2ccccc2S(=O)(=O)C(C)C)n1,MAP4K2,O=C1Nc2ccc3ncsc3c2C1=CNc1ccc(S(=O)(=O)Nc2ccccn2)cc1,6.56,8.1,=,=
COc1cc2ncnc(N3CCN(c4ncc(Nc5ccc(C)cc5)cn4)CC3)c2cc1OC,KIT,OCCNCc1cccc2c1Cc1c-2n[nH]c1-c1ccsc1,7.26,5.78,=,=
C=CC(=O)N1CCCN(C(=O)c2cc(Sc3cnc(NC(=O)c4cccc(CN5CCOCC5)c4)s3)c(C)cc2OC)CC1,TXK,CN(C(=O)C1CCCCC1)c1ccc2c(c1)nc(NC(=O)c1cccs1)n2CCCN,6.26,5.85,=,=
CS(=O)(=O)c1ccccc1CNc1nc(Nc2ccc3c(c2)CC(=O)N3)ncc1C(F)(F)F,PTK2B,Cc1ccccc1-c1c(C(=O)O)n(CCCOc2cccc3ccccc23)c2ccccc12,7.82,6.0,=,=
CC(=O)N1CCN(c2cc(Nc3ncc(C(=O)Nc4c(C)csc4Cl)s3)nc(C)n2)CC1,SIK2,COc1cc(-c2cc(-c3cnn(C4CCOCC4)c3)cnc2N)cc2c1C(=O)N(CC1CC1)CC2,7.6,8.31,=,=
CCC(CC)n1cc(-c2nc(-c3cnn(CCS(N)(=O)=O)c3)cn3nccc23)cn1,JAK1,Nc1nc(Nc2ccc(S(N)(=O)=O)cc2)nn1C(=O)c1c(F)cccc1F,6.26,7.68,=,=
Nc1nnc(-c2ccc3[nH]cc(-c4nccc(-c5ccccc5Cl)n4)c3c2)o1,PIM3,c1cncc(-c2ccc3[nH]cc(-c4ccc(N5CCNCC5)cc4)c3c2)c1,7.8,6.31,=,=
Nc1nc(N)c2nc(-c3cccc(O)c3)c(-c3cccc(O)c3)nc2n1,MAP2K3,O=C(c1ccc(/C=C/c2n[nH]c3ccccc23)cc1)N1CCNCC1,5.18,6.82,=,=
CN(C)Cc1cccc(-c2cc3c(-c4ccc(C(N)=O)cc4)ccnc3[nH]2)c1,CAMKK2,CS(=O)(=O)Nc1ccc(-c2cc3c(-c4ccc(C(N)=O)cc4)ccnc3[nH]2)cc1,7.5,7.9,=,=
CC(C)NC[C@@H](C(=O)N1CCN(c2ncnc3c2[C@H](C)CC(=O)N3)C[C@@H]1C)c1ccc(Cl)cc1.O=CO,AKT3,Oc1ccc(-c2n[nH]c(Nc3cccc(Cl)c3)c2-c2ccc(O)cc2)cc1,8.07,5.4,=,=
CCOc1ccc2cc(-c3nn(C4CCN(CCCN)CC4)c4ncnc(N)c34)ccc2c1.Cl,SRC,COc1cc2nc(Nc3ccc(S(=O)(=O)NCCN4CCCC4)cc3)nnc2cc1-c1cccc(O)c1,6.14,7.42,=,=
O=C([C@@H]1CC1(F)F)N1[C@@H]2CC[C@H]1CN(c1ccnc(Nc3cnc(OCCO)c(Cl)c3)n1)C2,JAK1,CC(C)(C(=O)O)c1ccc(Nc2nn([C@H]3CCC(N4CCC4)C[C@@H]3C#N)cc2C(N)=O)cc1,6.59,9.35,=,=
Cc1cccc(-c2nn3c(c2-c2ccnc4ccc(C(N)=O)cc24)CCC3)n1,CSNK1E,CN1CCN(c2nc(NCc3nc4c(F)c(F)ccc4[nH]3)c3ncn(-c4ccc(Cl)nc4)c3n2)CC1,5.1,6.07,=,=
CCN(CC)CCNC(=O)c1c(C)[nH]c(/C=C2\C(=O)Nc3ccc(F)cc32)c1C,MAP3K13,Nc1ncc(-c2cc(C3CC3)nc(N3C[C@@H]4C[C@H]3CO4)c2)nc1OC(F)F,7.02,7.54,=,=
CN1CCN(Cc2ccc(-c3cnc4[nH]cc(-c5ccc6[nH]ccc6c5)c4c3)cc2)CC1,MAP3K11,CCN(CC)CCNC(=O)c1c(C)[nH]c(/C=C2\C(=O)Nc3ccc(F)cc32)c1C,7.85,5.89,=,=
Cc1c2cc(cc1C(=O)Nc1cc(Cl)cc(C(F)(F)F)c1)NC(=O)CCCCCN[C@H]1CCCN(C1)c1ccc3ncc(n3n1)C#C2,NTRK3,CCN(CC)CCNC(=O)C=Cc1cnc(N)c2c(-c3ccc(NC(=O)Nc4cccc(C)c4)cc3)csc12,6.54,5.9,=,=
Nc1nccc(-c2c(-c3ccc(F)cc3)ncn2C2CCNCC2)n1,SGK2,Nc1n[nH]c2nc(-c3ccc(NS(=O)(=O)c4cc(Cl)ccc4F)cc3)cnc12,5.2,6.89,=,=
Cn1cc(C2=C(c3cn(C4CCN(Cc5ccccn5)CC4)c4ccccc34)C(=O)NC2=O)c2ccccc21,CDKL2,CC(C)(C)c1cc(NC(=O)Nc2ccc(-c3cn4c(n3)sc3cc(OCCN5CCOCC5)ccc34)cc2)no1,5.47,4.96,=,=
COc1cc(-c2cnc3[nH]c(=O)n(-c4ccc5[nH]c(C)cc5c4)c3n2)cc(OC)c1OC,MAP3K11,CCS(=O)(=O)N1CC[C@H](Nc2c(Br)cnc3[nH]c(-c4cc(C)n(-c5cccc(C(=O)N6CCOCC6)c5)c4C)nc23)C1,6.26,8.22,=,=
Clc1cc(-c2c[nH]c3ncccc23)cc(NCc2ccccc2)n1,BRSK1,COc1ccc(-c2ccc(NC(=O)Nc3cc(F)cc(F)c3)cc2)c2c(N)noc12,5.7,5.1,=,=
CC(C)Cc1nc(Nc2ccc(N3CCOCC3)c(Cl)c2)nc2[nH]ccc12,MST1R,CC(=O)c1c(C)c2cnc(Nc3ccc(N4CCNCC4)cn3)nc2n(C2CCCC2)c1=O,6.0,5.5,=,=
Nc1ncc(-c2cnn(CCO)c2)c2scc(-c3ccc(NC(=O)Nc4cccc(F)c4)cc3)c12,HIPK4,NC(=O)c1cc2c(-c3ccc(F)cc3)cncc2s1,7.7,6.5,=,=
C[C@]12O[C@H](C[C@]1(O)CO)n1c3ccccc3c3c4c(c5c6ccccc6n2c5c31)CNC4=O,IRAK3,Nc1nc2c(-c3cnc4ccccc4c3)nccc2[nH]1,7.8,5.05,=,=
CN1CCOc2c1cnn1c(-c3ccc4ccnc(NCC5(F)CCNCC5)c4c3)nnc21,PIM3,Fc1cccc(F)c1-c1ccc2[nH]nc(-c3cncc(OC4CCCNC4)n3)c2c1,7.58,8.3,=,=
CN1C(=O)[C@@H](N2CCc3cn(Cc4ccccc4)nc3C2=O)COc2ccccc21,PRKAA1,O=c1[nH]ccc(NC2CCOCC2)c1-c1nc2cc(F)ccc2[nH]1,6.0,4.43,=,=
CCN(CC)CCNC(=O)c1c(C)[nH]c(/C=C2\C(=O)Nc3ccc(F)cc32)c1C,BRSK2,COc1cc(N2CCC(N3CCN(C)CC3)CC2)ccc1Nc1ncc(Cl)c(Nc2ccccc2S(=O)(=O)C(C)C)n1,5.96,6.72,=,=
CCCS(=O)(=O)Nc1ccc(F)c(C(=O)c2c[nH]c3ncc(Cl)cc23)c1F,PDGFRB,COc1cc2c(Oc3ccc(NC(=O)c4cc5cccnc5n(-c5ccc(F)cc5)c4=O)cc3F)ccnc2cc1OCCCN1CCN(C)CC1,6.7,7.71,=,=
COc1cc(O)c2c(c1)-c1cccc(c1)[C@H](O)[C@H](O)C(=O)CCC[C@H](C)OC2=O,FLT4,CNC(=O)c1nn(C)c2c1C(C)(C)Cc1cnc(Nc3ccc(N4CCN(C)CC4)cc3)nc1-2,5.28,6.04,=,=
CCn1cnc2c(Nc3ccc(OC)cc3)nc(NCCN)nc21,CDK1,COc1cc(F)ccc1-c1cc(NC(=O)[C@H]2CCC[C@@H](NC(C)=O)C2)ncc1Cl,6.26,7.03,=,=
CCn1cc(C#N)c2cc(Oc3ccc(NC(=O)[C@@H]4CCCCN4)cc3)ccc21,PFKFB2,CN(C)C(=O)Cn1c(N)c(C#N)c2cc(Oc3ccc(NC(=O)CN)cc3)ccc21,4.66,5.17,=,=
CN1C(=O)[C@@H](N2CCc3cn(CC4CCS(=O)(=O)CC4)nc3C2=O)COc2ccccc21,GRK4,C[C@@H](Oc1cc(-c2cnn(C3CCNCC3)c2)cnc1N)c1c(Cl)ccc(F)c1Cl,6.0,5.38,=,=
Cc1[nH]c(/C=C2\C(=O)Nc3ccc(S(=O)(=O)Cc4c(Cl)cccc4Cl)cc32)c(C)c1C(=O)N1CCC[C@@H]1CN1CCCC1,MAK,CN[C@@H]1C[C@H]2O[C@@](C)([C@@H]1OC)n1c3ccccc3c3c4c(c5c6ccccc6n2c5c31)C(=O)NC4,6.05,7.59,=,=
CN(C)C[C@@H]1CCn2cc(c3ccccc32)C2=C(C(=O)NC2=O)c2cn(c3ccccc23)CCO1,TLK1,CN1C(=O)[C@@H](N2CCc3cn(CC4CCS(=O)(=O)CC4)nc3C2=O)COc2ccccc21,5.68,6.0,=,=
CC(C)(C)c1cnc(CSc2cnc(NC(=O)C3CCNCC3)s2)o1,MYLK2,Cc1cnc(Nc2ccc(OCCN3CCCC3)cc2)nc1Nc1cccc(S(=O)(=O)NC(C)(C)C)c1,6.01,5.52,=,=
CN(CC1OCCO1)C(=O)c1cc(Nc2ccccc2)cc(-c2ccnc(NC(=O)C3CC3)c2)c1,PIP5K1C,O=C(NC1CC1)N1Cc2[nH]nc(-c3cc4ccc(F)cc4[nH]3)c2C12CCC2,7.41,8.62,=,=
FC(F)(F)c1cnc(N[C@H]2CCCNC2)nc1-c1n[nH]c2ccccc12,CDK9,O=C(Cc1cccs1)Nc1nc2ccccc2s1,7.7,6.6,=,=
COc1cc(OC)cc(-n2nc(-c3nc(-c4cnn(C[C@@H]5CNC(C)(C)CO5)c4)cnc3N)ccc2=O)c1,FGFR2,COc1cc(CCc2cc(Nc3ncnc4cc(N5CCN(C(C)C)CC5)ccc34)n[nH]2)cc(OC)c1,8.72,9.22,=,=
Cn1cc(-c2cnc3c(-c4csc(C(=O)N[C@@H]5CCCC[C@@H]5N)c4)cnn3c2)cn1,GRK4,CN(C)C[C@@H]1CCn2cc(c3ccccc32)C2=C(C(=O)NC2=O)c2cn(c3ccccc23)CCO1,6.58,6.23,=,=
c1cc(-c2cnn3cc(-c4ccc(N5CCNCC5)cc4)cnc23)c2ccc(CN3CCCC3)cc2n1,ACVRL1,Clc1cc(-c2cnc3c(-c4ccnc5ccccc45)cnn3c2)ccc1OCCN1CCCCC1,5.11,7.05,=,=
NCCCOc1cc2c(c(-c3ccc(Nc4nc5ccccc5o4)cc3)c1)CNC2=O,CDK2,COc1cc(F)ccc1-c1nc(Nc2cc(C)cc(CS(C)(=O)=NC#N)c2)ncc1F,5.7,6.66,=,=
C=CCn1c(=O)c2cnc(Nc3ccc(N4CCN(C)CC4)cc3)nc2n1-c1cccc(C(C)(C)O)n1,PKMYT1,Cc1cc(F)c2[nH]ncc2c1-c1c(N)c(=O)[nH]c2cc(Cl)cnc12,6.04,6.79,=,=
FC(F)(F)c1ccc2ncc(-c3nccc(N4CCN(C5CCOCC5)C(c5cn[nH]c5)C4)n3)n2c1,EIF2AK4,COC(=O)C1CC12CCCN(c1ccnc(-c3cnc4ccc(Cl)cn34)n1)C2,7.26,6.26,=,=
Cc1cc(Nc2cc(N3CCN(C)CC3)nc(Sc3ccc(NC(=O)C4CC4)cc3)n2)n[nH]1,NEK5,CN1C(=O)[C@@H](N2CCc3cn(CC4CCS(=O)(=O)CC4)nc3C2=O)COc2ccccc21,5.38,6.0,=,=
Cc1ccc(F)c(NC(=O)Nc2ccc(-c3c(F)ccc4[nH]nc(N)c34)cc2)c1,FLT4,CCOc1cccc2c1c(/C=C1\C(=O)NN=C1c1snnc1C)cn2C,9.0,7.8,=,=
CC(C)c1cccc(NC(=O)c2cccc(N3CCc4nc(N)ncc4C3)c2)c1,KDR,CNC(=O)c1ccc(C#Cc2cc(C(=O)Nc3cccc(C(F)(F)F)c3)ccc2C)cn1,7.92,6.77,=,=
O=c1cc(-c2ccc(O)cc2)oc2cc(O)cc(O)c12,IPMK,O=c1c(O)c(-c2ccc(O)c(O)c2)oc2cc(O)cc(O)c12,4.54,5.64,=,=
COc1cc(N2CCC(N3CCN(C)CC3)CC2)ccc1Nc1ncc(Cl)c(Nc2ccccc2S(=O)(=O)C(C)C)n1,PRKAA2,O=C(Nc1ccc(-c2cc[nH]c2)cc1)c1ccc(C(=O)N2CCN(Cc3ccc(F)cc3)CC2)cn1,7.31,5.52,=,=
COc1cc(N2CCN(C)CC2)ccc1Nc1ncc2c(C)cc(=O)n([C@H]3CC[C@@H](NC(=O)C45CC6CC(CC(C6)C4)C5)CC3)c2n1,TTK,O=C(NCC1CC1)C1CCN(c2ccc3nc(Nc4cccnc4OCC(F)(F)F)nn3c2)CC1,9.25,4.13,=,=
CO[C@@H]1[C@H](N(C)C(=O)c2ccccc2)C[C@H]2O[C@]1(C)n1c3ccccc3c3c4c(c5c6ccccc6n2c5c31)C(=O)NC4,SIK1,COc1cc(-n2cnc3cc(-c4cnn(C)c4)ccc32)cc(OC(F)F)c1C(=O)NC1CC1,6.8,8.7,=,=
NCCCN(c1ccc(=O)n(-c2ccccc2Cl)n1)c1ccccc1Cl,MAPK11,Cc1ccc(C(N)=O)cc1NC(=O)c1ccc(-c2ccccc2Cl)s1,6.68,5.7,=,=
C[S+]([O-])c1ccc(-c2nc(-c3ccc(F)cc3)c(-c3ccncc3)[nH]2)cc1,STK32B,CO[C@@H]1[C@H](N(C)CCOCCOCCOCCNC(=O)CCC2=[N+]3C(=Cc4c(C)cc(C)n4[B-]3(F)F)C=C2)C[C@H]2O[C@]1(C)n1c3ccccc3c3c4c(c5c6ccccc6n2c5c31)C(=O)NC4,5.68,6.01,=,=
CN(C)c1ccnc(-c2ccc3nc(Nc4cc(CN5CCN(C(=O)C6CC6)CC5)ccn4)[nH]c3c2)n1,TBK1,COc1nnc(Cl)cc1-c1ccc2nc(Nc3cc(CN4CCN(C(=O)C5CC5)CC4)ccn3)[nH]c2c1,6.44,7.14,=,=
CC[C@@H]1CN(c2nc(=O)n(C)c3ccc(C#N)nc23)[C@@H](C)CN1C(C)c1ccc(OCC2CC2)cc1,DGKA,C[C@@H]1CN(c2nc(=O)n(C)c3ccc(C#N)nc23)[C@@H](C)CN1C(c1ccc(F)cc1)c1ccc(C(F)(F)F)cn1,6.23,6.73,=,=
c1ccc(Nc2ccnc(Nc3ccccc3)n2)cc1,RPS6KA3,CC(=NNC(=N)N)c1cc(NC(=O)c2cccc(C(=O)Nc3cc(C(C)=NNC(=N)N)cc(C(C)=NNC(=N)N)c3)c2)cc(C(C)=NNC(=N)N)c1,5.5,7.0,=,=
CN(C)c1ccc(-c2c(C(N)=O)c3n(c2C2CC2)CCN(C(=O)NC(C)(C)C)C3)cc1,CSNK1E,CCn1cnc(-c2ccc(F)cc2)c1-c1ccc2nc(NC(=O)c3ccnc(F)c3)cn2n1,8.4,8.81,=,=
CC(C)c1ccc(OC(=O)N2CCN(c3ccc(C#N)nn3)CC2)cc1,PANK3,O=C(Cc1ccc(C2CC2)c(F)c1)N1CCN(c2ccc(Cl)nn2)CC1,8.0,8.86,=,=
CN[C@@H]1C[C@H]2O[C@@](C)([C@@H]1OC)n1c3ccccc3c3c4c(c5c6ccccc6n2c5c31)C(=O)NC4,SGK2,Cc1cc(Nc2ncc(F)c(NC3C4C=CC(C4)C3C(N)=O)n2)ccc1N1CCN(C)CC1,7.82,5.8,=,=
Cn1cc(C2=C(c3cn(C4CCN(Cc5ccccn5)CC4)c4ccccc34)C(=O)NC2=O)c2ccccc21,PHKG1,O=C(c1ccc(/C=C/c2n[nH]c3ccccc23)cc1)N1CCNCC1,5.38,6.68,=,=
CC(C)(O)Cn1cc(-c2nc(NC3CCN(S(=O)(=O)C4CC4)CC3)ncc2C#N)cn1,CDK1,Nc1nc(NC2CCCC2)cc(-c2cc(N3C[C@H](O)[C@@H](O)C3)ccc2O)n1,6.43,7.72,=,=
CO[C@@H]1[C@H](NCCOCCOCCOCCNC(=O)CCC2=[N+]3C(=Cc4c(C)cc(C)n4[B-]3(F)F)C=C2)C[C@H]2O[C@]1(C)n1c3ccccc3c3c4c(c5c6ccccc6n2c5c31)C(=O)NC4,PAK5,COCCNc1nc2ccc(C#CC3(O)CCCCC3)cc2n1-c1ccnc(N)n1,7.4,6.9,=,=
O=C1NCc2c(-c3cnc4cc(F)ccn34)ccc(Nc3ccc4c(n3)CN(CCO)C43CCOCC3)c21,MAP4K3,Cc1ccc(C(=O)Nc2cccc(C(F)(F)F)c2)cc1Nc1nc(-c2cccnc2)nc2nn(C)cc12,5.98,4.73,=,=
CN(C)CC(=O)N1CCC(c2ccc(NC(=O)c3nc(C#N)c[nH]3)c(C3=CCCCC3)c2)CC1.Cl,PRPF4B,CN(C)C[C@@H]1CCn2cc(c3ccccc32)C2=C(C(=O)NC2=O)c2cn(c3ccccc23)CCO1,5.06,5.8,=,=
CN(C)CC(=O)N1CCC(c2ccc(NC(=O)c3nc(C#N)c[nH]3)c(C3=CCCCC3)c2)CC1.Cl,MAP2K6,CN1C(=O)[C@@H](N2CCc3cn(Cc4ccccc4)nc3C2=O)COc2ccccc21,5.5,6.0,=,=
COc1cccc(NC(=O)[C@H]2CC[C@@H](n3cnc4c(N)nc(-c5cccc(O)c5)nc43)CC2)c1,CHKA,OCC[n+]1ccc(-c2nc(-c3ccc(-c4ccc(-c5nc(-c6cc[n+](CCO)cc6)c(C(F)(F)C(F)(F)C(F)(F)F)o5)cc4)cc3)oc2C(F)(F)C(F)(F)C(F)(F)F)cc1.[Cl-].[Cl-],6.47,4.76,=,=
CNc1ccc(S(=O)(=O)NC)cc1Nc1ncnc2[nH]ccc12,TNNI3K,CNS(=O)(=O)c1ccc(N2CCOCC2)c(Nc2ncnc3[nH]ccc23)c1,5.2,7.2,=,=
COc1cccc(F)c1-c1[nH]nc(Nc2cnc3ccn(C4CCNCC4)c3n2)c1F,CHEK2,O=C(c1ccc(/C=C/c2n[nH]c3ccccc23)cc1)N1CCNCC1,7.62,7.02,=,=
COc1cc(Oc2ccnc3cc(OC)c(OC)cc23)ccc1NC(=O)NC(C)c1nccs1,EPHB6,Cn1cc(-c2[nH]c3cc(NC(=O)[C@H](N)C4CCCCC4)cc4c3c2C=NNC4=O)cn1,8.3,5.82,=,=
C=CC(=O)N1CC[C@]2(C1)C[C@H](n1c(NC(=O)c3ccc(-c4ccnc(NC)n4)s3)nc3ccccc31)C2,TEC,C=CC(=O)N1CC[C@]2(C1)C[C@H](n1c(NC(=O)c3ccc(-c4cnco4)s3)nc3cc(N(C)C(=O)C(C)C)ccc31)C2,9.43,9.06,=,=
Cc1nc2cc(-c3nn(C(C)C)c4ncnc(N)c34)ccc2o1,TAOK1,CC(C)(O)Cn1cc(-c2cc(C(C)(C)O)c3nc(Nc4ccc5c(c4)C(C)(C)OC5=O)ncc3c2)cn1,5.96,7.62,=,=
Cc1[nH]c(/C=C2\C(=O)Nc3ccc(C(=O)N[C@H](C)c4ccc(F)cc4)cc32)c(C)c1NC(=O)c1ccc(F)nc1,GRK5,C#CCN(Cc1ccco1)C(=O)Cc1cc(C2NC(=O)NC(C)=C2C(=O)Nc2ccc3[nH]ncc3c2)ccc1F,5.77,5.41,=,=
COC(=O)c1cc(S(=O)(=O)NC[C@H]2OC(O)[C@H](NC(=O)c3cccc(Br)c3)[C@@H](O)[C@@H]2O)oc1C,HK2,O=C(N[C@H]1C(O)O[C@H](CNS(=O)(=O)c2cccc(Cl)c2Cl)[C@@H](O)[C@@H]1O)c1cccc(-c2ccccc2)c1,6.2,7.15,=,=
Cc1nc(N)sc1-c1ccnc(Nc2ccc(N3CCOCC3)cc2)n1,BMP2K,Cn1cnc2c(F)c(Nc3ccc(Br)cc3Cl)c(C(=O)NOCCO)cc21,8.15,5.79,=,=
Cc1nc2c3cccnc3nn2c(C)c1CCC(=O)Nc1cccc(F)c1,PANK1,COc1ccc(NC(=O)CCc2c(C)nc3c4cccnc4nn3c2C)cc1,6.62,5.17,=,=
Cc1cnc(Nc2ccc(OCCN3CCCC3)cc2)nc1Nc1cccc(S(=O)(=O)NC(C)(C)C)c1,CDKL2,CSc1nc(N)cc(Oc2ccc(-c3nnc(Nc4cccc(C(F)(F)F)c4)[nH]3)cc2)n1,5.89,5.29,=,=
CCOc1cc2ncc(C#N)c(Nc3ccc(F)c(Cl)c3)c2cc1NC(=O)/C=C/CN(C)C,MYLK2,Cc1nn(CC(F)(F)F)cc1Nc1ncc(C2CC2)c(NCCc2c[nH]cn2)n1,5.58,5.95,=,=
COc1cc(Nc2c(C#N)cnc3cc(OCCCN4CCN(C)CC4)c(OC)cc23)c(Cl)cc1Cl,EPHA5,CCN(CC)CCNC(=O)c1c(C)[nH]c(/C=C2\C(=O)Nc3ccc(F)cc32)c1C,7.57,5.58,=,=
O=C(O)c1ccc2noc(-c3ccc(N4CCCC4=O)cc3)c2c1,IP6K3,O=C(O)c1ccc2noc(-c3ccc(NC(=O)C4CCCC4)cc3)c2c1,5.66,6.62,=,=
CCC(C)(O)C#Cc1nc(NCCc2ccc(OC)cc2)c2ncn(C(C)C)c2n1,CDK1,CCn1cnc2c(Nc3cccc(Cl)c3)nc(NCCN)nc21,6.4,7.1,=,=
CCN1CCC(c2cc3c(Nc4cc5ncsc5cc4F)ccnc3s2)C1C,RIPK2,CC[C@@H](NC(=O)[C@@H]1C[C@H](NC(=O)COCCOCCOCCOCCOc2cc3nccc(Nc4ccc5scnc5c4)c3cc2S(=O)(=O)C(C)(C)C)CN1C(=O)[C@@H](NC(=O)[C@H](C)NC)C(C)(C)C)c1ccccc1,7.82,8.7,=,=
CC(C)Oc1cc(-n2cnc3ccc(N[C@@H](C)c4ccc(F)cn4)nc32)n[nH]1,TSSK2,CN[C@@H]1C[C@H]2O[C@@](C)([C@@H]1OC)n1c3ccccc3c3c4c(c5c6ccccc6n2c5c31)C(=O)NC4,7.51,8.46,=,=
CN1C(=O)[C@@H](N2CCc3cn(CC4CCS(=O)(=O)CC4)nc3C2=O)COc2ccccc21,CDKL1,COc1cc(Nc2ncc(F)c(Nc3ccc4c(n3)NC(=O)C(C)(C)O4)n2)cc(OC)c1OC,6.0,5.68,=,=
CCN(CC)CCNC(=O)c1c(C)[nH]c(/C=C2\C(=O)Nc3ccc(F)cc32)c1C,MAST1,N#CC[C@H](C1CCCC1)n1cc(-c2ncnc3[nH]ccc23)cn1,6.7,6.28,=,=
Cc1[nH]c(/C=C2\C(=O)Nc3ccc(F)cc32)c(C)c1C(=O)NC[C@H](O)CN1CCOCC1,MAP3K13,N#Cc1ccnc(Nc2cc(C3CCN(C4COC4)CC3)cc(N3CCC(F)(F)C3)n2)c1,6.27,8.52,=,=
Fc1ccc(CN2CCN(c3ccnc(-c4cnc5ccc(C(F)(F)F)cn45)n3)CC2c2cn[nH]c2)cc1,EIF2AK4,Cc1nn(C)cc1C(=O)N1CCN(c2ccnc(-c3cnc4ccc(C(F)(F)F)cn34)n2)C[C@H]1C,7.26,6.26,=,=
COc1cc(N2CCC(N3CCN(C)CC3)CC2)ccc1Nc1ncc(Cl)c(Nc2ccccc2S(=O)(=O)C(C)C)n1,INSRR,CN(C)CC(=O)N1CCC(c2ccc(NC(=O)c3nc(C#N)c[nH]3)c(C3=CCCCC3)c2)CC1.Cl,8.21,5.92,=,=
COc1cc(Nc2ncc(OCc3c(F)c(OC)cc(OC)c3F)cn2)cnc1N1CCC(N2CCN(C)CC2)CC1,FGFR3,COc1cc(OC)cc(N(CCNC(C)C)c2ccc3ncc(-c4cnn(C)c4CO)nc3c2)c1,8.89,7.8,=,=
CN[C@@H]1C[C@H]2O[C@@](C)([C@@H]1OC)n1c3ccccc3c3c4c(c5c6ccccc6n2c5c31)C(=O)NC4,CDKL1,COc1cc(Nc2ncc(F)c(Nc3ccc4c(n3)NC(=O)C(C)(C)O4)n2)cc(OC)c1OC,6.48,5.68,=,=
Cc1nc2[nH]c3c(C4CC4)cccc3c2cc1-c1nnc(C(CC(=O)NCc2ccccc2)C(C)C)o1,PDK4,Cc1cnc(Cl)nc1-c1ccc(N(Cc2ccccc2)C(=O)c2ccc(O)cc2O)cc1,7.48,6.46,=,=
O=C1NC(=O)/C(=C/c2ccc3nccc(-c4ccncc4)c3c2)S1,TP53RK,COc1ccc(-c2ccc3ncc4c(c3c2)n(-c2ccc(N3CCNCC3)c(C(F)(F)F)c2)c(=O)n4C)cn1,7.24,6.0,=,=
CNC(=O)c1cc(F)c(Cn2nc(-c3ncc(OC)c(Nc4ccncc4)n3)c3ccccc32)c(F)c1,BUB1,O=C(Nc1cc(-c2[nH]c3c(c2Nc2ccccc2)C(=O)CCC3)ccn1)NC1CC1,5.17,7.44,=,=
CNc1ncc2cc(-c3cc(F)c(-c4cccc(C)n4)cc3F)c(=O)n(CCCCN)c2n1,SIK2,COc1cc(-c2cnc(Nc3cc(N4CCN(CCO)CC4)nc(C)n3)s2)cc2c1C(=O)N(CC(F)(F)F)CC2,7.51,9.19,=,=
COc1cc2ncc3c(N)nc(-c4cncc(OC[C@@H](N)Cc5c[nH]c6ccccc56)c4)cc3c2cc1OC,PDPK1,CN1CCN(CCCOc2ccnc3ccc(C#CCNC(=O)c4cncn(Cc5ccc(F)c(F)c5)c4=O)cc23)CC1,8.22,7.85,=,=
C[C@]12O[C@H](C[C@]1(O)CO)n1c3ccccc3c3c4c(c5c6ccccc6n2c5c31)CNC4=O,MYO3A,COc1cc2c(Oc3ccc(NC(=O)C4(C(=O)Nc5ccc(F)cc5)CC4)cc3F)ccnc2cc1OCCCN1CCOCC1,6.58,5.55,=,=
CC1CN(c2cncnc2)Cc2cc(C(=O)Nc3cc(CN4CCSCC4)cc(C(F)(F)F)c3)ccc21,DDR2,Cc1cn(-c2cc(NC(=O)c3ccc4c(c3)C[C@H](N(C)c3cncnc3)C4)cc(C(C)(C)C)c2)cn1,5.43,6.99,=,=
O=c1cc(-c2ccnc(Nc3ccccc3)n2)cc(-c2ccncc2)[nH]1,PIK3C3,CC(=O)Nc1cc(-c2cnc(N)c(S(=O)(=O)Cc3cccnc3)c2)ccn1,8.22,7.52,=,=
O=c1cc(N2CCOCC2)oc2c(-c3ccccc3)cccc12,PIK3C2A,O=C(CSc1nc2nccnc2c(=O)n1CCc1ccccc1)Nc1nccs1,4.57,7.01,=,=
CN1CCN(CCCOc2ccc(N3C(=O)/C(=C/c4ccc(Oc5ccc(F)cc5)cc4)SC3=S)cc2)CC1,IKBKB,O=C1S/C(=C\c2ccc(Oc3ccc(Br)cc3)cc2)C(=O)N1c1ccc(OCCCCN2CCN(CC3CC3)CC2)cc1,6.1,5.1,=,=
O=C(Cc1ccc2ccccc2c1)Nc1cc(C(F)(F)F)ccn1,RIOK2,COc1ccc(-n2nnc3c(=O)[nH]c4ccc(-c5ccc(OC)nc5)cc4c32)cc1,5.12,6.92,=,=
C=C(CF)n1nc(C(=O)Nc2cc(C)[nH]n2)c2c(N)ncnc21,LCK,Cc1cn(-c2cc(NC(=O)c3ccc(C)c(Nc4nc5ccccc5n4-c4cc(N)ncn4)c3)cc(C(F)(F)F)c2)cn1,5.45,7.23,=,=
Cn1nc(-c2cnc3[nH]cc(C(=O)NC(C)(C)CO)c3n2)c2ccc(Cl)cc21,SYK,CC(C)Nc1nc(-c2ccc([C@@H](C)NS(C)(=O)=O)cc2)cc2ncn(C)c(=O)c12,6.62,6.16,=,=
COCC1(CN2CCN(c3ccnc(-c4cnc5ccc(C(F)(F)F)cn45)n3)[C@@H](C)[C@@H]2c2cn[nH]c2)CCC1,EIF2AK4,C[C@]12O[C@H](C[C@]1(O)CO)n1c3ccccc3c3c4c(c5c6ccccc6n2c5c31)CNC4=O,6.26,8.39,=,=
Cc1nc[nH]c1/C=C1\C(=O)Nc2ccc(NC(=O)c3ccccc3)cc21,TLK2,Nc1nc(Nc2ccc(S(N)(=O)=O)cc2)nn1C(=O)c1c(F)cccc1F,7.17,6.12,=,=
O=C(O)c1ccccc1C(=O)N1CCC(Nc2ccc3c(c2)CN(S(=O)(=O)c2ccc(O)cc2O)C3)CC1,PDK2,O=C1CCC(COc2ccc3c(c2)C(O)(C(F)(F)F)c2ccccc2-3)N1CCO,6.25,6.61,=,=
Cn1cc(C2=C(c3cccc(NCC(O)CO)c3)C(=O)NC2=O)c2cc(F)ccc21,MAPK3,CS[C@@]1(C(=O)Nc2ccc3[nH]nc(-c4ccc(F)cc4)c3c2)CCN(CC(=O)N2CCN(c3ccc(-c4ncccn4)cc3F)CC2)C1,4.4,6.18,=,=
COc1cccc(F)c1Nc1nc2c(-c3nnc[nH]3)cccc2c2cnccc12,PIM2,C#Cc1ccc2sc3c(=O)[nH]c(CN(C)C)nc3c2c1,7.92,7.52,=,=
COc1cc(OC)cc(N(Cc2cn(S(=O)(=O)N(C)C)cn2)c2ccc3ncc(-c4cnn(C)c4)cc3n2)c1,FGFR1,COc1ccc(-n2cc(NC(=O)c3cccc(NS(=O)(=O)c4ccc(Cl)cc4)c3)cn2)cc1,8.37,4.59,=,=
C1=N/C2=N/c3ccc(OCCN4CCCC4)c(c3)COC/C=C/COCc3cccc(c3)C(=C1)N2,STK11,Cc1[nH]c(/C=C2\C(=O)Nc3ccc(S(=O)(=O)Cc4c(Cl)cccc4Cl)cc32)c(C)c1C(=O)N1CCC[C@@H]1CN1CCCC1,8.52,5.58,=,=
Nc1nc(Nc2ccc(Oc3ccc(C(F)(F)F)cc3)cc2)c2cc[nH]c2n1,TTBK1,CC(C)(O)C#Cc1cc2c(cn1)cnn2-c1ccnc(N)n1,6.42,6.73,=,=
COC(=O)c1ccc2c(c1)NC(=O)/C2=C(\Nc1ccc(C(=O)N(CCN(C)C)OC)cc1)c1ccccc1,PDGFRA,COCC1CN(C2CCN(c3cc(OC)c(Nc4ncc(Br)c(Nc5ccc6c(c5P(C)(C)=O)OCCO6)n4)cc3C)CC2)C1,7.75,6.58,=,=
CN(c1ncccc1CNc1ccnc(-c2nc3cc(Cl)ccc3[nH]2)n1)S(C)(=O)=O,SRPK2,CN(c1ncccc1CNc1cccc(-c2nc3cc(Cl)ccc3[nH]2)n1)S(C)(=O)=O,6.29,6.83,=,=
C=CC(=O)Nc1cc2c(Nc3ccc(F)c(Cl)c3)ncnc2cc1OCCCN1CCOCC1,DMPK,CN[C@@H]1C[C@H]2O[C@@](C)([C@@H]1OC)n1c3ccccc3c3c4c(c5c6ccccc6n2c5c31)C(=O)NC4,5.16,6.98,=,=
NC(=O)c1nn(-c2ccc3c(c2)OCO3)c2c1CCc1ccc(NC(=O)c3cccnc3Cl)cc1-2,IKBKB,CNc1nc2sc(C(=O)NC3CCCC3)nc2c2c1ncn2C,7.47,6.8,=,=
Cc1n[nH]c2ccc(-c3cncc(OCC(N)Cc4ccc(Cl)c(Cl)c4)c3)cc12,PRKG2,COc1cccc(C(CN)NC(=O)c2ccc(-c3ccncc3)cc2)c1,8.1,8.4,=,=
Clc1nnn(-c2ccncc2)c1-c1ccc2ccccc2c1,MAPK10,NC(=O)c1ccccc1Nc1cc(Oc2cccc3ccccc23)ncc1C(F)(F)F,4.9,6.0,=,=
Cn1cc(-c2cnc3c(-c4csc(C(=O)N[C@@H]5CCCC[C@@H]5N)c4)cnn3c2)cn1,NEK6,COC(=O)c1cc(O)c(O)c(C[C@]2(C)[C@@H](C)CC[C@@]3(C)C(C)=CCC[C@@H]23)c1,5.58,5.11,=,=
Nc1ncnc2sc3c(c12)CCC(C(=O)NCc1ccccc1)C3,LIMK1,COc1ccccc1NC(=O)c1cnn2c(-c3ccccc3)ccnc12,5.02,5.6,=,=
O=C1NCCCCCNc2ncc(Cl)c(n2)Nc2cc1[nH]n2,STK4,COc1cccc(F)c1-c1nccc(C(=O)Nc2cc(F)ccc2N2C[C@@H](N)C[C@H]2CO)n1,5.01,6.82,=,=
O=C(Nc1c[nH]nc1-c1nc2ccc(CN3CCOCC3)cc2[nH]1)NC1CC1,MAP3K1,C#Cc1cccc(Nc2ncnc3cc4c(cc23)OCCOCCOCCO4)c1,5.85,5.38,=,=
Cc1[nH]c(/C=C2\C(=O)Nc3ccc(F)cc32)c(C)c1C(=O)NC[C@H](O)CN1CCOCC1,CDK7,C=CC(=O)N1CCCC(c2ccc(C(C)C(=O)Nc3cc(C4CC4)[nH]n3)cn2)C1,6.03,5.46,=,=
OC1CCC(Cn2nc(-c3ccc(F)cc3)c3cnc(NCCCc4ccccc4)nc32)CC1,MERTK,CCCCNc1ncc(C(=O)Nc2ccc(S(=O)(=O)N3CCOCC3)cc2)c(NCCc2ccc(F)cc2)n1,7.26,4.78,=,=
CC1(C)CNc2cc(NC(=O)c3cccnc3NCc3ccncc3)ccc21,STK35,CN[C@@H]1C[C@H]2O[C@@](C)([C@@H]1OC)n1c3ccccc3c3c4c(c5c6ccccc6n2c5c31)C(=O)NC4,5.27,6.85,=,=
CN1CCN(c2ccc(Nc3ncc4nc(Nc5ccccc5)n(C5CCCC5)c4n3)cc2)CC1,PKN1,CC(C)NC(=O)N1CCC(NC2=Nc3cc(F)ccc3N(CC(F)F)c3ccc(Cl)cc32)C1,5.21,8.3,=,=
C[C@]12O[C@H](C[C@]1(O)CO)n1c3ccccc3c3c4c(c5c6ccccc6n2c5c31)CNC4=O,CDKL1,CNC(=O)c1ccc(Nc2nccc(-c3cnc(C)n3C(C)C)n2)cc1F,6.31,7.22,=,=
Nc1ncnn2c(CN3CCCC(O)C3)cc(-c3cc(F)c(CO)c(F)c3)c12,ACVRL1,Nc1ncnn2c(CN3CCOCC3)cc(-c3cc(F)c(CO)c(F)c3)c12,7.16,7.52,=,=
COC[C@@H](CC(C)C)NC1=N/C(=C\c2ccc3ncsc3c2)C(=O)N1,CDKL3,CNC(=O)[C@]1(C)CC[C@@H](Nc2ncc3c(Br)nn(-c4ccc(-c5nnc(C)s5)cc4)c3n2)C1,9.3,6.84,=,=
CC(C)(O)C12CC(C1)N(c1cc(-n3ncc4ccc(C5(C#N)CC5(C)C)cc43)ncn1)C2,LRRK2,CNc1nc(Nc2ccc(-c3c(C)noc3C)cc2OC)ncc1C(F)(F)F,6.83,9.0,=,=
CCN(CC)CC#Cc1cnc(N)c2c(-c3ccc(NC(=O)Nc4cccc(C)c4)cc3)csc12,HIPK4,NS(=O)(=O)c1cccc(Nc2ncc3ccn(Cc4ccccc4)c3n2)c1,7.4,5.9,=,=
CCNC(=O)C#Cc1ccc2c(c1)NC(=O)/C2=C(\Nc1ccc(N2CCN(C)CC2)cc1)c1ccccc1,MAP2K1,C#Cc1ccc(Nc2c(F)c(=O)n(C)c3ncn(C[C@@H](O)CO)c(=O)c23)c(F)c1,8.0,8.32,=,=
CC(C)(C)c1nc(-c2cccc(NS(=O)(=O)c3c(F)cccc3F)c2F)c(-c2ccnc(N)n2)s1,DSTYK,COc1cc2c(Oc3ccc(NC(=O)C4(C(=O)Nc5ccc(F)cc5)CC4)cc3F)ccnc2cc1OCCCN1CCOCC1,4.53,6.29,=,=
CC(C)NC(=O)N1CC[C@@H](NC2=Nc3cc(F)ccc3N(CC(F)F)c3ccc(Cl)cc32)C1,PAK2,C[C@H](Nc1nccc(Nc2cc(C3CCC3)[nH]n2)n1)c1ccc2[nH]ccc2c1,6.08,6.88,=,=
CN1CCC(c2c(O)cc(O)c3c(=O)cc(-c4ccccc4Cl)oc23)C(O)C1,MATK,CCNC(=O)c1cnc(N)c2c(-c3ccc(NC(=O)Nc4cccc(F)c4)cc3)csc12,6.5,5.7,=,=
C[C@H](NC(=O)C1CN(c2ncnn3cc(-c4cnn(C)c4)cc23)C1)c1ccc(Cl)cc1,KIT,COc1cccc(-c2[nH]c(C3CCN(c4ncnc5[nH]c(-c6ccc(C#N)cc6)cc45)CC3)nc2C(F)(F)F)c1,7.26,6.3,=,=
Cc1nc2cc(-c3nn(C(C)C)c4ncnc(N)c34)ccc2o1,NLK,COc1ccc(-c2ccc(NC(=O)Nc3ccc(F)c(C)c3)cc2)c2c(N)noc12,6.35,7.5,=,=
COc1cc(Nc2c(C#N)cnc3cc(OCCCN4CCN(C)CC4)c(OC)cc23)c(Cl)cc1Cl,MAP3K1,CC(=O)NCC(=O)N1[C@@H]2CC[C@H]1c1ccc(Nc3ncc(C(F)(F)F)c(NC4CCC4)n3)cc12,6.17,5.66,=,=
Nc1nccn2c([C@@H]3CCCN(C4CCOCC4)C3)nc(-c3ccc(C(=O)Nc4cc(C(F)(F)F)ccn4)cc3F)c12,YES1,O=C(CCCCCC(=O)N1CCC[C@@H]1c1ccco1)Nc1cccc(Nc2nccc(Nc3cc(C4CC4)[nH]n3)n2)c1,7.5,6.21,=,=
C[C@@H]1CN(C(=O)c2nc(Nc3cc(C4CC4)[nH]n3)c3ccccc3n2)CCN1,PAK4,Cc1cc(Nc2cc(N3CCN(C)CC3)nc(Sc3ccc(NC(=O)C4CC4)cc3)n2)n[nH]1,7.77,5.37,=,=
O=C1NCCc2c1cc(-c1ccncc1)n2CC(F)(F)F,CDC7,O=C1CCCN1Cc1ccc2c(c1)[nH]c(=O)c1cccn12,6.8,6.1,=,=
CC[C@@H]1C(=O)N(C)c2cnc(Nc3ccc(C(=O)NC4CCN(C)CC4)cc3OC)nc2N1C1CCCC1,MYO3B,CNC(=O)c1cc(Oc2ccc(NC(=O)Nc3ccc(Cl)c(C(F)(F)F)c3)cc2)ccn1,5.46,5.15,=,=
COc1cc(N2CCC(N3CCN(C)CC3)CC2)ccc1Nc1ncc(Cl)c(Nc2ccccc2P(C)(C)=O)n1,NUAK1,C[C@H](c1ccccc1)n1c(=O)c(N2CCNCC2)nc2cnc(-c3cnc4cccnn34)cc21,7.33,9.0,=,=
Cc1ccc(NC(=O)c2ccc(CN3CCNCC3)cc2)cc1Nc1nccc(-c2cncc(-c3ccccn3)c2)n1,ABL2,CCOc1ccn(-c2ccc(F)cc2)c(=O)c1C(=O)Nc1ccc(Oc2ccnc(N)c2Cl)c(F)c1,6.47,5.82,=,=
C#Cc1cccc(Nc2ncnc3cc(OCCOC)c(OCCOC)cc23)c1,EPHA7,CCS(=O)(=O)c1cccc(-c2cc(C(=O)NC3CCN(C)CC3)c(C)c3[nH]c4ncc(C)cc4c23)c1,5.85,6.21,=,=
O=C(Nc1ccc(-c2nc(N3CCOCC3)nc(N3C[C@H]4C[C@@H]3CO4)n2)cc1)Nc1ccc2c(c1)COC2=O,MTOR,COCOc1cc(-c2nn(C(C)C)c3ncnc(N)c23)ccc1Br,8.38,5.96,=,=
Cc1nc2c(F)cc(-c3nc(Nc4ccc5c(n4)CCN(C[C@@H]4CNCCO4)C5)ncc3F)cc2n1C(C)(C)C,CDK6,c1cc(-c2ccc(Nc3ncc4c5ccncc5n(C5CCCC5)c4n3)nn2)ccn1,8.95,7.0,=,=
Oc1c(Br)cc(C=C2c3cc(I)ccc3NC2O)cc1Br,RAF1,O=C(Nc1nc2cc(C3(O)c4ccccc4C(=O)N3Cc3ccccc3)ccc2[nH]1)N1CCOCC1,8.05,7.0,=,=
CSc1cccc(NC(=O)CCc2c(C)nc3c4cccnc4nn3c2C)c1,PANK1,Cc1cccc(NC(=O)CCc2c(C)nc3c4cccnc4nn3c2C)c1,7.0,5.8,=,=
Cc1cc(C)cc(NC(=O)Nc2ccc3c(c2)CCc2sc4ncnc(N)c4c2-3)c1,CSNK1G1,O=C1NCCc2[nH]c(-c3ccnc(-c4cnc5ccccc5c4)c3)cc21,5.5,6.6,=,=
COCCO[C@H]1CC[C@H](n2nc(-c3ccc(Nc4nc5cc(Cl)cc(F)c5o4)cc3)c3c(N)ncnc32)CC1,EIF2AK2,Cn1nc2c3c(cccc31)C(=O)c1ccccc1-2,6.44,4.92,=,=
Cc1nc2c(F)cc(-c3nc(Nc4ccc5c(n4)CCN(C[C@H]4CNCCO4)C5)ncc3F)cc2n1C(C)(C)C,CDK2,CN1CCC(c2c(O)cc(O)c3c(=O)cc(Oc4ccccc4Cl)oc23)C(O)C1,7.84,5.68,=,=
O=C1Nc2ccc3ncsc3c2C1=CNc1ccc(S(=O)(=O)Nc2ccccn2)cc1,PRKG2,COc1cccc(C(CN)NC(=O)c2ccc(-c3ccncc3)cc2)c1,6.5,8.4,=,=
CC(C)(C)NC(=O)Nc1cccc2[nH]nc(-c3nc4cc(N5CCC(N6CCCCC6)CC5)ccc4[nH]3)c12,FLT1,COc1cccc(OC)c1CNc1nc(NC2CCCCC2)nc2ccc(Cl)cc12,8.4,7.0,=,=
CN[C@@H]1C[C@H]2O[C@@](C)([C@@H]1OC)n1c3ccccc3c3c4c(c5c6ccccc6n2c5c31)C(=O)NC4,MAP3K6,CN(C)CC(=O)N1CCC(c2ccc(NC(=O)c3nc(C#N)c[nH]3)c(C3=CCCCC3)c2)CC1.Cl,6.57,5.1,=,=
Cc1ncccc1-c1cc2ncnc(Nc3ccc4ncoc4c3)c2s1,PIP4K2A,Cc1ccncc1-c1cc2c(Nc3ccc(S(C)(=O)=O)cc3)ncnc2s1,5.5,6.0,=,=
CS(=O)(=O)c1cccc(-c2csc3ncnc(Sc4nnc[nH]4)c23)c1,PIP4K2C,COc1ncc(-c2ccc3nccc(-c4ccnnc4)c3c2)cc1NS(=O)(=O)c1ccc(F)cc1F,5.5,5.86,=,=
Cc1ccccc1-c1c(-c2ccc3[nH]nc(N)c3c2)nnn1Cc1ccccc1,CDK5,CC(C)c1cnc(NC(=O)c2ccccc2)s1,8.1,5.94,=,=
C#Cc1nn([C@@H]2CCCN(C(=O)C=C)C2)c2ncnc(N)c12,MAP2K7,Nc1nc(N2CCCCC2)c2c(n1)[nH]c1ccc(Cl)cc12,7.52,6.0,=,=
CN1CC[C@H](c2c(O)cc(O)c3c(=O)cc(-c4ccccc4Cl)oc23)[C@H](O)C1,MAP2K4,CCCCS(=O)(=O)Nc1ccc(F)c(C(=O)c2n[nH]c3ncc(-c4ccc(S(N)(=O)=O)cc4)cc23)c1F,5.64,6.15,=,=
CCCCCCc1ccc(NC2=N/C(=C\c3ccc4c(c3)OCO4)C(=O)N2)cc1,DYRK2,COc1cnc(Nc2ccc(C(=O)N3CCNCC3)cn2)nc1-c1ccc2scnc2c1.Cl,5.02,6.11,=,=
Cc1[nH]c(/C=C2\C(=O)Nc3ccc(S(=O)(=O)N(C)c4cccc(Cl)c4)cc32)c(C)c1C(=O)N1CCN(C)CC1,PTK2B,CN1CCc2c(sc3ncn4nc(-c5ccccc5O)nc4c23)C1,7.98,4.75,=,=
CCN1c2ccccc2C(=O)N(C)c2cnc(Nc3ccc(N4CCN(C)CC4)cc3OC)nc21,DCLK1,CN1C(=O)c2sccc2N(C)c2nc(Nc3ccc(S(N)(=O)=O)cc3)ncc21,6.81,7.57,=,=
c1ccc(-c2ccc(Nc3cc(-c4nc(N[C@@H]5CCNC5)c5sccc5n4)ccn3)nc2)cc1,PRKCI,OC1CCC(Nc2cc(Cl)nc(-c3c[nH]c4ncccc34)n2)CC1,7.0,6.4,=,=
CC(C)n1cc(-c2cncc(-c3ccc4c(c3)CC(=O)N4CCO)c2)ccc1=O,BMPR1A,CC(C)Cn1cc(-c2cncc(-c3ccc4c(c3)CC(=O)N4C)c2)ccc1=O,5.96,5.0,=,=
CN(C)CCOc1ccc(Nc2nc(Nc3ccc(C(F)(F)F)cc3)ncc2Br)c(C(N)=O)c1,MAPK8,O=C(Nc1cnn(-c2csc(C(=O)NCC3CCNCC3)c2)c1)Nc1ccccc1Cl,7.97,5.18,=,=
C[C@]12O[C@H](C[C@]1(O)CO)n1c3ccccc3c3c4c(c5c6ccccc6n2c5c31)CNC4=O,PKN3,CN[C@@H]1C[C@H]2O[C@@](C)([C@@H]1OC)n1c3ccccc3c3c4c(c5c6ccccc6n2c5c31)C(=O)NC4,5.86,7.94,=,=
CSc1cccc(-c2cc3c(-c4cnn(C5CCN(C(C)=O)CC5)c4)cnc(N)c3o2)c1,MAP3K7,Cc1[nH]c(/C=C2\C(=O)Nc3ccc(F)cc32)c(C)c1C(=O)NC[C@H](O)CN1CCOCC1,5.92,7.0,=,=
CN(C)CCn1cc(-c2ccc(F)c(C(F)(F)F)c2)nc1C1CCN(c2ncnc(N)c2-c2ccc(N)nc2)CC1,AKT1,COc1ccc2c(c1)C(=O)N(c1nc(C(=O)Nc3cnccc3N3CCNCC3)cs1)C2,6.75,5.32,=,=
CC(=O)NCC(=O)N1[C@@H]2CC[C@H]1c1ccc(Nc3ncc(C(F)(F)F)c(NC4CCC4)n3)cc12,MAP3K6,CN(C)CC(=O)N1CCC(c2ccc(NC(=O)c3nc(C#N)c[nH]3)c(C3=CCCCC3)c2)CC1.Cl,5.97,5.1,=,=
C[C@H]1CN2CCC[C@H]2CN1C(=O)N1Cc2c(NC(=O)c3cc(N(C)C)ccn3)n[nH]c2C1(C)C,PRKCB,CS(=O)(=O)Nc1cccc(CC(=O)Nc2nc(-c3c[nH]c4ncccc34)cs2)c1,7.49,5.68,=,=
CCCCOc1cc(/C=C2\Oc3ccccc3C2=O)ccc1O,STK17B,O=C1Nc2ccc(I)cc2/C1=C1/Nc2ccccc2C1=O,4.54,5.21,=,=
O=c1[nH]cnc2ccc(C3=Cc4ccccc4C3)cc12,IP6K3,O=C(O)/C=C/c1ccc2noc(-c3ccc(Oc4ccccc4)cc3)c2c1,4.5,6.12,=,=
CCC(CC)c1cc(NC(=O)Nc2ccc(-c3cn(C4CC4)c4ncnc(N)c34)cc2F)on1,NEK7,CCn1c(-c2nonc2N)nc2c(C#CC(C)(C)O)ncc(OC[C@H]3CCCNC3)c21,6.4,5.67,=,=
CCCCC(=O)Nc1ccc2c(c1)/C(=C1/Nc3ccccc3/C1=N\O)C(=O)N2,DAPK1,CC[C@@H]1C(=O)N(C)c2cnc(Nc3ccc(C(=O)NC4CCN(C)CC4)cc3OC)nc2N1C1CCCC1,5.75,6.27,=,=
CC(C)c1ccc2nc(N3CCN(C)CC3)nc(C3=C(c4c[nH]c5ccccc45)C(=O)NC3=O)c2c1,PRKCH,O=C(N[C@@H]1CN2CCC(CC2)[C@H]1OC(=O)c1cc(O)c(C(=O)c2c(O)cccc2C(=O)O)c(O)c1)c1ccc(O)cc1,6.55,7.58,=,=
C[C@]12O[C@H](C[C@]1(O)CO)n1c3ccccc3c3c4c(c5c6ccccc6n2c5c31)CNC4=O,BMP2K,Cc1nc(N)sc1-c1ccnc(Nc2ccc(N3CCOCC3)cc2)n1,7.8,8.15,=,=
Cc1nc2cc(-c3nn(C(C)C)c4ncnc(N)c34)ccc2o1,PTK6,COc1cc2c(Nc3ccc(Cl)c(Cl)c3F)ncnc2cc1OC[C@@H]1C[C@@H]2CN(C)C[C@@H]2C1,5.68,6.76,=,=
Cc1ccc(NC(=O)c2ccc(C)c(C(F)(F)F)c2)cc1C#Cc1nn([C@H]2CC[C@H](O)CC2)c2ncnc(N)c12,HCK,CCC(=O)Nc1cc(Oc2cc(C(=O)Nc3ccc(CN4CCN(CC)CC4)c(C(F)(F)F)c3)ccc2C)ncn1,8.52,6.6,=,=
CC(C)Cc1ccc(S(=O)(=O)NCCN2CCC(Cn3cc(-c4c[nH]c5ccc(F)cc45)nn3)CC2)cc1,CSNK2A1,CC(C)(C)c1ccc2nc(-c3n[nH]c4ccccc34)[nH]c2c1,6.29,5.9,=,=
Cc1cnc(Nc2ccc(OCCN3CCCC3)cc2)nc1Nc1cccc(S(=O)(=O)NC(C)(C)C)c1,ANKK1,N#CC[C@H](C1CCCC1)n1cc(-c2ncnc3[nH]ccc23)cn1,5.37,6.41,=,=
COC(=O)c1cccc2[nH]c(-c3ccncc3)nc12,PKN1,Cc1nc(N)sc1-c1ccnc(Nc2ccc(N3CCOCC3)cc2)n1,4.56,4.88,=,=
CC(C)n1nc(-c2cc3cc(O)ccc3[nH]2)c2c(N)ncnc21,ABL2,COc1ccc(NC(=O)C2=NN=C(c3cncc(-c4ccnc(Nc5cc(NC(=O)c6ccc(CN7CCN(C)CC7)cc6)ccc5C)n4)c3)C2)cc1,5.92,6.82,=,=
Nc1ncnc2ccc(-c3ccc(CNc4ncccc4C(=O)Nc4cc(F)cc(F)c4)s3)cc12,PDPK1,CN(CCc1ccccc1)c1c(C#N)cnc2ccc(C#CCNC(=O)c3cccn(Cc4ccc(F)c(F)c4)c3=O)cc12,5.52,6.38,=,=
CO[C@H]1/C=C\C=C(/C)C(=O)NC2=CC(=O)C(NCCCCCCCOc3ccc4c(=O)cc(N5CCOCC5)oc4c3C)=C(C[C@@H](C)C[C@H](OC)[C@H](O)[C@@H](C)/C=C(\C)[C@@H]1OC(N)=O)C2=O,PRKDC,CC(C)n1nc(-c2ccc3nccnc3c2)c2c(N)ncnc21,5.43,6.9,=,=
CC(C)C(=O)Nc1cnc2c(C(=O)Nc3cnccc3N3C[C@@H](N)[C@H](O)[C@@H](C)C3)c(N)sc2c1,PIM2,Cc1cnc(O)c(-c2cc3c(cn2)cnn3-c2cncc(N3CCCNCC3)n2)c1,7.26,6.28,=,=
CN(C)CCNC(=O)Nc1cc2c(Nc3ccc(F)c(Cl)c3)ncnc2cc1O[C@H]1CCOC1,EGFR,C#Cc1cccc(Nc2ncnc3cc4c(cc23)OCCO4)c1,5.94,7.26,=,=
Cc1cc(Nc2nc(OC3CCOCC3)c3c(ccn3-c3ccoc3)n2)sn1,IRAK4,O=C(Nc1cn(C2CCNCC2)nc1C(F)(F)F)c1cnc2ccc(N[C@@H]3CCCNC3)nn12,6.26,7.28,=,=
Nc1nonc1C(=O)Nc1cc(C(F)(F)F)cc(C(F)(F)F)c1,IKBKE,Cc1nc(N)sc1-c1ccnc(Nc2ccc(N3CCOCC3)cc2)n1,4.35,6.33,=,=
C[C@H](O)CCn1nc2c(Br)c(Br)c(Br)c(Br)c2n1,CSNK2A1,Fc1cc(Cl)cc(Nc2nc3cc(-c4nnn[nH]4)ccc3c3sccc23)c1,5.6,6.54,=,=
CC(C)C[C@H](NC(=O)[C@H](CCCNC(N)=O)NC(=O)[C@@H](N)CCCNC(N)=O)C(=O)N[C@@H](C)C(=O)N[C@@H](Cc1ccc(F)cc1)C(N)=O,CCNA2,CC[C@H](C)[C@H](NC(=O)[C@H](CC(C)C)NC(=O)[C@H](CCCNC(=N)N)NC(=O)[C@@H](N)CCCNC(=N)N)C(=O)N[C@@H](Cc1ccccc1)C(N)=O,4.68,6.17,=,=
NC1=C(Cl)C(=O)c2ccc(S(N)(=O)=O)cc2C1=O,HK1,O=S(=O)(N[C@H]1C(O)O[C@H](CNS(=O)(=O)c2cccc(Cl)c2Cl)[C@@H](O)[C@@H]1O)c1cccc(-c2ccccc2)c1,5.97,5.3,=,=
Cc1ccc(CN2CCc3ccc(-c4cc(NC(=O)C5CCCNC5)ncc4Cl)cc32)cc1,CDK9,CC1(C)CCn2ncc(-c3cc(NC(=O)[C@H]4CCC[C@@H](N)C4)ncc3F)c2C1,6.26,6.83,=,=
COC[C@H]1OC(=O)c2coc3c2[C@@]1(C)C1=C(C3=O)[C@@H]2CCC(=O)[C@@]2(C)C[C@H]1OC(C)=O,MYLK,Cc1[nH]c(/C=C2\C(=O)Nc3ccc(F)cc32)c(C)c1C(=O)NC[C@H](O)CN1CCOCC1,5.72,6.44,=,=
Cc1n[nH]c2ccc(-c3cncc(OC[C@@H](N)Cc4ccccc4)c3)cc12,SGK3,CN1C(=O)[C@@H](N2CCc3c(nn(Cc4ccccc4)c3Br)C2=O)COc2ccccc21,5.29,6.0,=,=
Cc1cc(Nc2nc(NCc3ccc(F)cc3F)nc3cc(Cl)ccc23)n[nH]1,NTRK3,Cc1cc(Nc2cc(N3CCN(C)CC3)nc(C=Cc3ccccc3)n2)n[nH]1,7.64,7.1,=,=
Cc1cccc(NC(=O)Nc2ccc(-c3csc4c(-c5cnn(CC(C)O)c5)cnc(N)c34)cc2)c1,NEK2,CN1CCC(NC(=O)c2cnc(Nc3cc(Cl)cc(Cl)c3)nc2N[C@@H]2COC[C@H]2O)CC1,7.1,4.52,=,=
CNC(=O)c1ccccc1Sc1ccc2c(/C=C/c3ccccn3)n[nH]c2c1,ULK2,CC(C)N1CCN(c2ccc(Nc3ncc4cc5n(c4n3)C3(CCCCC3)CNC5=O)nc2)CC1,5.0,8.26,=,=
CC(C)(C)Nc1ccc2cccc(-c3cc4c([nH]3)CCNC4=O)c2n1,PIM2,COc1nc2cccc(-c3cc4c([nH]3)CCNC4=O)c2nc1NC(C)(C)C,8.96,8.3,=,=
Nc1nc(C2=C3C(=Nc4ccccc43)C(=O)NCC2)c(O)[nH]1,CHEK2,N#Cc1c(Oc2ccc(-c3nc4cc(C(N)=O)ccc4[nH]3)cc2)nc(S)nc1-c1ccc(Cl)cc1,8.1,7.47,=,=
Cc1nc(Nc2n[nH]c3c2CN(C(=O)N[C@H](CN(C)C)c2ccccc2)C3(C)C)c2sccc2n1,PRKACG,Cc1nc(NC(=O)N2CCC[C@H]2C(N)=O)sc1-c1ccnc(C(C)(C)C(F)(F)F)c1,7.18,5.7,=,=
COc1cc2c(Nc3ccc(Cc4ccccn4)cc3)c(C#N)cnc2cc1OCCCN1CCOCC1,MAP2K1,CCNC(=O)C#Cc1ccc2c(c1)NC(=O)/C2=C(\Nc1ccc(N2CCN(C)CC2)cc1)c1ccccc1,7.45,8.0,=,=
Cc1cc(Nc2cc(N3CCN(C)CC3)nc(Sc3ccc(NC(=O)C4CC4)cc3)n2)n[nH]1,STK38L,O=C(c1ccc(/C=C/c2n[nH]c3ccccc23)cc1)N1CCNCC1,5.16,5.96,=,=
COc1ccc(Cl)c(S(=O)(=O)Nc2ccc(-c3nc(OC4CCNCC4F)c4c(C)n[nH]c4n3)cc2)c1,SGK1,Cc1ccc(F)c(S(=O)(=O)Nc2ccc(-c3nc(OC4CCNCC4(F)F)c4c(C)n[nH]c4n3)cc2)c1,8.64,8.96,=,=
N[C@@H]1CCC[C@H](C(=O)Nc2ccc3[nH]nc(Nc4cccc5ccccc45)c3c2)C1,ULK1,CNC(=O)c1cccc(Oc2nc(Nc3cc(OC)c(OC)c(OC)c3)ncc2Br)c1,5.52,5.96,=,=
CN1C(=O)[C@@H](N2CCc3cn(Cc4ccccc4)nc3C2=O)COc2ccccc21,PNCK,CCCCCn1cc(-c2ccccc2OCc2ccccc2)nc1N.Cl,6.0,5.52,=,=
CNC(=O)c1ccccc1Sc1ccc2c(C=Cc3ccccn3)n[nH]c2c1,BRSK1,COc1cc(C)c(Cl)cc1NC(=O)Nc1cnc(C#N)cn1,6.6,5.5,=,=
Cc1nc2c3cccnc3nn2c(C)c1CCC(=O)Nc1ccccc1F,PANK1,Cc1nc2c3cccnc3nn2c(C)c1CCC(=O)Nc1cccc(C(F)(F)F)c1,6.26,6.72,=,=
COc1ncc(-c2ccc3nc(N)n(-c4ccccc4)c(=O)c3c2)cc1NS(C)(=O)=O,PI4KA,Nc1nc2ccc(-c3ccccn3)cc2s1,7.7,5.0,=,=
CC[C@@H]1CN(c2nc(=O)n(C)c3ccc(C#N)nc23)[C@@H](C)CN1C(c1ccc(Cl)cc1)c1ccccn1,DGKA,C[C@@H]1CN(c2nc(=O)n(C)c3ccc(C#N)nc23)[C@@H](C)CN1C(c1ccc(F)cc1)c1nc(C2CC2)no1,6.5,7.15,=,=
Cc1nc2cc(-c3nn(C(C)C)c4ncnc(N)c34)ccc2o1,PKN3,C[C@]12O[C@H](C[C@]1(O)CO)n1c3ccccc3c3c4c(c5c6ccccc6n2c5c31)CNC4=O,7.89,5.86,=,=
CN(c1ncccc1CNc1ccnc(-c2nc3cc(Cl)cc(F)c3[nH]2)n1)S(C)(=O)=O,SRPK1,Nc1nccc2scc(-c3ccc(NC(=O)Nc4cccc(Cl)c4)cc3)c12,8.15,5.2,=,=
Cc1ccc(Nc2nc(N[C@@H]3CCOC[C@@H]3N)ncc2C(N)=O)cc1,ZAP70,CCc1cc(NC(=O)c2nn(C3CCN(C(=O)NC(C)(C)C)CC3)c3ccccc23)ccc1-c1n[nH]c(=O)c(C)c1C,4.7,6.38,=,=
COc1cc(N2CCC(N3CCN(C)CC3)CC2)ccc1Nc1ncc(Cl)c(Nc2ccccc2S(=O)(=O)C(C)C)n1,MAP3K15,CN[C@@H]1C[C@H]2O[C@@](C)([C@@H]1OC)n1c3ccccc3c3c4c(c5c6ccccc6n2c5c31)C(=O)NC4,6.1,8.6,=,=
O=c1[nH]c2cc(CN3C4CCC3CN(c3ccc(Cl)nn3)C4)ccc2c2c1CCCN2,TNK1,N#Cc1ccc(N2CCN(Cc3ccc4c5c(c(=O)[nH]c4c3)CCCN5)CC2)cc1C(F)(F)F,7.97,7.58,=,=
COc1cc2nc(N3CCN(C)CC3)nc(N3CCC(F)(F)CC3)c2cc1OC,STK19,COc1cc2nc(N(C)C3CC3)nc(NC3CCN(C(C)C)CC3)c2cc1OC,7.24,6.6,=,=
C#Cc1cccc(Nc2ncnc3cc(OCCOC)c(OCCOC)cc23)c1,MAPK4,Cn1cc(C2=C(c3cccc(NCC(O)CO)c3)C(=O)NC2=O)c2cc(F)ccc21,5.6,4.4,=,=
Clc1ccc2[nH]c(CNc3nc(N4CCOCC4)nc4c3ncn4-c3cccnc3)nc2c1,CSNK1D,Cc1nc(-c2ccc(Cl)cc2)c(-c2ccc3nc(NC(=O)c4ccnc(F)c4)cn3n2)n1C,6.28,9.29,=,=
COC(=O)Nc1ccc(-c2c(OC3CCN(C)CC3)nc3c(-c4ccc(OC)c(OC)c4)cnn3c2N)cc1,PDGFRB,Cn1cc(-c2cc(Oc3ccc(NC(=O)N4CCC5(CCC5)C4=O)nc3)ccn2)cn1,7.66,5.54,=,=
CC(=O)Nc1cc(Nc2cc(NC3CC3)n3ncc(C#N)c3n2)ccc1N(C)CCN,HIPK1,Cc1[nH]c(/C=C2\C(=O)Nc3ccc(S(=O)(=O)Cc4c(Cl)cccc4Cl)cc32)c(C)c1C(=O)N1CCC[C@@H]1CN1CCCC1,7.4,7.02,=,=
CN(c1ncccc1CNc1ccnc(-c2nc3cc(Cl)cc(F)c3[nH]2)n1)S(C)(=O)=O,SRPK1,O=C1Nc2ccc3ncsc3c2C1=CNc1ccc(S(=O)(=O)Nc2ccccn2)cc1,8.15,6.0,=,=
CCN1CCN(Cc2ccc(NC(=O)Nc3ccc(Oc4cc(NC)ncn4)cc3)cc2C(F)(F)F)CC1,MYO3A,COc1cc(Nc2c(C#N)cnc3cc(OCCCN4CCN(C)CC4)c(OC)cc23)c(Cl)cc1Cl,7.39,5.21,=,=
Cc1cc(-n2nc(CO)cc2NC(=O)c2ccc(C(F)(F)F)c(-c3ccn(C)n3)c2)[nH]n1,NTRK1,COc1cc(N2CCN(C)CC2)ccc1C(=O)Nc1n[nH]c2ccc(Cc3cc(F)cc(F)c3)cc12,8.54,6.2,=,=
OCCC(Nc1nc(-c2ccncc2)nc2cnccc12)C(F)(F)F,LATS1,CC(C)(C)Nc1cc(-c2ccnc3[nH]ccc23)nc2cnccc12,7.46,8.7,=,=
Cn1ccc2ccc(-c3cc(N[C@@H](c4cccnc4)c4ccc(=O)[nH]c4)cc4nccnc34)cc21,PFKFB3,Cc1nc(NC(C)c2cccc(OCC(=O)N(C)C)c2)cc(-c2ccc3ncsc3c2)n1,7.55,6.3,=,=
COc1cc2c(Oc3ccc(NC(=O)c4cc5cccnc5n(-c5ccc(F)cc5)c4=O)cc3F)ccnc2cc1OCCCN1CCN(C)CC1,PDGFRB,COc1cc2c(Oc3ccc(NC(=O)c4cc(-c5ccc(C)cc5)ccn4)cc3F)ccnc2cc1OCCCN1CCN(C)CC1,7.71,8.85,=,=
NC(=O)c1nc(Nc2ccc3ccccc3c2)sc1NC(=O)C1CC1,TNIK,CN(C)C[C@@H]1CCn2cc(c3ccccc32)C2=C(C(=O)NC2=O)c2cn(c3ccccc23)CCO1,7.82,5.24,=,=
Cc1[nH]c(/C=C2\C(=O)Nc3ccc(F)cc32)c(C)c1C(=O)NC[C@H](O)CN1CCOCC1,HIPK1,CC(=O)Nc1cc(Nc2cc(NC3CC3)n3ncc(C#N)c3n2)ccc1N(C)CCN,6.01,7.4,=,=
Cc1n[nH]c2ccc(-c3cncc(OCC(N)Cc4ccc(Cl)c(Cl)c4)c3)cc12,CSNK1G1,Cc1ccc(F)c(NC(=O)Nc2ccc(-c3ccc4nccnc4c3N)cc2)c1,6.9,5.6,=,=
CSc1cccc(Nc2ncc3cc(-c4c(Cl)cccc4Cl)c(=O)n(C)c3n2)c1,MAP2K4,Clc1cccc2[nH]nc(-c3ccc4c(c3)OCO4)c12,6.48,5.35,=,=
C[C@@H]1CNC[C@H](C)N1c1ccc(-c2cnc3c(-c4ccnc5ccccc45)cnn3c2)cn1,ACVR1B,c1ccc2c(-c3cnn4cc(-c5ccc(N6CCNCC6)cc5)cnc34)ccnc2c1,5.86,6.21,=,=
O=S(=O)(c1cccc2cnccc12)N1CCCNCC1,PKN3,Cc1ccc(C(=O)Nc2cccc(C(F)(F)F)c2)cc1Nc1nc(-c2cccnc2)nc2nn(C)cc12,7.0,5.76,=,=
CC(C)c1cc(Nc2nc(N3CCC[C@H](N)C3)ncc2C(N)=O)cc(C(C)C)n1,PNCK,CN1Cc2nn(C)c(C#N)c2-c2cnc3[nH]cc(c3c2)-c2cn(nc2C(F)(F)F)CCCC1=O,8.52,6.08,=,=
OC1CCCCC1NCc1ccn2nc(-c3ccccn3)nc(Nc3ccncc3F)c12,TGFBR2,Fc1cnccc1Nc1nc(-c2cccc(C(F)F)n2)nc2[nH]ccc12,5.64,6.13,=,=
N#Cc1cc(Nc2nc(NC3CC3)c3ncc(C#N)n3n2)c(Cl)c(N2CC[C@@H](NC(=O)OC3COC3)[C@H](O)C2)c1,CSNK2A2,N#Cc1cc(Nc2nc(NC3CC3)c3ncc(C#N)n3n2)c(Cl)c(N2CCC(NCC(F)F)CC2)c1,9.59,6.81,=,=
CCN1CCN(Cc2ccc(NC(=O)Nc3ccc(Oc4cc(NC)ncn4)cc3)cc2C(F)(F)F)CC1,MAP3K2,CO[C@@H]1[C@H](N(C)CCOCCOCCOCCNC(=O)CCC2=[N+]3C(=Cc4c(C)cc(C)n4[B-]3(F)F)C=C2)C[C@H]2O[C@]1(C)n1c3ccccc3c3c4c(c5c6ccccc6n2c5c31)C(=O)NC4,5.64,7.28,=,=
CC1(C)N=C2C(c3ccccc3)=CC(=O)C(c3ccccc3)=C2O1,HK2,O=C(N[C@H]1C(O)O[C@H](CNS(=O)(=O)c2cnccc2Cl)[C@@H](O)[C@@H]1O)c1cccc(-c2ccccc2)c1,4.46,7.0,=,=
O=C1Nc2cc(-c3ccc(O)cc3)ccc2C1=Cc1ccc[nH]1,MAP4K4,CCCC(=O)Nc1nn(C(=O)CC)c2nc3ccccc3cc12,7.7,5.0,=,=
CCCCCCCCc1ccc2c3c(c[nH]c13)C[C@@H](CO)NC(=O)[C@H](C(C)C)N2C,PRKCG,COc1cccc(C(C)NC(=O)N2CC=C(c3c[nH]c4ncccc34)CC2)c1,8.92,7.4,=,=
COC(=O)NC[C@@H]1CN(c2nc(=O)n(C)c3ccc(C#N)nc23)[C@@H](C)CN1C(C)c1ccc(C(F)(F)F)cc1,DGKA,C[C@@H]1CN(c2c(C#N)c(=O)n(C)c3ccc(C#N)nc23)CCN1C(c1ccc(Cl)cc1)c1ccc(Cl)cc1,4.87,6.11,=,=
O=C(O)c1c2c(nc3ccccc13)C(=C1CCCC1)CC2,MAPKAPK5,O=C1NCCc2[nH]c(-c3ccncc3)cc21,5.8,6.3,=,=
CCONC(=O)C1CCN(c2ccc(-c3cc(-c4cnn(C)c4)cn4ncc(C#N)c34)cn2)CC1,RET,CCOc1cc(-c2ccc(CC(=O)Nc3cc(C(F)(F)F)ccc3F)c(F)c2)c[nH]c1=O,7.79,5.28,=,=
O=C(NC(C(=O)NC1CCCc2ccccc21)c1cccnc1)c1ccc(/N=N/c2ccccc2)cc1,TAOK3,C[C@@H](Oc1cc(-n2cnc3ccc(CN4CCN(C)CC4)cc32)sc1C(N)=O)c1ccccc1C(F)(F)F,7.3,5.85,=,=
Cc1cnc(Nc2ccc(OCCN3CCCC3)cc2)nc1Nc1cccc(S(=O)(=O)NC(C)(C)C)c1,IRAK1,Nc1nccc2scc(-c3ccc(NC(=O)Nc4cccc(Br)c4)cc3)c12,6.66,5.7,=,=
O=[N+]([O-])c1cccc(S(=O)(=O)N[C@H]2C(O)O[C@H](CNS(=O)(=O)c3cccc(Cl)c3Cl)[C@@H](O)[C@@H]2O)c1,HK2,O=C(N[C@H]1C(O)O[C@H](CNS(=O)(=O)c2ccccc2)[C@@H](O)[C@@H]1O)c1cccc(-c2ccccc2)c1,6.89,6.1,=,=
CCn1ccc(-c2c(-c3nn(C(C)C)c4c(Cl)cnc(N)c34)noc2C2CC2)n1,RET,Cn1cc(-c2cc(-c3ccc(N4CCC(c5ccccc5)C4)nc3)c3c(C#N)cnn3c2)cn1,9.3,7.66,=,=
Nc1ncc(-c2ccc([C@]34C[C@H]3CN(CCCN3CCOCC3)C4)cc2)cc1C(=O)N[C@H]1CC[C@H](O)CC1,ACVR1,Cc1nn2c(-c3ccnc4cc(N5CCOCC5)ccc34)cnc2cc1-c1ccc(N2CCNCC2)cc1,8.07,8.52,=,=
Cc1cccc(NC(=O)Nc2ccc(-c3csc4c(-c5cnn(C)c5)cnc(N)c34)cc2)c1,CSNK1G2,COc1cnc(/C=C/c2ccc(F)cc2)nc1-c1cc2c([nH]1)CCNC2=O,5.3,7.3,=,=
Nc1ccc(-c2cc(N[C@H]3CCCCNC3)c3ccncc3c2)c(F)c1,PRKCZ,Nc1cc(F)c(-c2cc(N[C@H]3CCCCNC3)c3ccncc3c2)cc1F,10.0,8.85,=,=
CNc1ccc(S(=O)(=O)NC)cc1Nc1cc(Nc2ccc(Cl)cc2)ncn1,TNNI3K,CNS(=O)(=O)c1cccc(Nc2ncnc3[nH]c(C(=O)O)cc23)c1,5.6,6.8,=,=
Cc1cccc(Nc2nc(NC3CCCCC3N)cnc2C(N)=O)c1,CSNK1G3,Cc1ccc(CNc2c(Nc3ccncc3)c(=O)c2=O)cc1,5.6,6.6,=,=
Cc1ccc(F)c(S(=O)(=O)Nc2ccc(-c3nc(OCC(F)(F)CN)c4c(C)n[nH]c4n3)cc2)c1,SGK1,CCC(CC)N[C@H]1CC[C@@H](Oc2nc(C)sc2C(=O)N[C@@H]2CCCN(c3nn(-c4ccc(C(N)=O)c(F)c4)c4ncnc(N)c34)C2)CC1,8.19,8.52,=,=
O=C(C1CC1)N1[C@@H]2CC[C@@H]1CN(c1nc(Nc3cnn(CCO)c3)ncc1F)C2,TYK2,CNc1cc(-c2cn(C3CCOCC3)c3ncccc23)nc2c(C(=O)N[C@@H]3CCC[C@@H](O)C3)cnn12,7.26,9.22,=,=
CCNc1nc2cc(Cl)c(C#CCNC(N)=O)cc2nc1NCC,PGK1,CCN(CC)c1nc2cc(Cl)c(N)cc2nc1N,6.41,5.0,=,=
CCOc1cc2ncc(C#N)c(Nc3ccc(F)c(Cl)c3)c2cc1NC(=O)/C=C/CN(C)C,ERBB4,Cc1n[nH]c2ccc(-c3cc(N[C@@H](CO)c4ccccc4)cnc3-c3cc(Cl)ccc3O)cc12,5.51,8.28,=,=
c1ccc(-c2ccc3c(-c4ccc(N5CCNCC5)cc4)n[nH]c3n2)cc1,PIM3,CC(=O)Nc1ccc(CNc2nnc(-c3ccc4[nH]cc(-c5ccc(F)cc5F)c4c3)s2)cc1,5.13,5.9,=,=
N#Cc1ccc(N2CCN(Cc3ccc4c5c(c(=O)[nH]c4c3)CCCN5)CC2)nc1,TNK1,CCc1nc(C(N)=O)c(Nc2ccc(N3CCC(N4CCN(C)CC4)CC3)c(OC)c2)nc1NC1CCOCC1,8.29,7.41,=,=
Cc1[nH]c(/C=C2\C(=O)Nc3ccc(F)cc32)c(C)c1C(=O)NC[C@H](O)CN1CCOCC1,MARK1,CCOc1cc2ncc(C#N)c(Nc3ccc(F)c(Cl)c3)c2cc1NC(=O)/C=C/CN(C)C,5.82,5.4,=,=
CCOc1cc2ncc(C#N)c(Nc3ccc(OCc4ccccn4)c(Cl)c3)c2cc1NC(=O)/C=C/CN(C)C,STK35,CSc1cccc(Nc2ncc3cc(-c4c(Cl)cccc4Cl)c(=O)n(C)c3n2)c1,5.35,6.44,=,=
COc1c(F)cc(Nc2ncc3c(n2)N(CCC(C)C)C(=O)OC3C(C)C)cc1F,RPS6KA6,CC(C)C1OC(=O)N(C2CCCC2)c2nc(Nc3ccc(O)c(Cl)c3)ncc21,4.86,7.48,=,=
C[C@@H](Oc1cc(-c2cnn(C3CCNCC3)c2)cnc1N)c1c(Cl)ccc(F)c1Cl,FES,C=CC(=O)Nc1cccc(Nc2nc(Nc3ccc(N4CCN(C(C)=O)CC4)cc3OC)ncc2C(F)(F)F)c1,6.35,5.92,=,=
CC(C)N1CCN(c2ccc(Nc3ncc4c(n3)N(C3CCCC3)C(=O)C4)cc2)CC1,MARK2,O=C1NCCc2[nH]c(-c3ccnc(C=Cc4ccccc4)c3)cc21,5.4,7.1,=,=
CNCC(C)c1ccc(-c2c(OC)cc(C)c3[nH]c(=O)c4sccc4c23)cc1F,NEK1,COc1cc(-c2cnc(N)c(N3CCC(C(=O)O)CC3)n2)cc(OC)c1OC,7.37,5.58,=,=
Cc1cc(C)c(-n2ccn3nc(-c4cccnc4)cc23)cc1NC(=O)c1cccc(OCCN(C)C)c1,TEK,Nc1ncc2ccc(-c3ccc(NC(=O)C4(C(=O)Nc5cc(OC(F)(F)F)ccc5Br)CC4)cc3)cc2n1,6.39,7.83,=,=
COC(=O)c1ccc2c(c1)NC(=O)/C2=C(\Nc1ccc(N(C)C(=O)CN2CCN(C)CC2)cc1)c1ccccc1,CDK14,Cc1c2cc(cc1C(=O)Nc1cc(CN3CCN(C)CC3)cc(C3CC3)c1)OCCCCCCCNC(=O)c1ccc3ncc(n3n1)C#C2,6.33,6.81,=,=
CN1C(=O)[C@@H](N2CCc3cn(CC4CCS(=O)(=O)CC4)nc3C2=O)COc2ccccc21,STK38L,COC(=O)[C@@]1(O)C[C@H]2O[C@]1(C)n1c3ccccc3c3c4c(c5c6ccccc6n2c5c31)C(=O)NC4,6.0,5.67,=,=
CCN1CC(C)(C)Oc2nc(N3CC4CCC(C3)O4)nc(-c3ccc(NC(=O)Nc4nc5ccccc5[nH]4)cc3)c2C1=O,PIK3R1,CCN1CC(C)(C)Oc2nc(N3CCOC[C@@H]3C)nc(-c3ccc(NC(=O)Nc4ccc(N5CCOCC5)cc4)c(F)c3)c2C1=O,5.3,6.32,=,=
NC(=O)Cc1cccc(-c2cncc(OC[C@@H](N)Cc3c[nH]c4ccccc34)c2)c1,AKT1,CNC(=O)Nc1ccc(CNc2ncsc2C(=O)Nc2ccc3c(c2)OC(F)(F)O3)cn1,5.86,7.62,=,=
C[C@@H](Oc1cc(-n2cnc3ccc(CN4CCN(C)CC4)cc32)sc1C(N)=O)c1ccccc1C(F)(F)F,PIP4K2B,CC(=O)Nc1cccc(Oc2cncc(-c3ccc(NS(C)(=O)=O)cc3)c2)c1,5.35,4.6,=,=
Nc1ncc(-c2cnc(C3CCNCC3)s2)cc1OC1CCCCC1,MAP4K3,Nc1ncc(-c2cnn(C3CCNCC3)c2)cc1C#Cc1ccccc1,6.19,7.06,=,=
CNC(=O)c1ncc(C#Cc2cc(C(=O)Nc3ccc(CN4CCN(CCO)CC4)c(C(F)(F)F)c3)ccc2C)n1C,EPHA7,CC(C)c1cc(CNc2nc(Nc3cc(C4CC4)[nH]n3)cc(N3CCN(C)CC3)n2)on1,8.38,7.77,=,=
Cc1cnc(Nc2ccc(OCCN3CCCC3)cc2)nc1Nc1cccc(S(=O)(=O)NC(C)(C)C)c1,CAMK2A,Cn1cc(-c2cc3nc(Br)cnc3[nH]2)c2cc(F)ccc21,6.52,5.6,=,=
COc1ccc(F)c(F)c1C(=O)c1cnc(NC2CCN(S(C)(=O)=O)CC2)nc1N,CDKL5,CC(C)(C)c1cnc(CSc2cnc(NC(=O)C3CCNCC3)s2)o1,5.4,8.77,=,=
CC1(C)OCCn2c1nc1c(C3CC3)nc(-c3cnc(N)nc3)cc12,MAP3K12,CC1(C)OCCn2c1nc1c(N3CC(O)C3)nc(-c3cnc4[nH]cc(Cl)c4c3)nc12,6.45,8.23,=,=
Cc1ccc(C(=O)Nc2cccc(C(F)(F)F)c2)cc1Nc1nc(-c2cccnc2)nc2c1cnn2C,PASK,OCC(CO)Nc1ncnc2[nH]cc(-c3ccccc3)c12,4.87,6.0,=,=
CCCCC(=O)Nc1ccc2c(c1)/C(=C1/Nc3ccccc3/C1=N\O)C(=O)N2,DAPK2,CCN(CC)CCNC(=O)c1c(C)[nH]c(/C=C2\C(=O)Nc3ccc(F)cc32)c1C,5.64,6.82,=,=
Cc1nc2c3cccnc3nn2c(C)c1CCC(=O)NC1CCCCC1,PANK1,CSc1cccc(NC(=O)CCc2c(C)nc3c4cccnc4nn3c2C)c1,4.87,7.0,=,=
Cc1cnc(Nc2ccc(OCCN3CCCC3)cc2)nc1Nc1cccc(S(=O)(=O)NC(C)(C)C)c1,MAP3K4,O=C(O)c1ccc(Nc2ncc3c(n2)-c2ccc(Cl)cc2C(c2c(F)cccc2F)=NC3)cc1,5.39,5.72,=,=
COc1cc2c(-c3cnc(-c4ccc[nH]4)o3)c[nH]c2cc1Br,STK36,CN[C@@H]1C[C@H]2O[C@@](C)([C@@H]1OC)n1c3ccccc3c3c4c(c5c6ccccc6n2c5c31)C(=O)NC4,5.57,5.17,=,=
CC(C)(C#N)c1cc(Nc2nc(N3CCC[C@H](N)C3)ncc2C(N)=O)cc(C(C)(C)C#N)c1,PNCK,CN(C)c1nccc(-c2cnn3ncccc23)n1,7.96,5.0,=,=
O=C1NC2(CC2)COc2ncc(F)cc2[C@H]2CNCCN2c2ccn3ncc1c3n2,NTRK3,CC1(C)CC(=O)c2c(C(=O)Nc3ccc(N)cc3)coc2C1,9.7,5.7,=,=
c1nc(Nc2ccc3scnc3c2)c2ccc(-c3ccc(N4CCNCC4)cc3)cc2n1,RIPK3,Cn1cc(-c2ccc3ncnc(Nc4ccc5scnc5c4)c3c2)cn1,6.24,5.82,=,=
Cc1c(O)c(O)c2c(c1C=O)[C@@H]1O[C@H](O2)c2c(C)c(O)c(O)c(O)c2C1=O,NEK6,C[C@]12O[C@H](C[C@]1(O)CO)n1c3ccccc3c3c4c(c5c6ccccc6n2c5c31)CNC4=O,6.28,5.36,=,=
Cc1ccc(NC(=O)[C@H](CCO)Oc2ncnc3c2cnn3-c2ncccc2Cl)nc1,GCK,CC(C)C[C@@H](C(=O)Nc1nccs1)n1c(=O)[nH]c2ccccc2c1=O,6.7,4.3,=,=
O=C(C1CC1)N1CCN(Cc2ccnc(Nc3nc4ccc(-c5cncnc5)cc4[nH]3)c2)CC1,TBK1,C[C@@H](CO)C(=O)N1CCC(Nc2ccc(-c3ncnc(Nc4ccc(N5CCN(C6COC6)CC5)cc4)n3)cc2C#N)[C@H](F)C1,6.69,4.51,=,=
CCn1cc(-c2cc3c(-c4cccc(N5CCNC[C@@H](O)C5)n4)n[nH]c3cn2)cn1,PIM1,CC(C)n1c(C2CCNCC2)nc2c([N+](=O)[O-])c(Br)c(Br)cc21,10.85,8.7,=,=
CC(=O)c1c(C)c2cnc(Nc3ccc(N4CCNCC4)cn3)nc2n(C2CCCC2)c1=O,MST1R,Nc1cc(=O)[nH]n1-c1ccccn1,5.5,4.3,=,=
COc1cc2nccc(Oc3ccc4c(C(=O)Nc5cccc(C(F)(F)F)c5)cccc4c3)c2cc1OC,KDR,Cc1cccc(NC(=O)c2cccc(Oc3ccnc(-c4cc(C(=O)O)c[nH]4)c3)c2)c1,9.3,7.54,=,=
COC(=O)c1cccc(Nc2nc(Nc3cc(OC)c(OC)c(OC)c3)n3ccnc3n2)c1,PTK2,Fc1cccc(CSc2nnc(Cn3nnc4ccccc43)o2)c1,5.92,5.15,=,=
CN(C)C(=O)Nc1ccc2nc(-c3ccco3)c(-c3ccco3)nc2c1,MAPKAPK5,O=C(Nc1cccc(C(F)(F)F)n1)Nc1ccnc2c(C(F)(F)F)cccc12,6.6,6.0,=,=
CC1(F)CCN(c2nc(-c3cnc(N)c(OC(F)F)c3)cc(C3CN(C4COC4)C3)n2)C1,MAP3K12,Nc1ncc(-c2cc(N3CCC(N4CCOCC4)C3)nc(C3CC3)n2)cc1OC(F)F,7.65,8.0,=,=
Oc1c2ccccc2c2c3c(cccc13)N=N2,FES,CSc1cccc(Nc2ncc3cc(-c4c(Cl)cccc4Cl)c(=O)n(C)c3n2)c1,7.1,6.17,=,=
CCn1c(-c2nonc2N)nc2c(C#CC(C)(C)O)ncc(OC[C@H]3CCCNC3)c21,GRK7,COc1cccc(Cn2cnc3ccc(-c4cn[nH]c4)cc3c2=O)c1,6.42,5.04,=,=
Cc1cnc2nc1Nc1cc([nH]n1)C(=O)NCCc1ccc(cc1)N2,STK26,O=C1NCCCCCNc2ncc(Cl)c(n2)Nc2cc1[nH]n2,4.41,5.11,=,=
CSc1ccc(-c2cc3ncnc(SCC(=O)O)c3s2)cc1,MAP3K8,N#Cc1cnc2c(Br)cc(NCc3cn(Cc4cccnc4)nn3)cc2c1Nc1ccc(F)c(Cl)c1,4.47,7.7,=,=
COc1ccc2c(c1)/C(=C/c1cc3c([nH]1)CCN(C(=O)CCN)C3)C(=O)N2,LCK,N=c1oc2c(O)cccc2cc1C(N)=O,6.85,4.0,=,=
COC(=O)c1ccc2c(c1)NC(=O)/C2=C(\Nc1ccc(N(C)C(=O)CN2CCN(C)CC2)cc1)c1ccccc1,IRAK3,CC(C)c1cc(CNc2nc(Nc3cc(C4CC4)[nH]n3)cc(N3CCN(C)CC3)n2)on1,5.28,7.1,=,=
C[C@]12O[C@H](C[C@]1(O)CO)n1c3ccccc3c3c4c(c5c6ccccc6n2c5c31)CNC4=O,HIPK3,O=C(c1ccc(/C=C/c2n[nH]c3ccccc23)cc1)N1CCNCC1,6.6,6.24,=,=
COc1cc(N2CCC(N3CCN(C)CC3)CC2)ccc1Nc1ncc(Cl)c(Nc2ccccc2S(=O)(=O)C(C)C)n1,MUSK,Cc1c2cc(cc1C(=O)Nc1cc(CN3CCN(C)CC3)cc(C3CC3)c1)OCCCCCCCNC(=O)c1ccc3ncc(n3n1)C#C2,6.58,7.89,=,=
C#Cc1cccc(Nc2ncnc3cc(OCCOC)c(OCCOC)cc23)c1,EPHA3,Cc1ccc(C(=O)Nc2cccc(C(F)(F)F)c2)cc1Nc1nc(-c2cccnc2)nc2nn(C)cc12,5.62,7.3,=,=
Cc1cc2c(cn1)OCc1cc(OC[C@@](C)(N)CC(C)C)ccc1-2,AAK1,CNC1CCN(Cc2ccn3ncnc(Nc4cccc(-c5noc(C(C)(C)C)n5)c4)c23)CC1,6.92,7.26,=,=
CN1CCN(c2cnc3cccc(-c4ccc5ccccc5c4)c3c2)CC1,MET,COc1cnc2ccc([C@@H](C)c3nnc4c(F)cc(-c5cc(C)no5)cn34)cc2c1,5.24,6.43,=,=
CN(C)c1cccc2c(S(=O)(=O)N(CCN)c3cncc(-c4ccc5cnccc5c4)c3)cccc12,CDK5,CN1CCC(COc2ccc(Nc3ncc(F)c(-c4cc(F)c5nc6n(c5c4)C(C)(C)CC6)n3)nc2)CC1,5.5,6.8,=,=
O=c1[nH]c2cc(Cl)cc(Cl)c2c(-c2cc(Cl)ccc2O)c1O,DYRK4,Cc1ccc([N+](=O)[O-])cc1S(=O)(=O)N(C)/N=C/c1cnc2ccc(Br)cn12,5.2,5.59,=,=
COc1cc(Nc2ccnc3ccc(C(F)(F)F)cc23)cc(OC)c1OC,NLK,CSc1cccc(Nc2ncc3cc(-c4c(Cl)cccc4Cl)c(=O)n(C)c3n2)c1,6.13,7.46,=,=
CC(C)c1ccc(NC(=O)N2CCN(c3ccc(Cl)nn3)CC2)cc1,PANK3,CC(C)CCNC(=O)c1csc(-c2cccc(Cl)c2Cl)n1,9.15,5.61,=,=
NC(=O)c1cccc(NCC(=O)N/N=C/c2ccncc2)c1,GRK3,O=C(CNc1cccc(F)c1)N/N=C/c1c(Cl)cncc1Cl,8.0,6.0,=,=
O=C(N[C@@H]1CNCCCC1OC(=O)c1cc(O)c(C(=O)c2c(O)cccc2C(=O)O)c(O)c1)c1ccc(O)cc1,PRKCD,Clc1cc(-c2cc3cnccc3c(N3CCNCC3)n2)ccn1,7.95,6.0,=,=
C=CCc1cccc2c(=NO)cc(-c3ccccc3)oc12,ALK,COc1cc(-c2cnc(O)c(C(=O)Nc3ccc(CN4CCN(C)CC4)cc3)c2)cc(OC)c1OC,6.6,5.12,=,=
COc1cc(O[C@H]2CCN(C)CC2(F)F)c2c(Nc3cc(C)c(Oc4ccn5ncnc5c4)cc3F)ncnc2c1,ERBB2,O=C(Cc1ccc(Cl)cc1)NS(=O)(=O)c1ccc(Br)cc1,7.71,4.87,=,=
Cc1cc(Nc2nc(N[C@@H](C)c3ncc(F)cn3)ncc2Cl)[nH]n1,STRADA,CN1C(=O)[C@@H](N2CCc3c(nn(Cc4ccccc4)c3Br)C2=O)COc2ccccc21,6.5,6.0,=,=
Nc1nccn2c([C@H]3CN(C4CCOCC4)CCO3)nc(-c3ccc(C(=O)Nc4cc(C(F)(F)F)ccn4)cc3F)c12,SRMS,Oc1ccc(-c2n[nH]c(Nc3cccc(Cl)c3)c2-c2ccc(O)cc2)cc1,7.19,6.0,=,=
O=C(O)c1c2c(nc3ccccc13)C(=C1CCCC1)CC2,TAOK1,CC(=O)NCC(=O)N1C2CCC1c1cc(Nc3ncc(C(F)(F)F)c(NC4CCC4)n3)ccc12,5.7,7.0,=,=
CN1CCN(c2ccc(Nc3ncc4cc(C#N)c(=O)n(C5CCCC5)c4n3)cc2)CC1,NUAK2,CNC(=O)c1ccc(Nc2ncc(C(F)(F)F)c(NCc3nccnc3N(C)S(C)(=O)=O)n2)cc1,8.3,6.34,=,=
CO[C@@H]1[C@H](N(C)C(C)=O)C[C@H]2O[C@]1(C)n1c3ccccc3c3c4c(c5c6ccccc6n2c5c31)C(=O)NC4,PRKCQ,CC(C)CN1c2cc(-n3c(=O)[nH]c4ncccc43)ccc2C(=O)NC1(C)C,6.77,7.35,=,=
CCCCCCCCCCCC(=O)O[C@H]1[C@H](O)[C@@H](CO)O[C@H]1n1cc(C)c(=O)[nH]c1=O,TK2,CCCCCCCC(=O)O[C@H]1[C@H](O)[C@@H](CO)O[C@H]1n1cc(/C=C/Br)c(=O)[nH]c1=O,4.55,5.2,=,=
Cc1noc(C)c1Cn1nc(C#N)c2cc(Oc3ccc(NC(=O)[C@@H]4CCCN4)cc3)ccc21,PFKFB2,Cn1c(N)c(C#N)c2cc(Oc3ccc(NC(=O)CN)cc3)ccc21,7.6,4.68,=,=
Oc1c(Br)cc(C=C2c3cc(I)ccc3NC2O)cc1Br,RAF1,Cn1c(N2C3CCC2COC3)cc(-c2cc(NC(=O)c3ccnc(C(C)(F)F)c3)cnc2Cl)cc1=O,8.05,8.4,=,=
CNC(=O)c1nn(C)c2c1C(C)(C)Cc1cnc(Nc3ccc(N4CCN(C)CC4)cc3)nc1-2,MAP3K11,c1cc2cc(-c3c[nH]c4ncc(-c5ccc(NCCN6CCCC6)nc5)cc34)ccc2[nH]1,5.61,6.26,=,=
c1cc(-c2cnn3cc(-c4ccc(OCCN5CCCCC5)cc4)cnc23)ccn1,ACVR1B,Cc1nc(N)sc1-c1ccnc(Nc2ccc(N3CCOCC3)cc2)n1,4.59,5.9,=,=
C[C@]12O[C@H](C[C@]1(O)CO)n1c3ccccc3c3c4c(c5c6ccccc6n2c5c31)CNC4=O,PAK3,CN1CCN(c2ccc3nc(-c4c(N)c5c(F)cccc5[nH]c4=O)[nH]c3c2)CC1,7.46,6.11,=,=
CC1=C(C(=O)Nc2cc(C(=O)O)ccn2)C(c2ccccc2Br)N=C(Nc2nc3ccc(F)cc3o2)N1,GALK1,CC1=C(C(=O)Nc2cc(C(=O)O)ccn2)C(c2ccccc2Cl)N=C(Nc2nc3cc(Cl)ccc3o2)N1,6.27,5.61,=,=
Cc1cc(Nc2nc(N[C@@H](C)c3ncc(F)cn3)ncc2Cl)[nH]n1,CDK3,CC(C)(C)c1cnc(CSc2cnc(NC(=O)C3CCNCC3)s2)o1,6.03,7.25,=,=
O=C1NCc2c(-c3cnc4cc(F)ccn34)ccc(Nc3ccc4c(n3)CN(CCO)C43CCOCC3)c21,MAP4K3,CN(C)CCN1Cc2nc(Nc3ccc(-c4cnc5cc(F)ccn45)c4c3C(=O)NC4)ccc2C12CCOCC2,5.98,6.41,=,=
CCc1cccc(NC(=O)Nc2ccc3c(c2)CCc2sc4ncnc(N)c4c2-3)c1,PRKAA1,O=c1[nH]ccc(N[C@H]2CC[C@@H](O)CC2)c1-c1nc2ccccc2[nH]1,6.0,5.4,=,=
CN1C(=O)[C@@H](N2CCc3cn(Cc4ccccc4)nc3C2=O)COc2ccccc21,MAPK15,N#Cc1cnc(Nc2cc(NC[C@H]3CNCCO3)c(C(F)(F)F)cn2)cn1,6.0,6.89,=,=
O=C(CSc1nc2nccnc2c(=O)n1CCC1CCCCC1)Nc1nccs1,PIK3C2A,O=c1cc(N2CCOCC2)oc2c(-c3ccccc3)cccc12,5.72,4.57,=,=
C[S+]([O-])c1ccc(-c2nc(-c3ccc(F)cc3)c(-c3ccncc3)[nH]2)cc1,TEK,Nc1ncc2ccc(-c3ccc(NC(=O)C4(C(=O)Nc5cc(OC(F)(F)F)ccc5Br)CC4)cc3)cc2n1,4.7,7.83,=,=
Cc1ccc2c(Nc3ccc(Cl)cc3)nccc2c1NC(=O)c1csc2c(N)ncnc12,DDR1,COc1cc(CCc2cc(NC(=O)c3ccc(N4CC(C)NC(C)C4)cc3)n[nH]2)cc(OC)c1,8.7,7.25,=,=
CC(C)n1nc(-c2cc3cc(O)ccc3[nH]2)c2c(N)ncnc21,RIPK4,NC(=O)c1cnc(N2CCC[C@H](N)C2)nc1Nc1cccc(C(F)(F)F)c1,6.54,7.04,=,=
Cc1ccc(C)c(NC(=O)c2cc(-c3ccco3)nc3ccccc23)c1,MST1R,CN1c2ccc(N)cc2C(c2ccccc2)c2cc(N)ccc21,5.4,6.0,=,=
N#Cc1cccc(O)c1C(=O)c1c(O)cc(C(=O)OC2CCCC2NC(=O)c2ccc(O)cc2)cc1O,PRKCE,CN1CCN(CCOc2cccc(-c3cncc(C#N)c3Nc3cccc4[nH]ccc34)c2)CC1,6.08,7.41,=,=
OCC[n+]1ccc(-c2nc(-c3ccc(-c4ccc(-c5nc(-c6cc[n+](CCO)cc6)c(C(F)(F)C(F)(F)C(F)(F)F)o5)cc4)cc3)oc2C(F)(F)C(F)(F)C(F)(F)F)cc1.[Cl-].[Cl-],CHKA,CN(c1ccccc1)c1cc[n+](Cc2ccccc2)c2cc(Cl)ccc12.[Br-],4.76,6.05,=,=
CN1C(=O)[C@@H](N2CCc3cn(CC4CCS(=O)(=O)CC4)nc3C2=O)COc2ccccc21,CDKL1,CCN1CCN(Cc2ccc(NC(=O)Nc3ccc(Oc4cc(NC)ncn4)cc3)cc2C(F)(F)F)CC1,6.0,7.89,=,=
COc1cccc(F)c1CNc1nc(Nc2cnn(CCN(C)C)c2)ncc1C(N)=O,TYK2,O=C(NCCc1ccccc1)C1CCN(c2ncnc3[nH]ccc23)CC12CC2,9.09,6.07,=,=
CC(C)c1ccc(C(=O)Nc2cc(CN3CCN(C)CC3)cc(C(F)(F)F)c2)cc1C#Cc1cnc2cnccn12,EPHA8,COc1cc(Nc2ncc(F)c(Nc3ccc4c(n3)NC(=O)C(C)(C)O4)n2)cc(OC)c1OC,7.1,5.89,=,=
CCOC(=O)C1CCc2c(sc3ncnc(N)c23)C1,LIMK1,Nc1ncnc2sc3c(c12)CCC(C(=O)NCc1ccccc1)C3,5.64,5.02,=,=
Cc1ncsc1-c1ccc(CNC(=O)[C@@H]2C[C@@H](O)CN2C(=O)[C@@H](NC(=O)CCCNC(=O)CCC(=O)N2CCN([C@H]3CC[C@@H](Nc4ncnn5ccc(C(C)C)c45)CC3)CC2)C(C)(C)C)cc1,IRAK3,CC(C)c1cc(CNc2nc(Nc3cc(C4CC4)[nH]n3)cc(N3CCN(C)CC3)n2)on1,7.82,7.1,=,=
Cc1[nH]c(/C=C2\C(=O)Nc3ccc(F)cc32)c(C)c1C(=O)NC[C@H](O)CN1CCOCC1,MYLK,CCOC(=O)C1=C(C)NC(OC)N(CC(=O)c2ccc(Cl)cc2)C1c1ccc(OC)cc1,6.44,4.52,=,=
Cc1cc(Nc2cc(N3CCN(C)CC3)nc(/C=C/c3ccccc3)n2)n[nH]1,PTK2,CC[C@@H]1C(=O)N(C)c2cnc(Nc3ccc(C(=O)N[C@H]4CC[C@H](N5CCN(CC6CC6)CC5)CC4)cc3OC)nc2N1C(C)C,7.26,6.22,=,=
CCCS(=O)(=O)c1ccccc1Nc1nc(Nc2ccc(N3CCN(C(=O)NC)CC3)cc2OC)ncc1Cl,ZAP70,Cc1ccc(Nc2nc(N[C@@H]3CCOC[C@@H]3N)ncc2C(N)=O)cc1,8.0,4.7,=,=
C[C@@H]1C(=O)N(C)c2cnc(Nc3cc(F)c(O)c(F)c3)nc2N1Cc1ccccc1,VRK1,C#CCN1C(=O)[C@@H](C)N(CC#C)c2nc(Nc3cc(F)c(O)c(F)c3)ncc21,6.89,7.47,=,=
COc1ccncc1-c1ccc2[nH]nc(-c3cc(N4CCOCC4)ncn3)c2c1,LRRK2,CN(c1ccccc1)c1c(C#N)cnc2cc(-c3ccc(S(C)(=O)=O)cc3)ccc12,8.76,6.46,=,=
C=CC(=O)N1CC[C@]2(C1)C[C@@H](n1c(NC(=O)c3ccc(-c4cnco4)s3)nc3cc(CN[C@@H](C)C(C)(C)C)ccc31)C2,ITK,C=CC(=O)N1CC[C@]2(C1)C[C@H](n1c(NC(=O)c3ccc(-c4cnco4)s3)nc3cc(CN4CCCC4)ccc31)C2,9.54,8.84,=,=
COc1cc(N2CCC(N3CCN(C)CC3)CC2)ccc1Nc1ncc(Cl)c(Nc2ccccc2S(=O)(=O)C(C)C)n1,ERN1,O=C(CN1CCOCC1)N[C@H]1CC[C@H](Nc2cc(Cl)nn3c(-c4ccc5[nH]ncc5c4)cnc23)CC1,6.75,6.39,=,=
CCCNC(=O)c1ccc(Nc2nc(NCC(F)(F)F)c3sccc3n2)cc1,TYRO3,CCC(CC)n1cc(C(=O)Nc2ccc(Oc3ccnc4[nH]nc(N[C@H](C)CO)c34)c(F)c2)c(=O)n(-c2ccc(F)cc2)c1=O,6.8,4.72,=,=
COCCOc1cc(-c2cncc(C#N)c2Nc2cccc3[nH]ccc23)ccc1OC,PRKCQ,CO[C@H]1CC[C@H](Nc2cc(NCc3cnccc3C(F)(F)F)ncc2C#N)CC1,7.2,5.96,=,=
CC(C)N1C(=O)Cc2cc(-c3cncc(-c4ccc5c(c4)C(F)(F)C(=O)N5C)c3)ccc21,BMPR1B,Cc1cc(-c2cncc(-c3ccc(=O)n(C(C)C)c3)c2)cc2c1N(C)C(=O)C2,5.35,5.75,=,=
CN(c1ncnc2[nH]ccc12)[C@H]1CC[C@H](CS(=O)(=O)N2CCC(Cc3ncccn3)CC2)CC1,JAK3,Cc1cc(Nc2nc([C@@H](O)c3ccc(F)cc3)nc3ccccc23)n[nH]1,6.78,5.3,=,=
CC(C)(C)c1nc(-c2cccc(NS(=O)(=O)c3c(F)cccc3F)c2F)c(-c2ccnc(N)n2)s1,DSTYK,COc1cc(N2CCC(N3CCN(C)CC3)CC2)ccc1Nc1ncc(Cl)c(Nc2ccccc2S(=O)(=O)C(C)C)n1,4.53,7.24,=,=
CC(C)(Nc1nccc(-c2c[nH]c3ncccc23)n1)c1ccccc1,CLK4,Nc1nccc2scc(-c3ccc(NC(=O)Nc4cccc(Br)c4)cc3)c12,8.5,6.7,=,=
CO[C@@H]1[C@H](N(C)CCOCCOCCOCCNC(=O)CCC2=[N+]3C(=Cc4c(C)cc(C)n4[B-]3(F)F)C=C2)C[C@H]2O[C@]1(C)n1c3ccccc3c3c4c(c5c6ccccc6n2c5c31)C(=O)NC4,PAK5,Cc1cnc(Nc2ccc(OCCN3CCCC3)cc2)nc1Nc1cccc(S(=O)(=O)NC(C)(C)C)c1,7.28,5.92,=,=
CN[C@@H]1C[C@H]2O[C@@](C)([C@@H]1OC)n1c3ccccc3c3c4c(c5c6ccccc6n2c5c31)C(=O)NC4,MYO3B,CO[C@@H]1[C@H](NCCOCCOCCOCCNC(=O)CCC2=[N+]3C(=Cc4c(C)cc(C)n4[B-]3(F)F)C=C2)C[C@H]2O[C@]1(C)n1c3ccccc3c3c4c(c5c6ccccc6n2c5c31)C(=O)NC4,8.1,6.48,=,=
CC(C)n1cc(-c2cncc(-c3ccc4c(c3)CC(=O)N4CCO)c2)ccc1=O,BMPR1A,c1ccc2c(-c3cnn4cc(-c5cnc(N6CCNCC6)nc5)cnc34)ccnc2c1,5.96,5.11,=,=
C[C@]12O[C@H](C[C@]1(O)CO)n1c3ccccc3c3c4c(c5c6ccccc6n2c5c31)CNC4=O,RIOK3,COc1cc(Nc2c(C#N)cnc3cc(OCCCN4CCN(C)CC4)c(OC)cc23)c(Cl)cc1Cl,8.11,5.8,=,=
CCN(CC)c1ncnc2c(Nc3ccccc3C)nc(N3CCNCC3)nc12,KHK,CCN1CCC(n2cc(-c3cc(C(F)(F)F)c(C#N)c(N4CC[C@@H]4C)n3)cn2)CC1,5.77,8.22,=,=
CC(C)n1nc(-c2cc3cc(O)ccc3[nH]2)c2c(N)ncnc21,PHKG2,CC[C@@H]1C(=O)N(C)c2cnc(Nc3ccc(C(=O)NC4CCN(C)CC4)cc3OC)nc2N1C1CCCC1,6.12,5.74,=,=
CCN(CC)CCNC(=O)c1c(C)[nH]c(/C=C2\C(=O)Nc3ccc(F)cc32)c1C,STK39,O=C(Nc1cc(Cl)c(Oc2ccccc2)c(Cl)c1)c1cc(Cl)cc(Cl)c1O,6.85,5.75,=,=
CCOc1cc2ncc(C#N)c(Nc3ccc(F)c(Cl)c3)c2cc1NC(=O)/C=C/CN(C)C,MAP4K2,COc1cccc(F)c1-c1nccc(C(=O)Nc2cc(F)ccc2N2C[C@H]3C[C@@H]2CN3)n1,5.64,6.98,=,=
CN(C)C(=O)c1ccc(-c2oc3ncnc(NC[C@@H]4CCCO4)c3c2-c2ccccc2)cc1,TNK2,COc1cc(N2CCN(C)CC2)ccc1Nc1ncc2cc(-c3cccc(NC(=O)c4cccc(C(F)(F)F)c4)c3)c(=O)n(C[C@H]3CCCO3)c2n1,8.0,8.52,=,=
O=C(O)c1ccc2c(c1)nc(Nc1cccc(Cl)c1)c1ccncc12,HIPK3,c1ccc(-c2coc3ccc(-c4cn[nH]c4)nc23)cc1,7.35,6.89,=,=
COCc1ccc(C(=O)c2c[nH]c3ncc(-c4cnn(C5CCNCC5)c4)cc23)c(Cl)c1,PAK1,COCCOC1CCC(n2nc(-c3ccc(Nc4nc5cc(C)cc(Cl)c5o4)cc3)c3c(N)ncnc32)CC1,7.68,5.2,=,=
CCN(CC)S(=O)(=O)c1cc(Nc2nccc(-c3ccnc(-c4ccc(NC(=O)NC)cc4)c3)n2)ccc1Cl,SMG1,CN1CCN(c2cc(-c3ccnc(Nc4cccc(S(N)(=O)=O)c4)n3)ccn2)CC1,9.96,6.51,=,=
CN1C/C=C/CCOc2cccc(c2)-c2ccnc(n2)Nc2cccc(c2)C1,ADCK1,N#CCNC(=O)c1ccc(-c2ccnc(Nc3ccc(N4CCOCC4)cc3)n2)cc1,7.64,6.66,=,=
Cc1ncc(NC(=O)c2ccnc(C(C)(C)O)c2)cc1-c1cnc(OC(C)C)c(N2CCOCC2)c1,RAF1,COC(=O)Nc1nc2cc(C3(O)c4ccccc4C(=O)N3c3ccc(C)cc3)ccc2[nH]1,8.1,7.0,=,=
CCn1cnc(-c2ccc(F)cc2)c1-c1ccc2nc(NC(=O)c3ccnc(F)c3)cn2n1,CSNK1E,CN1CCN(c2nc(NCc3nc4c(F)c(F)ccc4[nH]3)c3ncn(-c4ccc(Cl)nc4)c3n2)CC1,8.81,6.07,=,=
CN1CCN(c2ccc(Nc3ncnc4ccc([N+](=O)[O-])cc34)cc2)CC1,EIF2AK2,Cc1cc(C)n(CC(=O)N2CCc3c2ccc(-c2cn(C)c4ncnc(N)c24)c3F)n1,4.82,7.0,=,=
COc1ccc(-c2nn([C@@H]3CCNC3)c3ncnc(N)c23)cc1O,PI4KB,COc1ccc(-c2c(C)nn3c(NCc4ccccc4)ccnc23)cc1F,4.75,6.42,=,=
CCCCCCc1ccc(NC2=N/C(=C\c3ccc4c(c3)OCO4)C(=O)N2)cc1,DYRK2,Oc1ccc(-c2cnc3[nH]cc(-c4ccc(F)cc4)c3c2)cc1O,5.02,5.47,=,=
COc1cnc2ccc([C@@H](C)c3nnc4c(F)cc(-c5cc(C)no5)cn34)cc2c1,MET,CC(c1ccc(F)cc1)n1cc(-c2cc(F)cc(F)c2)c(=O)[nH]c1=O,6.43,6.04,=,=
CO[C@@H]1[C@H](N(C)C(=O)c2ccccc2)C[C@H]2O[C@]1(C)n1c3ccccc3c3c4c(c5c6ccccc6n2c5c31)C(=O)NC4,MYLK3,CN1C(=O)[C@@H](N2CCc3cn(CC4CCS(=O)(=O)CC4)nc3C2=O)COc2ccccc21,5.64,6.0,=,=
CC(=NNC(=N)N)c1cc(NC(=O)c2cccc(C(=O)Nc3cc(C(C)=NNC(=N)N)cc(C(C)=NNC(=N)N)c3)c2)cc(C(C)=NNC(=N)N)c1,RPS6KA3,CCN(CC)CCNC(=O)c1c(C)[nH]c(/C=C2\C(=O)Nc3ccc(F)cc32)c1C,7.0,6.24,=,=
N#Cc1ccc(N2CCN(C(=O)Cc3ccc(C4CC4)cc3)CC2)nn1,PANK3,CC(C)(C)c1ccc(CC(=O)N2CCN(c3ccc(C#N)cn3)CC2)cc1,8.28,7.22,=,=
CNC(=O)c1ccccc1Nc1nc(Nc2ccc(N3CCOCC3)cc2OC)ncc1Cl,LTK,CC[C@@H]1CN(C(=O)NCC(F)(F)F)C[C@@H]1c1cnc2cnc3[nH]ccc3n12,8.1,5.57,=,=
CC(=O)NCC(=O)N1[C@@H]2CC[C@H]1c1ccc(Nc3ncc(C(F)(F)F)c(NC4CCC4)n3)cc12,ULK3,C#Cc1cccc(Nc2ncnc3cc(OCCOC)c(OCCOC)cc23)c1,7.72,6.04,=,=
O=C(N[C@H](CO)c1ccccc1)c1ccc2nc(N[C@H]3CC[C@H](O)CC3)c3nccn3c2c1,MAST3,CN1C(=O)[C@@H](N2CCc3cn(Cc4ccccc4)nc3C2=O)COc2ccccc21,6.54,6.0,=,=
CN1C(=O)[C@@H](N2CCc3cn(CC4CCS(=O)(=O)CC4)nc3C2=O)COc2ccccc21,RIPK4,Nc1nc(N)c2nc(-c3cccc(O)c3)c(-c3cccc(O)c3)nc2n1,6.0,7.01,=,=
CNC(=O)C=Cc1cnc(N)c2c(-c3ccc4sc(C)nc4c3)csc12,SRMS,COC(C(=O)N1Cc2[nH]nc(NC(=O)c3ccc(N4CCN(C)CC4)cc3)c2C1)c1ccccc1,6.7,7.3,=,=
Nc1nc(Nc2ccc(S(N)(=O)=O)cc2)nn1C(=O)c1c(F)cccc1F,MARK1,Cc1cc(=O)n(C2CCCC2)c2nc(Nc3ccc(N4CCN(C)CC4)cc3)ncc12,6.21,5.5,=,=
C=CC(=O)Nc1ccc2[nH]c(=O)n(C3CCN(Cc4ccc(-c5nc(C)c(=O)[nH]c5-c5ccccc5)cc4)CC3)c2c1,AKT2,CC(C)Nc1c(-c2ccccc2)c(-c2ccc(CN3CC(c4n[nH]c(-c5ccccn5)n4)C3)cc2)nc2nc(-c3ccccn3)nn12,5.8,7.06,=,=
Cc1cccc(-c2ccc(-c3cc4cnc(Nc5ccc(C)c(O)c5)nc4n(CCCCN)c3=O)c(Cl)c2)n1,STK24,O=C1NCCCCCCNc2nc(c3ccccc3n2)Nc2cc1[nH]n2,7.47,6.05,=,=
Nc1cc(F)ccc1NC(=O)c1ccc(NC(=O)Nc2ccc(-c3nc(N4CCOCC4)nc(N4CCOCC4)n3)cc2)cc1,PIK3CA,COc1ncc(N2CCOc3ccc(O[C@H]4CCN(C(=O)C5CCOCC5)C4)cc32)cc1F,7.77,6.14,=,=
CNC(=O)c1c(F)cccc1Nc1nc(Nc2cc3c(cc2OC)CCN3C(=O)CN(C)C)nc2[nH]ccc12,INSRR,CN(C)CC(=O)N1CCC(c2ccc(NC(=O)c3nc(C#N)c[nH]3)c(C3=CCCCC3)c2)CC1.Cl,8.07,5.92,=,=
COc1c(-c2nc3ccccc3[nH]2)c(O)cc2oc(C)cc(=O)c12,NTRK2,N#Cc1cc(F)cc(CNc2ccc3[nH]nc(/C=C/c4ccccn4)c3c2)c1,5.5,7.75,=,=
Cc1n[nH]c2ccc(-c3cncc(OCC(N)Cc4cccc(Cl)c4)c3)cc12,CDC42BPA,NCC(NC(=O)c1ccc(-c2ccncc2)cc1)c1ccccc1,8.1,6.5,=,=
COC1COCCC1N1CCC(Nc2cncc(-n3cc(-c4cc(C(=O)NC5CC5)ccc4C)cn3)c2)CC1,RIPK2,Cc1ccc2oc(-c3cn([C@H]4CC[C@@H](N)CC4)c4ncnc(N)c34)cc2c1,8.96,8.0,=,=
CN1C(=O)[C@@H](N2CCc3cn(CC4CCS(=O)(=O)CC4)nc3C2=O)COc2ccccc21,NEK5,Cc1ccc(Nc2nccc(N(C)c3ccc4c(C)n(C)nc4c3)n2)cc1S(N)(=O)=O,6.0,5.14,=,=
COC(=O)/C=C/c1ccc2noc(-c3ccccc3)c2c1,IP6K3,O=C(O)/C=C/c1ccc2noc(-c3ccc(Oc4ccccc4)cc3)c2c1,4.92,6.12,=,=
CCNc1nc2cc(OC)c(Cl)cc2nc1-c1cnn(Cc2ccccc2)c1,PGK1,CCNc1nc2cc(Cl)c(CC(=O)CCC(=O)O)cc2nc1NCC,7.04,5.23,=,=
Oc1ccc(-c2n[nH]c(Nc3cccc(Cl)c3)c2-c2ccc(O)cc2)cc1,MINK1,O=c1[nH]c2cnc(-n3cnc4ccc(F)cc43)nc2n1C1CCOc2c(F)cccc21,5.8,5.3,=,=
c1cc(-c2ccc3nc(N4CCCC4)ncc3c2)nc(Nc2ccc(N3CCOCC3)cc2)n1,STK17A,Cc1cccc(NC(=O)Nc2ccc(-c3cnc4c(-c5cnn(C)c5)cnn4c3N)cc2)c1,7.37,6.0,=,=
COc1ccc(C(=O)Nc2cccc(C(C)NC3=NC=NC4C(C(N)=O)=CC(Cl)C=C34)c2)cc1F,RPS6KB1,Cc1occc1C(=O)Nc1cccc(C(C)Nc2ncnc3c(C(N)=O)cccc23)c1,6.52,7.68,=,=
CC(CO)CN(C)c1ncnc2[nH]cc(-c3cccc(Cl)c3)c12,STK4,COc1cc2c(Oc3ccc(NS(=O)(=O)c4c(F)cccc4F)cc3F)ccnc2cc1OCCCN1CCN(C)CC1,6.88,5.68,=,=
CC1(C)OC(=O)N2C[C@H](c3nc(-c4ccc(C(=O)Nc5cc(C(F)(F)F)ccn5)cc4)c4c(N)nccn34)CC[C@H]21,CSK,CN1CCN([C@H]2CC[C@@H](n3cc(-c4ccc(Oc5ccccc5)cc4)c4c(N)ncnc43)CC2)CC1,6.46,7.39,=,=
CNc1nc2ccc(Cl)cc2n1-c1nc2c(c(C3(S(C)(=O)=O)CC3)n1)OC[C@@H]1COCCN21,PRKDC,Cc1cc2ncnn2cc1Nc1ncc2c(n1)C1(CCC1)C(=O)N2C,6.68,7.67,=,=
NC(=O)c1cc2c(N)ncnc2cc1-c1ccc2[nH]cnc2c1,PI4K2A,NC(=O)c1cc2c(N)ncnc2cc1-c1ccc2[nH]ccc2c1,4.91,4.55,=,=
O=C(Nc1cc(C(F)(F)F)ccc1N1CCN(Cc2cscn2)CC1)c1ccc(C2CCOCC2)o1,SRPK1,O=C(Nc1cc(C(F)(F)F)ccc1N1CCN(Cc2ccccc2)CC1)c1ccc(-c2ccncc2)o1,8.77,7.83,=,=
NC(=O)c1ccc(-c2nc(-c3ccccn3)c(-c3ccc4c(c3)OCO4)[nH]2)cc1,CSNK1A1L,CN1C(=O)[C@@H](N2CCc3c(nn(Cc4ccccc4)c3Br)C2=O)COc2ccccc21,5.23,6.0,=,=
CN1CCOc2c1cnn1c(-c3ccc4ccnc(NCC5(F)CCNCC5)c4c3)nnc21,PIM3,C[C@H]1C[C@@H](N)CN(c2ccncc2Nc2cccc3cnc(-c4c(F)cccc4F)nc23)C1,7.58,6.75,=,=
O=C(c1ccc(/C=C/c2n[nH]c3ccccc23)cc1)N1CCNCC1,ULK3,CN(C)CC(=O)N1CCC(c2ccc(NC(=O)c3nc(C#N)c[nH]3)c(C3=CCCCC3)c2)CC1.Cl,6.45,6.05,=,=
NC(=O)c1ccc2[nH]c(-c3ccc(OCC4CCN(Cc5ccc(Cl)cc5)CC4)cc3)nc2c1,CHEK2,NC(=O)c1ccc(-c2cc(-c3cccc4c3OCCO4)cnc2N)cc1,7.22,5.66,=,=
CCN(C)C[C@H](C)c1ccc(-c2c(O)cc(C)c3[nH]c(=O)c4sccc4c23)cc1,NEK1,CC(NC1CCCC1)c1ccc(-c2c(O)ccc3[nH]c(=O)c4sccc4c23)cc1,7.12,8.55,=,=
NCCOc1cncc(C=Cc2ccncc2)c1,PRKG1,COCCN(C)C(=O)c1c(-c2ccc3[nH]ncc3c2)nnn1Cc1ccccc1,6.6,6.1,=,=
COc1ccc(-c2sc(NC(=O)C(C)(C)C)nc2C)cc1S(=O)(=O)Nc1ccc(O)cc1,PIK3C2G,C[C@H]1Cc2ccccc2N1C(=O)Cc1nc(N2CCOCC2)cc(=O)[nH]1,6.0,5.42,=,=
O=C(O)c1ccc(NC(=O)C(Oc2ccc(F)cc2F)c2ccc(S(=O)(=O)C3CC3)cc2)nc1,GCK,COc1ccc(Oc2cc3nc(-c4ccccn4)[nH]c3cc2C2CCCN2C(C)=O)cc1,6.32,5.77,=,=
c1cc(N2CCOCC2)ccc1-c1cnc2c(-c3cn[nH]c3)cnn2c1,PRKAB1,c1ccc2c(-c3cnn4cc(-c5ccc(N6CCNCC6)cc5)cnc34)ccnc2c1,7.4,5.95,=,=
O=c1cc(N2CCOCC2)c2ccc(-c3cccc4c3sc3ccccc34)cc2o1,PRKDC,CC(C)n1nc(-c2ccc3nccnc3c2)c2c(N)ncnc21,5.68,6.9,=,=
CC(C)N1CCC(Nc2nc(NC3CC3)nc3ccccc23)CC1,STK19,COc1cc2nc(N(C)C3CC3)nc(NC3CCN(C(C)C)CC3)c2cc1OC,7.1,6.6,=,=
Nc1ccc(-c2cnc(N)c(-c3ccc(Cl)cc3)c2)cn1,TNIK,Cc1ccc(C(=O)Nc2ccc(CN3CCN(C)CC3)c(C(F)(F)F)c2)cc1C#Cc1cnc2cccnn12,7.82,6.42,=,=
NCCCOc1cc2c(c(-c3ccc(Nc4nc5ccccc5o4)cc3)c1)CNC2=O,SGK2,Cc1ccc(Cn2cc(-c3ccc4[nH]ncc4c3)nn2)c(C)c1,5.1,5.5,=,=
COC[C@@H](CC(C)C)NC1=N/C(=C\c2ccc3ncn(C)c3c2)C(=O)N1C,CLK4,O=c1[nH]cnc2c(Cl)cccc12,7.43,6.3,=,=
NC(=O)c1cn(-c2ccc(O)cc2Cl)c2cc(-c3ccncc3)ccc2c1=O,MAPK12,COc1ccc(-n2nc(C(C)(C)C)cc2NC(=O)Nc2ccc(Oc3ccnc4[nH]c(=O)cnc34)c3ccccc23)cc1,5.4,6.44,=,=
COc1cc(Nc2ncc(F)c(Nc3ccc4c(n3)NC(=O)C(C)(C)O4)n2)cc(OC)c1OC,STK38,CN1CCN(c2ccc3nc(-c4c(N)c5c(F)cccc5[nH]c4=O)[nH]c3c2)CC1,5.03,6.18,=,=
CC(=O)Nc1cc(-c2ccc(OC[C@@H](N)CC(C)C)c(Cl)c2)ccn1,AAK1,CC(C)C[C@@](C)(COc1ccc(-c2cc(Cl)ncn2)cc1C(F)(F)F)NC(=O)OC(C)(C)C,9.28,6.51,=,=
Cn1cc(-c2ccc(-c3cncc(C(F)(F)F)c3N3CCC4(CCNC4=O)CC3)cc2)cn1,CDK8,O=C(CCc1cccc(-c2cnc3[nH]ccc3c2)c1)Nc1cc(F)cc(F)c1,7.83,6.36,=,=
O=C(NC1CCNCC1)c1n[nH]cc1NC(=O)c1c(Cl)cccc1Cl,TAOK2,CC1(C)OCC(=O)Nc2cc(Nc3nc(NCC(F)(F)F)c4occc4n3)ccc21,6.71,5.07,=,=
Cc1cc2c(F)c(Oc3ncnn4cc(OC[C@@H](C)O)c(C)c34)ccc2[nH]1,STK32B,CN[C@@H]1C[C@H]2O[C@@](C)([C@@H]1OC)n1c3ccccc3c3c4c(c5c6ccccc6n2c5c31)C(=O)NC4,5.41,7.31,=,=
CCn1ccc(-c2c(-c3nn(C(C)C)c4c(Cl)cnc(N)c34)noc2C2CC2)n1,RET,C=CC(=O)Nc1cc2c(Nc3ccc(F)c(Cl)c3)ncnc2cc1OCCCN1CCOCC1,9.3,5.61,=,=
CN[C@@H]1C[C@H]2O[C@@](C)([C@@H]1OC)n1c3ccccc3c3c4c(c5c6ccccc6n2c5c31)C(=O)NC4,SNRK,Cc1cnc(Nc2ccc(OCCN3CCCC3)cc2)nc1Nc1cccc(S(=O)(=O)NC(C)(C)C)c1,8.05,6.64,=,=
CC(C)CNC(=O)C1CCN(c2nc(-c3ccnc(NC4CCOCC4)c3)cc3cnccc23)CC1,PRKD1,Cc1ccnc(-c2nc(Nc3ccc4ncsc4c3)c3ccccc3n2)c1,7.67,7.25,=,=
O=C(O)c1ccc(-c2ccnc3ccc(-c4ccccc4)cc23)cc1C1CCCC1,CAMKK1,O=C(O)c1ccc(-c2cnn3ccc(-c4ccccc4)nc23)cc1C1CCCC1,5.74,6.62,=,=
C[C@@H](N)c1ccc(C(=O)Nc2ccnc3[nH]ccc23)cc1,MAP3K5,C[C@H](CO)n1nnnc1-c1cccc(NC(=O)c2cc3c(cn2)CCN(S(=O)(=O)N2CCCC2)C3)n1,4.3,8.26,=,=
CN1C(=O)N[C@H](Cc2cccc(F)c2)c2nnc3cc(-c4ccnc(Nc5ccnn5C)n4)cc1n23,MAPK6,CN[C@@H]1C[C@H]2O[C@@](C)([C@@H]1OC)n1c3ccccc3c3c4c(c5c6ccccc6n2c5c31)C(=O)NC4,9.67,5.51,=,=
CCC(=O)N1CC[C@H](N2C(=O)N(c3ccc(Cl)cc3)Cc3cnc(Nc4ccc(N5CCN(C)CC5)c(C)c4)nc32)C1,CSF1R,CC(C)CN1CCOc2c(F)cc(-c3nc(Nc4ccc(C5CCN(C)CC5)cn4)ncc3F)cc21,7.83,5.59,=,=
Nc1c(C(=O)NCc2ccc(C(=O)NCCCC3CCCCC3)cc2)cnn1-c1ccccc1,MYLK4,NCC(C(=O)Nc1ccc(-c2cn[nH]c2)cc1F)c1ccccc1,5.0,6.26,=,=
Cc1ccc(C(=O)Nc2cccc(C(F)(F)F)c2)cc1Nc1nc(-c2cccnc2)nc2c1cnn2C,CDC37,C#CCCCn1c(Sc2cc3c(cc2Br)OCO3)nc2c(N)nccc21,5.45,6.26,=,=
CN1C(=O)[C@@H](N2CCc3c(nn(Cc4ccccc4)c3Br)C2=O)COc2ccccc21,MYLK3,Cc1cnc(Nc2ccc(OCCN3CCCC3)cc2)nc1Nc1cccc(S(=O)(=O)NC(C)(C)C)c1,6.0,5.01,=,=
c1cc(-c2cnn3cc(-c4ccc(OCCN5CCNCC5)nc4)cnc23)c2cccnc2c1,ACVR1B,NC(=O)c1c(OCc2c(F)cc(Br)cc2F)nsc1NC(=O)NCCCCN1CCCC1,4.25,8.4,=,=
Cc1ccc(-n2nc(C(C)(C)C)cc2NC(=O)Nc2ccc(Oc3ccnc(Nc4ccccc4)n3)c3ccccc23)cc1,GSK3A,CC[C@]1(c2ccccc2)C2=C(CC(C)(C)CC2=O)Nc2n[nH]c(C)c21,4.7,5.52,=,=
C[C@]12O[C@H](C[C@]1(O)CO)n1c3ccccc3c3c4c(c5c6ccccc6n2c5c31)CNC4=O,TLK1,COc1cc(Nc2ncc(F)c(Nc3ccc4c(n3)NC(=O)C(C)(C)O4)n2)cc(OC)c1OC,6.96,6.31,=,=
Cc1[nH]c(/C=C2\C(=O)Nc3ccc(S(=O)(=O)Cc4c(Cl)cccc4Cl)cc32)c(C)c1C(=O)N1CCC[C@@H]1CN1CCCC1,PHKG2,Cc1cc(C)c(C=C2C(=O)Nc3ccccc32)[nH]1,5.62,6.0,=,=
Cc1cc(C)cc(NC(=O)Nc2ccc(-c3cccc4c3CNC4=O)c(C(F)(F)F)c2)c1,SRMS,CN1CCN(C2CCC(n3cc(-c4ccc(Oc5ccccc5)cc4)c4c(N)ncnc43)CC2)CC1,6.1,8.2,=,=
C=CC(=O)Nc1ccc(C(=O)N2CC[C@@H](Nc3ncc(Cl)cn3)C2)c(C)c1,CDK12,C=CC(=O)N1CC=C(c2ccc(C(C)C(=O)Nc3cc(C4CC4)[nH]n3)cn2)CC1,6.26,7.14,=,=
Cn1cc(C2=C(c3cn(CCCSC(=N)N)c4ccccc34)C(=O)NC2=O)c2ccccc21,VRK2,CC(C)CCN1c2nc(Nc3cc(F)c(O)c(F)c3)ncc2N(C)C(=O)[C@H]1C,4.79,7.75,=,=
CC(C)N1CCN(c2ccc(Nc3ncc4ccn(CC5CCCO5)c4n3)cc2)CC1,NUAK1,O=C(NCCc1ccc(O)c(Br)c1)/C(Cc1cc(Br)c(O)c(-c2cc(C/C(=N/O)C(=O)NCCc3ccc(O)c(Br)c3)cc(Br)c2O)c1)=N\O,7.7,5.75,=,=
CN[C@@H]1C[C@H]2O[C@@](C)([C@@H]1OC)n1c3ccccc3c3c4c(c5c6ccccc6n2c5c31)C(=O)NC4,STK25,CCN1CCN(Cc2ccc(NC(=O)Nc3ccc(Oc4cc(NC)ncn4)cc3)cc2C(F)(F)F)CC1,8.48,5.92,=,=
CC(C)n1nc(-c2cc3cc(O)ccc3[nH]2)c2c(N)ncnc21,ABL2,CNC(=O)c1cc(Oc2ccc(NC(=O)Nc3cc(C(C)(C)C)nn3-c3ccc4ncccc4c3)c(F)c2)ccn1,5.92,6.87,=,=
COc1cc(OC)cc(N(Cc2ccccc2Cl)c2ccc3ncc(-c4cnn(C)c4)nc3c2)c1,FGFR2,COc1cc(OC)c(Cl)c(Nc2ncccc2-c2ncnc(Nc3ccccc3)n2)c1Cl,7.21,8.6,=,=
Cc1cc(Nc2cc(N3CCN(C)CC3)nc(Sc3ccc(NC(=O)C4CC4)cc3)n2)n[nH]1,GRK4,CNC(=O)c1ccccc1Sc1ccc2c(/C=C/c3ccccn3)n[nH]c2c1,6.4,5.64,=,=
CCN(CCO)CCCOc1ccc2c(Nc3cc(CC(=O)Nc4cccc(F)c4)[nH]n3)ncnc2c1,DDR2,C[C@H]1CN(c2cncnc2)Cc2cc(C(=O)Nc3cc(CN4CCN(C)CC4)cc(C(F)(F)F)c3)ccc21,5.18,6.29,=,=
N#CC1(c2cccc(-n3c4nc(Nc5ccc6c(c5)CNCC6)ncc4c(=O)n3CC(F)(F)F)n2)CC1,PKMYT1,Cc1cc2[nH]c(=O)c(N)c(-c3ccc(F)c4[nH]ncc34)c2nc1C#CC(C)(C)O,6.12,8.08,=,=
Fc1cnc(Nc2ccccc2)nc1Nc1ccccc1,AURKB,NC(COc1cncc(-c2cc3ccncc3s2)c1)Cc1c[nH]c2ccccc12,8.0,6.1,=,=
Cc1cc(Nc2cc(N3CCN(C)CC3)nc(Sc3ccc(NC(=O)C4CC4)cc3)n2)n[nH]1,PAK5,COc1cc(Nc2ncc(F)c(Nc3ccc4c(n3)NC(=O)C(C)(C)O4)n2)cc(OC)c1OC,5.48,7.16,=,=
COC(=O)N1C[C@@H](C)N(c2ncc3[nH]nc(-c4ccc(N5CCN(C)CC5)cc4)c3n2)[C@@H](C)C1,BMPR1A,Nc1ncc(-c2ccc(CN3CCC(N4CCOCC4)CC3)cc2Cl)nc1C(=O)NC12CCC(O)(CC1)CC2,6.04,6.55,=,=
CCN(CC)S(=O)(=O)Nc1cccc(-c2ccc3c(NC(=O)C4CC4)n[nH]c3c2)c1,RIOK3,COc1cc(N2CCC(N3CCN(C)CC3)CC2)ccc1Nc1ncc(Cl)c(Nc2ccccc2S(=O)(=O)C(C)C)n1,6.54,5.46,=,=
O[C@H]1CC[C@H](Nc2ncc3nnn(-c4ccccc4)c3n2)CC1,GSK3A,CC(C)(C)c1cc(NC(=O)Nc2ccc(Oc3ccnc(Nc4ccc5c(c4)NC(=O)C5)n3)c3ccccc23)n(-c2cccc(CP(C)(C)=O)c2)n1,6.91,6.49,=,=
Cc1[nH]c(/C=C2\C(=O)Nc3ccc(S(=O)(=O)Cc4c(Cl)cccc4Cl)cc32)c(C)c1C(=O)N1CCC[C@@H]1CN1CCCC1,CDKL2,CCN(CC)CCNC(=O)c1c(C)[nH]c(/C=C2\C(=O)Nc3ccc(F)cc32)c1C,5.62,5.96,=,=
COc1ccc2sc(C(=O)NNc3cc(F)cc(F)c3)cc2c1,CLK2,O=C1NC(NC2CCCCC(F)(F)C2)=N/C1=C\c1ccc2ncsc2c1,6.12,8.3,=,=
O=c1[nH]n2ccccc2c1Br,IKBKE,COc1cc2c(Oc3ccc(NS(=O)(=O)c4c(F)cccc4F)cc3F)ccnc2cc1OCCCN1CCN(C)CC1,5.5,6.91,=,=
Cc1cccc(NC(=O)Nc2ccc(-c3cnc4c(-c5cnn(C)c5)cnn4c3N)cc2)c1,MINK1,Fc1ccc(-c2nc3occn3c2-c2ccnc(NC3CCNCC3)n2)cc1,5.9,5.4,=,=
CC(C)c1cc(CNc2nc(Nc3cc(C4CC4)[nH]n3)cc(N3CCN(C)CC3)n2)on1,PRKAG1,COC(=O)[C@@]1(O)C[C@H]2O[C@]1(C)n1c3ccccc3c3c4c(c5c6ccccc6n2c5c31)C(=O)NC4,5.39,6.45,=,=
CCCNC(=O)N(C)c1cnc2ccc(-c3ccc(OCCCN(C)C)nc3)cc2n1,ATM,CN(C)CCNC(=O)Nc1ccc(-c2ccc3ncn(-c4ccc(-c5cc(F)cc(F)c5)cc4)c3c2)cc1,8.52,7.6,=,=
NC(=O)c1cc2c(N)ncnc2cc1-c1ccc2c(c1)CCO2,PI4K2A,CCCCc1cc(=O)oc2cc(OCC(=O)N[C@@H](Cc3c[nH]c4ccc(O)cc34)C(=O)O)ccc12,4.36,5.84,=,=
CC(C)(C)c1cnc(CSc2cnc(NC(=O)C3CCNCC3)s2)o1,DCLK2,C[C@@]1(C(=O)Nc2ccc(F)nc2)CCCN1c1nc(Nc2cc(C3CC3)n[nH]2)c2cccn2n1,6.0,5.44,=,=
O=C(N[C@H](CC1CC1)c1ccccn1)c1ccc2[nH]nc(-c3ccc(N4[C@H]5CC[C@H]4CC(O)C5)cc3)c2c1,TTK,CC(C)CCS(=O)(=O)c1nc(-c2ccccc2)cn2c(-c3ccc(C(=O)NC4CC4)cc3)cnc12,8.82,8.19,=,=
CNC(=O)C=Cc1cnc(N)c2c(-c3ccc4c(c3)OCO4)csc12,FRK,Cc1ccc(C(=O)Nc2cccc(C(C)(C)C)c2)cc1-c1ccc(C(=O)NCC2CC2)cc1,7.8,6.91,=,=
CC1(COc2ccc3c(c2)ncn3-c2ccc3cccc(N4CCC(N)CC4)c3n2)COC1,PKN2,CCCS(=O)(=O)Nc1ccc(-c2ccc3[nH]nc(NC(C)=O)c3c2)cc1,5.92,5.2,=,=
C=CC(=O)N1CCC(Oc2n[nH]c3ncc(-c4cn(-c5c(F)ccc(NS(=O)(=O)c6cccc(-c7ccccc7)c6)c5F)nn4)cc23)C1,MAP3K20,CN1C(=O)[C@@H](N2CCc3cn(Cc4ccccc4)nc3C2=O)COc2ccccc21,7.94,6.0,=,=
COc1ccc(OC)c(Nc2cc(Nc3ccc(F)cc3)ncn2)c1,ERBB3,COc1cccc(Nc2cc(Nc3cccc(Cl)c3)ncn2)c1,6.64,5.8,=,=
CC[C@H]1C[C@@H]1Nc1ncc2c(C3CCN(C(=O)c4cc(C)nc(C)c4)CC3)cn([C@H]3CC[C@H](O)CC3)c2n1,MERTK,OC1CCC(Cn2nc(-c3ccc(F)cc3)c3cnc(NCCCc4ccccc4)nc32)CC1,9.05,7.26,=,=
Cc1cc(C#N)ccc1-c1cc(C(=O)N2Cc3cnc([C@@](C)(O)C(F)(F)F)n3[C@@H](C)C2)ccn1,PDK1,O=C(c1cc(Cl)c(O)cc1O)N(Cc1ccsc1)c1ccc(-c2ccc(S(=O)(=O)NCc3ccccn3)cc2)cc1,8.3,5.0,=,=
O=C(O)c1ccc(Nc2ncc3c(n2)-c2ccc(Cl)cc2C(c2c(F)cccc2F)=NC3)cc1,RPS6KA1,COc1ccc(NC(=S)N/N=C2\C(=O)Nc3ccccc32)cc1,5.32,4.46,=,=
CC1(COc2ccc3c(c2)ncn3-c2ccc3cccc(N4CCC(N)CC4)c3n2)COC1,TNIK,CC(=O)Nc1cccc(-c2c[nH]c3ncc(-c4ccc(CN5CCN(C)CC5)cc4)cc23)c1,6.97,7.92,=,=
Cc1nc2c(-c3cnc[nH]3)cc(N3CCOCC3)nn2c1Cc1cccc(C(F)(F)F)c1C,PIK3C2B,Cc1nc2c(-c3ccn[nH]3)cc(N3CCOCC3)nn2c1Cc1cccc(C(F)(F)F)c1C,8.22,7.51,=,=
CO[C@@H]1[C@H](NCCOCCOCCOCCNC(=O)CCC2=[N+]3C(=Cc4c(C)cc(C)n4[B-]3(F)F)C=C2)C[C@H]2O[C@]1(C)n1c3ccccc3c3c4c(c5c6ccccc6n2c5c31)C(=O)NC4,PAK5,NC(=O)c1cnc(N[C@@H]2CCCC[C@@H]2N)nc1Nc1cccc(-n2nccn2)c1,7.4,6.78,=,=
COc1cc(N2CCC(N3CCN(C)CC3)CC2)ccc1Nc1ncc(Cl)c(Nc2ccccc2S(=O)(=O)C(C)C)n1,STK32C,CN1C(=O)[C@@H](N2CCc3cn(Cc4ccccc4)nc3C2=O)COc2ccccc21,7.26,6.0,=,=
CCN(CCO)CCCOc1ccc2c(Nc3cc(CC(=O)Nc4cccc(F)c4)[nH]n3)ncnc2c1,HCK,CC(C)n1nc(-c2ccc(C#N)nc2)c2c(N)ncnc21,5.41,4.89,=,=
Cc1cnc(Cl)nc1-c1ccc(N(Cc2ccc(CNC(=O)CO)cc2)C(=O)c2ccc(O)cc2O)cc1,PDK1,Cc1nccn1-c1ccc(-c2ccc(N(Cc3cccnc3)C(=O)c3ccc(O)cc3O)cc2)nn1,8.0,7.0,=,=
CS(=O)(=O)NC[C@@H]1CN(c2ccnc(-c3cnc4ccc(C(F)(F)F)cn34)n2)CCO1,EIF2AK4,CN1CCN(c2ccc3nc(-c4c(N)c5c(F)cccc5[nH]c4=O)[nH]c3c2)CC1,7.26,6.6,=,=
CCC(CC)c1cc(NC(=O)Nc2ccc(-c3cn(C4CC4)c4ncnc(N)c34)cc2F)on1,NEK7,Nc1ncnc2c1c(-c1ccc(NC(=O)Nc3cc(C4(C(F)(F)F)CC4)on3)c(F)c1)cn2C1CCC1,6.4,6.0,=,=
COc1cnc(/C=C/c2ccc(F)cc2)nc1-c1cc2c([nH]1)CCNC2=O,CSNK1G2,CC(C)Oc1nccn2c(-c3ccnc(NCC(C)(C)CO)n3)c(-c3ccc(F)cc3F)nc12,7.3,5.7,=,=
O=C(Nc1cc(C(F)(F)F)ccc1N1CCCCC1)c1ccncc1,SRPK3,Cc1n[nH]c2ccc(-c3cncc(OC[C@@H](N)Cc4ccccc4)c3)cc12,6.99,5.82,=,=
Nc1ncc(-c2cnn(CCO)c2)c2scc(-c3ccc(NC(=O)Nc4cccc(F)c4)cc3)c12,AURKC,CC#CCn1cc(N(c2nc(C(N)=O)c(-c3cc(C(=O)N4CCOCC4)c[nH]3)s2)C2CC2)cn1,8.15,7.54,=,=
C=CCn1c(=O)c2cnc(Nc3ccc(N4CCN(C)CC4)cc3)nc2n1-c1cccc(C(C)(C)O)n1,WEE2,CCOc1cc2ncc(C#N)c(Nc3ccc(OCc4ccccn4)c(Cl)c3)c2cc1NC(=O)/C=C/CN(C)C,7.99,5.89,=,=
CN(c1ncccc1CNc1ccnc(-c2nc3c(F)c(Cl)ccc3[nH]2)n1)S(C)(=O)=O,SRPK3,CN(c1ncccc1CNc1ccnc(-c2cc3cc(Cl)ccc3[nH]2)n1)S(C)(=O)=O,7.7,5.23,=,=
CCCNC(=O)N(C)c1cnc2ccc(-c3ccc(OCCCN(C)C)nc3)cc2n1,ATM,C[C@@H]1COCCN1c1cc(-c2ccnn2C)c2ccnc(-c3ccn[nH]3)c2n1,8.52,5.85,=,=
Nc1nccc2scc(-c3ccc(NC(=O)Nc4cccc(Br)c4)cc3)c12,CLK4,O=c1[nH]cnc2c(Cl)cccc12,6.7,6.3,=,=
C#Cc1cccc(Nc2ncnc3cc(OCCOC)c(OCCOC)cc23)c1,EPHA8,C=CC(=O)Nc1cc2c(Nc3ccc(F)c(Cl)c3)ncnc2cc1OCCCN1CCOCC1,6.03,5.7,=,=
CCCC(CCC)C(=O)OCC1(CO)C/C(=C\c2ccc3c(ccn3C)c2)C(=O)O1,PRKCA,O=C1NC(=O)C2=C1c1cn(c3ccccc13)CCO[C@H](CO)CCn1cc2c2ccccc21,8.08,6.14,=,=
Cc1cccc(NC(=O)Nc2ccc(-c3cncc4c3c(N)nn4C)cc2)c1,MATK,CC(=O)NCC(=O)N1C2CCC1c1cc(Nc3ncc(C(F)(F)F)c(NC4CCC4)n3)ccc12,5.8,6.2,=,=
CCN(CC)CCNC(=O)c1c(C)[nH]c(/C=C2\C(=O)Nc3ccc(F)cc32)c1C,PAK6,CN1C(=O)[C@@H](N2CCc3cn(CC4CCS(=O)(=O)CC4)nc3C2=O)COc2ccccc21,5.62,6.0,=,=
OC[C@@H]1C[C@H](O)CCN1CCc1ccc(Nc2nc(-c3ccc4ccccc4c3)cs2)cc1,SPHK2,CCCCCCCCCCc1ccc(-c2noc(C3(C(=N)N)CC3)n2)cc1,5.66,4.26,=,=
CO[C@@H]1[C@H](N(C)C(=O)c2ccccc2)C[C@H]2O[C@]1(C)n1c3ccccc3c3c4c(c5c6ccccc6n2c5c31)C(=O)NC4,ICK,CN(C)C(=O)Cn1cc(-c2ccc(-c3cncc4ccccc34)cc2)cn1,5.23,5.62,=,=
Cc1cnc(Nc2ccc(OCCN3CCCC3)cc2)nc1Nc1cccc(S(=O)(=O)NC(C)(C)C)c1,CDK18,CN1C(=O)[C@@H](N2CCc3cn(CC4CCS(=O)(=O)CC4)nc3C2=O)COc2ccccc21,5.57,6.0,=,=
COC[C@@H]1COCCN1C(=S)SSC(=S)N1CCOC[C@H]1COC,PDK3,CN(C)C(=O)c1ccc(N(Cc2ncc(Br)s2)C(=O)c2ccc(O)cc2O)cc1,5.53,7.19,=,=
Cc1cccc(NC(=O)c2ccc(C)c(Nc3nc4ccccc4n3-c3cc(NCCCN4CCN(C)CC4)ncn3)c2)c1,INSR,CCN(CC)CCNC(=O)c1c(C)[nH]c(/C=C2\C(=O)Nc3ccc(F)cc32)c1C,5.5,6.3,=,=
CN1C(=O)[C@@H](N2CCc3cn(Cc4ccccc4)nc3C2=O)COc2ccccc21,SRPK3,Nc1nc(N)c2nc(-c3cccc(O)c3)c(-c3cccc(O)c3)nc2n1,6.0,5.03,=,=
COc1c(/C=C/c2cc(C(=O)Nc3cccc(C(C)(C)C#N)c3)ccc2C)cnc2[nH]ccc12,MAP3K20,OC(COc1cncc(C=Cc2ccncc2)c1)Cc1c[nH]c2ccccc12,6.99,5.1,=,=
Cc1cc2c(-c3ccc(NC(=O)[C@H](N)[C@@H](O)C(C)C)cc3C)ccnc2[nH]1,CIT,CC(C)C[C@@H](N)C(=O)Nc1nc(-c2ccnc3[nH]ccc23)cs1,8.26,7.04,=,=
Cc1ccc(F)c(NC(=O)Nc2ccc(-c3cc(CO)c(F)c4[nH]nc(N)c34)cc2)c1,CDK19,CN(C)[C@H]1C[C@@]23CC[C@@]4(O2)C(=CC[C@]2(C)[C@@H](c5ccc6ccncc6c5)CC[C@H]24)C=C3[C@@H](O)[C@@H]1O,5.7,8.0,=,=
CO[C@@H]1[C@H](N(C)CCOCCOCCOCCNC(=O)CCC2=[N+]3C(=Cc4c(C)cc(C)n4[B-]3(F)F)C=C2)C[C@H]2O[C@]1(C)n1c3ccccc3c3c4c(c5c6ccccc6n2c5c31)C(=O)NC4,FRK,Clc1ccc(Nc2nnc(Cc3ccncc3)c3ccccc23)cc1,6.43,5.75,=,=
NC(=O)c1ncc(N[C@@H]2CCCC[C@@H]2N)cc1-c1nc2ccccc2[nH]1,TSSK3,CN[C@@H]1C[C@H]2O[C@@](C)([C@@H]1OC)n1c3ccccc3c3c4c(c5c6ccccc6n2c5c31)C(=O)NC4,6.38,8.15,=,=
CN[C@@H]1C[C@H]2O[C@@](C)([C@@H]1OC)n1c3ccccc3c3c4c(c5c6ccccc6n2c5c31)C(=O)NC4,TSSK3,CO[C@@H]1[C@H](NCCOCCOCCOCCNC(=O)CCC2=[N+]3C(=Cc4c(C)cc(C)n4[B-]3(F)F)C=C2)C[C@H]2O[C@]1(C)n1c3ccccc3c3c4c(c5c6ccccc6n2c5c31)C(=O)NC4,8.15,6.42,=,=
CC(C)(C)NCCn1cc(-c2cncc(F)c2)nc1C1CCN(c2ncnc3c2C(C)(C)C(=O)N3)CC1,RPS6KA1,CC1C(=O)Nc2ncnc(N3CCC(c4nc(-c5cncc(F)c5)ccc4NCCN4CCCC4)CC3)c21,6.18,9.4,=,=
CN1C(=O)[C@@H](N2CCc3cn(CC4CCS(=O)(=O)CC4)nc3C2=O)COc2ccccc21,STK38,COc1cc(S(C)(=O)=O)ccc1Nc1nc2ccc(-c3ccc(NC(=O)[C@H](C)c4ccc(F)cc4)cc3)cn2n1,6.0,4.4,=,=
CCn1c(-c2nonc2N)nc2cnc(Oc3cccc(NC(=O)c4ccc(OCCN5CCOCC5)cc4)c3)cc21,RPS6KA1,CCn1c(-c2nonc2N)nc2c(C#CCCO)ncc(OCCCN)c21,6.88,8.22,=,=
O[C@@H](CNCc1ccn2nc(-c3ccccn3)nc(Nc3ccncc3F)c12)c1ccccc1,TGFBR2,OC1CCCCC1NCc1ccn2nc(-c3ccccn3)nc(Nc3ccncc3F)c12,6.1,5.64,=,=
O=c1c2cc(-c3ccnc4ccccc34)ccc2ncn1-c1ccc(N2CCOCC2)cc1,BMPR1B,COc1cc(N2CCC(N3CCN(C)CC3)CC2)ccc1Nc1ncnc(Nc2ccccc2S(=O)(=O)C(C)C)n1,7.02,5.74,=,=
CCOc1ccc(-c2cn(C)c3cc(NC(=O)c4ccc(C)c(Nc5nccc(-c6ccccc6)n5)c4)ccc23)cn1,ROR1,Cc1ccc(C(=O)Nc2ccc3c(-c4ccc(OC(C)(C)C)cc4)cn(C)c3c2)cc1C#Cc1cnc2cccnn12,6.33,6.85,=,=
CC(C)(C)c1cc(NC(=O)C(=O)c2cccc3ccccc23)n(-c2ccc(OCCC(N)=O)cc2)n1,CDK8,CN(C)[C@H]1CC[C@@]2(C)C(=CC[C@H]3[C@@H]4CC[C@H](c5ccc6ccncc6c5)[C@@]4(C)CC[C@@H]32)C1,5.7,7.8,=,=
Cc1ccc(C(=O)Nc2cc(C(F)(F)F)cc(C(F)(F)F)c2)cc1C#Cc1cc(-c2cnn(C)c2)cnc1N,YES1,COc1ccc(-c2cnc3cncc(Nc4ccc(N5CCCCC5)cc4)c3n2)cc1,7.02,5.27,=,=
CC(C)n1cc(C(=O)Nc2ccc(Oc3ccnc4[nH]nc(N[C@H](C)CO)c34)c(F)c2)c(=O)n(C2CCCCC2)c1=O,AXL,CC(O)C(C)(C)Nc1n[nH]c2nccc(Oc3ccc(NC(=O)c4ccnn(-c5ccc(F)cc5)c4=O)cc3F)c12,5.54,5.96,=,=
COc1ccc(-c2ccc3ncc4c(c3c2)n(-c2ccc(N3CCNCC3)c(C(F)(F)F)c2)c(=O)n4C)cn1,TP53RK,O=C1NC(=O)/C(=C/c2ccc3nccc(-c4ccncc4)c3c2)S1,6.0,7.24,=,=
CO[C@@H]1[C@H](N(C)C(=O)c2ccccc2)C[C@H]2O[C@]1(C)n1c3ccccc3c3c4c(c5c6ccccc6n2c5c31)C(=O)N[C@H]4O,PIP5K1A,CC(C)c1c(OCc2cn(-c3ccccc3)nn2)ccc2c1CC[C@H]1C(C)(C)CCC[C@]21C,5.31,5.99,=,=
O=C1NCC(C2CCC2)c2[nH]c(-c3ccncc3)cc21,CDC7,COc1ccc(NC(=O)Nc2n[nH]c3ccc(-c4nnn(Cc5ccccc5)c4-c4ccccc4)cc23)cc1,8.52,7.89,=,=
O=C(O)c1ccc2noc(-c3ccc(Oc4ccccn4)cc3)c2c1,IP6K2,O=C(O)/C=C/c1ccc2noc(-c3ccc(-c4ccccc4)cc3)c2c1,5.92,7.13,=,=
CC1=C(c2cc(N3CCN(C)CC3)ccc2NC(=O)c2ccc(C#N)o2)CCCC1,CSF1R,CCN1CCC(Oc2ccnc(C(=O)Nc3ccc(NC(=O)Nc4cc(C(C)(C)C)on4)cc3)c2)CC1,7.27,8.52,=,=
COc1cc(-c2cnn(C)c2)ccc1Nc1ncc2ccnc(OCC3CC3)c2n1,TTK,CC(C)CCS(=O)(=O)c1nc(-c2ccccc2)cn2c(-c3ccc(C(=O)NC4CC4)cc3)cnc12,7.01,8.19,=,=
O=C(Nc1cccc2cccnc12)c1n[nH]c2ccc(-c3cccnc3)cc12,DYRK1A,COC(=O)C(C)(C)CCn1c2cc(OC)ccc2c2ccnc(C)c21,5.66,7.89,=,=
c1ncc(-c2c[nH]c3nccc(O[C@H]4CCCNC4)c23)cn1,ROCK1,COc1cccc(C(CN)NC(=O)c2cc(-c3ccc4[nH]nc(C)c4c3)cc3cccnc23)c1,4.29,5.85,=,=
CCOc1cc2ncc(C#N)c(Nc3ccc(OCc4ccccn4)c(Cl)c3)c2cc1NC(=O)/C=C/CN(C)C,FGR,C[C@@H]1C[C@H]1C(=O)N1CCN(c2cnc(C#N)c(-c3cnn(C)c3)n2)C[C@H]1C,5.72,4.59,=,=
CC(C)c1cnn2c(NCc3ccccc3)cc(N[C@@H](CO)[C@H](O)CO)nc12,INSRR,C[C@@H](Oc1cc(-c2cnn(C3CCNCC3)c2)cnc1N)c1c(Cl)ccc(F)c1Cl,5.75,6.22,=,=
Cc1c(S(=O)(=O)Nc2cccc(-c3nnn[nH]3)c2)sc2ccccc12,PFKFB3,CNC(=O)c1ccncc1Nc1cc(-c2ccc3ccn(C)c3c2)c2nccnc2c1,6.55,6.12,=,=
COc1cc(N2CCN(C)CC2)ccc1C(=O)Nc1n[nH]c2ccc(Cc3cc(F)cc(F)c3)cc12,NTRK1,Cn1ccc(-c2cc(C(=O)Nc3c4ccc(CNCCO)cc4nn3-c3ccccc3)c(F)cc2C(F)(F)F)n1,6.2,8.19,=,=
CC(C)Nc1cc(-c2c[nH]c(C(=O)N[C@H](CO)c3ccccc3)c2)c(Cl)cn1,MAPK1,CCn1cc(Nc2nccc(-c3ccn([C@H](CO)c4ccc(Cl)c(F)c4)c(=O)c3)n2)cn1,7.8,8.74,=,=
CN1CCC(NC(=O)c2cc3c(-c4ccccc4)n[nH]c3s2)CC1,MAPK9,N#CCc1cnc(-c2ccc3ccccc3c2)n1-c1ccnc(N[C@H]2CCCN(C(=O)C3CC3)C2)n1,5.5,6.84,=,=
CN1C(=O)[C@@H](N2CCc3c(nn(Cc4ccccc4)c3Br)C2=O)COc2ccccc21,WEE2,Cc1cnc(Nc2ccc(OCCN3CCCC3)cc2)nc1Nc1cccc(S(=O)(=O)NC(C)(C)C)c1,6.0,5.22,=,=
Cc1[nH]c(/C=C2\C(=O)Nc3ccc(F)cc32)c(C)c1C(=O)NC[C@H](O)CN1CCOCC1,STK26,O=C1NCCCCCNc2ncc(Cl)c(n2)Nc2cc1[nH]n2,6.48,5.11,=,=
Cc1ccc(C(=O)NC2CC2)cc1-c1ccc(C(=O)NCC2CC2)cc1,MAPK11,Cc1ccc(C(=O)N[C@@H](CC(C)C)C(N)=O)cc1NC(=O)c1ccc(-c2ccccc2Cl)s1,7.62,5.15,=,=
O=C(c1ccc(/C=C/c2n[nH]c3ccccc23)cc1)N1CCNCC1,STK25,COc1cc(Nc2ncc(F)c(Nc3ccc4c(n3)NC(=O)C(C)(C)O4)n2)cc(OC)c1OC,5.37,5.04,=,=
Cc1ccc2[nH]nc(-c3ccc4c(c3)OCO4)c2c1,MAPKAPK3,CC(=NNC(=N)N)c1cc(NC(=O)NCCCCCCNC(=O)Nc2cc(C(C)=NNC(=N)N)cc(C(C)=NNC(=N)N)c2)cc(C(C)=NNC(=N)N)c1,5.07,6.2,=,=
Cc1cncc2cccc(S(=O)(=O)N3CCCNCC3C)c12,PRKCZ,O=C(N[C@@H]1C[C@H](CO)C[C@H]1OC(=O)c1cc(O)c(C(=O)c2c(O)cccc2C(=O)O)c(O)c1)c1ccc(O)cc1,5.5,4.41,=,=
COc1cc(Nc2ncc(F)c(Nc3ccc4c(n3)NC(=O)C(C)(C)O4)n2)cc(OC)c1OC,OXSR1,CN[C@@H]1C[C@H]2O[C@@](C)([C@@H]1OC)n1c3ccccc3c3c4c(c5c6ccccc6n2c5c31)C(=O)NC4,5.51,6.84,=,=
O=C1S/C(=C\c2ccc(Oc3ccc(Br)cc3)cc2)C(=O)N1c1ccc(OCCCCN2CCN(CC3CC3)CC2)cc1,IKBKB,CN(c1ccc(-c2ccnc3[nH]ccc23)cc1)S(C)(=O)=O,5.1,6.5,=,=
Cn1ncc2cc(/C=C3\N=C(NC4CCCCCC4)NC3=O)ccc21,CLK3,O=C(Nc1ccnnc1)c1n[nH]c2ccc(-c3cccnc3)cc12,6.42,7.68,=,=
COc1cc(Nc2ncc(F)c(Nc3ccc4c(n3)NC(=O)C(C)(C)O4)n2)cc(OC)c1OC,GRK1,COc1ccccc1C(C)NC(=O)c1cc(C2NC(=O)NC(C)=C2C(=O)Nc2ccc3[nH]ncc3c2)ccc1F,6.06,4.82,=,=
CO[C@@H]1[C@H](NCCOCCOCCOCCNC(=O)CCC2=[N+]3C(=Cc4c(C)cc(C)n4[B-]3(F)F)C=C2)C[C@H]2O[C@]1(C)n1c3ccccc3c3c4c(c5c6ccccc6n2c5c31)C(=O)NC4,PRKACG,CN1C(=O)[C@@H](N2CCc3cn(CC4CCS(=O)(=O)CC4)nc3C2=O)COc2ccccc21,6.83,6.0,=,=
CCCCOc1ncnc2[nH]cc(-c3ccccc3)c12,FYN,COc1cc(Nc2c(C#N)cnc3cc(-c4ccc(CN5CCN(C)CC5)cc4)ccc23)c(Cl)cc1Cl,6.8,6.08,=,=
CC(C)(C)Nc1c(Nc2ccnc(Nc3ccc(-c4ccncc4)cc3)n2)c(=O)c1=O,MARK3,N[C@H]1CCCC(F)(F)C1NC(=O)c1nc(-c2cnc3ccccn23)c(Cl)s1,5.32,6.14,=,=
C[S+]([O-])c1ccc(-c2nc(-c3ccc(F)cc3)c(-c3ccncc3)[nH]2)cc1,STK32A,CN[C@@H]1C[C@H]2O[C@@](C)([C@@H]1OC)n1c3ccccc3c3c4c(c5c6ccccc6n2c5c31)C(=O)NC4,5.89,7.89,=,=
CN1CCN(Cc2ccc(-c3cnc(Nc4ccc(C#Cc5ccncc5)cc4)nc3N[C@H]3CC[C@H](O)CC3)cc2)CC1,TYRO3,O=C(Nc1ccc(Oc2ncnc3[nH]cnc23)c(F)c1)c1cccn(-c2ccc(F)cc2)c1=O,5.75,6.7,=,=
CNc1nccc(-c2ccc(C(=O)N[C@H](CN)Cc3ccc(Cl)cc3Cl)s2)n1,CAMK2A,CCOC(=O)c1nc2c(=O)[nH]c3cc([N+](=O)[O-])c(NC(C)=O)cc3n2c1C,5.1,5.4,=,=
O=C1NC(=O)C(c2ccccc2C(F)(F)F)=C1Nc1ccc(O)c(Cl)c1,STK10,O=C(Nc1c[nH]nc1-c1nc2ccc(CN3CCOCC3)cc2[nH]1)NC1CC1,6.21,7.09,=,=
CO[C@@H]1[C@H](N(C)C(=O)c2ccccc2)C[C@H]2O[C@]1(C)n1c3ccccc3c3c4c(c5c6ccccc6n2c5c31)C(=O)NC4,MAP3K11,O=C1NCc2c1c1c3ccccc3oc1c1[nH]c3ccccc3c21,7.77,5.96,=,=
COc1cc(N2CCC(N3CCN(C)CC3)CC2)ccc1Nc1ncc(Cl)c(Nc2ccccc2S(=O)(=O)C(C)C)n1,EPHB3,O=C(Nc1ccccc1F)c1cnn2ccccc12,5.72,4.7,=,=
Cn1c(-c2[nH]c(-c3ccnc(N)n3)cc2C(N)=O)cc2ccccc21,CDC7,N#Cc1cccc(C(=O)Nc2n[nH]c3ccc(-c4cn(Cc5ccccc5)nn4)cc23)c1,7.05,8.9,=,=
O=C(O)c1ccc2c3c1cccc3c(=O)n1c3ccccc3nc21,CAMKK1,Nc1nc(Nc2ccc(S(N)(=O)=O)cc2)nn1C(=O)c1c(F)cccc1F,6.92,5.54,=,=
Oc1ccc(C2CC(c3ccccc3O)=NN2c2cccc(Cl)c2)cc1F,PRKCZ,COc1cc(F)ccc1-c1ccc2c(-c3nc4c(N5CCN(C)CC5)cccc4[nH]3)n[nH]c2c1,5.54,4.72,=,=
CCOC(=O)Cn1c2ccc(F)cc2c2nc(C)sc21,HK1,COC(=O)c1cc(S(=O)(=O)NC[C@H]2OC(O)[C@H](NC(=O)c3cccc(Br)c3)[C@@H](O)[C@@H]2O)oc1C,4.25,5.8,=,=
C=CC(=O)Nc1cccc(Oc2nc(Nc3ccc(N4CCN(C)CC4)cc3OC)ncc2Cl)c1,ALK,CN1CCN(c2ccc(C(=O)Nc3n[nH]c4ccc(Cc5cc(F)cc(F)c5)cc34)c(NCC3CN(C)C3)c2)CC1,6.26,7.17,=,=
NC(=O)c1cc2c(-c3ccc(C(=O)NCc4ccccc4N)s3)cccc2s1,PRPF4B,Cc1cnc(Nc2ccc(OCCN3CCCC3)cc2)nc1Nc1cccc(S(=O)(=O)NC(C)(C)C)c1,5.89,6.41,=,=
CCOCc1ccc2c(c1)c1c3c(c4c5cc(COCC)ccc5n5c4c1n2[C@H]1C[C@](O)(C(=O)OC)[C@]5(C)O1)CNC3=O,MAP3K9,COc1ccc2c(c1)CCc1c-2c2c(c3c4ccccc4n(CCO)c13)CNC2=O,7.72,6.95,=,=
COc1cc2nc(N(C)C3CC3)nc(NC3CCN(C(C)C)CC3)c2cc1OC,STK19,COc1cc2nc(NCCN(C)C)nc(NC3CCN(C(C)C)CC3)c2cc1OC,6.6,6.9,=,=
O=C(Nc1ccc2cncc(Cl)c2c1)[C@@H]1CC1c1ccc(S(=O)(=O)Nc2ncccn2)cc1,JAK3,Cc1ccc(S(=O)(=O)C[C@H]2C[C@@H](N(C)c3ncnc4[nH]ccc34)C2)cn1,8.68,8.0,=,=
Cc1[nH]c(/C=C2\C(=O)Nc3ccccc32)c(C)c1CCC(=O)O,RPS6KA4,CCN(CC)CCNC(=O)c1c(C)[nH]c(C=C2C(=O)Nc3ccc(F)cc32)c1C,5.86,7.2,=,=
Cc1ccc(-c2ccc(NC(=O)Nc3cccc(Br)c3)cc2)c2c(N)n[nH]c12,NTRK2,C[C@H]1CNC(=O)c2cnn3ccc(nc23)N[C@H](C)c2cc(F)ccc2O1,5.8,10.3,=,=
CN1c2ccccc2Sc2ccc(C(=O)c3nc4ccccn4c3-c3ccc([N+](=O)[O-])cc3)cc21,MARK4,NC(=O)Nc1cc(-c2cccc(F)c2)sc1C(=O)N[C@H]1CCCNC1,4.97,6.32,=,=
CC(C)Nc1nc(NC2CC2)n2ncc(/C=C3\NC(=O)NC3=O)c2n1,CSNK2B,O=C1NC(=O)/C(=C/c2cnn3c(NCC4CC4)cc(Nc4cccc(Cl)c4)nc23)N1,5.71,6.29,=,=
Cc1ccc(NC(=O)c2ccnc(C(F)(F)F)c2)cc1-c1cc(OCCO)nc(N2CCOCC2)c1,ARAF,CNc1cc(C2(C(=O)Nc3cc(C(=O)Nc4ccc(Cl)c(C(F)(F)F)c4)ccc3C)CC2)ncn1,6.38,7.75,=,=
C[C@@H](NC(=O)C1CCN(c2nc(N3CCOCC3)nc(-n3c(C(F)F)nc4ccccc43)n2)CC1)C(N)=O,PIK3CB,Cc1nc(-c2cc(-c3cc(S(=O)(=O)NCC(C)(C)O)ccc3C)cnc2N)cs1,6.22,5.04,=,=
CO[C@@H]1[C@H](N(C)C(=O)c2ccccc2)C[C@H]2O[C@]1(C)n1c3ccccc3c3c4c(c5c6ccccc6n2c5c31)C(=O)NC4,CAMK1G,CCN(CC)CCCC(C)Nc1nc(/C=C/c2cc(OC)c(OC)cc2Cl)nc2cc(Cl)ccc12,5.75,5.32,=,=
Cc1cc(Nc2cc(N3CCN(C)CC3)nc(Sc3ccc(NC(=O)C4CC4)cc3)n2)n[nH]1,STK11,Cc1cnc(Nc2ccc(OCCN3CCCC3)cc2)nc1Nc1cccc(S(=O)(=O)NC(C)(C)C)c1,5.89,6.51,=,=
CS(=O)(=O)CCNCc1ccc(-c2ccc3ncnc(Nc4ccc(OCc5cccc(F)c5)c(Cl)c4)c3c2)o1,PIK3C2B,Cc1nc2c(-c3ccn[nH]3)cc(N3CCOCC3)nn2c1Nc1ccccc1N1CCOCC1,6.17,7.66,=,=
COc1ccc(-c2nn(C(C)C)c3ncnc(N)c23)cc1O,EPHB4,Cc1cc(-c2cc(O)ccc2Cl)cc2nnc(Nc3ccc(OCCN4CCCC4)cc3)nc12,6.13,7.8,=,=
CCN1CCN(Cc2ccc(NC(=O)Nc3ccc(Oc4cc(NC)ncn4)cc3)cc2C(F)(F)F)CC1,MAP2K3,CN(C)CC(=O)N1CCC(c2ccc(NC(=O)c3nc(C#N)c[nH]3)c(C3=CCCCC3)c2)CC1.Cl,5.66,6.44,=,=
Nc1n[nH]c(NCCCO)c1-c1nc2ccccc2s1,ILK,Cc1[nH]nc(N)c1-c1nc2ccc(S(=O)(=O)NCCc3ccccc3)cc2s1,6.4,6.1,=,=
CC[C@@H]1C(=O)N(C)c2cnc(Nc3ccc(C(=O)NC4CCN(C)CC4)cc3OC)nc2N1C1CCCC1,MYO3A,CN1C(=O)[C@@H](N2CCc3cn(CC4CCS(=O)(=O)CC4)nc3C2=O)COc2ccccc21,5.2,6.0,=,=
c1cc(-c2c[nH]c3nccc(N4CC[C@@]5(CCCCN5)C4)c23)ncn1,CDC42BPA,c1cc(-c2c[nH]c3nccc(N4CCCCC4)c23)[nH]n1,10.49,8.04,=,=
COCCN1CCN(Cc2ccc(-c3n[nH]c4c3C(=O)c3c(NC(=O)NN5CCOCC5)cccc3-4)cc2)CC1,CDK16,COc1cc2c(N3CCN(C(=O)Nc4ccc(OC(C)C)cc4)CC3)ncnc2cc1OCCCN1CCCCC1,8.52,5.22,=,=
N#Cc1ccc2nc(N)n(-c3nccs3)c2c1,PRKACA,O=C(N[C@@H]1C2CC(C3CCCC32)[C@H]1OC(=O)c1cc(O)c(C(=O)c2c(O)cccc2C(=O)O)c(O)c1)c1ccc(O)cc1,5.9,4.5,=,=
C[C@H](Nc1nc(N)nc(N)c1C#N)c1nc2cccc(Cl)c2c(=O)n1CCN(C)C,PIK3CG,Cc1noc(-c2cc(-c3cc(S(=O)(=O)NCC(C)(C)O)c(C)cc3F)cnc2N)n1,5.18,6.52,=,=
O=C(NC1(c2ccccc2)CC1)c1ccc2nc(N[C@H]3CC[C@H](O)CC3)c3nccn3c2c1,MAST3,CCC[C@@H](NC(=O)c1ccc2nc(N[C@H]3CC[C@H](O)CC3)c3nccn3c2c1)c1ccccc1,6.62,5.62,=,=
O=C(c1ccc(/C=C/c2n[nH]c3ccccc23)cc1)N1CCNCC1,MAP3K10,CNS(=O)(=O)c1ccccc1Nc1nc(Nc2cc(OC)c(OC)c(OC)c2)ncc1Cl,5.82,9.1,=,=
CCCNC(=O)c1ccc(Nc2nc(NCC(F)(F)F)c3cc[nH]c3n2)cc1,MAP4K4,O=c1[nH][nH]c2ccc(Br)cc12,6.12,4.7,=,=
CCC(CC)n1cc(-c2cnc(N)c(-c3ccc(=O)n(-c4cc(OC)cc(OC)c4)n3)n2)cn1,FGFR2,COc1cc(OC)c(Cl)c(Nc2ncccc2-c2ncnc(Nc3ccccc3)n2)c1Cl,8.25,8.6,=,=
COc1ccc(C(=O)C2CCN(C(=O)c3ccc(C(=O)Nc4ccc(S(=O)(=O)c5ccc(F)cc5)nc4)cn3)CC2)cc1,PRKAA2,COc1ccc(OC2CCN(C(=O)c3ccc(C(=O)NC4CCN(Cc5ccc(C#N)cc5)CC4)cn3)CC2)c(N)c1,5.52,6.12,=,=
Cc1ccc(F)c(NC(=O)Nc2ccc(-c3cccc4[nH]nc(N)c34)cc2)c1,CDK11B,Cc1cc(Nc2cc(N3CCN(C)CC3)nc(Sc3ccc(NC(=O)C4CC4)cc3)n2)n[nH]1,5.89,6.54,=,=
COc1ccccc1COc1cccc(/C=N/NC(=O)c2cc(O)c(O)c(O)c2)c1,SPHK1,CC(C)(C)c1ccc(COc2ccc(/C=N/NC(=O)c3cc(O)c(O)c(O)c3)cc2)cc1,4.69,4.39,=,=
O=C(O)c1ccc2noc(-c3ccc(-c4ccncc4)cc3)c2c1,IP6K1,O=C(NC1CC1)c1ccc2c(c1)[C@]1(CC[C@H](Oc3ncc(Cl)cc3Cl)CC1)C(=O)N2,6.77,7.17,=,=
CNC1CC=C(c2cnc(N)c3c(-c4ccc(Cc5nc6cnccc6[nH]5)c5ccccc45)nc(C(C)C)n23)CC1,ERN1,O=Cc1cc(-c2cncc3ccccc23)cc(C(F)(F)F)c1O,7.75,6.79,=,=
COc1ccc2c(OCc3nnc4ccc(-c5ccccc5)nn34)ccnc2c1,PRKACG,Cc1ccc(C(=O)Nc2cccc(C(F)(F)F)c2)cc1Nc1nc(-c2cccnc2)nc2c1cnn2C,8.7,6.2,=,=
CCOC(=O)N=S(C)(=O)Cc1cc(F)cc(Nc2ncc(F)c(-c3ccc(F)cc3OC)n2)c1,CDK2,COCCOCCOCCOCCN(C)S(=O)(=O)c1ccc(N/C=C2\C(=O)Nc3ccc4ncsc4c32)cc1,6.25,9.0,=,=
COc1cc2ncn(-c3cc(OCc4ccccc4S(C)(=O)=O)c(C(N)=O)s3)c2cc1OC,PLK1,CC[C@@H]1c2nnc(C)n2-c2cnc(Nc3ccc(C(=O)NC4CCN(C)CC4)cc3OC)nc2N1Cc1ccc(Cl)cc1,7.51,6.79,=,=
Cc1n[nH]c2ccc(-c3cncc(OCC(N)Cc4cccc(Cl)c4)c3)cc12,TSSK2,CC(=O)NCC(=O)N1C2CCC1c1cc(Nc3ncc(C(F)(F)F)c(NC4CCC4)n3)ccc12,5.8,6.6,=,=
N#CCOc1ccc(Nc2nc(Nc3cccc(S(N)(=O)=O)c3)ncc2Br)cc1,TSSK1A,O=C1Nc2ccc3ncsc3c2C1=CNc1ccc(S(=O)(=O)Nc2ccccn2)cc1,7.5,6.5,=,=
CCOc1cc2ncc(C#N)c(Nc3ccc(OCc4ccccn4)c(Cl)c3)c2cc1NC(=O)/C=C/CN(C)C,PAK6,N#CC[C@H](C1CCCC1)n1cc(-c2ncnc3[nH]ccc23)cn1,5.12,5.54,=,=
COC(=O)Nc1cc(-c2ccc(OC[C@@](C)(N)CC(C)C)c(C(F)F)n2)ccn1,DMPK,CO[C@@H]1[C@H](N(C)CCOCCOCCOCCNC(=O)CCC2=[N+]3C(=Cc4c(C)cc(C)n4[B-]3(F)F)C=C2)C[C@H]2O[C@]1(C)n1c3ccccc3c3c4c(c5c6ccccc6n2c5c31)C(=O)NC4,5.82,7.03,=,=
CN[C@@H]1C[C@H]2O[C@@](C)([C@@H]1OC)n1c3ccccc3c3c4c(c5c6ccccc6n2c5c31)C(=O)NC4,MAP3K15,N#CC[C@H](C1CCCC1)n1cc(-c2ncnc3[nH]ccc23)cn1,8.6,5.96,=,=
COc1cc2c(-c3cnc(-c4ccc[nH]4)o3)c[nH]c2cc1Br,STK35,CN[C@@H]1C[C@H]2O[C@@](C)([C@@H]1OC)n1c3ccccc3c3c4c(c5c6ccccc6n2c5c31)C(=O)NC4,5.89,6.85,=,=
CO[C@@H](C(=O)N1Cc2[nH]nc(NC(=O)c3ccc(N4CCN(C)CC4)cc3)c2C1)c1ccccc1,ABL2,Cc1ccc(NC(=O)c2ccc(CN3CCNCC3)cc2)cc1Nc1nccc(-c2cncc(-c3ccccn3)c2)n1,8.0,6.47,=,=
C(=Cc1cncc(OC2CCNC2)c1)c1ccncc1,PRKG1,O=C(O)c1cncc(CN2CCC[C@H](O[C@H](CO)c3cc(Cl)cc(Cl)c3)[C@@H]2c2ccccc2)c1,6.2,4.51,=,=
C[C@]12O[C@H](C[C@]1(O)CO)n1c3ccccc3c3c4c(c5c6ccccc6n2c5c31)CNC4=O,EPHA5,CCN(CC)CCNC(=O)c1c(C)[nH]c(/C=C2\C(=O)Nc3ccc(F)cc32)c1C,5.23,5.58,=,=
Nc1n[nH]c2cccc(-c3ccc(NC(=O)Nc4cc(CO)ccc4F)cc3)c12,MARK3,Cc1ccc(C(=O)Nc2cccc(C(F)(F)F)c2)cc1Nc1nc(-c2cccnc2)nc2nn(C)cc12,5.9,6.5,=,=
Cc1ccc(Nc2nccc(N(C)c3ccc4c(C)n(C)nc4c3)n2)cc1S(N)(=O)=O,NLK,Cc1cccc(NC(=O)Nc2ccc3c(c2)CCc2sc4ncnc(N)c4c2-3)c1,5.36,7.7,=,=
CCNC(=O)C[C@@H]1N=C(c2ccc(Cl)cc2)c2cc(OC)ccc2-n2c(C)nnc21,TSSK3,NC(=O)c1ncc(N[C@@H]2CCCC[C@@H]2N)cc1-c1nc2ccccc2[nH]1,5.0,6.38,=,=
Cc1nn(-c2cccc(N(C)C)c2)c2cc(N[C@@H](C)c3ccccc3)ncc12,PLK1,CC(C)(C)OC(=O)CC[C@@H](NC(=O)OC(C)(C)C)C(=O)NCCCn1c(=O)c2cc(F)ccc2n2c(=S)[nH]nc12,6.01,5.09,=,=
Cc1ccc(NC(=O)c2ccc(NC(=O)/C=C/CN(C)C)cc2)cc1Nc1cc(-c2cnc3[nH]ccc3c2)ncn1,PIP4K2A,Cc1ccc(Nc2ncnc3sc(-c4cccnc4C)cc23)cc1C,5.19,6.5,=,=
Cc1cc(NC(=O)[C@H](N)CC(C)C)ccc1-c1cnco1,AAK1,Cc1cc2c(cn1)OCc1cc(OC[C@@](C)(N)CC(C)C)ccc1-2,7.32,6.92,=,=
CS(=O)(=O)c1ccc2nccc(Nc3n[nH]c4ccc(F)cc34)c2c1,RIPK2,Cc1ccc2oc(-c3cn([C@H]4CC[C@@H](N)CC4)c4ncnc(N)c34)cc2c1,7.3,8.0,=,=
COc1cc2ncnc(N3CCN(c4ncc(Nc5ccc(C)cc5)cn4)CC3)c2cc1OC,KIT,Cc1ccc(CNC(=O)C2(C)CN(c3ncnn4cc(-c5ccc(C(C)(C)O)cc5)cc34)C2)cc1,7.26,6.76,=,=
Cn1nccc1-c1nc(Nc2ccncc2F)c2cccn2n1,TGFBR2,O=C(NCCCN1CCCC1)c1cnccc1Nc1nc(-c2ccccn2)nn2cccc12,5.29,6.38,=,=
CNS(=O)(=O)c1ccc(N2CCOCC2)c(Nc2ncnc3[nH]ccc23)c1,TNNI3K,CNS(=O)(=O)c1cccc(Nc2ncnc3[nH]c(-c4ccncc4)cc23)c1,7.2,7.7,=,=
O=S(=O)(Nc1ccc(-c2nc(N[C@H]3CC[C@@H](O)CC3)c3cn[nH]c3n2)cc1)c1cc(Cl)ccc1Cl,SGK1,Cc1ccc(F)c(S(=O)(=O)Nc2ccc(-c3nc(OC4CCNCC4(F)F)c4c(C)n[nH]c4n3)cc2)c1,8.44,8.96,=,=
C=CCn1c(=O)c2cnc(Nc3ccc(N4CCN(c5nc(Br)cs5)CC4)cc3)nc2n1-c1cccc(C(C)(C)O)n1,WEE1,CCn1c(=O)c2cnc(Nc3ccc4c(c3)CC(N(C)C)CC4)nc2n1-c1cccc(C(C)(C)O)n1,6.82,7.7,=,=
CCC(=O)c1cccc2c1-c1ccccc1C2(O)C(F)(F)F,PDK2,OC1(C(F)(F)F)c2ccccc2-c2ccc(-c3cccnc3)cc21,5.56,6.49,=,=
CN1CCN(c2ccc3nc(-c4c(N)c5c(F)cccc5[nH]c4=O)[nH]c3c2)CC1,PAK3,CC(C)(C)c1cnc(CSc2cnc(NC(=O)C3CCNCC3)s2)o1,6.11,5.46,=,=
CN1CCN(Cc2ccc(-c3cnc(Nc4ccc(C#Cc5ccncc5)cc4)nc3N[C@H]3CC[C@H](O)CC3)cc2)CC1,TYRO3,CCCCNc1ncc(-c2cnccn2)c(NC2CCC(O)CC2)n1,5.75,6.22,=,=
C#CCN1C(=O)[C@@H](C)N(CC#C)c2nc(Nc3ccc4c(O)n[nH]c4c3)ncc21,VRK1,CC(C)CCN1C(=O)[C@@H](C)N(C)c2nc(Nc3cc(F)c(O)c(F)c3)ncc21,7.75,6.74,=,=
COc1nn(-c2ccccc2)c2cc(N3CCN(C4CNC4)CC3)ccc12,KHK,C[C@@H]1N(c2nc(N3C[C@@H]4[C@H](C3)[C@H]4CS(C)(=O)=O)c(Cl)c(C(F)(F)F)n2)C[C@@]1(C)O,5.22,5.87,=,=
CC1(C)C(=O)N(c2ccc(S(=O)(=O)C(F)(F)F)cc2)C(=O)N1Cc1ccnc2ccccc12,IGF1R,Cc1cc(-n2ccnc2)cc2[nH]c(-c3c(NCC(O)c4cccc(O)c4)cc[nH]c3=O)nc12,6.34,6.72,=,=
CNC(=O)c1ccc(Nc2nc(OC3CCCC3)c3c(-c4ccc5nc(C)oc5c4)c[nH]c3n2)c(OC)c1,CAMKK2,Cc1nc(N)sc1-c1ccnc(Nc2ccc(N3CCOCC3)cc2)n1,6.14,4.28,=,=
O=C(c1ccc(/C=C/c2n[nH]c3ccccc23)cc1)N1CCNCC1,ANKK1,CNC(=O)c1ccccc1Sc1ccc2c(/C=C/c3ccccn3)n[nH]c2c1,7.09,5.44,=,=
COc1cc(F)ccc1-c1cc(NC(=O)[C@H]2CCC[C@@H](NC(C)=O)C2)ncc1Cl,CDK1,CC(C)Nc1c(-c2ccc3[nH]ncc3c2)nc2ncccn12,7.03,6.0,=,=
Cc1c(O)c(O)cc2oc3cc(O)cc(O)c3c(=O)c12,NEK6,C[C@]12O[C@H](C[C@]1(O)CO)n1c3ccccc3c3c4c(c5c6ccccc6n2c5c31)CNC4=O,4.17,5.36,=,=
C[C@H](CCC(=O)NCC(=O)O)[C@H]1CC[C@H]2[C@@H]3CC[C@@H]4C[C@H](O)CC[C@]4(C)[C@H]3CC[C@]12C,EPHA2,c1ccc(Nc2ccnc(Nc3ccccc3)n2)cc1,4.31,5.3,=,=
COc1cc(Nc2c(C#N)cnc3cc(OCCCN4CCN(C)CC4)c(OC)cc23)c(Cl)cc1Cl,RIOK1,Nc1nc(N)c2nc(-c3cccc(O)c3)c(-c3cccc(O)c3)nc2n1,5.66,5.24,=,=
CN1C(=O)[C@@H](N2CCc3cn(Cc4ccccc4)nc3C2=O)COc2ccccc21,SRPK3,CN(c1ncccc1CNc1ccnc(-c2nc3c(F)c(Cl)ccc3[nH]2)n1)S(C)(=O)=O,6.0,7.7,=,=
Cc1ccc(C(=O)Nc2cccc(C(F)(F)F)c2)cc1Nc1nc(-c2cccnc2)nc2nn(C)cc12,MAP3K2,CCn1cc(-c2ccc3c(c2)CCN3C(=O)Cc2cccc(OC(F)(F)F)c2)c2c(N)ncnc21,5.18,6.59,=,=
CC(=O)c1cccc(-c2cnc3[nH]ccc3c2)c1,PLK4,CN(c1ncccc1CNc1nc(Nc2ccc3c(c2)CC(=O)N3)ncc1C(F)(F)F)S(C)(=O)=O,5.5,6.2,=,=
CS(=O)(=O)N(Cc1ccc2[nH]c(=O)c3cccn3c2c1)C1CC1,TSSK2,CN[C@@H]1C[C@H]2O[C@@](C)([C@@H]1OC)n1c3ccccc3c3c4c(c5c6ccccc6n2c5c31)C(=O)NC4,7.4,8.46,=,=
CCN(CC)CCNC(=O)c1c(C)[nH]c(C=C2C(=O)Nc3ccc(F)cc32)c1C,CAMK2A,O=C(O)c1csc2c1NCCNC2=O,6.8,4.5,=,=
Cc1[nH]c(/C=C2\C(=O)Nc3ccc(F)cc32)c(C)c1C(=O)NC[C@H](O)CN1CCOCC1,MYLK2,CNC(=O)c1cc(Oc2ccc(NC(=O)Nc3ccc(Cl)c(C(F)(F)F)c3)cc2)ccn1,6.72,5.58,=,=
CCS(=O)(=O)N1CC[C@H](Nc2c(Br)cnc3[nH]c(-c4cc(C)n(-c5cccc(C(=O)N6CCOCC6)c5)c4C)nc23)C1,MAP3K11,O=c1[nH]c2ncc(-c3ccncc3)nc2n1-c1ccc2cn[nH]c2c1,8.22,6.26,=,=
Cc1ccc(C(=O)Nc2cccc(C(F)(F)F)c2)cc1Nc1nc(-c2cccnc2)nc2c1cnn2C,EPHB6,COc1cc(Oc2ccnc3cc(OC)c(OC)cc23)ccc1NC(=O)NC(C)c1nccs1,6.0,8.3,=,=
CC(C)C[C@@H](N)C(=O)Nc1ccc(-c2cnco2)c(OC(F)F)c1,GSG2,CC1(N)CCN(c2nn3c(-c4ccc(F)cc4F)cnc3s2)CC1,6.04,8.52,=,=
C[C@@H](Oc1cc(-c2ccn(CCN(C)C)c(=O)c2)cnc1N)c1c(Cl)ccc(F)c1Cl,ROS1,CCN1CCN(CCS(=O)(=O)c2ccc(Nc3ncc(Cl)c(Nc4ccccc4S(=O)(=O)C(C)C)n3)c(OC)c2)CC1,8.64,8.1,=,=
O=[N+]([O-])c1cc2c(/C=C/c3ccccc3)n[nH]c2cc1N1CCCC1,AURKB,Cc1cc(C)cc(NC(=O)Nc2ccc(-c3cccc4snc(N)c34)cc2)c1,6.96,5.7,=,=
Cc1ncc(-c2ccc3[nH]nc(C(=O)N[C@@H](C)C(F)(F)F)c3c2)n1C,DYRK1A,O=C(NC1CCCCC1)c1n[nH]c2ccc(-c3cncnc3)cc12,6.66,7.19,=,=
CC(C)(C)NC(=O)Nc1cccc2[nH]nc(-c3nc4cc(N5CCC(N6CCCCC6)CC5)ccc4[nH]3)c12,FLT1,COc1cc2nccc(Oc3ccc4c(C(=O)Nc5ccc(Cl)cc5)cccc4c3)c2cc1OC,8.4,9.3,=,=
O=c1cc(N2CCSCC2)nc2n(Cc3cccc(Cl)c3Cl)ccn12,PIK3CG,Cc1nc(N)nc(-n2c(Nc3cc[nH]n3)nc3ccccc32)n1,5.8,6.5,=,=
Cc1cn(C)nc1Nc1cc2cc(C3CCc4nccn43)nc(N)c2cn1,MASTL,CC[C@H](NC)c1ccnc(Nc2cc3cc(-c4cnnn4C)nc(N)c3cn2)c1,7.61,10.7,=,=
CCN1CCN(Cc2ccc(NC(=O)Nc3ccc(Oc4cc(NC)ncn4)cc3)cc2C(F)(F)F)CC1,STK25,Cc1cnc(Nc2ccc(OCCN3CCCC3)cc2)nc1Nc1cccc(S(=O)(=O)NC(C)(C)C)c1,5.92,5.14,=,=
CC(=O)c1c(C)c2cnc(Nc3ccc(N4CCNCC4)cn3)nc2n(C2CCCC2)c1=O,CAMK2G,NS(=O)(=O)c1cccc(Nc2ncc3ccn(-c4ccccc4)c3n2)c1,5.03,6.9,=,=
COc1cc(C=C(C#N)c2nc3ccccc3[nH]2)c(Br)cc1O,DAPK3,Clc1cc(-c2c[nH]c3ncccc23)nc(NC2CCOCC2)n1,7.8,6.7,=,=
C[C@@H](Oc1cc(-c2cnn(C3CCNCC3)c2)cnc1N)c1c(Cl)ccc(F)c1Cl,MAP3K1,C#Cc1cccc(Nc2ncnc3cc4c(cc23)OCCOCCOCCO4)c1,5.85,5.38,=,=
Nc1nc(Nc2ccc(S(N)(=O)=O)cc2)nn1C(=O)c1c(F)cccc1F,MAPK4,CC(C)(C)c1cnc(CSc2cnc(NC(=O)C3CCNCC3)s2)o1,5.8,5.39,=,=
CN1CCN(CCCOc2ccnc3ccc(C#CCNC(=O)c4cncn(Cc5ccc(F)c(F)c5)c4=O)cc23)CC1,PDPK1,COc1cc2ncc3c(N)nc(-c4cncc(OC[C@@H](N)Cc5c[nH]c6ccccc56)c4)cc3c2cc1OC,7.85,8.22,=,=
CN(C)c1ccc(O)c2c1CC1CC3[C@H](N(C)C)C(O)=C(C(N)=O)C(=O)[C@@]3(O)C(O)=C1C2=O,GRK6,COc1ccc(-c2nnc(SCC(=O)O)[nH]2)c(O)c1,5.86,4.68,=,=
C#CC(=O)N1CCC=C(c2ccc(CC(=O)Nc3cc(C4CC4)[nH]n3)cn2)C1,CDK13,CC(C(=O)Nc1cc(C2CC2)[nH]n1)c1ccc(C2=CCN(C(=O)C#C[Si](C)(C)C)CC2)nc1,7.08,8.15,=,=
CN1C(=O)[C@@H](N2CCc3cn(Cc4ccccc4)nc3C2=O)COc2ccccc21,STK32A,CO[C@@H]1[C@H](N(C)C(=O)c2ccccc2)C[C@H]2O[C@]1(C)n1c3ccccc3c3c4c(c5c6ccccc6n2c5c31)C(=O)NC4,6.0,5.62,=,=
CCN(CC)S(=O)(=O)Nc1cccc(-c2ccc3c(NC(=O)C4CC4)n[nH]c3c2)c1,RIOK3,CO[C@@H]1[C@H](N(C)C(=O)c2ccccc2)C[C@H]2O[C@]1(C)n1c3ccccc3c3c4c(c5c6ccccc6n2c5c31)C(=O)N[C@H]4O,6.54,5.89,=,=
CC[C@H](C)[C@H](NC(=O)[C@H](CC(C)C)NC(=O)[C@H](CCCNC(=N)N)NC(=O)[C@@H](N)CCCNC(=N)N)C(=O)N[C@@H](Cc1ccccc1)C(N)=O,CCNA2,CC(=O)N[C@@H](CCCNC(=N)N)C(=O)N[C@@H](CCCNC(=N)N)C(=O)N[C@@H](CC(C)C)C(=O)N[C@@H](CC(N)=O)C(=O)N[C@@H](Cc1ccccc1)C(N)=O,6.17,4.92,=,=
COc1cccc(Nc2[nH]nc(-c3ccc(NS(=O)(=O)C(F)F)cc3)c2C(N)=O)c1,MLKL,Nc1nccnc1C(=O)O[C@@H](C(=O)Nc1ccc(F)cc1)c1ccccc1,9.15,6.64,=,=
C[C@]12O[C@H](C[C@]1(O)CO)n1c3ccccc3c3c4c(c5c6ccccc6n2c5c31)CNC4=O,GRK4,CN(C)C[C@@H]1CCn2cc(c3ccccc32)C2=C(C(=O)NC2=O)c2cn(c3ccccc23)CCO1,7.92,6.23,=,=
Cc1cc(Nc2cc(C(F)(F)F)nc(Nc3ccc([N+](=O)[O-])cc3)n2)n[nH]1,PIK3C3,CN(C)c1ncc(-c2ccnc(Nc3ccncn3)c2)cc1C(=O)N(C)C12CC(C1)C2,6.51,7.52,=,=
O=C1NC(=O)/C(=C/c2cnn3c(NC4CCCC4)cc(Nc4cccc(Cl)c4)nc23)N1,CSNK2B,CC(C)N(C)C(=O)c1ccc(-c2cc(NC3CC3)n3ncc(/C=C4\NC(=O)NC4=O)c3n2)s1,6.46,5.67,=,=
Cc1cccc(NC(=O)c2ccc(C(F)F)o2)c1N1CCC2(CC1)OCCO2,MAPK8,CC(C)(C)n1cc(-c2ccnc(NCCCNS(=O)(=O)c3cccc4ccccc34)c2)c(-c2cccc(O)c2)n1,6.58,7.09,=,=
OC1CCC(Nc2cc(Cl)nc(-c3c[nH]c4ncccc34)n2)CC1,PRKCI,N[C@@H](COc1nc(-c2ccncc2)nc2sc3c(c12)CCCC3)Cc1cccc2ccccc12,6.4,6.0,=,=
CN[C@@H]1C[C@H]2O[C@@](C)([C@@H]1OC)n1c3ccccc3c3c4c(c5c6ccccc6n2c5c31)C(=O)NC4,SGK2,CC(=O)NCC(=O)N1C2CCC1c1cc(Nc3ncc(C(F)(F)F)c(NC4CCC4)n3)ccc12,7.82,6.4,=,=
CCCCCCCCCCCCCCCC[n+]1ccn(Cc2ccccc2)c1C.[I-],EEF2K,CC1(C)CCc2c1nc1sc(C(N)=O)c(N)c1c2-c1cc(Br)cs1,7.22,6.1,=,=
COc1ccc(NC(=O)Nc2ccc(-c3cccc4onc(N)c34)cc2)cc1Cl,FGFR1,NC1=C(c2nc3ccccc3[nH]2)C(=O)CN1c1cccc(C(F)(F)F)c1,6.1,5.0,=,=
Cc1cc(NC(=O)Nc2ccc(-c3cccc4[nH]nc(N)c34)cc2)ccc1F,CDK19,N#Cc1ccc2ncnc(NCCc3ccccc3)c2c1,5.7,6.51,=,=
Cn1cc(C2=C(c3cccc(NCC(O)CO)c3)C(=O)NC2=O)c2cc(F)ccc21,MAPK3,Cn1cc(Nc2nccc(-c3ccn([C@H](CO)c4ccc(Cl)c(F)c4)c(=O)c3)n2)c(C(F)(F)F)n1,4.4,6.26,=,=
CNc1ncc2cc(-c3cc(F)c(-c4cccc(C)n4)cc3F)c(=O)n(CCCCN)c2n1,SIK2,CCOc1cc2ncc(C#N)c(Nc3ccc(F)c(Cl)c3)c2cc1NC(=O)/C=C/CN(C)C,7.51,5.35,=,=
c1cc(-c2cnn3cc(-c4ccc(N5CCNCC5)cc4)cnc23)c2ccc(CN3CCCC3)cc2n1,ACVRL1,C[C@@H]1CCCN1Cc1ccc(-c2cnc(N)c3c2CCN(C2CCCCC2)C3=O)cc1,5.11,6.72,=,=
CC1(N)CCN(c2nn3c(-c4ccc(F)cc4F)cnc3s2)CC1,GSG2,CC1(C2(C)Oc3cnccc3-c3[nH]c(C(N)=O)cc32)COC1,8.52,5.24,=,=
COC(=O)c1ccccc1SC1=NS(=O)(=O)c2ccccc21,PKLR,Cc1ccc(-n2nnnc2CNC(=O)Nc2ccccc2)cc1C,6.54,4.0,=,=
CCC(=O)Nc1cc2c(Nc3ccc(NCc4ccccc4)cc3)ncnc2cc1OC,ERBB4,CC(C)c1nc(-c2ccc(F)c(NS(=O)(=O)c3c(F)cccc3F)c2)c(-c2ccnc(Nc3ccc(N4CCOCC4)nc3)n2)s1,7.19,8.0,=,=
CC1Cc2c(Cl)cccc2N1C(=O)Cc1nc(N2CCOCC2)c(F)c(=O)n1C,AKT1,CC1=NN(c2ccc(Cl)c(Cl)c2)C(=O)C1=Cc1c(C)c(C#N)c2nc3ccccc3n2c1O,7.01,5.4,=,=
c1cc2c(s1)CCc1cn[nH]c1-2,CSNK1A1,CC(C)Oc1nccn2c(-c3ccnc(NCC(C)(C)CO)n3)c(-c3ccc(F)cc3F)nc12,4.6,6.0,=,=
NC(=O)c1ccc2[nH]c(-c3ccc(-c4ccc(Cl)cc4)cc3)nc2c1,CHEK2,CN(C)[C@@H]1CCN(c2ccc(-n3cnc(Nc4cnc(C#N)cn4)c3)c(F)c2)C1,6.6,5.81,=,=
C[C@H](Nc1ncnc2[nH]ccc12)c1nc2cccc(F)c2c(=O)n1-c1ccc(OCC(F)(F)F)cc1,PIK3CG,Cc1cc(-c2cc(-c3cc(S(=O)(=O)N[C@H]4CC[C@H](O)CC4)ccc3C)cnc2N)ccn1,6.13,7.68,=,=
Nc1ncnc2c1ncn2[C@@H]1C[C@@]2(CO)CC[C@@H]1C2,PI4K2A,NC(=O)c1cc2c(N)ncnc2cc1-c1ccc2c(c1)OCO2,4.37,4.68,=,=
Cc1ccc(NC(=O)CCc2c(C)nc3c4cccnc4nn3c2C)cc1,PANK1,CSc1ccc(NC(=O)CCc2c(C)nc3c4cccnc4nn3c2C)cc1,4.95,5.49,=,=
CN[C@@H]1CC2OC([C@@H]1OC)n1c3ccccc3c3c4c(c5c6ccccc6n2c5c31)C(=O)NC4,LYN,CCN(CC)CCCCNc1cc(-n2c(Nc3cc(NC(=O)c4cccc(C(F)(F)F)c4)ccc3C)nc3ccccc32)ncn1,7.61,6.66,=,=
Cc1cc(-c2nc(C(C)C)co2)ccc1-c1cc2cc(NC(=O)[C@@H]3C[C@H]3c3cnn(C)c3)ncc2c(N)n1,MAP4K1,COc1cc2c(cc1Nc1ncc(Cl)c(Nc3ccccc3P(C)(C)=O)n1)[C@@H](N(C)C)CCC2,4.82,5.3,=,=
Cc1cn([C@H]2CCCN([C@H](CC(C)(C)C)c3ccc(C(=O)O)c(Oc4cccc(Br)c4)c3)C2)c(=O)[nH]c1=O,DTYMK,CCOC(=O)N1CCN(C(=O)Cn2sc3nc(C)cc(C)c3c2=O)CC1,4.21,5.78,=,=
CCOc1cc2ncnc(NCc3ccc(NC(=O)Nc4ccccc4)cc3)c2cc1F,AURKA,COc1ccc(C(=O)Nc2cccc(CNc3c(C(N)=O)cnc4c(C(N)=O)cccc34)c2)cc1,8.1,7.44,=,=
COc1cc(Nc2ncc(F)c(Nc3ccc4c(n3)NC(=O)C(C)(C)O4)n2)cc(OC)c1OC,NEK6,CN1CCN(c2ccc(OC(F)(F)F)c(Nc3ncc4c(n3)-c3c(c(C(N)=O)nn3C)CC4)c2)CC1,8.2,5.78,=,=
Nc1ncnc2scc(-c3ccc(NC(=O)Nc4cc(C(F)(F)F)ccc4F)cc3)c12,RPS6KA4,CCS(=O)(=O)c1cccc(-c2cc(C(=O)NC3CCN(C)CC3)c(C)c3[nH]c4ncc(C)cc4c23)c1,7.1,5.52,=,=
CC(C)CC(=O)Nc1n[nH]c2c1CN(C(=O)C1CCN(C)CC1)C2(C)C,STK26,Cc1csc(-c2nnc(Nc3ccc(Oc4ncccc4-c4ccnc(N)n4)cc3)c3ccccc23)c1,6.76,5.52,=,=
CNC(=O)c1cnc(N)c2c(-c3ccc(NC(=O)Nc4cc(C)ccc4F)cc3)csc12,MAP4K4,Nc1ncnc2ccc(N3CCOC(C(=O)NC4CCCC4)C3)nc12,6.6,5.0,=,=
O=C(c1ccc(/C=C/c2n[nH]c3ccccc23)cc1)N1CCNCC1,TAOK1,Nc1nnc2cncc(Cl)n12,5.75,4.2,=,=
CN1C(=O)[C@@H](N2CCc3c(nn(Cc4ccccc4)c3Br)C2=O)COc2ccccc21,MAP2K6,Cn1cc(-c2cnc3c(-c4csc(C(=O)N[C@@H]5CCCC[C@@H]5N)c4)cnn3c2)cn1,6.0,6.54,=,=
COc1cc2c(Oc3ccc(NS(=O)(=O)c4c(F)cccc4F)cc3F)ccnc2cc1OCCCN1CCN(C)CC1,TNK1,Cc1cc(Nc2nc(N[C@@H](C)c3ncc(F)cn3)ncc2Cl)[nH]n1,7.85,5.9,=,=
COc1cc(Nc2nccc(Nc3cnc4ccccc4c3)n2)cc(OC)c1OC,TEK,C=CC(=O)Nc1ccc(-c2ccc(NC(=O)Nc3cccc(Cl)c3)cc2)cn1,6.13,8.25,=,=
NC(=O)Cn1cc(CN2CCN(c3cc(C(=O)Nc4ccc5c(c4)-c4c(c(C(N)=O)nn4-c4ccc(F)cc4)CC5)c(Cl)cn3)CC2)cn1,IKBKB,Nc1ccc(-c2ccnc(Nc3ccc(S(=O)(=O)NCCO)cc3)n2)cc1,9.05,4.28,=,=
CC(=O)Nc1ccc(CNc2nnc(-c3ccc4[nH]cc(-c5ccc(F)cc5F)c4c3)s2)cc1,PIM3,c1cncc(-c2ccc3[nH]cc(-c4ccc(N5CCNCC5)cc4)c3c2)c1,5.9,6.31,=,=
COc1cc(Nc2ncc(F)c(Nc3ccc4c(n3)NC(=O)C(C)(C)O4)n2)cc(OC)c1OC,FER,Cc1ccc(NC(=O)Nc2ccc(-c3csc4c(-c5cnn(C)c5)cnc(N)c34)cc2)cc1,7.39,6.5,=,=
Cc1ccc(C(=O)Nc2c(C#N)sc3ccc(Cl)c(Cl)c23)cc1,CSNK1G1,CCC1C(=O)N(C)c2cnc(Nc3ccc(C(=O)NC4CCCCC4)cc3OC)nc2N1C1CCCC1,7.7,5.7,=,=
CCOc1ccc(-c2cn(C)c3cc(NC(=O)c4ccc(C)c(C#Cc5cnc6cccnn56)c4)ccc23)cn1,ROR1,CCOc1ccc(-c2cn(C)c3cc(NC(=O)c4ccc(C)c(Nc5nccc(-c6ccc(Cl)cc6)n5)c4)ccc23)cn1,7.52,6.73,=,=
Cc1cnc(Nc2ccc(OCCN3CCCC3)cc2)nc1Nc1cccc(S(=O)(=O)NC(C)(C)C)c1,NEK11,COc1cc(Nc2ncc(F)c(Nc3ccc4c(n3)NC(=O)C(C)(C)O4)n2)cc(OC)c1OC,5.92,6.77,=,=
CSc1ccc(NC(=O)CCc2c(C)nc3c4cccnc4nn3c2C)cc1,PANK1,Cc1nc2c3cccnc3nn2c(C)c1CCC(=O)NC1CCCCC1,5.49,4.87,=,=
O=C(Nc1n[nH]c2nc3ccccc3cc12)c1ccncc1,MAP4K5,CC(=O)c1cccc(-c2cnc3[nH]ccc3c2)c1,5.1,7.0,=,=
Fc1ccc(-c2n[nH]c(C3CCCNC3)c2-c2ccncc2)cc1,MAPK11,Cc1c(F)cc(C(=O)NC2CC2)cc1-c1ccc(C(=O)NCC(C)C)cn1,6.39,6.8,=,=
CC1(C)CNc2cc(NC(=O)c3cccnc3NCc3ccncc3)ccc21,STK35,C[C@]12O[C@H](C[C@]1(O)CO)n1c3ccccc3c3c4c(c5c6ccccc6n2c5c31)CNC4=O,5.27,6.09,=,=
CNc1ncnc2c1N=C(c1ccc(NC(=O)Nc3cccc(C(F)(F)F)c3)cc1)CCN2,STK3,COc1cc2ncn(-c3cc(OCc4ccccc4C(F)(F)F)c(C(N)=O)s3)c2cc1OC,5.6,6.7,=,=
CN(CCNc1ccc(-c2nnc(C(F)(F)F)o2)nc1C1CCN(c2ncnc3c2C(C)(C)C(=O)N3)CC1)C(C)(C)C,RPS6KA1,COc1ccc(NC(=S)N/N=C2\C(=O)Nc3ccccc32)cc1,9.0,4.46,=,=
NC(=O)c1ccc(N(C(N)=O)c2c(F)cccc2F)nc1-c1ccc(F)cc1F,NLK,Cc1cccc(NC(=O)Nc2ccc3c(c2)CCc2sc4ncnc(N)c4c2-3)c1,6.8,7.7,=,=
Nc1ncc(-c2ccc3nc(N)n(-c4ccccc4)c(=O)c3c2)cc1NS(=O)(=O)c1ccc(F)cc1F,PI4KA,CCn1cc(-c2ccc3nc(N)sc3c2)cn1,9.1,5.5,=,=
Nc1ncnc2c1sc1ncnc(N)c12,MATK,CNC(=O)COc1ccc(Nc2nc(Nc3ccc(C)c(S(N)(=O)=O)c3)ncc2F)cc1,5.7,6.9,=,=
Cn1c(Nc2ccc(C(F)(F)F)cc2)nc2cc(Oc3ccnc(-c4ncc(C(F)(F)F)[nH]4)c3)ccc21,STK25,CCCCOc1ccc(C(=O)Nc2cc(C(C)(C)C)[nH]n2)cc1,5.17,6.21,=,=
COc1cc(Nc2c(C#N)cnc3cc(OCCCN4CCN(C)CC4)c(OC)cc23)c(Cl)cc1Cl,EPHA6,C[C@@H](Oc1cc(-c2cnn(C3CCNCC3)c2)cnc1N)c1c(Cl)ccc(F)c1Cl,5.96,7.23,=,=
CC(=O)NCC(=O)N1[C@@H]2CC[C@H]1c1ccc(Nc3ncc(C(F)(F)F)c(NC4CCC4)n3)cc12,CDK3,CC(C)(C)c1cnc(CSc2cnc(NC(=O)C3CCNCC3)s2)o1,5.81,7.25,=,=
O=C1NC(N[C@@H]2c3ccccc3C[C@H]2O)=N/C1=C\c1ccc2ncsc2c1,CLK3,c1cc(-c2cncc3[nH]c(-c4n[nH]c5ccc(-c6cncc(CN7CCCCC7)c6)nc45)cc23)ccn1,5.69,6.51,=,=
CC(=O)N1CCC(n2cc(Nc3ncc(Cl)c(-c4cnc5ccccn45)n3)cn2)CC1,CDK7,Cn1ncc(-c2nc(N[C@H]3CC[C@H](N)CC3)ncc2F)c1CC1CC1,7.68,9.51,=,=
COc1cc(Nc2ncc(F)c(Nc3ccc4c(n3)NC(=O)C(C)(C)O4)n2)cc(OC)c1OC,MARK1,CC(C)n1cc(C(=O)c2cncc(N[C@@H]3CCN(C=O)[C@@H]3c3ccc(F)cc3)n2)c2c(N)ncnc21,6.57,6.96,=,=
CNC(=O)c1cc(Oc2ccc(NC(=O)Nc3ccc(Cl)c(C(F)(F)F)c3)cc2)ccn1,MUSK,CC(C)(CO)n1cc(C(=O)c2cncc(NC(=O)Cc3ccc(Cl)cn3)c2)c2cnc(N)nc21,6.89,7.28,=,=
C=CC(=O)N1CCCC[C@H]1c1nc(-c2ccc(C(=O)Nc3cc(Cl)ccn3)cc2)c(C(N)=O)n1N,BMX,C=CC(=O)N[C@@H]1Cn2c(c(-c3ccc(Oc4ccccc4)cc3)c3c(N)ncnc32)C1=C,7.08,6.76,=,=
CO[C@@H]1[C@H](NCCOCCOCCOCCNC(=O)CCC2=[N+]3C(=Cc4c(C)cc(C)n4[B-]3(F)F)C=C2)C[C@H]2O[C@]1(C)n1c3ccccc3c3c4c(c5c6ccccc6n2c5c31)C(=O)NC4,MYO3B,CCN1CCN(Cc2ccc(NC(=O)Nc3ccc(Oc4cc(NC)ncn4)cc3)cc2C(F)(F)F)CC1,6.48,7.08,=,=
Cc1nc2c(F)cc(-c3nc(Nc4ccc5c(n4)CCN(C(=O)CCN(C)C)C5)ncc3F)cc2n1C1CC1,CDK6,O[C@H]1CCN(C2CCN(c3ccc(Nc4ncc5c6ccncc6n(C6CCCC6)c5n4)nn3)CC2)C1,8.26,7.8,=,=
Nc1n[nH]c2cccc(-c3ccc(NC(=O)Nc4cc(CO)ccc4F)cc3)c12,MARK3,COc1ccc(C(=O)N2c3ccccc3Sc3c(Cl)cncc32)cc1,5.9,5.2,=,=
CNC(=O)c1cc(Oc2ccc(NC(=O)Nc3ccc(Cl)c(C(F)(F)F)c3)cc2)ccn1,EPHA3,Cc1ccc(-n2nc(C(C)(C)C)cc2NC(=O)Nc2ccc(OCCN3CCOCC3)c3ccccc23)cc1,5.72,6.06,=,=
COC(=O)c1ccc2c(c1)NC(=O)/C2=C(\Nc1ccc(N(C)C(=O)CN2CCN(C)CC2)cc1)c1ccccc1,LATS2,CCN1CCN(Cc2ccc(NC(=O)Nc3ccc(Oc4cc(NC)ncn4)cc3)cc2C(F)(F)F)CC1,6.42,5.52,=,=
CC(C)(O)C(=O)N1CCc2nc(Nc3ncc(C(F)(F)F)c(N[C@H]4CC[C@@H](N)CC4)n3)ccc2C1,CHEK1,CN(C)CCNC(=O)c1ccc2c(CCCN)cc3cc[nH]c(=O)c3c2c1,6.6,8.7,=,=
COc1cccc(NCC(=O)N/N=C/c2ccncc2)c1,GRK2,Cn1cc(-c2cc(C(N)=O)nc3[nH]ncc23)c2cc(OCC3CCCNC3)ccc21,7.65,6.16,=,=
Cc1ccc2c(=O)[nH]c3c(C)cc(O)c(-c4ccc([C@@H](C)N)cc4)c3c2c1,PBK,CC(C)N(C(=O)Nc1ccc2nc(-c3ccco3)c(-c3ccco3)nc2c1)C(C)C,8.81,5.5,=,=
C[C@@H]1CN(c2ccncc2NC(=O)c2csc(-c3c(F)cccc3F)n2)C[C@@H](N)[C@H]1O,PIM2,CN1CC[C@H](c2c(O)cc(O)c3c(=O)cc(-c4ccccc4Cl)oc23)[C@H](O)C1,6.9,6.11,=,=
CC(C)n1cnnc1-c1cccc(NC(=O)Nc2cnc3ccccc3n2)n1,MAP3K6,CC(=O)NCC(=O)N1[C@@H]2CC[C@H]1c1ccc(Nc3ncc(C(F)(F)F)c(NC4CCC4)n3)cc12,5.31,5.97,=,=
CC(C)OC(=O)NC1CCN(c2ccc(-c3nc4[nH]c(O[C@@H]5COC6C5OC[C@H]6O)nc4cc3Cl)cc2)CC1,PRKAA1,Cc1ccc(C(=O)Nc2c(C(N)=O)sc3ccc(Cl)c(Cl)c23)cc1,7.23,5.8,=,=
COc1cc(-c2nn([C@H]3CC[C@H](N4CCN(C(C)=O)CC4)CC3)c3ncnc(N)c23)ccc1NC(=O)c1cc2ccccc2n1C,FGR,COc1cc2c(Oc3ccc(NC(=O)C4(C(=O)Nc5ccc(F)cc5)CC4)cc3F)ccnc2cc1OCCCN1CCOCC1,4.85,7.4,=,=
CCOC(=O)C1=C(C)NC(OC)N(CC(=O)c2ccc(Cl)cc2)C1c1ccc(OC)cc1,MYLK,NCCNS(=O)(=O)c1cccc2c(Cl)cccc12,4.52,5.13,=,=
COc1ccc(-c2cnc3ncnc(NC(=O)C4CCCCC4)c3n2)cc1OC,STK17B,CCc1ccc(Nc2ncc(Cl)c(NCCCN)n2)cc1,6.75,6.43,=,=
CNC(=O)c1cc(Oc2ccc(NC(=O)Nc3cc(C(C)(C)C)nn3-c3ccc4ncccc4c3)c(F)c2)ccn1,NEK9,Cc1ccc(C(=O)Nc2cccc(C(F)(F)F)c2)cc1Nc1nc(-c2cccnc2)nc2c1cnn2C,6.22,7.14,=,=
COc1cc(N2CCC(N3CCN(C)CC3)CC2)ccc1Nc1ncc(Cl)c(Nc2ccccc2S(=O)(=O)C(C)C)n1,STK32C,CN[C@@H]1C[C@H]2O[C@@](C)([C@@H]1OC)n1c3ccccc3c3c4c(c5c6ccccc6n2c5c31)C(=O)NC4,7.26,6.51,=,=
COc1cc(-c2cnn3cc(OC)c([C@H]4COC(C)(C)C4)nc23)ccn1,ACVR2A,COc1cc(CNC(=O)Nc2snc(OCc3cccnc3)c2C(N)=O)cc(OC)c1,5.39,4.7,=,=
Cn1cc(-c2ccncc2/C=C/C(=O)Nc2ccc(CN3CCOCC3)cc2)cn1,CDK8,Cn1cc(-c2ccc(-c3cnc(N)c4ccc(C(=O)N5CCC5)cc34)cc2)cn1,7.89,7.16,=,=
Cc1n[nH]c2ccc(-c3cncc(OC[C@@H](N)Cc4ccccc4)c3)cc12,SRPK2,CN1CCN(c2ccc3nc(-c4c(N)c5c(F)cccc5[nH]c4=O)[nH]c3c2)CC1,5.96,6.54,=,=
Cc1cn(-c2cc(C(=O)Nc3cccc(Nc4ccc5c(c4)NC(=O)/C5=C\c4ccc[nH]4)c3)cc(C(F)(F)F)c2)cn1,NTRK2,CCN(CC)CCOc1ccc(Nc2ncc3cc(-c4c(Cl)cccc4Cl)c(=O)n(C)c3n2)cc1,7.56,5.8,=,=
c1ccc2c(-c3c[nH]c4nccc(N5CCCCC5)c34)n[nH]c2c1,CDC42BPB,c1csc(-c2c[nH]c3nccc(N4CCCC5(CCCCN5)C4)c23)n1,6.16,10.2,=,=
CN[C@@H]1C[C@H]2O[C@@](C)([C@@H]1OC)n1c3ccccc3c3c4c(c5c6ccccc6n2c5c31)C(=O)NC4,CDK15,CNC(=O)c1cc(Oc2ccc(NC(=O)Nc3ccc(Cl)c(C(F)(F)F)c3)cc2)ccn1,6.58,5.54,=,=
C[C@H]1O[C@@H](n2cc(-c3ccc(Cl)cc3)c3c(Nc4ccccc4)ncnc32)[C@H](O)[C@@H]1O,ADK,N#Cc1ccc(Nc2ncnc3c2c(-c2ccc(Cl)cc2)cn3[C@@H]2OC[C@@H](O)[C@H]2O)cc1,8.92,8.15,=,=
CN(C)CC(=O)N1CCC(c2ccc(NC(=O)c3nc(C#N)c[nH]3)c(C3=CCCCC3)c2)CC1.Cl,RIOK1,Nc1nc(N)c2nc(-c3cccc(O)c3)c(-c3cccc(O)c3)nc2n1,5.64,5.24,=,=
COc1cc(N2CCC(N3CCN(C)CC3)CC2)ccc1Nc1ncc(Cl)c(Nc2ccccc2P(C)(C)=O)n1,TSSK2,CN[C@@H]1C[C@H]2O[C@@](C)([C@@H]1OC)n1c3ccccc3c3c4c(c5c6ccccc6n2c5c31)C(=O)NC4,6.86,8.46,=,=
CC(C)(O)C#Cc1ccc2[nH]c3c(c2c1)-c1nc(N)ncc1CCC3,PAK6,COc1cc(Nc2ncc(F)c(Nc3ccc4c(n3)NC(=O)C(C)(C)O4)n2)cc(OC)c1OC,7.22,6.51,=,=
NC(=O)c1cc2c(-c3ccc(F)cc3)cncc2s1,PBK,Cc1ccc2c(c1)c(=O)[nH]c1c(C)cc(O)c(-c3ccc([C@@H](C)N(C)C)cc3)c12,6.2,5.19,=,=
CC(C)(O)[C@H](F)CNC(=O)c1cnc(Nc2ccc3ncsc3c2)cc1NC1CC2CCC1C2,IRAK4,CCn1cccc(NC(=O)c2cn3cc(C45COC(C)(C4)C5)nc3nc2OC(C)C)c1=O,8.59,9.52,=,=
O=C(NCc1ccc(C(F)(F)F)cc1)c1ccc(Oc2ccccc2)cc1,MAPK14,Cc1ccc(NC(=O)c2cccc(-c3ccoc3)c2)cc1-c1ccc(C(=O)NCC2CC2)cc1,5.85,8.8,=,=
NS(=O)(=O)c1cccc(Nc2ncc3ccn(-c4ccccc4)c3n2)c1,DCLK1,CCN1c2ccccc2C(=O)N(C)c2cnc(Nc3ccc(N4CCN(C)CC4)cc3OC)nc21,5.3,6.81,=,=
NC(c1ccc(Cl)cc1)C1CCN(c2ccnc3[nH]ccc23)CC1,AKT2,C=Cc1cc(OC)c2nc(-c3ccc(C4(N)CCC4)cc3)c(-c3ccccc3)n2c1,7.92,7.12,=,=
CC(C)NC[C@@H](C(=O)N1CCN(c2ncnc3c2[C@@H](C)CC(=O)N3)CC1)c1ccc(Cl)cc1,AKT3,CC(C)NC[C@@H](C(=O)N1CCN(c2ncnc3c2[C@H](C)CC(=O)N3)C[C@@H]1C)c1ccc(Cl)cc1.O=CO,6.8,8.07,=,=
CC(C)c1cc(CNc2nc(Nc3cc(C4CC4)[nH]n3)cc(N3CCN(C)CC3)n2)on1,CDK17,COC[C@@H](C)N[C@H]1CC[C@H](Nc2cc(-c3cccc(NCC4(C#N)CCOCC4)n3)c(Cl)cn2)CC1,8.3,5.82,=,=
COc1cc(N2CCN(C3CCN(C)CC3)CC2)ccc1Nc1ncc(Cl)c(Nc2ccccc2P(C)(C)=O)n1,IGF1R,COc1cc(Nc2nccc(N3CCC[C@H](C(=O)NCc4cccc(Cl)c4)C3)n2)cc(OC)c1OC,7.36,6.44,=,=
COc1cccc(NC(=O)c2cccc(Nc3ccc4[nH]cc(C#N)c4c3)c2)c1,NTRK1,COCCN1C[C@@H](NC(=O)Nc2c(C)c(C(=O)NCc3cncnc3)nn2-c2ccccc2)[C@H](c2ccnc(F)c2)O1,6.72,6.26,=,=
Cc1ccc(C(=O)NCC(=O)Nc2ccc3c(c2)/C(=C/c2cnc[nH]2)C(=O)N3)c(=O)n1Cc1ccc(F)c(F)c1,AURKA,COc1ccc(C(=O)Nc2cccc(CNc3c(C(N)=O)cnc4c(C(N)=O)cccc34)c2)cc1,6.71,7.44,=,=
CCNC(=O)[C@H](CCC1CCCCC1)NC(=O)c1ccc(CNC(=O)c2cnn(-c3ccccc3)c2N)cc1,MAP3K4,CCOc1cc2ncc(C#N)c(Nc3ccc(F)c(Cl)c3)c2cc1NC(=O)/C=C/CN(C)C,5.24,6.55,=,=
CC[C@H]1CN(C(C)c2ccc(OC(F)(F)F)cc2F)[C@H](CC)CN1c1nc(=O)n(C)c2ccc(C#N)nc12,DGKA,C[C@H]1CN(c2c(Cl)c(=O)n(C)c3ccc(C#N)nc23)CCN1C(c1ccc(F)cc1)c1ccc(F)cc1,7.18,5.48,=,=
O=C(Nc1cnccn1)Nc1cccc2c(O)cccc12,PRKAA1,NC(=O)c1cccc2cn[nH]c12,5.7,4.0,=,=
CC(C)(C)c1nc2c3ccc(F)cc3c3c(=O)[nH]ccc3c2[nH]1,IKBKE,CCCCN(CCC#N)C(=O)c1ccc2nc(-c3n[nH]c4ccccc34)[nH]c2c1,7.0,6.2,=,=
CN1CCN(Cc2ccc3ccc(Cl)c(C4=C(c5cn(C)c6ccccc56)C(=O)NC4=O)c3c2)CC1,PRKCE,O=C(N[C@@H]1CNC[C@H]1NC(=O)c1cc(O)c(C(=O)c2c(O)cccc2C(=O)O)c(O)c1)c1ccc(O)cc1,6.6,7.1,=,=
Cc1ccc(C(=O)Nc2cccc(C(F)(F)F)c2)cc1Nc1nc(-c2cccnc2)nc2nn(C)cc12,TK1,Cc1cn(C/C=C\COC(=O)c2ccccc2)c(=O)[nH]c1=O,7.81,4.52,=,=
COc1cc(N2CCC(N3CCN(C)CC3)CC2)ccc1Nc1ncc(Cl)c(Nc2ccccc2S(=O)(=O)C(C)C)n1,GRK1,COc1ccccc1CNC(=O)c1cc(C2NC(=O)NC(C)=C2C(=O)Nc2ccc3[nH]ncc3c2)ccc1F,6.39,4.79,=,=
CC(=O)Nc1nc(C)c(-c2ccc(S(C)(=O)=O)c(C#N)c2)s1,PIK3CB,O=c1c(F)c(N2CCOCC2)nc2n(Cc3cccc(Cl)c3Cl)ccn12,6.12,7.6,=,=
C=CC(=O)Nc1cc2c(Nc3ccc(F)c(Cl)c3)ncnc2cc1C#CC(C)(C)N1CCN(C)CC1,MAP3K1,O=C(Nc1c[nH]nc1-c1nc2ccc(CN3CCOCC3)cc2[nH]1)NC1CC1,5.1,5.85,=,=
COc1ccc(-n2nc(C(C)(C)C)cc2NC(=O)Nc2ccc(Oc3ccnc4[nH]c(=O)n(C)c34)c3ccccc23)cn1,HCK,CO[C@@H]1[C@H](N(C)CCOCCOCCOCCNC(=O)CCC2=[N+]3C(=Cc4c(C)cc(C)n4[B-]3(F)F)C=C2)C[C@H]2O[C@]1(C)n1c3ccccc3c3c4c(c5c6ccccc6n2c5c31)C(=O)NC4,8.3,6.55,=,=
Cc1ccc(C(=O)Nc2ccc(Oc3cc4cnn(C)c4cc3-c3cn[nH]c3)c(F)c2)c(=O)n1-c1ccc(F)cc1,CAMK4,COc1cc(N2CCC(N3CCN(C)CC3)CC2)ccc1Nc1ncc(Cl)c(Nc2ccccc2S(=O)(=O)C(C)C)n1,5.49,7.52,=,=
CN(C[C@@H]1COCCO1)S(=O)(=O)Nc1ccc2ccc3ncc(-c4cnn(C)c4)cc3c(=O)c2c1,IRAK3,Cc1ncsc1-c1ccc(CNC(=O)[C@@H]2C[C@@H](O)CN2C(=O)[C@@H](NC(=O)CCCNC(=O)CCC(=O)N2CCN([C@H]3CC[C@@H](Nc4ncnn5ccc(C(C)C)c45)CC3)CC2)C(C)(C)C)cc1,6.3,7.82,=,=
O=C(Nc1ccc(Oc2ccc(O)cc2)c(Cl)c1)c1cc(Cl)cc(Cl)c1O,STK39,CCN(CC)CCNC(=O)c1c(C)[nH]c(/C=C2\C(=O)Nc3ccc(F)cc32)c1C,5.25,6.85,=,=
Nc1ncnc2c1c(-c1cnc(NC(=O)Nc3cc(C4(C(F)(F)F)CC4)no3)c(F)c1)cn2C1CC1,NEK7,Cc1ccc(C(=O)Nc2cccc(C(F)(F)F)c2)cc1Nc1nc(-c2cccnc2)nc2c1cnn2C,6.0,6.45,=,=
CO[C@@H]1[C@H](NCCOCCOCCOCCNC(=O)CCC2=[N+]3C(=Cc4c(C)cc(C)n4[B-]3(F)F)C=C2)C[C@H]2O[C@]1(C)n1c3ccccc3c3c4c(c5c6ccccc6n2c5c31)C(=O)NC4,CAMK2B,CO[C@@H]1[C@H](N(C)C(=O)c2ccccc2)C[C@H]2O[C@]1(C)n1c3ccccc3c3c4c(c5c6ccccc6n2c5c31)C(=O)NC4,7.72,6.68,=,=
COC(=O)[C@@]1(O)C[C@H]2O[C@]1(C)n1c3ccccc3c3c4c(c5c6ccccc6n2c5c31)C(=O)NC4,TP53RK,Cc1ccc(C(=O)Nc2cccc(C(F)(F)F)c2)cc1Nc1nc(-c2cccnc2)nc2nn(C)cc12,5.42,6.32,=,=
Nc1c(C(=O)NCc2ccc(C(=O)NCCCC3CCCCC3)cc2)cnn1-c1ccccc1,MYLK4,CSCC#Cc1ccc2[nH]cc(-c3ccnc(N)n3)c2c1,5.0,5.52,=,=
Nc1nccnc1C(=O)O[C@@H](C(=O)Nc1ccc(F)cc1)c1ccccc1,MLKL,CN(c1ccc(NC(=O)Nc2ccc(OC(F)(F)F)cc2)cc1)c1ccnc(Nc2cccc(S(N)(=O)=O)c2)n1,6.64,6.28,=,=
COc1cc(N2CCC(N3CCN(C)CC3)CC2)ccc1Nc1ncc(Cl)c(Nc2ccccc2S(=O)(=O)C(C)C)n1,STK32C,CN1C(=O)[C@@H](N2CCc3cn(CC4CCS(=O)(=O)CC4)nc3C2=O)COc2ccccc21,7.26,6.0,=,=
CC(C)(C)OC(=O)NCCCn1cc(C2=C(c3c[nH]c4ccc(Br)cc34)C(=O)NC2=O)c2ccccc21,CAMK2D,C[C@H](Nc1cc(Nc2nccc(-c3ccc(C(=O)NO)cc3)n2)ccn1)c1ccccc1,5.12,6.77,=,=
OC[C@H]1O[C@@H](n2cnc3c(N4CCc5ccccc54)ncnc32)[C@H](O)[C@@H]1O,ADK,CN(C)c1ccc(-c2nc3ncnc(N)c3cc2-c2ccc(Br)cc2)cc1,6.3,7.7,=,=
O=C(N[C@H](CO)c1ccccc1)c1ccc2nc(N[C@H]3CC[C@H](O)CC3)c3nccn3c2c1,MAST3,CCC[C@@H](NC(=O)c1ccc2nc(N[C@H]3CC[C@H](O)CC3)c3nccn3c2c1)c1ccccc1,6.54,5.62,=,=
Cc1[nH]c(/C=C2\C(=O)Nc3ccc(F)cc32)c(C)c1C(=O)NC[C@H](O)CN1CCOCC1,MAP3K13,Cc1ccc(N2C[C@@H]3C[C@H]2CN3c2nc(-c3cnc(N)c(OC(F)F)n3)cc(N3CCC(F)(F)C3)n2)nn1,6.27,8.22,=,=
COc1ncc(-c2nn(-c3ccccc3)c(NC(=O)N[C@@H]3CN(CCCO)O[C@H]3c3ccc(F)c(F)c3)c2C)cn1,NTRK1,O=C1Nc2ccccc2/C1=C1\CCc2cc(O)ccc21,6.26,8.22,=,=
COc1cccc(Oc2ccc(Nc3ncnc4[nH]ccc34)cc2)c1,TTBK2,Nc1nc(Nc2ccc(Oc3cccc(Cl)c3)cc2)c2cc[nH]c2n1,5.17,5.52,=,=
CCN1CCN(Cc2ccc(NC(=O)Nc3ccc(Oc4cc(NC)ncn4)cc3)cc2C(F)(F)F)CC1,STK36,C[C@]12O[C@H](C[C@]1(O)CO)n1c3ccccc3c3c4c(c5c6ccccc6n2c5c31)CNC4=O,5.89,5.42,=,=
COc1c(Nc2cc(C)[nH]n2)nc(Sc2ccc(S(=O)(=O)Cc3cccc([N+](=O)[O-])c3F)cc2F)nc1N1CCOCC1,AURKC,Cc1cc(Nc2nc(Sc3ccc(NC(=O)CN(C)C)cc3)nn3cccc23)n[nH]1,6.31,8.3,=,=
Cc1[nH]c(/C=C2\C(=O)Nc3ccc(F)cc32)c(C)c1C(=O)NC[C@H](O)CN1CCOCC1,CAMK4,N[C@@H]1CCCN(c2c(/C=C3\SC(=O)NC3=O)cccc2-c2ccccc2)C1,5.57,6.44,=,=
COc1ccc(-c2nn([C@@H]3CCNC3)c3ncnc(N)c23)cc1O,PI4KB,Cc1nc(NC(=O)[C@@H](C)CC(F)(F)F)sc1-c1ccc(N)nc1,4.75,7.28,=,=
CN(C)c1cncnc1-c1ccc2nc(Nc3cc(CN4CCN(C(=O)OC(C)(C)C)CC4)ccn3)[nH]c2c1,TBK1,CSc1cc(-c2ccc3nc(Nc4cc(CN5CCN(C(=O)OC(C)(C)C)CC5)ccn4)[nH]c3c2)ncn1,5.82,7.41,=,=
O=C(NNC(=S)Nc1ccc(F)cc1)C(O)(c1ccccc1)c1ccccc1,CAMK1,COc1cc(Nc2ncc([N+](=O)[O-])c(Nc3ccccc3C(N)=O)n2)cc(OC)c1OC,5.5,6.1,=,=
Nc1nc(Cl)nc2c1ncn2[C@H]1CC[C@@H](C(=O)Nc2ccc3ncsc3c2)CC1,CHKB,Clc1ccc2c(N3CCCCCC3)cc[n+](Cc3ccc(-c4ccccc4)cc3)c2c1.[Br-],5.47,4.2,=,=
Cc1nc(Nc2ncc(C(=O)Nc3c(C)cccc3Cl)s2)cc(N2CCN(CCO)CC2)n1.O,VRK2,CN1C(=O)[C@@H](N2CCc3cn(Cc4ccccc4)nc3C2=O)COc2ccccc21,5.5,6.0,=,=
Cc1cc(C(=O)O)ccc1CN1CCC[C@H](O[C@H](CO)c2cccc(C(F)(F)F)c2)[C@@H]1c1ccccc1,PRKG1,NCCOc1cncc(C=Cc2ccncc2)c1,5.39,6.6,=,=
Cc1cccc(NC(=O)Nc2ccc(-c3cnc4c(-c5cnn(C)c5)cnn4c3N)cc2)c1,NEK2,COc1cc(-c2cnc(N)c(N3CC[C@H](C(=O)O)[C@@H](C)C3)n2)cc(OC)c1OC,6.3,5.57,=,=
CS(=O)(=O)c1ccc(N2CCC(NC(=O)c3ccc(C(=O)N4CCC(Oc5ccc(F)cc5)CC4)nc3)CC2)cc1,PRKAA2,COc1cc(N2CCC(N3CCN(C)CC3)CC2)ccc1Nc1ncc(Cl)c(Nc2ccccc2S(=O)(=O)C(C)C)n1,5.52,7.31,=,=
CCN1CCC(Oc2nc(-c3ccc(NS(=O)(=O)c4cc(C)ccc4F)cc3)nc3[nH]nc(C)c23)CC1,SGK1,COc1cc(O)ccc1/C=N/NC(=O)Cc1cccc(O)c1,8.24,6.86,=,=
Cc1ccc(-n2nnnc2CNC(=O)Nc2ccccc2)cc1C,PKLR,O=C(O)CC[C@H](NC(=O)N1CCN(S(=O)(=O)c2cc3c(c(O)c2O)C(=O)c2ccccc2C3=O)CC1)C(=O)O,4.0,6.26,=,=
CN[C@@H]1C[C@H]2O[C@@](C)([C@@H]1OC)n1c3ccccc3c3c4c(c5c6ccccc6n2c5c31)C(=O)NC4,MATK,NCC1CCC(CNc2nc(NCc3ccccc3Cl)ncc2[N+](=O)[O-])CC1,6.36,5.8,=,=
CC[C@H](C)[C@H](NC(=O)[C@H](Cc1ccccc1)NC(=O)[C@H](Cc1ccc(O)cc1)NC(=O)[C@H](CC(N)=O)NC(=O)[C@@H](NC(=O)[C@@H](NC(=O)[C@@H](NC(=O)[C@H](CCC(N)=O)NC(=O)[C@H](CC(C)C)NC(=O)[C@H](CCCNC(=N)N)NC(=O)[C@H](CCC(=O)O)NC(=O)[C@H](Cc1ccccc1)NC(=O)[C@H](CCCCN)NC(=O)[C@H](C)N)[C@@H](C)O)C(C)C)[C@@H](C)O)C(=O)N[C@H](C(=O)N[C@@H](CO)C(=O)N[C@@H](CCCCN)C(=O)O)[C@@H](C)O,GRK5,CC1=C(C(=O)Nc2ccc3[nH]ncc3c2)C(c2ccc(F)c(C(=O)NCCc3c(C)cccc3C)c2)NC(=O)N1,5.03,4.24,=,=
COc1ccc(CNc2cc(Oc3cccc(NC(=O)CCl)c3)ncn2)cc1OC,MAP2K7,C#Cc1nn([C@@H]2CCCN(C(=O)C=C)C2)c2ncnc(N)c12,6.58,7.52,=,=
CCOC(=O)N1CCC(c2cc(N3CCOC[C@H]3C)nc(-c3ccnc4[nH]ccc34)n2)CC1,CHEK1,O=C(Nc1ccc(O)cc1)c1ccc2c(-c3nc4cc(Cl)ccc4[nH]3)n[nH]c2c1,6.96,6.0,=,=
COc1cc2c(-c3cnc(-c4ccc[nH]4)o3)c[nH]c2cc1Br,MAPK15,COc1ccc(F)c(F)c1C(=O)c1cnc(NC2CCN(S(C)(=O)=O)CC2)nc1N,6.0,7.46,=,=
O=C(O)c1ccc(Nc2ncc3c(n2)-c2ccc(Cl)cc2C(c2c(F)cccc2F)=NC3)cc1,EPHA5,CO[C@@H](C(=O)N1Cc2[nH]nc(NC(=O)c3ccc(N4CCN(C)CC4)cc3)c2C1)c1ccccc1,5.85,7.06,=,=
COC[C@@H]1COCCN1C(=S)SSC(=S)N1CCOC[C@H]1COC,PDK3,Cc1cc(-c2cnn(CCO)c2)c2c(c1)C(O)(C(F)(F)F)c1ccccc1-2,5.53,6.04,=,=
C=CC(=O)N1CC[C@]2(C1)C[C@H](n1c(NC(=O)c3ccc(-c4cncnc4C)s3)nc3ccccc31)C2,TXK,C=CC(=O)N1CC[C@]2(C1)C[C@H](n1c(NC(=O)c3ccc(NC(=O)c4cccnc4)s3)nc3ccccc31)C2,9.0,7.19,=,=
Cc1cccc(C=NNc2cc(N3CCOCC3)nc(OCCc3ccccn3)n2)c1,TYK2,Cc1cc(-c2cc3ncccc3c(-c3ccn(C4(CC#N)CN(S(C)(=O)=O)C4)n3)n2)cnc1N,5.9,6.31,=,=
O=c1[nH]cnc2ccc(N3C[C@H]4CCCC[C@H]4C3)cc12,IP6K3,Cc1ccc(-c2onc3ccc(C(=O)O)cc23)cc1,4.21,5.11,=,=
CN(C)c1ccc(-c2ncnc3[nH]c4ccc(C(N)=O)cc4c23)cc1,MAP2K7,O=C(CCl)Nc1cccc(Oc2cc(NCc3cc(F)cc(F)c3)ncn2)c1,6.0,7.13,=,=
O=C(Nc1ccc(OC(F)(F)F)cc1)c1cnc(N2CCNC3(CC3)C2)c(-c2cncnc2)c1,ABL1,CC(C)n1nc(C#Cc2cccc3cc(-c4ccc(Cl)c(C(F)(F)F)c4)ncc23)c2c(N)ncnc21,8.81,7.66,=,=
COc1cc2nccc(Nc3cc(OC)c(OC)c(OC)c3)c2cc1OC,EPHA1,Cc1ccc(C(=O)Nc2ccc(CN3CCN(C)CC3)c(C(F)(F)F)c2)cc1C#Cc1cnc2cccnn12,5.89,6.39,=,=
COc1ccc(-c2cccc3c2OCCO3)cc1C1=C(Nc2cccc(C#N)c2)C(=O)NC1=O,STK10,COc1ccccc1C1=C(Nc2ccc3ncccc3c2)C(=O)NC1=O,5.34,6.96,=,=
Cc1cc2ccc(-c3ccnc4ccccc34)c(C)c2c(=O)[nH]1,ACVR1,c1ccc2c(-c3cnn4cc(-c5ccc(C6CCNCC6)cc5)cnc34)ccnc2c1,8.0,6.17,=,=
O=C(Nc1ccc2cncc(Cl)c2c1)[C@@H]1CC1c1ccc(S(=O)(=O)Nc2ncccn2)cc1,JAK3,COCN1CN([C@H]2CC[C@H](CNCC(F)(F)F)CC2)c2c(cnc3[nH]ccc23)C1=O,8.68,7.43,=,=
Nc1ncnn2c(CN3CCCC(O)C3)cc(-c3cc(F)c(CO)c(F)c3)c12,ACVRL1,CN1C(=O)[C@@H](N2CCc3c(nn(Cc4ccccc4)c3Br)C2=O)COc2ccccc21,7.16,6.0,=,=
OCCCCNc1ncc2c(-c3ccc(CN4CCOCC4)cc3)cn(C3CCC(O)CC3)c2n1,FLT3,CN1CCC(NC(=O)CO/N=C2C(=C3/C(=O)Nc4ccccc43)/Nc3ccccc3/2)CC1.Cl,8.48,7.54,=,=
COc1cc(N2CCC(N3CCN(C)CC3)CC2)ccc1Nc1ncc(Cl)c(Nc2ccccc2S(=O)(=O)C(C)C)n1,MYO3B,CN1C(=O)[C@@H](N2CCc3c(nn(Cc4ccccc4)c3Br)C2=O)COc2ccccc21,7.09,6.0,=,=
NC(=O)c1ccc2[nH]c(-c3ccc(-c4ccc(Cl)cc4)cc3)nc2c1,CHEK2,Cc1cccc(NC(=O)Cc2ccc(-c3cccc4[nH]nc(N)c34)cc2)c1,6.6,5.1,=,=
C[C@@H](Oc1cc(-c2cnn(C3CCNCC3)c2)cnc1N)c1c(Cl)ccc(F)c1Cl,EPHB1,Cc1cnc(Nc2ccc(OCCN3CCCC3)cc2)nc1Nc1cccc(S(=O)(=O)NC(C)(C)C)c1,6.92,5.77,=,=
Nc1ncnc2sc3c(c12)CCC(C(=O)NCc1ccccc1)C3,LIMK1,CCOC(=O)C1CCc2c(sc3ncnc(N)c23)C1,5.02,5.64,=,=
O=S1(=O)CCC12CN(c1cc(N3CCOCC3)nc3c(-c4ccn[nH]4)nccc13)C2,ATR,CC(C)(C)OC(=O)[C@@H]1CCCN1c1cc(N2CCOCC2)nc2c(-c3ccn[nH]3)nccc12,6.0,5.65,=,=
CN1CCC(CNC(=O)c2ccncc2Nc2cc(-c3ccc4ccn(C)c4c3)c3nccnc3c2)C1,PFKFB3,Cn1cc(-c2n[nH]c3ccc(Oc4ccc(NC(=O)CN)cc4)cc23)cn1,5.88,6.3,=,=
CNC(=O)c1cc(Oc2ccc(NC(=O)Nc3ccc(Cl)c(C(F)(F)F)c3)cc2)ccn1,FGR,COc1cc2c(Oc3ccc4[nH]c(C)cc4c3F)ncnc2cc1OCCCN1CCCC1,5.11,5.96,=,=
Cc1cnc(Nc2ccc(OCCN3CCCC3)cc2)nc1Nc1cccc(S(=O)(=O)NC(C)(C)C)c1,MAP3K4,CCOc1cc2ncc(C#N)c(Nc3ccc(OCc4ccccn4)c(Cl)c3)c2cc1NC(=O)/C=C/CN(C)C,5.39,6.73,=,=
N#CC[C@H](C1CCCC1)n1cc(-c2ncnc3[nH]ccc23)cn1,NUAK2,CN1CCN(c2ccc(Nc3ncc4cc(C#N)c(=O)n(C5CCCC5)c4n3)cc2)CC1,6.5,8.3,=,=
Cc1ccc(C(=O)Nc2cccc(C(F)(F)F)c2)cc1Nc1nc(-c2cccnc2)nc2c1cnn2C,ERN2,CN1CCN(C2CCN(C(=O)Nc3cc(Oc4ccc(NC(=O)C5(C(=O)Nc6ccc(F)cc6)CC5)c(F)c4)ccn3)CC2)CC1,5.67,6.01,=,=
CCn1cc(Nc2nccc(-c3ccn([C@H](CO)c4ccc(Cl)c(F)c4)c(=O)c3)n2)cn1,MAPK3,C=CC(=O)Nc1ccccc1Nc1nc(Nc2cc(C(=O)NOC)ccc2C#N)ncc1C(F)(F)F,8.3,6.52,=,=
O=C1C(=NNc2cccc3c(=O)[nH][nH]c(=O)c23)C(c2ccccc2)=NN1c1ccccc1,MAP4K5,Cc1ccccc1Nc1nccc(-c2c(-c3cccc(NC(=O)c4ccccc4)c3)nc3sccn23)n1,5.1,7.0,=,=
COc1cc2c(Nc3cccc(Cl)c3C)ncnc2cc1O[C@@H]1CO[C@@H]2[C@H]1OC[C@H]2F,EPHA2,COc1cc2c(Nc3ccc(Br)c(Cl)c3C)ncnc2cc1OCC1CN(C)CCO1,6.28,7.3,=,=
O=C(NCCCNc1nc(Nc2cccc(CN3CCOCC3)c2)ncc1C1CC1)C1CCC1,ULK2,C[C@@H](Oc1cc(-n2cnc3ccc(CN4CCN(C)CC4)cc32)sc1C(N)=O)c1ccccc1C(F)(F)F,7.42,5.85,=,=
C[C@@H]1CCCN1Cc1ccc(-c2cnc(N)c(C(=O)N[C@H]3CC[C@](C)(O)CC3)c2)c(F)c1,BMPR1A,Nc1ncc(-c2ccc([C@]34C[C@H]3CN(C(CF)CF)C4)cc2)cc1C(=O)N[C@H]1CC[C@H](O)CC1,5.0,5.92,=,=
N[C@H](CC1CCC1)C(=O)Nc1ccc(-c2ccnc3[nH]ccc23)cc1,CIT,Cc1ccc(-n2nc(C(C)(C)C)cc2NC(=O)Nc2ccc(OCCN3CCOCC3)c3ccccc23)cc1,7.21,5.68,=,=
N[C@H](CNc1nnc(-c2ccc3cnccc3c2)s1)Cc1ccc(C(F)(F)F)cc1,SGK1,CCC(CC)N[C@H]1CC[C@@H](Oc2nc(C)sc2C(=O)N[C@@H]2CCCN(c3nn(-c4ccc(C(N)=O)c(F)c4)c4ncnc(N)c34)C2)CC1,5.66,8.52,=,=
Cc1cc(Nc2nc(Cl)cc(NCc3ccccc3)n2)n[nH]1,PAK4,COc1ccc(NC(=O)c2ccc(-c3nc4ccc(-c5ccc(N6CCN(C)CC6)cc5)cc4[nH]3)cc2)cc1,6.0,7.51,=,=
COC(=O)c1ccc2c(c1)NC(=O)/C2=C(\Nc1ccc(N(C)C(=O)CN2CCN(C)CC2)cc1)c1ccccc1,MYLK4,OCCN1CCC(n2cc(Nc3ncc(F)c(-c4ccc5nc(N6CCOCC6)ncc5c4)n3)cn2)CC1,6.36,7.77,=,=
COCCN1CCC(n2cc(-c3cnc(N)c(-c4ccc(=O)n(-c5c(Cl)c(OC)cc(OC)c5Cl)n4)c3)cn2)CC1,FGFR1,COC(=O)c1cc2c(cc1C)/C(=C(/Nc1ccc(C(=O)NCCN3CCNC(=O)CC3)cc1)c1ccccc1)C(=O)N2,7.94,7.6,=,=
O=C(O)c1ccc2noc(-c3cccc(Oc4ccccn4)c3)c2c1,IP6K1,O=C(NC1CC1)c1ccc2c(c1)[C@]1(CC[C@H](Oc3ncc(Cl)cc3Cl)CC1)C(=O)N2,6.21,7.17,=,=
O=C(Nc1cnn2ccccc12)c1ccccc1Cl,EPHB3,COc1cc(N2CCC(N3CCN(C)CC3)CC2)ccc1Nc1ncnc(Nc2ccccc2S(=O)(=O)C(C)C)n1,4.7,5.26,=,=
COc1cccc2c1Cc1c(NCc3c(C)cccc3Cl)n[nH]c1-2,EIF2AK1,COc1cc2c(cc1OC)S(=O)(=O)c1c(NCc3c(Cl)cccc3Cl)n[nH]c1-2,6.1,7.1,=,=
CN1CCN(c2nc(NCc3nc4c(F)c(F)ccc4[nH]3)c3ncn(-c4ccncc4)c3n2)CC1,CSNK1D,CCCn1cnc(-c2ccc(F)cc2)c1-c1ccc2nc(NC(=O)c3ccnc(F)c3)cn2n1,6.76,9.32,=,=
COc1c(-c2nc3ccccc3[nH]2)c(O)cc2oc(C)cc(=O)c12,NTRK2,CC(C)n1cc(C(=O)c2ccnc(NC(=O)Nc3ccc(F)cc3F)c2)c2c(N)ncnc21,5.5,8.3,=,=
Cc1ccc(Nc2nccc(N(C)c3ccc4c(C)n(C)nc4c3)n2)cc1S(N)(=O)=O,STK36,COc1cc(Nc2ncc(F)c(Nc3ccc4c(n3)NC(=O)C(C)(C)O4)n2)cc(OC)c1OC,6.33,6.64,=,=
Cc1cscc1-c1c2c(n(Cc3ccc(F)cc3C#N)c1-c1ccncc1)CCNC2=O,RIPK3,Cc1cccc(-c2nn3c(c2-c2ccnc4ccc(C(N)=O)cc24)CCC3)n1,5.12,7.96,=,=
NC(=O)c1cccc2cn[nH]c12,DAPK3,NC(=O)c1cc2ccncc2s1,4.6,5.6,=,=
CCn1c(-c2nonc2N)nc2c(C#CC(C)(C)O)ncc(OC[C@H]3CCCNC3)c21,PRKACA,c1ccc(Cn2nnc(-c3ccc4[nH]ncc4c3)c2C2CC2)cc1,7.72,6.5,=,=
C=CCn1cc(N(c2nc(C(N)=O)c(-c3cc(C(=O)N4CCOCC4)c[nH]3)s2)C2CC2)cn1,NTRK3,CN(Cc1cc(Cl)c(O)c2ncccc12)C1CCCCC1,7.35,6.0,=,=
CN1C(=O)[C@@H](N2CCc3cn(Cc4ccccc4)nc3C2=O)COc2ccccc21,OXSR1,N#CC[C@H](C1CCCC1)n1cc(-c2ncnc3[nH]ccc23)cn1,6.0,5.57,=,=
COC[C@H]1OC(=O)c2coc3c2[C@@]1(C)C1=C(C3=O)[C@@H]2CCC(=O)[C@@]2(C)C[C@H]1OC(C)=O,MYLK,CCOC(=O)C1=C(C)NC(OC)N(CC(=O)c2ccc(Cl)cc2)C1c1ccccc1,5.72,4.48,=,=
Cc1nc(NC(=O)N2CCC[C@H]2C(N)=O)sc1-c1ccnc(C(C)(C)C(F)(F)F)c1,PRKACG,Cc1ccc(C(=O)Nc2cccc(C(F)(F)F)c2)cc1Nc1nc(-c2cccnc2)nc2c1cnn2C,5.7,6.2,=,=
COc1cc2c(Nc3ccc(NC(=O)c4ccccc4)cc3)ncnc2cc1OCCCN1CCOCC1,AURKB,c1ccc2[nH]c(Nc3ncc(CCNc4ncnc5ccsc45)s3)nc2c1,6.89,6.38,=,=
CNC(=O)c1ccc(Nc2nccc(-c3cnc(C)n3C(C)C)n2)cc1F,CDKL1,CN1C(=O)[C@@H](N2CCc3cn(CC4CCS(=O)(=O)CC4)nc3C2=O)COc2ccccc21,7.22,6.0,=,=
COc1c(-c2nc3ccccc3[nH]2)c(O)cc2oc(C)cc(=O)c12,MAP2K2,Cc1cc(=O)n2ccc(CN(C)C)c(O)c2n1,6.4,6.9,=,=
COc1cc2c(Oc3ccc(NC(=O)C4(C(=O)Nc5ccc(F)cc5)CC4)cc3F)ccnc2cc1OCCCN1CCOCC1,CDK15,CCN1CCN(Cc2ccc(NC(=O)Nc3ccc(Oc4cc(NC)ncn4)cc3)cc2C(F)(F)F)CC1,7.5,7.08,=,=
CN(C)CCCOc1ccc(-c2ccc3ncc4c(c3c2)n([C@H]2CCCOC2)c(=O)n4C)cn1,ATM,COCCOc1cccc(C[C@H]2CCCCCN2c2nc(N3CCO[C@H](C)C3)cc(=O)[nH]2)c1,9.48,7.84,=,=
COC(=O)c1ccc2c(c1)NC(=O)/C2=C(\Nc1ccc(C(=O)N(CCN(C)C)OC)cc1)c1ccccc1,PDGFRA,Cc1c2ccc(N(C)c3ccnc(Nc4cccc(Cl)c4)n3)cc2nn1C,7.75,7.07,=,=
N#Cc1ccc2nc(N)n(-c3nccs3)c2c1,PRKACA,c1ccc(Cn2nnc(-c3ccc4[nH]ncc4c3)c2C2CC2)cc1,5.9,6.5,=,=
NCCCOc1cc2c(c(-c3ccc(Nc4nc5ccccc5o4)cc3)c1)CNC2=O,PRKCI,CC(C)C[C@H](N)CNc1nc(-c2ccncc2)nc2c(Br)csc12,5.5,6.0,=,=
Cc1ccc(F)c(NC(=O)Nc2ccc(-c3cccc4[nH]nc(N)c34)cc2)c1,EPHA3,Cc1ccc(-n2nc(C(C)(C)C)cc2NC(=O)Nc2ccc(OCCN3CCOCC3)c3ccccc23)cc1,5.46,6.06,=,=
COc1cc(-c2nn(CCN3CCC(N(C)C)CC3)c3ncnc(N)c23)ccc1Cc1ncc(C)o1,BLK,Cc1cccc(NC(=O)Nc2ccc3c(c2)CCc2sc4ncnc(N)c4c2-3)c1,7.26,6.9,=,=
Cn1cc(-c2cccc(NS(=O)(=O)c3ccc(C(F)(F)F)cc3)c2F)c2c(N)ncnc21,EIF2AK3,Cn1cc(-c2ccc3c(c2)CCN3C(=O)Cc2cccc(F)c2)c2c(N)ncnc21,6.98,9.7,=,=
CCCn1c(=O)c2cc(F)ccc2n2c(=S)[nH]nc12,PLK1,NS(=O)(=O)c1cc(Cl)c(NC(=S)NC(=O)c2ccccc2)c(Cl)c1,5.94,5.29,=,=
NC(=O)c1cccc2cn[nH]c12,CSNK1A1,CCC(CC)COC(=O)C(C#N)c1nc2ccccc2nc1N1CCN(C)CC1,4.2,6.4,=,=
O=C(NC1CCNCC1)c1n[nH]cc1NC(=O)c1c(Cl)cccc1Cl,DCLK2,COc1cc(N2CCC(N3CCN(C)CC3)CC2)ccc1Nc1ncc(Cl)c(Nc2ccccc2S(=O)(=O)C(C)C)n1,5.58,7.8,=,=
C[C@]12O[C@H](C[C@]1(O)CO)n1c3ccccc3c3c4c(c5c6ccccc6n2c5c31)CNC4=O,DSTYK,CCN(CCO)CCCOc1ccc2c(Nc3cc(CC(=O)Nc4cccc(F)c4)[nH]n3)ncnc2c1,8.28,5.52,=,=
CN[C@@H]1C[C@H]2O[C@@](C)([C@@H]1OC)n1c3ccccc3c3c4c(c5c6ccccc6n2c5c31)C(=O)NC4,NEK9,CN1CCN(c2ccc3nc(-c4c(N)c5c(F)cccc5[nH]c4=O)[nH]c3c2)CC1,6.2,5.04,=,=
CN1C(=O)[C@@H](N2CCc3c(nn(Cc4ccccc4)c3Br)C2=O)COc2ccccc21,MAP2K6,O[C@H]1CC[C@H](c2n[nH]cc2-c2ccnc(NC3CCCC3)n2)CC1,6.0,4.82,=,=
COc1ccc(F)c(F)c1C(=O)c1cnc(NC2CCN(S(C)(=O)=O)CC2)nc1N,CDK15,COc1cc(Nc2c(C#N)cnc3cc(OCCCN4CCN(C)CC4)c(OC)cc23)c(Cl)cc1Cl,8.14,5.8,=,=
NC(=S)N1N=C(c2ccc(Cl)c(Cl)c2)CC1c1ccc2ccccc2c1,ERBB3,CN1CCN(c2ccc(Nc3ncc4nc([S+]([O-])c5ccccc5)n(C5CCCC5)c4n3)cc2)CC1,4.29,8.38,=,=
C[C@]1(O)C[C@@H](c2nc(-c3ccc(C(=O)c4ccccc4)c(F)c3)c3c(N)ncnn32)C1,TNK2,N#Cc1ccc(N2CCN(Cc3cc(F)c4c5c(c(=O)[nH]c4c3)CCCN5)CC2)nc1,6.01,8.71,=,=
CN1CCN(c2ccc3nc(-c4c(N)c5c(F)cccc5[nH]c4=O)[nH]c3c2)CC1,PRPF4B,CN(C)C[C@@H]1CCn2cc(c3ccccc32)C2=C(C(=O)NC2=O)c2cn(c3ccccc23)CCO1,6.25,5.8,=,=
COc1cc2c(Nc3ccc(Cl)c(Cl)c3)ncnc2cc1OCc1c(C)cc(C)cc1C,KDR,COc1cc(OC)cc(N(C[C@@H](O)CNC(C)C)c2ccc3ncc(-c4cnn(C)c4)nc3c2)c1.Cl,4.98,6.11,=,=
CCN1CCN(Cc2ccc(NC(=O)Nc3ccc(Oc4cc(NC)ncn4)cc3)cc2C(F)(F)F)CC1,CDK19,O=C(Nc1cccc(Cl)c1)Nc1ncc(CCNc2ncnc3ccsc23)s1,8.82,5.4,=,=
CC[C@H]1CN(C(C)c2ccc(C(F)(F)F)cc2)[C@H](CC)CN1c1nc(=O)n(C)c2ccc(OC(F)F)nc12,DGKZ,CCC(c1ccc(OCC2CN(C)C2)cc1)N1C[C@H](C)N(c2nc(=O)n(C)c3ccc(C#N)nc23)C[C@H]1CC,6.21,4.98,=,=
CNC(=O)Nc1ncc(-c2cc(-c3c(C)cc(OC)cc3C)nc(-c3cnccn3)n2)s1,TESK2,CNC(=O)c1cc(Oc2ccc(NC(=O)Nc3cc(C(C)(C)C)nn3-c3ccc4ncccc4c3)c(F)c2)ccn1,6.38,8.7,=,=
Cc1cc(Nc2ncc(F)c(NC3C4C=CC(C4)C3C(N)=O)n2)ccc1N1CCN(C)CC1,SGK2,N#CCOc1ccc(Nc2nc(Nc3cccc(S(N)(=O)=O)c3)ncc2Br)cc1,5.8,6.4,=,=
Cc1cc(F)c(Nc2ccnc3c2C(=O)Nc2cc(CNC4CC(F)(F)C4)ccc2N3)cc1O,PDGFRB,COc1ccc(N(C)c2nc(Cl)nc3ccccc23)cc1,8.7,7.12,=,=
N#Cc1cc(-c2ccnc(Nc3cc(C4=CCCCO4)ccn3)c2)ccc1OC1CCOCC1,IKBKE,Nc1ncc(-c2ccc(CN3CCCC3)s2)cc1C(=O)Nc1ccncc1,6.52,6.96,=,=
COc1cccc(-c2cc(N[C@@H]3CCCc4ccccc43)nc(C)n2)c1Cl,PFKFB3,Cc1c(S(=O)(=O)Nc2cccc(CC(=O)O)c2)sc2ccc(C(C)C)cc12,6.3,6.64,=,=
O=C(O)C1CN(Cc2ccc(OCc3ccccc3)cc2Cl)C1,ACVR1,CCn1cc(-c2ccnc(Nc3ccc4c(c3)CCNCC4)n2)c(-c2cccnc2)n1,6.9,7.87,=,=
Oc1ccc2nc(-c3ccc(Sc4ccc(-c5nc6ccc(O)cc6[nH]5)cc4)cc3)[nH]c2c1,PRKX,Nc1ncc2cccc(-c3ccccc3)n12,6.0,4.0,=,=
CCNC(=O)C#Cc1ccc2c(c1)NC(=O)/C2=C(\Nc1ccc(N2CCN(C)CC2)cc1)c1ccccc1,MAP2K1,N#C/C(=C(/N)Sc1ccccc1N)c1cccc(C(O)c2ccco2)c1,8.0,6.49,=,=
CC(C)C[C@@H](N)C(=O)Nc1ccc(-c2cnco2)c(OC(F)F)c1,GSG2,NC(=O)c1cc2c([nH]1)-c1ccncc1O[C@@H]2C1CCOCC1,6.04,5.24,=,=
Cc1ccc(C(=O)Nc2ccc(Cl)c(C(F)(F)F)c2)cc1NC(=O)C1(c2cc(NCCCN(C)C)ncn2)CC1,ARAF,Cc1ccc2c(Nc3cccc(Cl)c3F)nccc2c1NC(=O)c1csc2c(N)ncnc12,7.47,6.82,=,=
CCCNC(=O)N(C)c1cnc2ccc(-c3ccc(OCCCN(C)C)nc3)cc2n1,ATM,C[C@H](c1ccccc1)n1nnc2cnc3ccc(-c4ccc(O)cc4)cc3c21,8.52,7.28,=,=
CN(C)CC(=O)N1CCC(c2ccc(NC(=O)c3nc(C#N)c[nH]3)c(C3=CCCCC3)c2)CC1.Cl,MUSK,CC(C)(CO)n1cc(C(=O)c2cncc(NC(=O)Cc3ccc(Cl)cn3)c2)c2cnc(N)nc21,5.25,7.28,=,=
COC(=O)c1cc2c(cc1C)/C(=C(/Nc1ccc(C(=O)NOCCN3CCN(CCO)CC3)cc1)c1ccccc1)C(=O)N2,FGFR3,N#CCOc1ccc(Nc2nc(Nc3cccc(S(N)(=O)=O)c3)ncc2Br)cc1,8.05,7.4,=,=
C[C@H](CCC(=O)N[C@@H](Cc1c[nH]c2ccccc12)C(=O)O)[C@H]1CC[C@H]2[C@@H]3CC=C4C[C@@H](O)CC[C@]4(C)[C@H]3CC[C@]12C,EPHA6,Cc1ccc(F)c(NC(=O)Nc2ccc(-c3cccc4[nH]nc(N)c34)cc2)c1,5.46,6.48,=,=
CC#CC(=O)N1CC=C(c2ccc(C(C)C(=O)Nc3cc(C4CC4)[nH]n3)cn2)CC1,CDK12,CC(C)CC(=O)Nc1n[nH]c2c1CN(C(=O)C1CCN(C)CC1)C2(C)C,6.69,5.44,=,=
CCn1cc(C#N)c2cc(Oc3ccc(NC(=O)[C@@H]4CCCCN4)cc3)ccc21,PFKFB2,Cn1cc(-c2cn(C)c3ccc(Oc4ccc(NC(=O)[C@@H]5CCCN5)cc4)cc23)cn1,4.66,6.09,=,=
NC(=O)c1cc(-c2ccncc2)cc(-c2ccc(S(N)(=O)=O)cc2)c1N,IKBKE,COc1cc2c(Oc3ccc(NS(=O)(=O)c4c(F)cccc4F)cc3F)ccnc2cc1OCCCN1CCN(C)CC1,5.8,6.91,=,=
COc1cc2ncnc(Nc3ccc(OCc4cccc(F)c4)c(Cl)c3)c2cc1OC,GAK,C=CC(=O)NCC1CCCN(c2snc3cc(-c4ccc(N)c(OC)c4)cnc23)C1,5.3,7.11,=,=
Nc1ncnc2onc(-c3ccc(NC(=O)Nc4cccc(C(F)(F)F)c4)cc3)c12,PLK3,CC[C@@H]1C(=O)N(C)c2cnc(Nc3ccc(S(=O)(=O)NCCO)cc3)nc2N1C1CCCC1,7.2,6.84,=,=
O=c1cc(N2CCOCC2)nc(Cc2nc3c(-c4ccccc4)c(F)ccc3o2)[nH]1,PIK3CD,CC(C)CN1CCOc2c(F)cc(-c3nc(Nc4ccc(C5CCN(C)CC5)c(F)c4)ncc3F)cc21,6.82,6.15,=,=
CCNC(=O)C[C@@H]1N=C(c2ccc(Cl)cc2)c2cc(OC)ccc2-n2c(C)nnc21,TAB1,N#C/C=C/c1c[nH]c2ncnc(OCc3ccccc3)c12,5.0,6.48,=,=
Cc1ccc(N2C[C@@H]3C[C@H]2CN3c2nc(-c3cnc(N)c(OC(F)F)n3)cc(N3CCC(F)(F)C3)n2)nn1,MAP3K13,COC(=O)c1ccc2c(c1)NC(=O)/C2=C(\Nc1ccc(N(C)C(=O)CN2CCN(C)CC2)cc1)c1ccccc1,8.22,6.85,=,=
C[C@]12O[C@H](C[C@]1(O)CO)n1c3ccccc3c3c4c(c5c6ccccc6n2c5c31)CNC4=O,ANKK1,COc1cc(Nc2ncc(F)c(Nc3ccc4c(n3)NC(=O)C(C)(C)O4)n2)cc(OC)c1OC,7.5,6.48,=,=
O=C(Nc1cccc(C(F)(F)F)c1)c1ccc(C2CC2)c(-c2ccc3nc(Nc4cnn(C5CC5)c4)ncc3c2)c1,DDR2,Cc1ccc(C(C)C(=O)Nc2cccc(C(F)(F)F)c2)cc1-c1ccc2nc(Nc3cnn(C4CC4)c3)ncc2c1,8.76,10.0,=,=
O=C(Cc1ccccc1)Nc1cccc(-c2nc3sccn3c2-c2ccnc(Nc3ccc(N4CCOCC4)cc3)n2)c1,MAP3K20,Nc1ncc(-c2cnn(CCO)c2)c2scc(-c3ccc(NC(=O)Nc4cccc(F)c4)cc3)c12,5.8,6.3,=,=
CCN(C)c1ccc(-c2ccc3nc(N)sc3c2)cn1,PIK3CG,CC(C)(C)NS(=O)(=O)c1cncc(-c2ccc3nc(N)nn3c2)c1,5.4,6.8,=,=
COc1cc(-c2nnc(SCC(=O)O)[nH]2)ccc1OC(=O)C1CC1,GRK6,O=C(O)CSc1nnc(-c2ccc(N3CCCCC3)cc2F)[nH]1,5.05,4.45,=,=
CC[C@H](Nc1nc(NCc2cccnc2)c2ncn(C(C)C)c2n1)[C@@H](C)O,CDK1,Nc1nc2ccc(C(=O)c3c(F)cccc3Cl)cc2n1Cc1c(F)cccc1F,5.81,6.98,=,=
CC1=C(C(=O)Nc2ccc(CN)cc2)C(c2ccccc2Cl)N=C(Nc2nc3ccccc3o2)N1,GALK1,CC1=C(C(=O)Nc2ccc(C(N)=O)cn2)C(c2ccccc2Cl)N=C(Nc2nc3ccc(F)cc3o2)N1,5.21,5.61,=,=
COc1cc(-c2cnc3cc(OCCN4CCOCC4)ccn23)cc(OC(F)F)c1C(=O)NC1CC1,SIK1,CNc1ncc2cc(-c3ccccc3Cl)c(=O)n(CCCCN)c2n1,7.29,7.7,=,=
CCNc1nc2cc(Cl)c(CC(=O)CCC(=O)OC)cc2nc1NCC,PGK1,CCNc1nc2cc(Cl)c(C#CCCCCO)cc2nc1NCC,5.05,6.42,=,=
COc1cc(N2CCC(N3CCN(C)CC3)CC2)ccc1Nc1ncnc(Nc2ccccc2S(=O)(=O)C(C)C)n1,BMPR1B,CC(c1ccc(-c2cnc3c(-c4ccc(S(N)(=O)=O)c5ccccc45)cnn3c2)cc1)N1CCCC1,5.74,4.88,=,=
O=C(Cc1ccccc1)Nc1cccc(-c2nc3sccn3c2-c2ccnc(Nc3ccc(N4CCOCC4)cc3)n2)c1,MAP3K20,C=CC(=O)N1CCC(Oc2n[nH]c3ncc(-c4cn(-c5c(F)ccc(NS(=O)(=O)c6cccc(-c7ccccc7)c6)c5F)nn4)cc23)C1,5.8,7.94,=,=
CN[C@@H]1C[C@H]2O[C@@](C)([C@@H]1OC)n1c3ccccc3c3c4c(c5c6ccccc6n2c5c31)C(=O)NC4,PAK5,Cc1nc(Nc2n[nH]c3c2CN(C(=O)N[C@H](CN(C)C)c2ccccc2)C3(C)C)c2sccc2n1,8.56,7.74,=,=
Cc1ccnc(Oc2ccc(-c3cc4c(cc3F)ncc3nc(C)n([C@H]5CCN(CC#N)CC5F)c34)c(Cl)c2)n1,MAP2K1,Cc1c(Cc2cccc(N(C)S(=O)(=O)CCCNCCCCCC(=O)N3CCN(c4nc(N5CCOCC5)nc(-n5c(C(F)F)nc6ccccc65)n4)CC3)c2)c(=O)oc2cc(OC(=O)N(C)C)ccc12,8.52,6.33,=,=
Cc1n[nH]c2ccc(-c3cncc(OCC(N)Cc4ccc(Cl)c(Cl)c4)c3)cc12,CSNK1G1,CC(Nc1nccc(-c2c(-c3ccc(F)cc3)nc3occn23)n1)c1ccccc1,6.9,5.95,=,=
FC(F)c1ccc2ncc(-c3cccc(NC4CCNC4)n3)n2c1,IRAK1,COc1cccc(C(C)NC(=O)N2CC=C(c3c[nH]c4ncccc34)CC2)c1,7.82,6.1,=,=
CC(=O)Nc1cccc(-c2cncc(NCc3ccco3)n2)c1,FYN,CS(=O)(=O)Nc1cccc(-c2ccc3ncc(-c4ccncc4)n3n2)c1,4.95,6.53,=,=
CN(C)c1nccc(-c2cnn3ncccc23)n1,PNCK,CCCCCn1cc(-c2ccccc2OCc2ccccc2)nc1N.Cl,5.0,5.52,=,=
CNCCNc1nc(-c2ccncc2)cc2cnccc12,PRKCH,CN(C)CCOc1cc(C2=C(c3c[nH]c4ccccc34)C(=O)NC2=O)c2ccccc2c1,7.03,7.96,=,=
C[C@@H](Oc1cc(-c2cnn(C3CCNCC3)c2)cnc1N)c1c(Cl)ccc(F)c1Cl,MLKL,CN1C(=O)[C@@H](N2CCc3cn(CC4CCS(=O)(=O)CC4)nc3C2=O)COc2ccccc21,6.66,6.0,=,=
Cc1cnc(Nc2ccc(OCCN3CCCC3)cc2)nc1Nc1cccc(S(=O)(=O)NC(C)(C)C)c1,PIP5K1A,CC(C)(O)CNc1ncc(-c2ccnc(Nc3ccnc(Cl)c3)n2)c(CC2CC2)n1,7.18,5.31,=,=
Nc1ncc(-c2cnn(C3CCNCC3)c2)cc1-c1nc2ccc(NC(=O)c3ccc(C(F)(F)F)cc3)cc2o1,GRK2,CCC(C)CN(CCO)C(=O)Cc1cc(C2NC(=O)NC(C)=C2C(=O)Nc2ccc3[nH]ncc3c2)ccc1F,5.5,6.08,=,=
O=C1NC(=O)C2=C1c1cn(c3ccccc13)CCO[C@H](CN1CCCC1)CCn1cc2c2ccccc21,PRKCH,CCCCCCn1cc2c3c(cccc31)N(C)[C@@H](C(C)C)C(=O)N[C@H](CO)CC2,6.46,7.6,=,=
O=C(CNc1cccc(Br)c1)N/N=C/c1ccncc1,GRK2,O=c1c2cc(-c3cn[nH]c3)cc(F)c2ncn1Cc1ccccc1,7.0,6.33,=,=
COc1cc(N2CCC(N3CCN(C)CC3)CC2)ccc1Nc1ncc(Cl)c(Nc2ccccc2S(=O)(=O)C(C)C)n1,PAK3,Cn1cc(C2=C(c3cn(C4CCN(Cc5ccccn5)CC4)c4ccccc34)C(=O)NC2=O)c2ccccc21,7.54,5.37,=,=
Cn1ncc(Cl)c1-c1cc(C(=O)N[C@H](CN)Cc2ccc(F)c(F)c2)oc1Cl,PRKACB,NC1(C(=O)N[C@@H](CCO)c2ccc(Cl)cc2)CCN(c2nc[nH]c3nccc2-3)CC1,7.31,6.62,=,=
Cc1ccc(C(=O)Nc2cccc(C(F)(F)F)c2)cc1Nc1nc(-c2cccnc2)nc2nn(C)cc12,MARK3,COc1cccc(C(=O)Nc2cnc3[nH]cc(-c4ccccc4)c3c2)c1,6.5,5.9,=,=
CCN1CCN(Cc2ccc(NC(=O)c3ccc(C)c(Oc4cc(NC)ncn4)c3)cc2C(F)(F)F)CC1,FER,N#CCOc1ccc(Nc2nc(Nc3cccc(S(N)(=O)=O)c3)ncc2Br)cc1,6.24,7.7,=,=
Nc1n[nH]c2cccc(-c3ccc(F)cc3)c12,GRK5,CN1C(=O)[C@@H](N2CCc3cn(Cc4ccccc4)nc3C2=O)COc2ccccc21,4.5,6.0,=,=
CC(C)NC(=O)N1CC[C@H](NC2=Nc3cc(F)ccc3N(CC(F)F)c3ccc(Cl)cc32)C1,PAK2,CCS(=O)(=O)c1cc(Nc2ncc(F)c(N(Cc3ccccc3C#N)c3cc(CO)ccc3C)n2)ccc1N1CCN(C)CC1,6.4,8.86,=,=
CC(C)(C)NC(=O)N1CCn2nc(-c3cccc(CNS(C)(=O)=O)c3)c(C(N)=O)c2C1,CSNK1E,Cc1nc(-c2cccnc2)sc1C(=O)Nc1cn2nc(-c3c(-c4ccc(F)cc4)ncn3C3CCN(C(=O)CC(F)(F)F)CC3)ccc2n1,5.9,9.31,=,=
CCc1c(N)ncnc1N1CCC(c2nc(-c3ccc(F)c(F)c3)cn2CCN2CCC23COC3)CC1,RPS6KB1,NCC(c1ccc(C(F)(F)F)cc1)N1CCN(c2ncnc(N)c2-c2cn[nH]c2)CC1,7.52,8.55,=,=
CC(C)[C@H]1C(=O)N[C@H](CO)Cc2cn3nc(C(F)(F)F)c4ccc(c2c43)N1C,PRKCQ,CO[C@@H]1[C@H](N(C)C(C)=O)C[C@H]2O[C@]1(C)n1c3ccccc3c3c4c(c5c6ccccc6n2c5c31)C(=O)NC4,7.29,6.77,=,=
COc1cc(C=C2SC(=S)NC2=O)ccc1O,BRSK1,OCC(CO)Nc1ncnc2[nH]cc(-c3ccccc3)c12,5.1,6.1,=,=
C[C@@H](Oc1cc(-c2cnn(C3CCNCC3)c2)cnc1N)c1c(Cl)ccc(F)c1Cl,NEK7,CC(C)(CO)c1cc(NC(=O)Nc2ccc(-c3cn(C4CC4)c4ncnc(N)c34)cc2F)on1,5.24,6.4,=,=
O=C(c1ccc(/C=C/c2n[nH]c3ccccc23)cc1)N1CCNCC1,TAOK1,Clc1cc(-c2c[nH]c3ncccc23)cc(NCc2ccccc2)n1,5.75,6.5,=,=
N[C@H]1CCCC[C@H]1Nc1nc(Nc2cccc(N3CCOCC3)c2)c2c(=O)[nH]ncc2c1F,FER,CCN1CCN(Cc2ccc(NC(=O)c3ccc(C)c(Oc4cc(NC)ncn4)c3)cc2C(F)(F)F)CC1,8.51,6.24,=,=
CCOc1cc(-c2ccc(CC(=O)Nc3cc(C(F)(F)F)ccc3F)c(F)c2)c[nH]c1=O,RET,Cc1cc(Nc2cc(C)[nH]n2)nc(C2CCC3(CCCN([C@@H](C)c4ccc(-n5cc(F)cn5)nc4)C3=O)CC2)n1,5.28,8.97,=,=
CN1C(=O)[C@@H](N2CCc3cn(Cc4ccccc4)nc3C2=O)COc2ccccc21,ANKK1,COc1cc(Nc2ncc(F)c(Nc3ccc4c(n3)NC(=O)C(C)(C)O4)n2)cc(OC)c1OC,6.0,6.48,=,=
Cc1[nH]c(/C=C2\C(=O)Nc3ccc(F)cc32)c(C)c1C(=O)NC[C@H](O)CN1CCOCC1,STK11,CN[C@@H]1C[C@H]2O[C@@](C)([C@@H]1OC)n1c3ccccc3c3c4c(c5c6ccccc6n2c5c31)C(=O)NC4,6.44,7.21,=,=
Cc1ccc(NCc2ccc(-c3ccc(F)cc3)nc2)cc1,MAP2K1,CONC(=O)c1cn(C)c(=O)c(C)c1Nc1ccc(Br)cc1F,5.5,6.98,=,=
Cc1cc[nH]c1/C=C1\C(=O)Nc2ccc(O)cc21,PDPK1,CC1=NN(C(=O)c2ccc(O)cc2)C(=O)C1/N=N/c1ccc(S(=O)(=O)Nc2ncccn2)cc1,6.55,6.0,=,=
C[C@@H](Oc1cc(-n2cnc3ccc(CN4CCN(C)CC4)cc32)sc1C(N)=O)c1ccccc1C(F)(F)F,MAP3K19,Cc1ccc(Nc2nccc(N(C)c3ccc4c(C)n(C)nc4c3)n2)cc1S(N)(=O)=O,5.55,6.03,=,=
Cc1c(-c2ccnc3ccccc23)ccc2nc(Cc3ccccc3)[nH]c(=O)c12,ACVR1,Nc1n[nH]c2nc(Cl)sc12,6.36,5.2,=,=
Cc1n[nH]c2cccc(OC[C@@H](O)CNC(C)(C)COc3ccccn3)c12,GRK3,C/C(=N\NC(=O)CNc1cccc(C(=O)Nc2ccccc2)c1)c1ccncc1,9.84,7.0,=,=
CO[C@@H](C(=O)N1Cc2[nH]nc(NC(=O)c3ccc(N4CCN(C)CC4)cc3)c2C1)c1ccccc1,PHKG2,Cc1[nH]c(/C=C2\C(=O)Nc3ccc(S(=O)(=O)Cc4c(Cl)cccc4Cl)cc32)c(C)c1C(=O)N1CCC[C@@H]1CN1CCCC1,5.12,5.62,=,=
N[C@H](CNc1nc(-c2ccncc2F)nc2c(-c3ccsc3)csc12)Cc1ccccc1,PRKCI,OC1CCC(Nc2cc(Cl)nc(-c3c[nH]c4ncccc34)n2)CC1,6.0,6.4,=,=
O=C(O)c1c2c(nc3ccccc13)C(=C1CCCC1)CC2,PRKD2,Cc1ccc(-c2cnc(N)c3c(-c4ccc(NC(=O)Nc5cccc(F)c5)cc4)csc23)cn1,6.2,5.2,=,=
Nc1cc(=O)[nH]n1-c1ccccn1,DYRK1B,O=C1NC(NC23CC4CC(CC(C4)C2)C3)=N/C1=C\c1ccc2nnsc2c1,5.4,6.66,=,=
CC(C)(C)c1ccc(CC(=O)N2CCN(c3ccc(C#N)cn3)CC2)cc1,PANK3,Cc1nc2c3cccnc3nn2c(C)c1CCC(=O)Nc1ccccc1F,7.22,4.87,=,=
COc1cc2c(Oc3ccc(NC(=O)c4c(C)n(C)n(-c5ccccc5)c4=O)cc3F)ccnc2cc1OCC(C)(C)O,AXL,CNc1cc2c(cn1)c(-c1cnn(C(C)(C)C#N)c1)nn2C1CCC(Oc2ccccn2)CC1,7.77,6.96,=,=
CCN(CC)CCNC(=O)c1c(C)[nH]c(/C=C2\C(=O)Nc3ccc(F)cc32)c1C,SIK1,COc1cc(-c2cc(-c3cnn(C4CCOCC4)c3)cnc2N)cc2c1C(=O)N(CC(F)(F)F)CC2,5.5,7.29,=,=
COc1cc2c(Nc3cc(Cl)c(OC)c(Cl)c3)c(C#N)cnc2cc1OCCCN1CCN(C)CC1,WEE2,CSc1cccc(Nc2ncc3cc(-c4c(Cl)cccc4Cl)c(=O)n(C)c3n2)c1,8.33,7.24,=,=
NC(=O)Nc1cc(-c2cccc(F)c2)sc1C(=O)N[C@H]1CCCNC1,MARK4,O=C(c1ccc2c(c1)Nc1ccccc1S2)c1c(-c2ccc(Cl)cc2)nc2ccccn12,6.32,4.99,=,=
CC1CNC(=O)c2[nH]c3ccc(C(=O)Nc4ncc(C(N)=O)s4)cc3c21,MAPKAPK2,O=C(Nc1ccc(N2CCNCC2=O)cc1)c1ccc(-c2ccc(Cl)cc2)o1,6.92,4.82,=,=
N#CC[C@H](C1CCCC1)n1cc(-c2ncnc3[nH]ccc23)cn1,CASK,CC[C@H](Nc1nc(NCc2cnc(C)cc2C)c2ncn(C(C)C)c2n1)[C@@H](C)O,5.82,4.69,=,=
CN[C@@H]1C[C@H]2O[C@@](C)([C@@H]1OC)n1c3ccccc3c3c4c(c5c6ccccc6n2c5c31)C(=O)NC4,TAB1,CC(C)COc1ncnc2[nH]cc(/C=C/C(N)=O)c12,7.46,8.51,=,=
COc1cc2nc(N(C)C3CC3)nc(NC3CCN(C(C)C)CC3)c2cc1OC,STK19,COc1cc2nc(N3CCC(F)(F)CC3)nc(NC3CCC3)c2cc1OC.O=C(O)C(F)(F)F,6.6,7.0,=,=
NC1=C(Cl)C(=O)c2ccc(S(N)(=O)=O)cc2C1=O,HK1,O=S(=O)(Nc1cc(Sc2nc[nH]n2)c(O)c2ccccc12)c1ccc(Cl)cc1,5.97,4.18,=,=
CC(=O)N1CCCC(NC(=O)c2ccncc2Nc2cc(-c3ccc4ccn(C)c4c3)c3nccnc3c2)C1,PFKFB3,Cn1ccc2ccc(-c3cc(N[C@@H](c4cccnc4)c4ccc(=O)[nH]c4)cc4nccnc34)cc21,6.42,7.55,=,=
Cc1[nH]c(/C=C2\C(=O)Nc3ccc(F)cc32)c(C)c1C(=O)NC[C@H](O)CN1CCOCC1,FGR,Cc1ccc(C(=O)Nc2ccc(CN3CCN(C)CC3)c(C(F)(F)F)c2)cc1C#Cc1cnc2cccnn12,6.41,7.42,=,=
CN1CC[C@H](c2c(O)cc(O)c3c(=O)cc(-c4ccccc4Cl)oc23)[C@H](O)C1,CSNK1A1L,CN1C(=O)[C@@H](N2CCc3cn(CC4CCS(=O)(=O)CC4)nc3C2=O)COc2ccccc21,5.62,6.0,=,=
CCN1CCN(Cc2ccc(NC(=O)Nc3ccc(Oc4cc(NC)ncn4)cc3)cc2C(F)(F)F)CC1,NLK,CC(=O)c1cnc2ccc(-c3cc(Cl)c(O)c(Cl)c3)nc2c1N[C@H]1CC[C@H](CN(C)C)CC1,6.8,7.62,=,=
COc1cc2c(cc1OC)-c1[nH]nc(NCc3ccc(Cl)cc3Cl)c1C2,EIF2AK1,Nc1ncc(-c2cccnc2)c2scc(-c3ccc4c(c3)CCN4C(=O)Cc3ccccc3)c12,5.9,4.92,=,=
CC[S@@](C)(=O)=Nc1cc(N2CCOC[C@H]2C)nc(-c2ccnc3[nH]ccc23)n1,ATR,CN(C)CC1(O)CCN(c2ccncc2NC(=O)c2c(N)nn3cc(Cl)cnc23)CC1,7.68,5.52,=,=
Nc1nc(Cl)nc2c1ncn2[C@H]1CC[C@@H](C(=O)Nc2nc3c(O)cccc3s2)CC1,CHKB,CN(c1ccccc1)c1cc[n+](Cc2ccc(-c3ccccc3)cc2)c2cc(Cl)ccc12.[Br-],5.25,4.7,=,=
CCN(CC)CCNC(=O)c1c(C)[nH]c(/C=C2\C(=O)Nc3ccc(F)cc32)c1C,HIPK3,c1ccc(-c2coc3ccc(-c4cn[nH]c4)nc23)cc1,7.39,6.89,=,=
CCOc1cc2ncc(C#N)c(Nc3ccc(OCc4ncccc4C(=O)OC)cc3Cl)c2cc1NC(=O)CCCN(C)C,STK4,CCN1CCN(Cc2ccc(NC(=O)Nc3ccc(Oc4cc(NC)ncn4)cc3)cc2C(F)(F)F)CC1,6.26,5.52,=,=
C[C@H](Nc1cc(Nc2nccc(-c3ccc(C(=O)NO)cc3)n2)ccn1)c1ccccc1,CAMK2D,Cn1c(NCC(N)Cc2ccccc2)nc(-c2ccncc2)c(-c2ccc3ccccc3c2)c1=O,6.77,5.2,=,=
CCN1CCCCC12CCCN(c1ccnc3[nH]cc(C#N)c13)C2,CDC42BPA,Nc1nonc1-n1nnc(C(=O)NN=Cc2ccncc2)c1-c1ccccc1,9.2,6.2,=,=
NCCNc1cc2cc[nH]c(=O)c2c(Nc2cccc(C(F)(F)F)c2)n1,ZAP70,C=CC(=O)Nc1cc(CNc2nc(Nc3ccc(N4CCOCC4)cc3)c(C(N)=O)c3nccn23)ccc1Cl,6.4,7.13,=,=
CNS(=O)(=O)c1ccccc1Nc1nc(Nc2cc(N3CCN(C(C)=O)CC3)ccc2OC)ncc1Br,CAMK1,Cc1cc(O)ccc1-n1c2cc(Cl)ccc2c(=O)c2c(N)nc(N)nc21,6.6,5.3,=,=
O=C(CN1CN(c2ccccc2)C2(CCN(C(=O)c3cnc4[nH]ncc4c3)CC2)C1=O)N1CCC(C(F)(F)F)C1,DDR1,CC1CN(c2cncnc2)Cc2cc(C(=O)Nc3cc(CN4CCN(C5CCCCC5)CC4)cc(C(F)(F)F)c3)ccc21,7.62,7.1,=,=
Nc1ncnc(C#Cc2ccc(N3CCOCC3)nc2)c1-c1ccsc1,ADK,CCCCCCCCCCCCCCCCCCOP(=O)(O)OC[C@H]1O[C@@H](n2ccc3c(-c4cccs4)ncnc32)[C@H](O)[C@@H]1O,7.04,5.71,=,=
Cn1cc(-c2cnc3c(-c4csc(C(=O)N[C@@H]5CCCC[C@@H]5N)c4)cnn3c2)cn1,TAOK2,CN(C)C[C@@H]1CCn2cc(c3ccccc32)C2=C(C(=O)NC2=O)c2cn(c3ccccc23)CCO1,6.38,5.41,=,=
Oc1ccc(-c2nc(-c3ccc(F)cc3)c(-c3ccncc3)[nH]2)cc1,CSNK1A1L,COc1cc(N2CCC(N3CCN(C)CC3)CC2)ccc1Nc1ncc(Cl)c(Nc2ccccc2S(=O)(=O)C(C)C)n1,5.72,5.28,=,=
Cc1cc(Nc2cc(N3CCN(C)CC3)nc(Sc3ccc(NC(=O)C4CC4)cc3)n2)n[nH]1,HUNK,CN1C(=O)[C@@H](N2CCc3c(nn(Cc4ccccc4)c3Br)C2=O)COc2ccccc21,5.01,6.0,=,=
CC(N)C1CCC(C(=O)Nc2ccncc2)CC1,STK3,O=C(Cc1ccccc1)Nc1cc(-c2nc3sccn3c2-c2ccnc(Nc3cccc(N4CCOCC4)c3)n2)ccc1Cl,5.1,7.0,=,=
CC(C)(C)c1cc(NC(=O)Nc2ccc(Oc3ccnc(Nc4ccc(SCCO)cc4)n3)c3ccccc23)n(-c2ccc(P(C)(C)=O)cc2)n1,GSK3A,O=C(Nc1cnccc1-c1ccc(F)cc1F)c1ccnc(NC(=O)C2CC2)c1,6.78,9.47,=,=
O=C(c1ccc(/C=C/c2n[nH]c3ccccc23)cc1)N1CCNCC1,MAP2K3,Cc1ccc(C(=O)Nc2cccc(C(F)(F)F)c2)cc1Nc1nc(-c2cccnc2)nc2c1cnn2C,6.82,8.43,=,=
CC1(COc2ccc3c(c2)ncn3-c2ccc3cccc(N4CCC(N)CC4)c3n2)COC1,MARK4,O=C(c1ccc2c(c1)Nc1ccccc1S2)c1nc2ccccn2c1-c1ccc(Cl)cc1,7.6,5.29,=,=
COC(=O)c1ccc2c(c1)NC(=O)/C2=C(\Nc1ccc(N(C)C(=O)CN2CCN(C)CC2)cc1)c1ccccc1,SRPK2,CN(c1ncccc1CNc1ccnc(-c2nc3cc(Cl)c(F)cc3[nH]2)n1)S(C)(=O)=O,7.44,6.17,=,=
C[C@]12O[C@H](C[C@]1(O)CO)n1c3ccccc3c3c4c(c5c6ccccc6n2c5c31)CNC4=O,MAP3K4,CCOc1cc2ncc(C#N)c(Nc3ccc(F)c(Cl)c3)c2cc1NC(=O)/C=C/CN(C)C,5.58,6.55,=,=
Cn1ncc2cc(-c3cnc4[nH]nc(Cl)c4c3N3CCC4(CCNC4=O)CC3)ccc21,STK16,Cc1n[nH]c2cc(Nc3nc(NC4CC4)c4occc4n3)ccc12,6.97,5.35,=,=
CCN(c1ncccc1CNc1nc(-c2cc(F)c(O)cc2CC(F)(F)F)cc2[nH]nc(C(N)=O)c12)S(C)(=O)=O,JAK3,Cc1cc(N2CC[C@H]3CCN(c4ncnc5[nH]ccc45)C[C@@]3(C)C2)ncc1C#N,7.33,7.68,=,=
CCCS(=O)(=O)Nc1ccc(F)c(C(=O)c2c[nH]c3ncc(Cl)cc23)c1F,MAP2K4,CCCCS(=O)(=O)Nc1ccc(F)c(C(=O)c2n[nH]c3ncc(-c4ccc(S(N)(=O)=O)cc4)cc23)c1F,6.72,6.15,=,=
N#Cc1c[nH]c2nc(N)nc(-c3cccc(CO)c3)c12,CHUK,COc1ccc2[nH]c3cnccc3c2c1,5.01,5.4,=,=
C#Cc1cccc(Nc2ncnc3cc(OCCOC)c(OCCOC)cc23)c1,AURKC,Oc1cccc(Nc2ccnc3[nH]c4ccccc4c23)c1,6.22,6.59,=,=
Cc1ccc(C(=O)Nc2cccc(C(F)(F)F)c2)cc1Nc1nc(-c2cccnc2)nc2c1cnn2C,TESK1,NC(=O)c1c(OCc2c(F)cc(Br)cc2F)nsc1NC(=O)NCCCCN1CCCC1,10.07,5.85,=,=
Nc1ncc(-c2cccnc2F)cc1C(=O)N[C@H]1CCC[C@@H]1OCc1ccc(-c2ccc3c(c2)CCC[C@@H]3N2CCN(C[C@H](O)CO)CC2)cc1,TNK2,COc1cc(-c2nc(C3CCC3)n3ncnc(N)c23)ccc1Oc1ccccc1C,6.28,5.49,=,=
Cc1ccc(CNc2c(Nc3ccncc3)c(=O)c2=O)cc1,CSNK1G3,O=C(NNC(=S)Nc1ccc(Cl)cc1)C(O)(c1ccccc1)c1ccccc1,6.6,6.0,=,=
Cn1cc(-c2cccc(-c3cc(-c4ccnn4C4CC4)c4c(N)ncnn34)c2)ccc1=O,PIK3CD,CCn1c(-c2cnc(C(C)(C)C)s2)nc2c(OC3CCN(C(=O)OC(C)(C)C)C3)ncnc21,8.05,9.3,=,=
CCN(CC)CCNC(=O)c1c(C)[nH]c(/C=C2\C(=O)Nc3ccc(F)cc32)c1C,RIOK1,Cc1cc(-c2ccnc(Nc3cnn(C)c3)n2)ccc1CNC(=O)N1CC(OC(C)C)C1,7.46,5.92,=,=
CNC(=O)c1ccc(C)c(-n2c(C)cc(OCc3ccc(F)cc3F)c(Br)c2=O)c1,STRADA,N#CC[C@H](C1CCCC1)n1cc(-c2ncnc3[nH]ccc23)cn1,6.17,5.43,=,=
COc1cc(N2CCC(N3CCN(C)CC3)CC2)ccc1Nc1ncc(Cl)c(Nc2ccccc2S(=O)(=O)C(C)C)n1,NEK6,CC1=C(C#N)C(O)=NC(=O)/C1=C\c1ccc(-c2ccccc2)o1,5.89,5.17,=,=
COc1cccc(Oc2ccc(Nc3ncnc4[nH]ccc34)cc2)c1,TTBK2,Clc1cccc(Nc2ncnc3[nH]ccc23)c1,5.17,4.86,=,=
Cc1ccc(F)c(NC(=O)Nc2ccc(-c3cccc4[nH]nc(N)c34)cc2)c1,RPS6KA4,Clc1ncc(Cl)c(-n2ccc3ncccc32)n1,5.14,6.1,=,=
CC(C)(C)c1cc(NC(=O)Nc2ccc(-c3cn4c(n3)sc3cc(OCCN5CCOCC5)ccc34)cc2)no1,TIE1,COc1cc2/c(=N/c3ccc(Br)cc3F)nc[nH]c2cc1OCC1CCN(C)CC1,5.5,5.82,=,=
CN[C@@H]1C[C@H]2O[C@@](C)([C@@H]1OC)n1c3ccccc3c3c4c(c5c6ccccc6n2c5c31)C(=O)NC4,DCLK2,N#CC[C@H](C1CCCC1)n1cc(-c2ncnc3[nH]ccc23)cn1,7.08,6.12,=,=
COc1ccccc1C1=C(Nc2cccc(C(F)(F)F)c2)C(=O)NC1=O,STK10,COc1cc2c(Oc3ccc(NC(=O)C4(C(=O)Nc5ccc(F)cc5)CC4)cc3F)ccnc2cc1OCCCN1CCOCC1,6.47,9.28,=,=
C[C@@H](N)c1ccc(C(=O)Nc2ccnc3[nH]ccc23)cc1,MAP3K5,COC(=O)c1ccc(-c2ccc3c(c2)C(=O)N(c2cccc(-c4nncn4C(C)C)n2)C3)cc1,4.3,7.83,=,=
COc1cc(N2CCC(N3CCN(C)CC3)CC2)ccc1Nc1ncc(Cl)c(Nc2ccccc2S(=O)(=O)C(C)C)n1,STK38L,Cc1cc(Nc2cc(N3CCN(C)CC3)nc(Sc3ccc(NC(=O)C4CC4)cc3)n2)n[nH]1,6.24,5.16,=,=
COCCn1nc(-c2ccc3c(c2)CCN3C(=O)Cc2cccc(OC(F)(F)F)c2)c2c(N)n[nH]c(=O)c21,RIPK1,CN1C(=O)[C@@H](NC(=O)c2cc(Cc3ccccc3)on2)[C@H]2C[C@H]2c2nccnc21,7.09,6.3,=,=
CN(C)c1ncnc2[nH]cc(-c3cccc(Cl)c3)c12,STK4,Fc1cccc(-c2c[nH]c3ncnc(N4CCOCC4)c23)c1,7.09,6.76,=,=
Cc1cn(C/C=C\COC(=O)c2ccccc2)c(=O)[nH]c1=O,TK1,CCCCCCC(=O)O/C=C\Cn1cc(C)c(=O)[nH]c1=O,4.52,4.96,=,=
CC(C)(C)c1ccc(OCC(=O)NCC(=O)NC2CCCc3ccccc32)cc1,TAOK3,CCCCCc1ccc(C(=O)NCC(=O)NC2CCCc3ccccc32)cc1,6.3,7.3,=,=
COc1cc(CCc2cc(NC(=O)c3ccc(N4CC(C)NC(C)C4)cc3)n[nH]2)cc(OC)c1,DDR1,C[C@@H]1CN(c2cncnc2)Cc2cc(C(=O)Nc3cc(CN4CCCN(C)CC4)cc(C(F)(F)F)c3)ccc21,7.25,6.78,=,=
NC(=O)c1cc(F)c(C(=O)c2c(N)nc3ccc(C(=O)c4c(Cl)cccc4Cl)cn23)c(F)c1,CDK2,Cc1n[nH]c2ccc(-c3nnc(NC[C@@H](N)Cc4ccccc4F)s3)cc12,7.34,6.98,=,=
CSc1ccc(CC(=O)O)cc1Nc1nc(N2C[C@H]3CNC[C@H]3C2)cc(C(F)(F)F)c1C#N,KHK,Cc1ccccc1Nc1nc(N2CCNCC2)nc2c(NC3CCCCC3)ncnc12,8.12,5.64,=,=
N#Cc1ccc(-c2cc3c(o2)C(=O)N(Cc2ccccc2-c2cncnc2)c2ccc(N4CCNCC4)cc2C3)cc1,MAPKAPK2,CC(C)(C)CN1CCC(NC(=O)c2csc(NC(=O)c3ccc4cc5n(c4c3)C(C)(C)CNC5=O)n2)CC1,7.79,8.7,=,=
CN1CCC(Nc2ccc(C(=O)Nc3cc(-c4ccc5ncn(C6CC6)c5c4)[nH]n3)cc2)CC1,FLT3,CNc1ncc2c(-c3ccc(N4CCNCC4)nc3)nn(CC3CCCC3)c2n1,8.45,7.7,=,=
CCC(=O)Nc1cncc(-c2cc3c(-c4cc5c(-c6cccc(F)c6)nccc5[nH]4)n[nH]c3cn2)c1,CLK3,Cc1ccc(-c2cncc3[nH]c(-c4n[nH]c5ccc(-c6cncc(N)c6)nc45)nc23)s1,6.86,8.05,=,=
CC1(C)C(=O)Nc2c(C3CC3)cccc21,PDK4,CN(C)C(=O)c1ccc(N(Cc2ccc(F)cc2)C(=O)c2ccc(O)cc2O)cc1,4.36,7.28,=,=
Cc1ccc(Nc2nccc(N(C)c3ccc4c(C)n(C)nc4c3)n2)cc1S(N)(=O)=O,BMPR1B,CC(C)(CN1CCCCC1)Oc1ccc(-c2cnc3c(-c4cccc5ncccc45)cnn3c2)nc1,6.0,5.35,=,=
COc1cc(Nc2c(C#N)cnc3cc(OCCCN4CCN(C)CC4)c(OC)cc23)c(Cl)cc1Cl,DSTYK,CCN(CC)CCNC(=O)c1c(C)[nH]c(/C=C2\C(=O)Nc3ccc(F)cc32)c1C,6.42,5.89,=,=
Cc1cc(C)cc(NC(=O)Nc2ccc(-c3c(C)sc4ncnc(N)c34)cc2)c1,CAMK2G,Brc1ccc2[nH]nc(-c3ccccc3)c2c1,6.3,5.5,=,=
CCN(CC)CCNC(=O)c1c(C)[nH]c(/C=C2\C(=O)Nc3ccc(F)cc32)c1C,CSNK1A1L,Oc1ccc(-c2nc(-c3ccc(F)cc3)c(-c3ccncc3)[nH]2)cc1,6.26,5.72,=,=
CCOC(=O)C1=C(CSc2nc3cc([N+](=O)[O-])ccc3[nH]2)N(C)C(=O)NC1c1ccccc1,MTOR,CCN1CC(C)(C)Oc2nc(N3CCOC[C@@H]3C)nc(-c3ccc(NC(=O)Nc4ccccc4F)cc3)c2C1=O,6.14,7.72,=,=
CCOc1cc2ncc(C#N)c(Nc3ccc(F)c(Cl)c3)c2cc1NC(=O)/C=C/CN(C)C,CDK16,Cc1cnc(Nc2ccc(OCCN3CCCC3)cc2)nc1Nc1cccc(S(=O)(=O)NC(C)(C)C)c1,5.0,5.51,=,=
CS(=O)(=O)Nc1ccc(-c2ccc3[nH]nc(N)c3c2)cc1,CAMK2G,CC(=O)c1c(C)c2cnc(Nc3ccc(N4CCNCC4)cn3)nc2n(C2CCCC2)c1=O,5.6,5.03,=,=
CN(C)c1ccc(-c2nc3ncnc(N)c3c(-c3cc(Br)cs3)c2C2CC2)cn1,ADK,C[C@H]1O[C@@H](n2cc(-c3ccccc3)c3c(NCc4ccccc4)ncnc32)[C@H](O)[C@@H]1O,6.2,7.52,=,=
Cc1nc(-c2ncc(F)cc2-c2ccc3ncc(C(N)=O)n3c2)ccc1F,TGFBR2,CC(C)(NCc1ccn2nc(-c3ccccn3)nc(Nc3ccncc3F)c12)c1ccccn1,4.84,6.62,=,=
COc1cc(-c2ccc3c(c2)Nc2ccc(C(=O)NCc4cccc(F)c4)cc2NC3=O)ccc1O,MAPK13,O=C1NCCc2[nH]c(-c3ccncc3)cc21,5.5,7.1,=,=
O=C(NNC(=S)Nc1ccc(F)cc1)C(O)(c1ccccc1)c1ccccc1,MELK,COc1ccc(N2CCN(C)CC2)cc1Nc1ncc2c(n1)-c1c(c(C(N)=O)nn1C)CC2,6.7,5.29,=,=
CNS(=O)(=O)c1ccccc1Nc1nc(Nc2cc(OC)c(OC)c(OC)c2)ncc1Cl,MAP3K10,O=C1NCc2c3c(c4[nH]c5ccccc5c4c21)CCc1ccccc1-3,9.1,5.46,=,=
CN(C)CCn1cc(C#N)c2cc(Oc3ccc(NC(=O)[C@@H]4CCCN4)cc3)ccc21,PFKFB1,CC(C)Cn1cc(C#N)c2cc(N(C)c3ccc(NC(=O)[C@@H]4CCCN4)cc3)ccc21,4.27,5.3,=,=
CCN1CC(C)(C)Oc2nc(N3CC4CCC(C3)O4)nc(-c3ccc(NC(=O)Nc4cc(C)on4)cc3)c2C1=O,PIK3R1,COCCN1CC(C)(C)Oc2nc(N3CCOC[C@@H]3C)nc(-c3ccc(NC(=O)Nc4cccc(OC(F)F)c4)cc3)c2C1=O,5.37,5.74,=,=
CN[C@@H]1C[C@H]2O[C@@](C)([C@@H]1OC)n1c3ccccc3c3c4c(c5c6ccccc6n2c5c31)C(=O)NC4,PIK3C2G,Cc1ccc2c(c1)C(=O)N(C)c1cnc(Nc3ccc(S(N)(=O)=O)cc3)nc1N2C,6.37,7.52,=,=
Cc1ccc(C(=O)Nc2cccc(C(F)(F)F)c2)cc1Nc1nc(-c2cccnc2)nc2nn(C)cc12,ERN2,C[C@]12O[C@H](C[C@]1(O)CO)n1c3ccccc3c3c4c(c5c6ccccc6n2c5c31)CNC4=O,5.87,6.54,=,=
COc1cc(F)ccc1-c1ncnc(Nc2cccc(C[S@](C)(=N)=O)c2)n1,MAPK15,CC(=O)Nc1cccc(-c2cnc3[nH]nc(C)c3c2)c1,5.58,6.4,=,=
O=C1c2ccccc2C(=O)c2c1cc(S(=O)(=O)[O-])c(O)c2O.[Na+],PKLR,Cc1ccc(-n2nnnc2CNC(=O)Nc2ccccc2)cc1C,6.7,4.0,=,=
O=C(Nc1ccccc1-c1nc2ccccc2[nH]c1=O)c1ccc(Cl)cc1,STK33,COc1cc(Nc2ncc(F)c(Nc3ccc4c(n3)NC(=O)C(C)(C)O4)n2)cc(OC)c1OC,6.52,6.01,=,=
COc1cc(Nc2ncc(F)c(Nc3ccc4c(n3)NC(=O)C(C)(C)O4)n2)cc(OC)c1OC,NEK11,COc1cc(Oc2ccnc3cc(OC)c(OC)cc23)ccc1NC(=O)NC(C)c1nccs1,6.77,5.96,=,=
CCN1CCN(c2ccc(Nc3ncc(C#N)c(Nc4ccc5[nH]ncc5c4)n3)cc2)CC1,PAK4,O=c1[nH][nH]c2ccc(Br)cc12,6.5,4.3,=,=
C[C@]12O[C@H](C[C@]1(O)CO)n1c3ccccc3c3c4c(c5c6ccccc6n2c5c31)CNC4=O,CDC42BPG,CO[C@@H]1[C@H](NCCOCCOCCOCCNC(=O)CCC2=[N+]3C(=Cc4c(C)cc(C)n4[B-]3(F)F)C=C2)C[C@H]2O[C@]1(C)n1c3ccccc3c3c4c(c5c6ccccc6n2c5c31)C(=O)NC4,5.6,8.15,=,=
CC(C)(C)C(=O)Nc1cc(C(=O)Nc2cn3nc(-c4c(-c5ccc(F)cc5)nc5ccccn45)ccc3n2)ccn1,CSNK1D,[C-]#[N+]c1ccc(NC(=O)N2CCn3nc(-c4cccc(NS(C)(=O)=O)c4)c(C(N)=O)c3C2)cc1,10.02,5.9,=,=
N#CC[C@H](C1CCCC1)n1cc(-c2ncnc3[nH]ccc23)cn1,CAMK1G,Cn1nccc1Nc1nccc(-c2ccn([C@H](CO)c3ccc(Cl)c(F)c3)c(=O)c2)n1,5.66,6.93,=,=
Cc1cc(-c2cc(O)ccc2Cl)cc2nnc(Nc3ccc(OCCN4CCCC4)cc3)nc12,BMPR2,COc1cnc(Nc2cccc(S(N)(=O)=O)c2)nc1N1CCN(c2ccccc2)C(C)C1,8.52,6.93,=,=
COC(=O)c1ccc2c(c1)NC(=O)/C2=C(\Nc1ccc(N(C)C(=O)CN2CCN(C)CC2)cc1)c1ccccc1,CAMK1G,CC(C)c1cc(Nc2nc(N3CCC[C@H](N)C3)ncc2C(N)=O)cc(C(C)C)n1,6.58,8.48,=,=
COC1COCCC1N1CCC(Nc2cncc(-n3cc(-c4cc(C(=O)NC5CC5)ccc4C)cn3)c2)CC1,RIPK2,CNC(=O)c1ncc(-n2cc(-c3cc(C(=O)NC4CC4)c(F)cc3Cl)cn2)s1,8.96,7.26,=,=
NC(=O)c1cccnc1O[C@H]1CC2(C[C@H](Nc3nnc(-c4ccc(F)cc4F)o3)C2)C1,ROCK2,O=C(NC1CCC1)c1cccc([C@@H](CO)NC(=O)c2ccc(-c3ccncc3)cc2)c1,6.27,9.0,=,=
CSc1cccc(Nc2ncc3cc(-c4c(Cl)cccc4Cl)c(=O)n(C)c3n2)c1,MAPK4,CC(C)(C)c1cnc(CSc2cnc(NC(=O)C3CCNCC3)s2)o1,5.96,5.39,=,=
CS(=O)(=O)CCNCc1ccc(-c2ccc3ncnc(Nc4ccc(OCc5cccc(F)c5)c(Cl)c4)c3c2)o1,PIK3C2B,Cc1nc2c(N)cc(N3CCOCC3)nn2c1Nc1cccc(C(F)(F)F)c1CN1CCC(S(C)(=O)=O)C1,6.17,8.6,=,=
O=[N+]([O-])c1cc2c(/C=C/c3ccccc3)n[nH]c2cc1N1CCCC1,AURKB,Cc1cc(C)cc(NC(=O)Nc2ccc(-c3cccc4snc(N)c34)cc2)c1,6.96,5.7,=,=
CNc1ncc2cc(-c3ccc(-c4ncccc4C)cc3Cl)c(=O)n(C[C@H]3OC[C@H](N)CO3)c2n1,SIK2,Cc1ccc(Nc2nccc(N(C)c3ccc4c(C)n(C)nc4c3)n2)cc1S(N)(=O)=O,4.19,5.14,=,=
COc1cc(N2CCC(N3CCN(C)CC3)CC2)ccc1Nc1ncc(Cl)c(Nc2ccccc2P(C)(C)=O)n1,LTK,CC(C)NC1=NNC(=O)C1=Cc1cc2ccccc2[nH]1,7.85,6.7,=,=
Cc1n[nH]c2ccc(-c3cncc(OC[C@@H](N)Cc4ccccc4)c3)cc12,CDK18,Cc1nc(Nc2n[nH]c3c2CN(C(=O)N[C@H](CN(C)C)c2ccccc2)C3(C)C)c2sccc2n1,5.11,7.17,=,=
COc1cc2c(cc1OC)-c1[nH]nc(NCc3c(C)cccc3C)c1C2,EIF2AK1,CCc1ccc2c(c1)-c1[nH]nc(NCc3c(C)cccc3Cl)c1C2,8.1,6.5,=,=
CC(C)n1nc(-c2ccc3cc[nH]c3c2)c2c(N)ncnc21,HCK,CCC(=O)Nc1cc(Oc2cc(C(=O)Nc3ccc(CN4CCN(CC)CC4)c(C(F)(F)F)c3)ccc2C)ncn1,7.75,6.6,=,=
Nc1ncnc2ccc(-c3cccc(Oc4ccccn4)c3)nc12,MAP4K4,NCCCOc1cc2c(c(-c3ccc(Nc4nc5ccccc5o4)cc3)c1)CNC2=O,7.59,5.1,=,=
Cc1cn([C@H]2C[C@H](n3nncc3-c3ccccc3)[C@@H](CO)O2)c(=O)[nH]c1=O,TK2,Cc1cn([C@H]2C[C@H](n3cc(Cc4ccccc4)nn3)[C@@H](CO)O2)c(=O)[nH]c1=O,5.96,6.52,=,=
Cc1ccc(C(=O)Nc2cccc(C(F)(F)F)c2)cc1Nc1nc(-c2cccnc2)nc2c1cnn2C,PASK,Cc1cccc(NC(=O)Nc2ccc(-c3csc4c(C#CC(C)(C)N)cnc(N)c34)cc2)c1,4.87,6.4,=,=
Cc1c[nH]c2ncnc(N3CCC(NC(=O)c4cc(N)ncc4F)CC3)c12,MAP3K6,CC(C)n1cnnc1-c1cccc(NC(=O)Nc2ccc3ccccc3n2)n1,7.83,5.63,=,=
C[C@@H]1C[C@@H](O)c2ncnc(N3CCN(C(=O)[C@H](CN4CCC(F)CC4)c4ccc(Cl)cc4)CC3)c21,AKT3,C[C@@H]1C[C@@H](O)c2ncnc(N3CCN(C(=O)[C@H](CNCCCCCCCCCCCc4cccc5c4CN(C4CCC(=O)NC4=O)C5=O)c4ccc(Cl)cc4)CC3)c21,8.0,8.46,=,=
Cc1sc(-c2cccc(F)c2)nc1CSc1nc(N)cc(N)n1,DCK,Cc1ccc(-c2nc(CSc3nc(N)nc(N)n3)cs2)cc1OCCF,7.04,5.72,=,=
OCc1cc(-c2ccc3[nH]ncc3c2)on1,MAP2K2,NC(=O)c1cc2c(-c3ccc(Nc4nc5ccccc5o4)cc3)cnc(N)c2s1,4.8,6.1,=,=
CN(C)CC(=O)N1CCC(c2ccc(NC(=O)c3nc(C#N)c[nH]3)c(C3=CCCCC3)c2)CC1.Cl,SBK1,C[C@@H](Oc1cc(-c2cnn(C3CCNCC3)c2)cnc1N)c1c(Cl)ccc(F)c1Cl,5.51,5.89,=,=
CC(C)(C)c1nc(-c2ccc(NC(=O)Nc3cccc(C(F)(F)F)c3)c3ccccc23)c2c(N)nccn12,ERN1,O=S(=O)(Cc1ccccc1)Nc1c(F)cc(Oc2ncccc2-c2ccnc(N[C@@H]3CNC[C@@H](CF)C3)n2)c(F)c1F,6.75,7.82,=,=
COc1cc(-c2cnn3cc(OC)c(C4CCCC4)nc23)ccn1,ACVR2A,c1cc2cc(c1)-c1cnn3ccc(nc13)NCCOCCO2,5.54,5.89,=,=
O=C(c1ccc(/C=C/c2n[nH]c3ccccc23)cc1)N1CCNCC1,RPS6KA5,CCn1c(-c2nonc2N)nc2cncc(OC3CCNCC3)c21,5.72,7.68,=,=
CC(C)(C)c1cc(NC(=O)c2ccc(S(=O)(=O)NC3CCCC3)cc2)n[nH]1,STK25,Cc1ccc(C(=O)Nc2cc(C(C)(C)C)n[nH]2)cc1-n1cc(-c2cncc(N3CCOCC3)c2)nn1,6.06,7.92,=,=
CNC(=O)c1ccc2[nH]nc(Cc3ccc4c(cnn4C)c3)c2c1,PASK,CC1(C)C(=O)N([C@H]2CCc3c(O)cccc32)c2nc(Nc3ccccc3)ncc21,6.58,5.0,=,=
COC(=O)c1ccc2c(c1)NC(=O)/C2=C(\Nc1ccc(N(C)C(=O)CN2CCN(C)CC2)cc1)c1ccccc1,MAP2K5,Nc1ncnc2c1c(-c1ccccc1)nn2CC1SSCC1O,7.75,7.28,=,=
Cc1ccc(Nc2nccc(N(C)c3ccc4c(C)n(C)nc4c3)n2)cc1S(N)(=O)=O,ACVR2B,Nc1nc(Nc2ccc(S(N)(=O)=O)cc2)nn1C(=O)c1c(F)cccc1F,5.62,5.23,=,=
CC(C)(C)CN1CCC(NC(=O)c2csc(NC(=O)c3ccc4cc5n(c4c3)C(C)(C)CNC5=O)n2)CC1,MAPKAPK2,O=C(Nc1ccc(N2CCNCC2)cc1)c1ccc(-c2ccc(Cl)s2)o1,8.7,5.16,=,=
NC(=O)Cc1ccc2nc(NC(=O)[C@H]3CC[C@@H](n4cnc5c(N)nc(Cl)nc54)CC3)sc2c1,CHKB,Clc1ccc2c(N3CCCCCC3)cc[n+](Cc3ccc(-c4ccccc4)cc3)c2c1.[Br-],5.42,4.2,=,=
CCOc1ccc(NC(=O)Nc2ccc(-c3csc4c(-c5cnn(C)c5)cnc(N)c34)cc2)cc1,ROCK1,c1ncc(-c2c[nH]c3nccc(O[C@H]4CCCNC4)c23)cn1,6.4,4.29,=,=
CN1CC[C@H](c2c(O)cc(O)c3c(=O)cc(-c4ccccc4Cl)oc23)[C@H](O)C1,CAMK2A,CCN(CC)CCNC(=O)c1c(C)[nH]c(C=C2C(=O)Nc3ccc(F)cc32)c1C,5.77,6.8,=,=
CNC(=O)c1ccc2noc(-c3ccccc3)c2c1,IP6K2,O=C(O)c1ccc2noc(-c3ccc(-c4ccncc4)cc3)c2c1,5.67,6.82,=,=
Cc1[nH]c(/C=C2\C(=O)Nc3ccc(S(=O)(=O)Cc4c(Cl)cccc4Cl)cc32)c(C)c1C(=O)N1CCC[C@@H]1CN1CCCC1,MAK,CN1CC[C@H](c2c(O)cc(O)c3c(=O)cc(-c4ccccc4Cl)oc23)[C@H](O)C1,6.05,7.55,=,=
COc1cc(C=C(C#N)c2nc3ccccc3[nH]2)c(Br)cc1O,PRKD3,COc1cc2c(Oc3ccc(NC(=O)C4(C(=O)Nc5ccc(F)cc5)CC4)cc3F)ccnc2cc1OCCCN1CCOCC1,5.8,5.12,=,=
CCN1CC(C)(C)Oc2nc(N3CCOC[C@@H]3C)nc(-c3ccc(NC(=O)OCCO)cc3)c2C1=O,PIK3R1,CN1CC(C)(C)Oc2nc(N3CC4CCC(C3)O4)nc(-c3ccc(NC(=O)Nc4ccncc4)cc3)c2C1=O,5.41,6.33,=,=
N#Cc1cc(F)cc(CNc2ccc3[nH]nc(/C=C/c4ccccn4)c3c2)c1,NTRK2,CN1CCN(c2ccc(C(=O)Nc3n[nH]c4ccc(Cc5cc(F)cc(F)c5)cc34)c(NC3CCOCC3)c2)CC1,7.75,8.52,=,=
O=C(O)CCc1ccc(-c2nc3cc4ccccc4cc3nc2-c2ccc(CCC(=O)O)s2)s1,RPS6KB2,COc1cc(OC)cc(-c2ccc3nc(Nc4nc(Cl)ccc4[N+](=O)[O-])ncc3c2)c1,6.06,8.35,=,=
CCN1C(=O)CCCc2c1ccc(Nc1ncc(Cl)c(Nc3ccccc3C(=O)NC)n1)c2OC,INSR,C=Cc1ccc(C(=O)/N=c2\[nH]c3cc(N(C)C(=O)c4ccccc4)ccc3n2CCC(N)=O)s1,6.67,6.32,=,=
CCN(CC)CCNC(=O)c1c(C)[nH]c(/C=C2\C(=O)Nc3ccc(F)cc32)c1C,CAMK2A,COc1cc(Nc2ncnc(N3CCCc4cc(C)ccc43)n2)cc(OC)c1OC,7.1,5.4,=,=
Cn1ccc(-c2ccc3nc(N)sc3c2)n1,PI4KA,CCC(CO)NS(=O)(=O)c1cc(-c2c(C)nc3c(NCCNC(C)=O)cc(Cl)nn23)ccc1OC,5.6,4.91,=,=
COc1cc(-c2cnc3nc2NCCCNS(=O)(=O)c2cccc(c2)N3)ccc1F,EPHA4,CC(C)[C@@H]1NC(=O)[C@@H](NC(=O)[C@H](Cc2ccc(O)cc2)NC(=O)CCCCCN)CSSC[C@@H](C(N)=O)NC(=O)[C@H](CO)NC(=O)[C@H](Cc2c[nH]c3ccccc23)NC(=O)[C@H](CO)NC(=O)CCNC(=O)[C@H](CCCNC(=N)N)NC(=O)[C@H](Cc2ccc(O)cc2)NC1=O,6.35,7.08,=,=
CN1C(=O)[C@@H](N2CCc3cn(CC4CCS(=O)(=O)CC4)nc3C2=O)COc2ccccc21,TESK1,Cc1ccc(C(=O)Nc2cccc(C(F)(F)F)c2)cc1Nc1nc(-c2cccnc2)nc2c1cnn2C,6.0,10.07,=,=
N[C@H]1CC[C@H](Nc2ncc(Cl)c(Nc3ccccc3S(=O)(=O)C3CC3)n2)CC1,CDK7,ON=C(c1nc2ccccc2[nH]1)c1nc2ccccc2[nH]1,7.55,5.5,=,=
CS(=O)(=O)c1ccc2c(=O)n([C@@H](CC3CCCCC3)C(=O)Nc3nccs3)cnc2c1,GCK,COCC[C@H](Oc1ncnc2c1cnn2-c1ccccc1Cl)C(=O)Nc1ccc(C)cn1,6.3,7.3,=,=
O=C1NC(=O)C(c2cn3c4c(cc(F)cc24)CN(C(=O)N2CCCCC2)CC3)=C1c1cn2ccccc2n1,CDK5,O=C(O)c1ccccc1Nc1ncnc(Nc2cccc(F)c2)n1,7.1,6.2,=,=
Cn1nc(N)c2c(-c3ccc(NC(=O)Nc4cccc(C(F)(F)F)c4)cc3)cncc21,DYRK3,NC(=O)c1cccc2[nH]c(-c3ccc(C4CCCNC4)cc3F)nc12,6.9,5.8,=,=
Cc1ccc2c(c1)c(=O)[nH]c1c(C)cc(O)c(-c3ccc([C@@H](C)N(C)C)cc3)c12,PBK,CC(C)N(C(=O)Nc1ccc2nc(-c3ccco3)c(-c3ccco3)nc2c1)C(C)C,5.19,5.5,=,=
COc1ccc(-c2nn(C[C@H](C)CO)c3ncnc(N)c23)cc1OC,PI4KB,CC(C)n1nc(-c2cccc(O)c2F)c2c(N)ncnc21,5.05,5.56,=,=
CCN(CCO)CCCOc1ccc2c(Nc3cc(CC(=O)Nc4cccc(F)c4)[nH]n3)ncnc2c1,MAP3K19,CCN1CCN(Cc2ccc(NC(=O)Nc3ccc(Oc4cc(NC)ncn4)cc3)cc2C(F)(F)F)CC1,5.62,6.92,=,=
CCCCNc1ncc(-c2ccc(F)cn2)c(NCC2CCC(N)CC2)n1,MERTK,CCOCCNc1ncc2c(-c3ccccc3)nn(CC3CCC(N)CC3)c2n1,8.02,7.26,=,=
CN1CCC(c2cc3c(-c4cccc(N(C)Cc5ccccc5)n4)ccnc3[nH]2)CC1,CDK9,CN(C)CC(O)CNc1cc(-c2ccc3ncn(Cc4cccc(F)c4)c3c2)c(Cl)cn1,7.3,5.92,=,=
c1cc(N2CCOCC2)ccc1-c1cnc2c(-c3cn[nH]c3)cnn2c1,ACVR1,CCS(=O)(=O)c1cccc(-c2cc(C(=O)NC3CCN(C)CC3)c(C)c3[nH]c4ncc(C)cc4c23)c1,7.27,6.6,=,=
Cc1c(Nc2c(C#N)cncc2-c2ccc(CN3CCN(C)CC3)s2)ccc2[nH]ccc12,PRKCD,NCCOc1nc(-c2ccncc2)cc2cnccc12,7.3,6.15,=,=
CN1C(=O)[C@@H](N2CCc3c(nn(Cc4ccccc4)c3Br)C2=O)COc2ccccc21,MASTL,CC[C@](C)(N)c1cc(Nc2cc3cc(-c4cnnn4C)nc(N)c3cn2)ncc1C,6.0,10.52,=,=
Cc1ccc(C(=O)Nc2cccc(C(F)(F)F)c2)cc1Nc1nc(-c2cccnc2)nc2c1cnn2C,CDC42BPG,Cc1nc(Nc2ncc(C(=O)Nc3c(C)cccc3Cl)s2)cc(N2CCN(CCO)CC2)n1.O,4.76,5.92,=,=
CCOc1cn(-c2ccc(F)cc2C)nc1C(=O)Nc1ccc(Oc2ccnc3cc(OC)c(OC)cc23)c(F)c1,MAP2K5,CN[C@@H]1C[C@H]2O[C@@](C)([C@@H]1OC)n1c3ccccc3c3c4c(c5c6ccccc6n2c5c31)C(=O)NC4,6.91,7.57,=,=
COc1ccc(NC(=O)C2=NN=C(c3cncc(-c4ccnc(Nc5cc(NC(=O)c6ccc(CN7CCN(C)CC7)cc6)ccc5C)n4)c3)C2)cc1,ABL2,Cc1ccc(C(=O)Nc2ccc(CN3CCN(C)CC3)c(C(F)(F)F)c2)cc1C#Cc1cnc2cccnn12,6.82,7.7,=,=
CC[C@@](C)(Nc1ccnc(-c2c[nH]c3ncccc23)n1)C(=O)NCC(F)(F)F,TP53RK,CC(=O)c1cnc2ccc(-c3cc(Cl)c(O)c(Cl)c3)nc2c1N[C@H]1CC[C@H](CN(C)C)CC1,5.55,6.51,=,=
COc1cc(OC)cc(N(C/C=C\c2ncccn2)c2ccc3ncc(-c4cnn(C)c4)nc3c2)c1,FGFR2,C=CC(=O)N1CCC(c2cc3c(Oc4ccc(NC(=O)NC5CC5)c(Cl)c4)ccnc3cc2OCC)CC1,7.78,8.28,=,=
C[C@]12O[C@H](C[C@]1(O)CO)n1c3ccccc3c3c4c(c5c6ccccc6n2c5c31)CNC4=O,CDKL3,CCN1CCN(Cc2ccc(NC(=O)Nc3ccc(Oc4cc(NC)ncn4)cc3)cc2C(F)(F)F)CC1,6.37,8.28,=,=
CS(=O)(=O)N1CC2(C1)C(C(=O)Nc1cc(-c3ccc4ncn(Cc5cccc(F)c5)c4c3)c(Cl)cn1)CCS2(=O)=O,CDK9,Fc1ccc2c(c1)-c1ccnc3[nH]c(C4=CCNCC4)c(c13)CO2,7.09,7.7,=,=
CCn1c(-c2nonc2N)nc2cncc(OC3CCNCC3)c21,RPS6KA5,CNCCOc1ccccc1C(C)(C)Nc1nccn(-c2cc(C(=O)NC3CC3)ccc2C)c1=O,7.68,8.2,=,=
C#Cc1cccc(Nc2ncnc3cc(OCCOC)c(OCCOC)cc23)c1,AURKC,CC#CCn1cc(N(CCC)c2nc(C(N)=O)c(-c3cc(C(=O)N(C)C)c[nH]3)s2)cn1,6.22,7.22,=,=
Cc1ccc(C(=O)Nc2cccc(C(F)(F)F)c2)cc1Nc1nc(-c2cccnc2)nc2c1cnn2C,STRADA,CN1C(=O)[C@@H](N2CCc3c(nn(Cc4ccccc4)c3Br)C2=O)COc2ccccc21,7.7,6.0,=,=
Cc1[nH]c(/C=C2\C(=O)Nc3ccc(S(=O)(=O)Cc4c(Cl)cccc4Cl)cc32)c(C)c1C(=O)N1CCC[C@@H]1CN1CCCC1,GRK4,CN(C)CC(=O)N1CCC(c2ccc(NC(=O)c3nc(C#N)c[nH]3)c(C3=CCCCC3)c2)CC1.Cl,6.38,5.66,=,=
CC#CCn1cc(N(CCC)c2nc(C(N)=O)c(-c3cc(C(=O)N(C)C)c[nH]3)s2)cn1,AURKC,Oc1cccc(Nc2ccnc3[nH]c4ccccc4c23)c1,7.22,6.59,=,=
Cc1cc(Nc2cc(N3CCN(C)CC3)nc(Sc3ccc(NC(=O)C4CC4)cc3)n2)n[nH]1,CAMK1,Cc1cccc(NC(=O)Nc2ccc(-c3csc4c(C#CC(C)(C)N)cnc(N)c34)cc2)c1,5.16,5.9,=,=
Cc1ccc(C(=O)Nc2ccc(Oc3cc4cnn(C)c4cc3-c3cn[nH]c3)c(F)c2)c(=O)n1-c1ccc(F)cc1,MKNK1,C[C@H]1COCCN1C(=O)[C@H]1CCc2c(sc3ncnc(Nc4ccn5nccc5c4)c23)C1,7.52,7.19,=,=
C#CC(=O)N1CC(c2cnn3c(C(N)=O)c(-c4ccc(Oc5ccccc5)cc4)[nH]c23)C1,BMX,C=CC(=O)N[C@@H]1Cn2c(c(-c3ccc(Oc4ccccc4)cc3)c3c(N)ncnc32)C1=C,7.67,6.76,=,=
OCCn1cc(-c2ccc3c(c2)CCC3=NO)c(-c2ccncc2)n1,MAP2K5,CNS(=O)(=O)Nc1nccc(Cc2c(C)c3ccc(Oc4ncccn4)cc3oc2=O)c1F,5.29,5.7,=,=
O=C1NC=NC2C1C(c1ccccc1)=CN2c1ccc(Br)cc1,PFKFB3,Cn1ccc2ccc(-c3cc(N[C@@H](c4cccnc4)c4ccc(=O)[nH]c4)cc4nccnc34)cc21,6.4,7.55,=,=
O=C(Cc1ccc(Cl)cc1)NS(=O)(=O)c1ccc(Br)cc1,ERBB2,CCOc1cc2ncnc(Nc3ccc4c(cnn4Cc4ccccc4)c3)c2cc1NC(=O)/C=C/CN1C[C@@H](C)N[C@@H](C)C1,4.87,7.72,=,=
COC(=O)c1ccc2c(c1)NC(=O)/C2=C(\Nc1ccc(N(C)C(=O)CN2CCN(C)CC2)cc1)c1ccccc1,CDKL2,Cc1cc(-c2ccnc(Nc3cnn(C)c3)n2)ccc1CNC(=O)N1CC(OC(C)C)C1,5.89,6.38,=,=
Cn1cc(-c2cc3c(C4=CCC(NS(=O)(=O)c5ccc(OC(F)(F)F)cc5)CC4)ncnc3[nH]2)cn1,KIT,Cn1cc(-c2cc3c(N4CC(C(=O)N[C@@H](CCO)c5ccc(Cl)cc5)C4)ncnn3c2)cn1,5.78,6.76,=,=
CCN1CCN(Cc2ccc(NC(=O)Nc3ccc(Oc4cc(NC)ncn4)cc3)cc2C(F)(F)F)CC1,MUSK,Cc1[nH]c(/C=C2\C(=O)Nc3ccc(F)cc32)c(C)c1C(=O)NC[C@H](O)CN1CCOCC1,8.51,7.0,=,=
Cc1ccc(NC(=O)c2ccnc(C(C)(C)F)c2)cc1-c1cnc(OCCO)c(C2(F)COC2)c1,RAF1,Cc1ncc(NC(=O)c2ccnc(C(C)(C)O)c2)cc1-c1cnc(OC(C)C)c(N2CCOCC2)c1,6.61,8.1,=,=
Cc1nc2cc(-c3nn(C(C)C)c4ncnc(N)c34)ccc2o1,PTK6,Cn1nc(N)c2c(-c3ccc(NC(=O)Nc4cccc(C(F)(F)F)c4)cc3)cncc21,5.68,6.1,=,=
COCCn1nc(-c2ccc3c(c2)CCN3C(=O)Cc2cccc(OC(F)(F)F)c2)c2c(N)n[nH]c(=O)c21,RIPK1,COc1ccc([C@H](C)NC(=O)c2cn(C)c3ccc(-c4ccn5nc(NC(=O)C(C)C)nc5c4)cc23)cc1,7.09,7.64,=,=
CC(C)S(=O)(=O)Nc1ccc(-c2n[nH]c(Nc3ccccc3)c2C(N)=O)cc1,MLKL,CO[C@@H](c1ccc(-c2ccccc2)cc1)c1nc2ccc(C(=O)O)cc2[nH]1,6.82,4.3,=,=
COc1cccc(NC(=O)N2CCC(c3nc4c(C(N)=O)cccc4[nH]3)CC2)c1,PDGFRA,Cn1nccc1-c1ccn2c(C(=O)Nc3cc(C(=O)NCc4ccc(F)c(F)c4)ccc3F)cnc2c1,5.8,10.05,=,=
Cc1cn(-c2cc(NC(=O)c3ccc(C)c(Nc4nccc(-c5cccnc5)n4)c3)cc(C(F)(F)F)c2)cn1,PHKG2,NCC(O)C(O)Cn1cc(I)c2c(N)ncnc21,6.48,5.8,=,=
COc1cc(N2CCC(N3CCN(C)CC3)CC2)ccc1Nc1ncc(Cl)c(Nc2ccccc2S(=O)(=O)C(C)C)n1,EPHB3,O=C(Nc1ccccc1Cl)c1cnn2ccc(N3CCOCC3)cc12,5.72,6.62,=,=
COc1ccc(-n2nc(C(C)(C)C)cc2NC(=O)Nc2ccc(Oc3ccnc(Nc4ccc(O)cc4)n3)c3ccccc23)cc1,MAPK12,Cc1n[nH]c2ccc(-c3cncc(OCC(N)Cc4c[nH]c5ccccc45)c3)cc12,6.58,6.0,=,=
O=C(Nc1cnn(CC2CCCCC2)c1)c1ccc2cc3n(c2c1)CCCNC3=O,RPS6KA2,CC(C)(C)c1cc(NC(=O)c2ccc3cc4n(c3c2)CCCNC4=O)on1,8.13,7.36,=,=
COc1cc(Nc2ncc(F)c(Nc3ccc4c(n3)NC(=O)C(C)(C)O4)n2)cc(OC)c1OC,STK38,COc1cc(S(C)(=O)=O)ccc1Nc1nc2ccc(-c3ccc(NC(=O)[C@H](C)c4ccc(F)cc4)cc3)cn2n1,5.03,4.4,=,=
Cc1cc(-c2cc(O)ccc2Cl)cc2nnc(Nc3ccc(OCCN4CCCC4)cc3)nc12,EPHB3,O=C(Nc1ccccc1Cl)c1cnn2cccc(Cl)c12,8.7,4.7,=,=
O=C(Nc1ccccc1-c1nc2ccccc2[nH]c1=O)c1ccc(Cl)cc1,STK33,O=C(Nc1ccccc1-c1nc2cc(Cl)c(Cl)cc2[nH]c1=O)c1cccs1,6.52,5.4,=,=
O=C(NCCc1ccc(O)c(Br)c1)/C(Cc1cc(Br)c(O)c(Oc2ccc(CCNC(=O)/C(Cc3cc(Br)c(O)c(-c4cc(C/C(=N\O)C(=O)NCCc5ccc(O)c(Br)c5)cc(Br)c4O)c3)=N/O)cc2Br)c1)=N/O,BRAF,Cc1ccc(C(=O)Nc2cc(CN3CCCC3)cc(C(F)(F)F)c2)cc1Nc1ncnc2cnc(NCc3ccccn3)nc12,5.77,8.7,=,=
COc1ccc2nc(C(=O)N3CCN[C@H](C)C3)nc(Nc3cc(C4CC4)[nH]n3)c2c1,PAK4,Cc1nc2ccc(C#CC(C)(O)CC3CC3)cc2n1-c1ncnc(N)n1,7.44,6.17,=,=
CN[C@@H]1C[C@H]2O[C@@](C)([C@@H]1OC)n1c3ccccc3c3c4c(c5c6ccccc6n2c5c31)C(=O)NC4,PRKACB,NC1(C(=O)N[C@@H](CCO)c2ccc(Cl)cc2)CCN(c2nc[nH]c3nccc2-3)CC1,8.09,6.62,=,=
C[C@H]1CN(c2cc(-n3ncc4ccc([C@]5(C#N)CC56CC6)cc43)ncn2)CCN1C1CCOC1,LRRK2,CC1(Oc2ccc3[nH]nc(-c4cc(N5CCO[C@@H](c6ccccc6)C5)ncn4)c3c2)CC1,9.22,8.22,=,=
Cc1nn(C)c(C)c1-c1cnc(N)c2oc(-c3csc4cnccc34)cc12,MAP3K7,CC(=O)N1CCC(n2cc(-c3cnc(N)c4oc(-c5ccccc5CC#N)cc34)cn2)CC1,5.36,6.28,=,=
C[C@@]1(OC(=O)c2cc(O)c(C(=O)c3c(O)cccc3C(=O)O)c(O)c2)CCCNC[C@H]1NC(=O)c1ccc(O)cc1,PRKCZ,Cc1cncc2cccc(S(=O)(=O)N3CCCNCC3C)c12,4.38,5.5,=,=
N=C(N)NCCC[C@H](NC(=O)[C@H](Cc1ccc(-c2ccccc2)cc1)NC(=O)[C@H](Cc1c[nH]c2ccc(O)cc12)NC(=O)CCCN)C(N)=O,EPHA4,CNCC(=O)N[C@@H](Cc1ccc(O)cc1)C(=O)N[C@H]1CSSC[C@@H](C(N)=O)NC(=O)[C@H](CO)NC(=O)[C@H](Cc2c[nH]c3ccccc23)NC(=O)[C@H](CO)NC(=O)CCNC(=O)[C@H](CCCNC(=N)N)NC(=O)[C@H](Cc2ccc(O)cc2)NC(=O)[C@H](C(C)C)NC1=O,6.34,7.4,=,=
CNc1nc(-c2ccc3c(c2)CCN3C(=O)c2ccccc2OCc2ccc(Cl)cc2)cs1,WNK1,O=[N+]([O-])c1cc(S(=O)(=O)C(Cl)(Cl)Br)ccc1NC1CCCCC1,6.65,5.4,=,=
Nc1nonc1-n1nnc(C(=O)NN=Cc2ccncc2)c1-c1ccccc1,CDC42BPA,Cn1cc(-c2cnc3c(-c4csc(C(=O)N[C@@H]5CCCC[C@@H]5N)c4)cnn3c2)cn1,6.2,7.14,=,=
CC(C)n1nc(-c2cc3cc(O)ccc3[nH]2)c2c(N)ncnc21,DAPK2,Oc1c2ccccc2c2c3c(cccc13)N=N2,7.03,6.21,=,=
COc1cc(N2CCC(N3CCN(C)CC3)CC2)ccc1Nc1ncc(Cl)c(Nc2ccccc2S(=O)(=O)C(C)C)n1,PRKACB,COc1cccc(Nc2ncnn3ccc(CN4CC[C@@H](N)[C@H](O)C4)c23)c1,5.39,5.92,=,=
COc1ccc(F)c(F)c1C(=O)c1cnc(NC2CCN(S(C)(=O)=O)CC2)nc1N,DMPK,C[C@]12O[C@H](C[C@]1(O)CO)n1c3ccccc3c3c4c(c5c6ccccc6n2c5c31)CNC4=O,6.21,6.62,=,=
Cc1nc(Nc2n[nH]c3c2CN(C(=O)N[C@H](CN(C)C)c2ccccc2)C3(C)C)c2sccc2n1,PRKD2,Oc1ccc(-c2n[nH]c(Nc3cccc(Cl)c3)c2-c2ccc(O)cc2)cc1,7.1,5.3,=,=
CNc1cc2c(cn1)c(-c1cn[nH]c1)nn2C1CCC(Oc2ccc(=O)n(C)n2)CC1,AXL,Cc1ccccc1NC(=O)Nc1ccc2c(c1)CCc1sc3ncnc(N)c3c1-2,6.96,6.2,=,=
CCOc1cc(N2CCN(C)CC2)ccc1Nc1ncc2cc(-c3cccc(NC(=O)c4cccc(C(F)(F)F)c4)c3)c(=O)n(C[C@H]3CCCO3)c2n1,EPHA8,C=CC(=O)Nc1cc2c(Nc3ccc(F)c(Cl)c3)ncnc2cc1OCCCN1CCOCC1,7.82,5.7,=,=
NC(=O)c1c(OCc2c(F)cc(Br)cc2F)nsc1NC(=O)NCCCCN1CCCC1,PTK6,COc1cc2c(Nc3ccc(Cl)c(Cl)c3F)ncnc2cc1OC[C@@H]1C[C@@H]2CN(C)C[C@@H]2C1,6.1,6.76,=,=
Cc1cccc(NC(=O)Nc2ccc(-c3cncc4c3c(N)nn4C)cc2)c1,RPS6KA3,CN(C)CC(=O)N1CCC(c2ccc(NC(=O)c3nc(C#N)c[nH]3)c(C3=CCCCC3)c2)CC1.Cl,5.5,6.36,=,=
COc1cc(-c2cnc3cc(N4CCN(CCO)CC4)ccn23)cc(OC(F)F)c1C(=O)NC1CC1,SIK1,CNc1ncc2cc(-c3ccccc3Cl)c(=O)n(CCCCN)c2n1,7.21,7.7,=,=
N#CC1=C(c2ccccc2)CC(c2ccc(Cl)cc2)C(C(=O)c2ccccc2)C1=O,CAMK1D,CC(SCC1CCC2CC1C2(C)C)C(N)=O,6.4,4.1,=,=
Cc1n[nH]c2ccc(-c3cncc(OC[C@@H](N)Cc4ccccc4)c3)cc12,CDK17,Cc1cnc(Nc2ccc(OCCN3CCCC3)cc2)nc1Nc1cccc(S(=O)(=O)NC(C)(C)C)c1,5.72,6.46,=,=
O=C(CS(=O)(=O)c1ccc(Cl)cc1)N/N=C/c1cc(C(=O)O)c(Nc2ccc(I)cc2F)c(F)c1F,MAP3K9,Cc1cc(Nc2cc(N3CCN(C)CC3)nc(Sc3ccc(NC(=O)C4CC4)cc3)n2)n[nH]1,5.16,6.41,=,=
CS(C)(=O)=Nc1cc(C2CC2)c2c(Nc3ccc(F)cc3O[C@H]3COC[C@@H]3O)ncnc2c1,MKNK2,O=S1(=Nc2cc(Cl)c3c(Nc4ccc(F)cc4O[C@H]4COC[C@H]4O)ncnc3c2)CCC1,7.68,9.0,=,=
Nc1ccc(-c2nc(-c3ccc(Oc4ccccc4)cc3)c3c(N)nccn23)cc1,TNK2,CN(C)CCOc1ccc(-c2[nH]c3ncnc(NC[C@@H]4CCCO4)c3c2-c2ccccc2)cc1,6.74,8.22,=,=
Cn1cc(C2=C(c3ccc(Cl)cc3Cl)C(=O)NC2=O)c2ccccc21,RPS6KA1,CCn1c(-c2nonc2N)nc2c(C#CCN)ncc(OCCCN)c21.O=C(O)C(F)(F)F,7.0,6.6,=,=
CCCCCC(=O)Nc1nc(C)c(-c2ccc(OC)c(S(=O)(=O)NCc3cccc(F)c3)c2)s1,PI4KB,Nc1nc2ccc(-c3ccncc3)cc2s1,7.34,6.0,=,=
Nc1ccc(-c2cnc3[nH]nc(C(=O)c4c(F)ccc(NS(=O)(=O)Cc5ccccc5)c4F)c3c2)cc1,MAP2K7,Nc1nc(N2CCCCC2)c2c(n1)[nH]c1ccc(Cl)cc12,5.3,6.0,=,=
C[C@@H](O)[C@@H](C)Oc1nc(Nc2ccc(S(=O)(=O)C3CC3)cc2)ncc1C(F)(F)F,CDK4,C[C@H]1CN(c2ccc(Nc3ncc4c5ccncc5n([C@H]5CCC[C@H]5O)c4n3)nc2)CCN1,7.49,7.15,=,=
CC(=O)N1CCN(CC(=O)Nc2cc(Nc3nc(-c4cccc(C(F)(F)F)n4)nn4cccc34)ccn2)CC1,TGFBR1,CCC(CC)CN1C(=O)Cc2cc(-c3cncc(-c4ccc(=O)n(C(C)C)c4)c3)ccc21,9.07,5.38,=,=
Cc1cnc(Nc2ccc(OCCN3CCCC3)cc2)nc1Nc1cccc(S(=O)(=O)NC(C)(C)C)c1,MYLK3,CN1C(=O)[C@@H](N2CCc3cn(CC4CCS(=O)(=O)CC4)nc3C2=O)COc2ccccc21,5.01,6.0,=,=
COc1cc2c(Oc3ccc(NC(=O)C4(C(=O)Nc5ccc(F)cc5)CC4)cc3F)ccnc2cc1OCCCN1CCOCC1,CDKL3,CNC(=O)c1cc(Oc2ccc(NC(=O)Nc3ccc(Cl)c(C(F)(F)F)c3)cc2)ccn1,5.23,6.31,=,=
CCCCCn1cc(-c2ccccc2OCc2ccccc2)nc1N.Cl,PNCK,CN[C@@H]1C[C@H]2O[C@@](C)([C@@H]1OC)n1c3ccccc3c3c4c(c5c6ccccc6n2c5c31)C(=O)NC4,5.52,8.3,=,=
CCCOc1cccc(-c2cc(C(N)=O)c3[nH]c4ccc(C(=O)N5CCOCC5)cc4c3c2)c1,JAK3,C=CC(=O)N1CCc2ccc(-n3c(=O)ccc4cnc5ccc(-c6cnc7ccccc7c6)cc5c43)cc21,6.89,6.01,=,=
O=c1[nH]ccc(NC2CCOCC2)c1-c1nc2cc(F)ccc2[nH]1,PRKAA1,Cc1[nH]c(/C=C2\C(=O)Nc3ccc(F)cc32)c(C)c1C(=O)NCCN,4.43,6.41,=,=
NC(=O)c1cc2c(N)ncnc2cc1-c1ccc2c(c1)OCO2,PI4K2A,NC(=O)c1cc2c(N)ncnc2cc1-c1ccc2cc[nH]c2c1,4.68,4.34,=,=
Cc1n[nH]c2ccc(-c3cncc(OCC(N)Cc4ccc(Cl)c(Cl)c4)c3)cc12,NEK4,CC(C)(C)OC(=O)n1ncc2cc(Nc3c(NCc4ccc(S(N)(=O)=O)cc4)c(=O)c3=O)ccc21,6.9,5.2,=,=
COc1cc(Nc2ncc(F)c(Nc3ccc4c(n3)NC(=O)C(C)(C)O4)n2)cc(OC)c1OC,RIPK4,CN1C(=O)[C@@H](N2CCc3cn(CC4CCS(=O)(=O)CC4)nc3C2=O)COc2ccccc21,6.66,6.0,=,=
O=C(O)c1ccc2noc(-c3ccc(-c4ccncc4)cc3)c2c1,IP6K2,O=C(O)c1ccc2noc(-c3ccc(Oc4ccccn4)cc3)c2c1,6.82,5.92,=,=
O=C(NCCCN1CCCC1=O)c1cnc(NCCc2cccnc2)nc1Nc1ccccc1,TYRO3,CCCCNc1ncc(C(=O)NCc2ccc(-n3cccc3)cc2)c(N[C@H]2CC[C@H](O)CC2)n1,5.38,6.09,=,=
C[C@@H](Oc1cc(-c2cnn(C3CCNCC3)c2)cnc1N)c1c(Cl)ccc(F)c1Cl,CDKL2,COc1cc2c(Oc3ccc(NC(=O)C4(C(=O)Nc5ccc(F)cc5)CC4)cc3F)ccnc2cc1OCCCN1CCOCC1,5.68,6.62,=,=
CCCCCCCCCCCCc1ccc(C(=O)N2CCC[C@@H]2C(=N)N)cc1.Cl,SPHK1,Cc1nc(-c2cccc(OCc3ccc(CN4CCC[C@@H]4CO)cc3)c2)no1,4.8,7.97,=,=
Cc1cc(Nc2cc(N3CCN(C)CC3)nc(Sc3ccc(NC(=O)C4CC4)cc3)n2)n[nH]1,PAK6,CN[C@@H]1C[C@H]2O[C@@](C)([C@@H]1OC)n1c3ccccc3c3c4c(c5c6ccccc6n2c5c31)C(=O)N[C@H]4O,5.01,8.4,=,=
C=CC(=O)Nc1cccc(Nc2nc(Nc3cccc(OCCCNC(=O)OC(C)(C)C)c3)ncc2C)c1,ITK,C=CC(=O)N1CC[C@]2(C1)C[C@@H](n1c(NC(=O)c3ccc(-c4cnco4)s3)nc3cc(CN[C@@H](C)C(C)(C)C)ccc31)C2,7.26,9.54,=,=
CN(c1ncccc1CNc1nc(Nc2ccc3c(c2)CC(=O)N3)ncc1C(F)(F)F)S(C)(=O)=O,PLK4,NC(=O)Cn1cc(-c2cc(-c3cc4ccccc4s3)c3[nH]ncc3c2)c2nc(N)ncc21,6.2,6.7,=,=
N#Cc1ccc(N2CCN(C(=O)Cc3ccc(C4CC4)cc3)CC2)nn1,PANK3,CCN(CC)c1ccc(CNc2nn[nH]n2)cc1,8.28,5.46,=,=
O=c1c(O)c(-c2ccc(O)cc2O)oc2cc(O)cc(O)c12,DAPK1,CCCCC(=O)Nc1ccc2c(c1)/C(=C1/Nc3ccccc3/C1=N\O)C(=O)N2,5.38,5.75,=,=
O=S(=O)(c1cccc2cnccc12)N1CCCNCC1,PRKX,COc1cc2ncn(-c3cc(OCc4ccccc4C(F)(F)F)c(C(N)=O)s3)c2cc1OC,7.3,6.0,=,=
Cc1ncc(-c2ccnc(Nc3ccc(S(C)(=O)=O)cc3)n2)n1C(C)C,CCNA2,Cc1ccc(C(=O)Nc2cccc(C(F)(F)F)c2)cc1Nc1nc(-c2cccnc2)nc2c1cnn2C,7.35,5.38,=,=
Cc1cc(Nc2cc(N3CCN(C)CC3)nc(/C=C/c3ccccc3)n2)n[nH]1,NEK9,CC(C)(C)c1nc(-c2cccc(NS(=O)(=O)c3c(F)cccc3F)c2F)c(-c2ccnc(N)n2)s1,5.53,7.28,=,=
CC[C@@H]1COCCN1c1cc(C2(S(C)(=O)=O)CC2)nc(-c2cccc3[nH]ccc23)n1,ATR,c1cc(-c2nccc3c(N4CCCCC4)cc(N4CCOCC4)nc23)[nH]n1,6.06,7.19,=,=
O=C(Cc1cccc(OCCCC2CCNCC2)c1)Nc1nc(-c2ccncc2)cs1,ROCK1,CCCN(N)C1CCN(S(=O)(=O)c2cccc3cnccc23)CC1,8.02,6.43,=,=
CN1C(=O)[C@@H](N2CCc3c(nn(Cc4ccccc4)c3Br)C2=O)COc2ccccc21,CDK18,CN[C@@H]1C[C@H]2O[C@@](C)([C@@H]1OC)n1c3ccccc3c3c4c(c5c6ccccc6n2c5c31)C(=O)NC4,6.0,6.57,=,=
Cc1ccc(-c2nnc(SCC(=O)O)[nH]2)c(O)c1,GRK6,CN1C(=O)[C@@H](N2CCc3c(nn(Cc4ccccc4)c3Br)C2=O)COc2ccccc21,5.16,6.0,=,=
Cc1cccc(Nc2nc(NC3CCCCC3N)cnc2C(N)=O)c1,CSNK1G2,CN[C@@H]1C[C@H]2O[C@@](C)([C@@H]1OC)n1c3ccccc3c3c4c(c5c6ccccc6n2c5c31)C(=O)NC4,6.3,5.86,=,=
Nc1c(C(=O)c2cccc(OC[C@@H](O)CO)c2)cnn1-c1ccc(F)cc1,EPHA5,CN1CCN(C2CCN(C(=O)Nc3cc(Oc4ccc(NC(=O)C5(C(=O)Nc6ccc(F)cc6)CC5)c(F)c4)ccn3)CC2)CC1,5.18,6.67,=,=
Cc1c(Nc2nc3c(Br)c(Br)c(Br)c(Br)c3[nH]2)cccc1-c1nncn1C,PIM1,NC1CC=CCC1Nc1nc2c(Br)c(Br)c(Br)c(Br)c2[nH]1,7.31,7.83,=,=
COc1ccc(F)c(F)c1C(=O)c1cnc(NC2CCN(S(C)(=O)=O)CC2)nc1N,CASK,CN[C@@H]1C[C@H]2O[C@@](C)([C@@H]1OC)n1c3ccccc3c3c4c(c5c6ccccc6n2c5c31)C(=O)NC4,7.18,7.96,=,=
O=C1NC(NC2CCCSC2)=N/C1=C\c1ccc2ncsc2c1,CLK1,COc1ccc2c(c1)oc1c(Nc3ccccc3Cl)ncnc12,8.15,5.38,=,=
COc1cc(CCc2cc(NC(=O)c3ccc(N4CC(C)NC(C)C4)cc3)n[nH]2)cc(OC)c1,DDR2,CS(=O)(=O)O.O=C(Nc1cccc(Cl)c1)Nc1ncc(CCNc2ncnc3ccsc23)s1,4.89,7.09,=,=
CCc1nc(CNC(=O)c2cc(C3NC(=O)NC(C)=C3C(=O)Nc3ccc4[nH]ncc4c3)ccc2F)no1,GRK2,Cc1ccccc1NCC(=O)N/N=C/c1c(Cl)cncc1Cl,6.8,6.0,=,=
CN[C@@H]1C[C@H]2O[C@@](C)([C@@H]1OC)n1c3ccccc3c3c4c(c5c6ccccc6n2c5c31)C(=O)NC4,TSSK3,CC(C)(O)C#Cc1ccc2[nH]c3c(c2c1)-c1nc(N)ncc1CCC3,8.15,7.04,=,=
NC(=O)Nc1cc(-c2cccc(F)c2)sc1C(=O)N[C@H]1CCCNC1,MARK4,O=C(c1ccc2c(c1)Nc1ccccc1S2(=O)=O)c1c(-c2ccc(Cl)cc2)nc2ccccn12,6.32,5.16,=,=
Nc1ncc(-c2cnn([C@H]3CC[C@H](O)CC3)c2)c2c(-c3cncs3)c(-c3cccc4nnsc34)oc12,MAP3K7,Nc1ncc(-c2cnn([C@H]3CC[C@H](O)CC3)c2)c2c(C(F)F)c(-c3cccc4nnsc34)oc12,7.37,7.7,=,=
Cn1nccc1Nc1ncc(Cl)c(-c2csc(C(=O)NCCN3CCOCC3)c2)n1,MAPK1,C[C@H](C(=O)N[C@H](C)c1cccc(N2CCN(C)CC2)n1)N1Cc2ncc(-c3nc(NC4CCOCC4)ncc3Cl)cc2C1=O,7.54,8.25,=,=
Cc1nc(N)sc1-c1ccnc(Nc2ccc(N3CCOCC3)cc2)n1,CAMKK2,Cc1nc(Nc2n[nH]c3c2CN(C(=O)N[C@H](CN(C)C)c2ccccc2)C3(C)C)c2sccc2n1,4.28,5.54,=,=
CN(C)S(=O)(=O)Nc1cccc(-c2ccc3c(NC(=O)C4CC4)n[nH]c3c2)c1,BMP2K,CC(C)(C)NC(=O)c1ccc2cc1OCCOCCNc1ccn3ncc-2c3n1,7.72,5.1,=,=
Cc1ccc2nc(NCCN)c3ncc(C)n3c2c1,MYLK4,CN[C@@H]1C[C@H]2O[C@@](C)([C@@H]1OC)n1c3ccccc3c3c4c(c5c6ccccc6n2c5c31)C(=O)NC4,6.16,7.26,=,=
Cc1c(C(=O)NCCc2ccc(F)cc2)[nH]c2cc(F)ccc12,CDK2,Cc1nc2c(F)cc(-c3nc(Nc4ccc5c(n4)CCN(CCN(C)C)C5)ncc3F)cc2n1C1CCCC1,7.47,6.17,=,=
Cc1n[nH]c2ccc(-c3cncc(OCC(N)Cc4ccc(Cl)c(Cl)c4)c3)cc12,NEK4,O=C(NN=Cc1ccc(O)cc1O)Nc1cccc2nsnc12,6.9,5.9,=,=
CCN(CC)CCNC(=O)c1c(C)[nH]c(/C=C2\C(=O)Nc3ccc(F)cc32)c1C,ULK2,CNC(=O)c1ccccc1Sc1ccc2c(/C=C/c3ccccn3)n[nH]c2c1,7.89,5.0,=,=
CCCCS(=O)(=O)N1CC(CC#N)(n2cc(-n3c(-c4ccc(CO)o4)cc4cnc5[nH]ccc5c43)cn2)C1,JAK2,CCc1ccc(C#N)cc1N(C)c1cc2c(ncn2C)c(NC(=O)[C@H]2C[C@H]2F)n1,7.52,8.19,=,=
COc1cc(N2CCC(N3CCN(C)CC3)CC2)ccc1Nc1ncc(Cl)c(Nc2ccccc2S(=O)(=O)C(C)C)n1,BRSK2,Nc1nc(Nc2ccc(S(N)(=O)=O)cc2)nn1C(=O)c1c(F)cccc1F,6.72,5.57,=,=
CC1(O)CC(N)(c2ccc(-c3nc4n(c3-c3ccccc3)COc3ccc(F)cc3-4)cc2)C1,AKT2,O=S(=O)(O)c1ccc(NCc2ccc3c(c2)OCO3)c2c(O)cccc12,9.0,5.4,=,=
COc1cc(-n2cnc3cc(-c4cnn(C)c4)ccc32)cc(OC(F)F)c1C(=O)NC1CC1,SIK1,CO[C@@H]1[C@H](N(C)C(=O)c2ccccc2)C[C@H]2O[C@]1(C)n1c3ccccc3c3c4c(c5c6ccccc6n2c5c31)C(=O)NC4,8.7,6.8,=,=
COc1ccc(OC)c(Nc2cc(NCCc3cccs3)ncn2)c1,ERBB3,Cc1ncsc1-c1ccc(CNC(=O)[C@@H]2C[C@@H](O)CN2C(=O)[C@@H](NC(=O)COCCOCCOc2ccc(-c3ccc4ncnc(Nc5ccc(OCc6cccc(F)c6)c(Cl)c5)c4c3)cc2)C(C)(C)C)cc1,6.78,4.54,=,=
COc1ccc(F)c(CNC(=O)c2cc(-c3ccc4nc(NC(C)=O)cn4n3)c(C)nc2C)c1,RIPK1,COc1ncc(-c2cc(C(F)(F)F)c3c(N)ncnn23)cc1C(=O)NC1CN(Cc2c(Cl)cccc2Cl)CC1F,7.17,4.62,=,=
CN1C(=O)[C@@H](N2CCc3cn(Cc4ccccc4)nc3C2=O)COc2ccccc21,PNCK,CCCCCn1cc(-c2ccccc2OCc2ccccc2)nc1N.Cl,6.0,5.52,=,=
Cc1ccc(C(=O)Nc2cc(C(F)(F)F)ccc2F)cc1Nc1nc(-c2cccnc2)c2[nH]ccc2n1,PIKFYVE,Cc1cccc(CCNC2=NC3C=C(c4ccncc4)SC3C(N3CCOCC3)=N2)c1,4.8,7.46,=,=
O=C(Nc1cc(C(F)(F)F)ccc1N1CCN(Cc2ccccn2)CC1)c1ccc(-c2ccncc2)o1,SRPK3,O=C(c1ccc(/C=C/c2n[nH]c3ccccc23)cc1)N1CCNCC1,6.0,6.7,=,=
CC(C)N(CCCN)C(=O)c1cccc(-n2nc(C(C)(C)C)cc2NC(=O)Nc2cccc3ccccc23)c1,PRKX,CC1=NN(c2ccc(Cl)c(Cl)c2)C(=O)C1=Cc1c(C)c(C#N)c2nc3ccccc3n2c1O,6.1,6.4,=,=
Cc1cccc(NC(=O)c2ccc(C(F)F)o2)c1N1CCC2(CC1)OCCO2,MAPK8,CC(C)Cc1nc(Nc2ccc(N3CCOCC3)c(Cl)c2)nc2[nH]ccc12,6.58,6.9,=,=
CC(O)(C#Cc1cc(-n2ccc3cnc(N)nc32)ccn1)c1nccs1,MAP3K14,CN(C)C(=O)c1cc(Nc2nccc(-c3cc(C#N)c4c(c3)C(C)(CO)CN4)n2)n(C)n1,7.65,8.59,=,=
Cc1ccc(-c2cc3c(NCCN)ccc(C(N)=O)c3[nH]2)cc1,PRKX,CCn1c(-c2nonc2N)nc2cnc(Oc3cccc(NC(=O)c4ccc(OCCN5CCOCC5)cc4)c3)cc21,6.5,7.3,=,=
COc1ncc(N2CCOc3ccc(O[C@H]4CCN(C(=O)C5CCOCC5)C4)cc32)cc1F,PIK3CA,CCNC(=O)Nc1ccc2ncc(Nc3ccc(OC)nc3)nc2n1,6.14,6.57,=,=
Cc1cc(NC(=O)c2ccc3cc4n(c3c2)CC(C)(C)CNC4=O)no1,RPS6KA2,CN(C)CCn1cc(NC(=O)c2ccc3cc4n(c3c2)CCCNC4=O)cn1,5.75,6.92,=,=
COc1nccn2c(-c3ccnc(NCC(C)(C)CO)n3)c(-c3ccc(F)cc3F)nc12,CSNK1D,O=C(Nc1cn2nc(-c3c(-c4ccc(F)cc4)ncn3CC(O)CO)ccc2n1)c1ccnc(F)c1,7.9,9.53,=,=
COc1cc(O)c2c(c1)/C=C/C[C@H](O)[C@H](O)C(=O)/C=C\C[C@H](C)OC2=O,BMP2K,O=c1[nH]ccc2cc(OC3CCNCC3)ccc12,8.42,7.89,=,=
CC(=O)c1c(C)c2cnc(Nc3ccc(N4CCNCC4)cn3)nc2n(C2CCCC2)c1=O,CDK16,COCCN1CCN(Cc2ccc(-c3n[nH]c4c3C(=O)c3c(NC(=O)NN5CCOCC5)cccc3-4)cc2)CC1,5.56,8.52,=,=
Cc1nc(Cn2cc(CN(Cc3ccccc3)C(=O)c3ccc(S(=O)(=O)Nc4ccccc4)cc3)nn2)cs1,LIMK2,COC(=O)Cc1cccc(NC(=O)C2(N(C)C)CCN(c3ncnc4[nH]c5c(c34)CCCC5)CC2)c1,6.49,9.1,=,=
Cc1ccc(F)c(-c2cc(Nc3ccnc4cn(C[C@@H](C)O)nc34)c(C)cn2)c1,TGFBR1,CCC(CC)CN1C(=O)Cc2cc(-c3cncc(-c4ccc(=O)n(C(C)C)c4)c3)ccc21,6.8,5.38,=,=
CN1C(=O)[C@@H](N2CCc3cn(Cc4ccccc4)nc3C2=O)COc2ccccc21,STK32C,CO[C@@H]1[C@H](NCCOCCOCCOCCNC(=O)CCC2=[N+]3C(=Cc4c(C)cc(C)n4[B-]3(F)F)C=C2)C[C@H]2O[C@]1(C)n1c3ccccc3c3c4c(c5c6ccccc6n2c5c31)C(=O)NC4,6.0,6.35,=,=
C[C@]12O[C@H](C[C@]1(O)CO)n1c3ccccc3c3c4c(c5c6ccccc6n2c5c31)CNC4=O,SBK1,N#CC[C@H](C1CCCC1)n1cc(-c2ncnc3[nH]ccc23)cn1,6.7,5.89,=,=
Cc1[nH]nc(N)c1-c1nc2c(F)cccc2s1,ILK,NCCNc1[nH]nc(N)c1-c1nc2ccccc2s1,6.4,7.7,=,=
C[C@H](CCC(=O)N[C@H](CC(=O)O)Cc1c[nH]c2ccccc12)[C@H]1CC[C@H]2[C@@H]3CC=C4C[C@@H](O)CC[C@]4(C)[C@H]3CC[C@]12C,EPHA1,O=C(c1ccc(/C=C/c2n[nH]c3ccccc23)cc1)N1CCNCC1,5.66,6.82,=,=
C[C@]12O[C@H](C[C@]1(O)CO)n1c3ccccc3c3c4c(c5c6ccccc6n2c5c31)CNC4=O,MAK,CN1CC[C@H](c2c(O)cc(O)c3c(=O)cc(-c4ccccc4Cl)oc23)[C@H](O)C1,5.77,7.55,=,=
C[C@@H](Oc1cc(-c2cnn(C3CCNCC3)c2)cnc1N)c1c(Cl)ccc(F)c1Cl,GRK4,Cc1n[nH]c2ccc(-c3cncc(OC[C@@H](N)Cc4ccccc4)c3)cc12,5.38,5.85,=,=
CN[C@@H]1C[C@H]2O[C@@](C)([C@@H]1OC)n1c3ccccc3c3c4c(c5c6ccccc6n2c5c31)C(=O)NC4,SGK2,Nc1n[nH]c2ccc(-c3nnn(Cc4ccccc4)c3I)cc12,7.82,7.2,=,=
Nc1nccc(-c2c(-c3ccc(F)cc3)ncn2C2CCNCC2)n1,SGK2,CC(=O)NCC(=O)N1C2CCC1c1cc(Nc3ncc(C(F)(F)F)c(NC4CCC4)n3)ccc12,5.2,6.4,=,=
C[C@]12O[C@H](C[C@]1(O)CO)n1c3ccccc3c3c4c(c5c6ccccc6n2c5c31)CNC4=O,NEK5,CS(=O)(=O)CCCOc1cccc2c1ccn2-c1ccnc(N[C@H]2CC[C@H](C(=O)N3CCC(O)CC3)CC2)n1,5.25,5.85,=,=
CC[C@@H]1C(=O)N(C)c2cnc(Nc3cc(F)c(C(=O)NC4CCCC4)cc3OCCO)nc2N1C1CCCC1,PLK3,CC(=O)c1ccccc1Nc1ncc2c(n1)-c1c(c(C(N)=O)nn1C)CC2,7.66,6.99,=,=
Cc1ccc(C(=O)Nc2cccc(C(F)(F)F)c2)cc1Nc1nc(-c2cccnc2)nc2c1cnn2C,CDKL5,COC[C@@H](CC(C)C)NC1=N/C(=C\c2ccc3ncsc3c2)C(=O)N1,8.84,5.85,=,=
c1ccc2ncc(-c3cncc4ccc(O[C@H]5CCNC5)cc34)cc2c1,PRKCZ,Oc1ccc(C2=NN(c3ccc(Cl)cc3)C(c3ccc(Cl)cc3)C2)c(O)c1,5.97,5.19,=,=
CC(=O)c1c(C)c2cnc(Nc3ccc(N4CCNCC4)cn3)nc2n(C2CCCC2)c1=O,CSNK2B,CC(C)N(C)C(=O)c1ccc(-c2cc(NC3CC3)n3ncc(/C=C4\NC(=O)NC4=O)c3n2)s1,6.35,5.67,=,=
Cn1cc(-c2ccc3c(c2)CCN3C(=O)Cc2cccc(C(F)(F)F)c2)c2c(N)ncnc21,EIF2AK1,COc1cc2c(cc1OC)-c1[nH]nc(NCc3c(C)cccc3C)c1C2,6.38,8.1,=,=
C[C@@H]1CNCCN1c1ccc(Nc2ncc3c(n2)OCN(c2c(Cl)cccc2Cl)C3=O)cc1,WEE1,N#Cc1ccccc1-c1cc2[nH]c3ccc(O)cc3c2c2c1C(=O)NC2=O,7.39,6.72,=,=
COC(=O)c1ccc2c(c1)NC(=O)/C2=C(\Nc1ccc(N(C)C(=O)CN2CCN(C)CC2)cc1)c1ccccc1,PIP5K1A,Nc1nc(Nc2ccc(S(N)(=O)=O)cc2)nn1C(=O)c1c(F)cccc1F,7.31,5.04,=,=
Cc1cn(C/C=C\COC(=O)C(c2ccccc2)c2ccccc2)c(=O)[nH]c1=O,TK1,O=c1[nH]c(=O)n([C@H]2C[C@H](O)[C@]3(CO)C[C@H]23)cc1I,5.34,4.07,=,=
O=C(Cc1csc(NC(=O)CSc2nc3nccnc3c(=O)n2CCc2ccccc2)n1)NCc1ccncc1,PIK3C2A,CC1COCCN1c1nc(-c2c[nH]c3ccccc23)nc2c1CN(S(=O)(=O)C(C)C)C2,6.86,5.57,=,=
CC(C)(O)C#Cc1cc2c(ccn2-c2ccnc(N)n2)c(N2CCOCC2)n1,TTBK1,CC[C@@](C)(O)C#Cc1cc2c(ccn2-c2cc(OC)nc(N)n2)cn1,6.87,8.8,=,=
Fc1ccc2c(NCc3ccc4c(c3)OCO4)n[nH]c2c1,MAP2K4,Clc1cccc2[nH]nc(-c3ccc4c(c3)OCO4)c12,4.96,5.35,=,=
CC[C@@H]1C(=O)N(C)c2cnc(Nc3ccc(C(=O)NC4CCN(C)CC4)cc3OC)nc2N1C1CCCC1,HUNK,CN[C@@H]1C[C@H]2O[C@@](C)([C@@H]1OC)n1c3ccccc3c3c4c(c5c6ccccc6n2c5c31)C(=O)NC4,5.01,6.21,=,=
Cc1ccc(C(=O)Nc2cccc(C(F)(F)F)c2)cc1Nc1nc(-c2cccnc2)nc2nn(C)cc12,EPHA4,CC(C)[C@@H]1NC(=O)[C@@H](NC(=O)[C@@H](N)Cc2ccc(O)cc2)CSSC[C@@H](C(N)=O)NC(=O)[C@H](CO)NC(=O)[C@H](Cc2c[nH]c3ccccc23)NC(=O)[C@H](CO)NC(=O)CCNC(=O)[C@H](CCCNC(=N)N)NC(=O)[C@H](Cc2ccc(O)cc2)NC1=O,5.5,5.92,=,=
C[C@]12O[C@H](C[C@]1(O)CO)n1c3ccccc3c3c4c(c5c6ccccc6n2c5c31)CNC4=O,MAP3K15,COc1cc(N2CCC(N3CCN(C)CC3)CC2)ccc1Nc1ncc(Cl)c(Nc2ccccc2S(=O)(=O)C(C)C)n1,8.47,6.1,=,=
COc1cc(N2CCC(N3CCN(C)CC3)CC2)ccc1Nc1ncc(Cl)c(Nc2ccccc2P(C)(C)=O)n1,CAMKK2,Cc1nc(N)sc1-c1ccnc(Nc2ccc(N3CCOCC3)cc2)n1,7.09,4.28,=,=
CN1CCC(c2cc3c(-c4cccc(N(C)Cc5ccccc5)n4)ccnc3[nH]2)CC1,CDK9,COc1cc(F)ccc1-c1ccnc2[nH]c(C3CNC(C)(C)CO3)cc12,7.3,6.44,=,=
COc1cc(Nc2ncc(F)c(Nc3ccc4c(n3)NC(=O)C(C)(C)O4)n2)cc(OC)c1OC,MAP3K19,CC[C@@H]1C(=O)N(C)c2cnc(Nc3ccc(C(=O)NC4CCN(C)CC4)cc3OC)nc2N1C1CCCC1,7.17,6.32,=,=
CN1C(=O)[C@@H](N2CCc3cn(CC4CCS(=O)(=O)CC4)nc3C2=O)COc2ccccc21,STK16,CC(C)CS(=O)(=O)NCc1cccc(-c2ccc3c(NC(=O)C4CC4)n[nH]c3c2)c1,6.0,6.35,=,=
COc1ccc(C=C2SC(=Nc3ccccc3)NC2=O)cc1O,PASK,CCn1c(-c2nonc2N)nc2c(C#CC(C)(C)O)ncc(OC[C@H]3CCCNC3)c21,6.4,5.97,=,=
CN1CC[C@H](c2c(O)cc(O)c3c(=O)cc(-c4ccccc4Cl)oc23)[C@H](O)C1,FRK,CNC(=O)C=Cc1cnc(N)c2c(-c3ccc4c(c3)OCO4)csc12,5.92,7.8,=,=
Cn1ncc(Cl)c1-c1cc(C(=O)N[C@H](CN)Cc2cccc(F)c2)oc1Cl,AKT3,CC(NC(=O)C1(N)CCN(c2ncnc3[nH]ccc23)CC1)c1ccccc1,8.4,6.24,=,=
Cc1ccc(C(=O)Nc2cccc(C(F)(F)F)c2)cc1Nc1nc(-c2cccnc2)nc2c1cnn2C,TESK2,CN1C(=O)[C@@H](N2CCc3cn(Cc4ccccc4)nc3C2=O)COc2ccccc21,9.11,6.0,=,=
Nc1nccc2nc(-c3ccccc3)cn12,LTK,Nc1cc(S(=O)(=O)NC(=O)c2ccc(-c3ccc(F)cc3)cc2)ccc1NC1CCCCC1,4.3,5.6,=,=
CNC(=O)c1ccccc1Sc1ccc2c(/C=C/c3ccccn3)n[nH]c2c1,FGFR1,O=C(O)c1ccc(Nc2ncc3c(n2)-c2ccc(Cl)cc2C(c2c(F)cccc2F)=NC3)cc1,6.57,5.62,=,=
COc1ccc(-c2ccc(NC(=O)Nc3cccc(Br)c3)cc2)c2c(N)noc12,RPS6KA3,O=C(Nc1cccnc1)c1ccc2cc3n(c2c1)CC1(CCC1)CNC3=O,6.2,5.48,=,=
Cc1cc(Nc2cc(N3CCN(C)CC3)nc(Sc3ccc(NC(=O)C4CC4)cc3)n2)n[nH]1,PRPF4B,C[C@]12O[C@H](C[C@]1(O)CO)n1c3ccccc3c3c4c(c5c6ccccc6n2c5c31)CNC4=O,5.6,6.26,=,=
C#Cc1cc(-c2cnn(C)c2)cc2c1-c1ccccc1C2(O)C(F)(F)F,PDK2,O=C(O)c1ccccc1C(=O)N1CCC(Nc2ccc3c(c2)CN(S(=O)(=O)c2ccc(O)cc2O)C3)CC1,7.11,6.25,=,=
O=C(NC1CCNCC1)c1n[nH]cc1NC(=O)c1c(Cl)cccc1Cl,MAK,CN[C@@H]1C[C@H]2O[C@@](C)([C@@H]1OC)n1c3ccccc3c3c4c(c5c6ccccc6n2c5c31)C(=O)NC4,7.01,7.59,=,=
Cc1ncsc1-c1ccc(CNC(=O)[C@@H]2C[C@@H](O)CN2C(=O)[C@@H](NC(=O)COCCOCCOc2ccc(-c3ccc4ncnc(Nc5ccc(OCc6cccc(F)c6)c(Cl)c5)c4c3)cc2)C(C)(C)C)cc1,ERBB3,COC1CCN(c2nccc(Nc3cc4c(cn3)nc(COCCN3CCN(CCOc5ccc6c(c5)C(=O)N(C5CCC(=O)NC5=O)C6=O)CC3)n4C(C)C)n2)CC1,4.54,5.07,=,=
O=C(Nc1cc(C(F)(F)F)cc(C(F)(F)F)c1)NC1CCN(c2ncnc3[nH]ncc23)CC1,PAK3,COc1cc(N2CCC(N3CCN(C)CC3)CC2)ccc1Nc1ncc(Cl)c(Nc2ccccc2S(=O)(=O)C(C)C)n1,5.86,7.54,=,=
CC(C)(C)n1cc(CNc2cc(Cl)c3ncc(C#N)c(Nc4ccc(F)c(Cl)c4)c3c2)nn1,MAP3K8,N#Cc1cnc2cnc(NCCN3CCOCC3)cc2c1Nc1ccc(F)c(Cl)c1,6.77,5.92,=,=
CN1CCN(Cc2ccc(-c3cnc4[nH]cc(-c5ccc6[nH]ccc6c5)c4c3)cc2)CC1,MAP3K10,CN1CCN(c2ccc3nc(-c4c(N)c5c(F)cccc5[nH]c4=O)[nH]c3c2)CC1,7.38,5.8,=,=
Cc1ccc2c(c1)C(O)(C(F)(F)F)c1cccc(C)c1-2,PDK2,OC1(C(F)(F)F)c2ccccc2-c2ccc(Br)cc21,4.86,5.84,=,=
CCCc1c(F)c2cnc(Nc3ccc(N4CCOCC4)cc3)nc2n1-c1cccc(N=S(C)(C)=O)n1,WEE1,CC(C)(O)c1cccc(-n2c3nc(Nc4ccc5c(c4)NCCC5(C)C)ncc3c(=O)n2-c2ccccc2F)n1,8.47,7.59,=,=
Cc1cc(C)n(CC(=O)N2CCc3c2ccc(-c2cn(C)c4ncnc(N)c24)c3F)n1,EIF2AK2,Cn1nc2c3c(cccc31)C(=O)c1ccccc1-2,7.0,4.92,=,=
COc1cc(Nc2c(C#N)cnc3cc(OCCCN4CCN(C)CC4)c(OC)cc23)c(Cl)cc1Cl,CSNK1A1L,CCOc1cc2ncc(C#N)c(Nc3ccc(F)c(Cl)c3)c2cc1NC(=O)/C=C/CN(C)C,5.58,6.0,=,=
Cc1[nH]c(/C=C2\C(=O)Nc3ccc(S(=O)(=O)Cc4c(Cl)cccc4Cl)cc32)c(C)c1C(=O)N1CCC[C@@H]1CN1CCCC1,HUNK,COc1cc2c(Oc3ccc(NC(=O)C4(C(=O)Nc5ccc(F)cc5)CC4)cc3F)ccnc2cc1OCCCN1CCOCC1,5.85,5.27,=,=
CCNC(=O)c1c(OC)cc(-n2cnc3cc(-c4cnn(CCOC)c4)ccc32)cc1OC,SIK3,O[C@H]1CC[C@H](Nc2ncc3nc(Nc4c(F)cc(F)cc4F)n([C@H]4CCOC4)c3n2)CC1,8.17,5.53,=,=
CCCCN(CCC#N)C(=O)c1ccc2nc(-c3n[nH]c4ccccc34)[nH]c2c1,CDK5,O=C1Nc2c(Br)cccc2/C1=C1/Nc2ccc(/C=N/O)cc2C1=O,7.7,6.7,=,=
COc1cccc([C@@H](CO)O[C@H]2CCCN(Cc3ccc(C(=O)O)cc3C)[C@H]2c2ccccc2)c1,PRKG1,CC(=O)Nc1cccc(CNc2c(Nc3ccc4[nH]ncc4c3)c(=O)c2=O)c1,4.09,8.3,=,=
CC(C)C[C@](C)(N)COc1ccc(-c2ccnc(F)c2)cc1C#N,AAK1,CC(=O)Nc1cc(-c2ccc(OC[C@@H](N)CC(C)C)c(Cl)c2)ccn1,8.33,9.28,=,=
CN[C@@H]1C[C@H]2O[C@@](C)([C@@H]1OC)n1c3ccccc3c3c4c(c5c6ccccc6n2c5c31)C(=O)NC4,NEK11,CCCS(=O)(=O)Nc1ccc(F)c(C(=O)c2c[nH]c3ncc(Cl)cc23)c1F,6.12,6.72,=,=
COc1cc2c(Oc3ccc(NC(=O)C4(C(=O)Nc5ccc(F)cc5)CC4)cc3F)ccnc2cc1OCCCN1CCOCC1,INSRR,COc1cc(N2CCC(N3CCN(C)CC3)CC2)ccc1Nc1ncc(Cl)c(Nc2ccccc2S(=O)(=O)C(C)C)n1,7.28,8.21,=,=
COc1cccc(-c2cc(NC3CC3)n3ncc(/C=C4\NC(=O)NC4=O)c3n2)c1,CSNK2B,O=C1NC(=O)/C(=C/c2cnn3c(NCC4CC4)cc(Nc4cccc(Cl)c4)nc23)N1,5.88,6.29,=,=
Cn1cc(C2=C(c3cn(CCCSC(=N)N)c4ccccc34)C(=O)NC2=O)c2ccccc21,CASK,CN[C@@H]1C[C@H]2O[C@@](C)([C@@H]1OC)n1c3ccccc3c3c4c(c5c6ccccc6n2c5c31)C(=O)NC4,5.92,7.96,=,=
CCCCOc1ccc(C(=O)Nc2cc(C(C)(C)C)[nH]n2)cc1,STK25,Cn1c(Nc2ccc(C(F)(F)F)cc2)nc2cc(Oc3ccnc(-c4ncc(C(F)(F)F)[nH]4)c3)ccc21,6.21,5.17,=,=
COc1ccc(CNc2cc(Oc3cccc(NC(=O)CCl)c3)ncn2)cc1,MAP2K7,C=CC(=O)N1CCC[C@@H](n2nc(-c3cn(CC(F)(F)c4ccccc4)nn3)c3c(N)ncnc32)C1,6.52,7.49,=,=
Cc1[nH]c(/C=C2\C(=O)Nc3ccc(S(=O)(=O)Cc4c(Cl)cccc4Cl)cc32)c(C)c1C(=O)N1CCC[C@@H]1CN1CCCC1,GRK7,CC(C)n1nc(-c2cc3cc(O)ccc3[nH]2)c2c(N)ncnc21,7.21,5.85,=,=
CO[C@@H](c1ccc(-c2ccccc2)cc1)c1nc2ccc(C(=O)O)cc2[nH]1,MLKL,CN1C(=O)[C@@H](N2CCc3c(nn(Cc4ccccc4)c3Br)C2=O)COc2ccccc21,4.3,6.0,=,=
CC(=O)c1ccccc1-c1ncnc2[nH]ccc12,PIM1,CC(C)n1c(C2CCNCC2)nc2c([N+](=O)[O-])c(Br)c(Br)cc21,4.1,8.7,=,=
Oc1ccc(CCNc2ncnc3[nH]ccc23)cc1,TTBK2,Clc1ccc(Oc2ccc(Nc3ncnc4[nH]ccc34)cc2)cc1Cl,4.42,5.24,=,=
CO[C@@H]1[C@H](NCCOCCOCCOCCNC(=O)CCC2=[N+]3C(=Cc4c(C)cc(C)n4[B-]3(F)F)C=C2)C[C@H]2O[C@]1(C)n1c3ccccc3c3c4c(c5c6ccccc6n2c5c31)C(=O)NC4,PRKCD,Cc1c(Nc2c(C#N)cncc2/C=C/c2cccc(CN3CCC(N(C)C)CC3)c2)ccc2[nH]ccc12,7.89,7.47,=,=
Cc1nc(Nc2cccc(N3CCOCC3=O)n2)sc1-c1cc2c(c(S(=O)(=O)NC3COC3)c1)C(=O)N([C@@H](C)C1CC1)C2,PIK3C2A,O=c1cc(N2CCOCC2)oc2c(-c3ccccc3)cccc12,5.5,4.57,=,=
Cc1c(Nc2nccc(-c3ccc4c(c3)CN(CCO)CC[C@H]4NC(=O)c3cn(C(C)(C)C)nn3)n2)cnn1C,BTK,CN1CCN(c2ccc(Nc3nc(-c4cccc(NC(=O)c5ccccc5F)c4)sc3C(=O)O)cc2)CC1,6.3,4.66,=,=
CN1C(=O)[C@@H](N2CCc3cn(Cc4ccccc4)nc3C2=O)COc2ccccc21,MAST1,COC(=O)c1ccc2c(c1)NC(=O)/C2=C(\Nc1ccc(N(C)C(=O)CN2CCN(C)CC2)cc1)c1ccccc1,6.0,5.34,=,=
Cn1cc(-c2[nH]c3cc(NC(=O)[C@H](N)C4CCCCC4)cc4c3c2C=NNC4=O)cn1,ADCK1,Cc1ccc(Nc2nccc(N(C)c3ccc4c(C)n(C)nc4c3)n2)cc1S(N)(=O)=O,5.35,4.79,=,=
COc1ccc(C(=O)Nc2cnc(-c3ccc(C(=O)O)cc3)s2)cc1,CSNK2A1,O=C(O)c1ccc2c(c1)nc(Nc1cccc(F)c1)c1ncncc12,4.3,7.58,=,=
CN1CC[C@H](c2c(O)cc(O)c3c(=O)cc(-c4ccccc4Cl)oc23)[C@H](O)C1,CSNK1A1L,CN1C(=O)[C@@H](N2CCc3cn(Cc4ccccc4)nc3C2=O)COc2ccccc21,5.62,6.0,=,=
COc1cc(OC2CCN(C)CC2)ccc1Nc1ncc2c(n1)n(C1CCCC1)c(=O)n2C,AURKA,Cc1cc(Nc2nc(CC3(C(=O)N4CCC4)CCN(C(=O)c4cccc(Cl)c4F)CC3)ccc2F)n[nH]1,4.68,9.0,=,=
Cc1nc2c(F)cc(-c3nc(Nc4ccc5c(n4)CCN(C[C@@H](C)N(C)C)C5)ncc3F)cc2n1C1CC1,CDK4,C[C@@H](O)[C@@H](C)Oc1nc(Nc2ccc(S(=O)(=O)C3CC3)cc2)ncc1C(F)(F)F,8.65,7.49,=,=
COc1cc2nc(CNc3nc(N4CCOCC4)nc4c3ncn4-c3cnn(C)c3)[nH]c2cc1Cl,CDK12,C=CC(=O)Nc1ccc(C(=O)N2CC[C@@H](Nc3ncc(C)cn3)C2)cc1,7.42,6.26,=,=
CSc1cccc(Nc2ncc3cc(-c4c(Cl)cccc4Cl)c(=O)n(C)c3n2)c1,NEK11,Cc1nc(Nc2ncc(C(=O)Nc3c(C)cccc3Cl)s2)cc(N2CCN(CCO)CC2)n1.O,5.52,6.33,=,=
Nc1ncc(C=CC(=O)NCCCn2ccnc2)c2scc(-c3ccc(Br)cc3)c12,STK3,Nc1ncnc2c1sc1ncnc(N)c12,5.1,5.5,=,=
Cc1ccn2ncc(C(=O)Nc3ccccc3Cl)c2c1,EPHB3,O=C(Nc1ccccc1F)c1cnn2ccccc12,6.58,4.7,=,=
CCN1c2ccc(F)cc2N=C(NC2CCN(C(=O)NC(C)(C)C)C2)c2cc(Cl)ccc21,PKN1,CN1C/C=C/CCOc2cccc(c2)-c2ccnc(n2)Nc2cccc(c2)C1,8.0,5.77,=,=
CN1CC[C@H](c2c(O)cc(O)c3c(=O)cc(-c4ccccc4Cl)oc23)[C@H](O)C1,CDK14,CN1C(=O)[C@@H](N2CCc3cn(Cc4ccccc4)nc3C2=O)COc2ccccc21,6.96,6.0,=,=
Nc1ncnc2c1N=C(c1ccc(NC(=O)Nc3cccc(C(F)(F)F)c3)cc1)CCN2,PLK4,CC(=O)c1cccc(-c2cnc3[nH]ccc3c2)c1,7.4,5.5,=,=
Cc1cncc2cccc(S(=O)(=O)N3CCCNCC3C)c12,LIMK1,COC(=O)c1cccc(NC(=O)C2(CN)CCN(c3ncnc4[nH]cc(C)c34)CC2)c1,6.6,7.8,=,=
CC(=O)c1cn(C)c2ccc(Nc3nccc(-n4cc(CN5CC(O)C5)c(C)n4)n3)cc12,SYK,C[C@@H](Oc1cc(-c2ccc(OC(F)F)nc2)cc2ncccc12)[C@H]1CNC(=O)C1,8.89,8.27,=,=
Cc1[nH]c(/C=C2\C(=O)Nc3ccc(F)cc32)c(C)c1C(=O)NC[C@H](O)CN1CCOCC1,STK38,Cc1nc(Nc2n[nH]c3c2CN(C(=O)N[C@H](CN(C)C)c2ccccc2)C3(C)C)c2sccc2n1,6.16,7.12,=,=
NC(=O)c1cccc2cn[nH]c12,DAPK3,Cc1cc(-c2ncnc3[nH]ccc23)ccc1F,4.6,5.5,=,=
CO[C@H]1CCC[C@@H]1NC1=N/C(=C\c2ccc3ncsc3c2)C(=O)N1,DYRK4,CC1=NN(c2ccc(Cl)c(Cl)c2)C(=O)C1=Cc1c(C)c(C#N)c2nc3ccccc3n2c1O,6.84,6.0,=,=
CCCc1sc(-c2ccc(OC)c(OCC(C)(C)O)c2)nc1CSc1cc(N)nc(N)n1,DCK,Cc1sc(-c2cccc(F)c2)nc1CSc1nc(N)cc(N)n1,6.13,7.04,=,=
C[C@]12O[C@H](C[C@]1(O)CO)n1c3ccccc3c3c4c(c5c6ccccc6n2c5c31)CNC4=O,TAOK2,Cn1cc(-c2cnc3c(-c4csc(C(=O)NCC(F)(F)F)c4)cnn3c2)cn1,6.3,4.6,=,=
OC(COc1cncc(C=Cc2ccncc2)c1)Cc1c[nH]c2ccccc12,MAP3K20,C=CC(=O)N1CCC(Oc2n[nH]c3ncc(-c4cn(-c5c(F)ccc(NS(=O)(=O)c6cccc(-c7ccccc7)c6)c5F)nn4)cc23)C1,5.1,7.94,=,=
Nc1snnc1-c1ccc(C(F)(F)F)cc1,MKNK2,Cc1c(C(=O)NC2CCN(C)CC2)sc2ncnc(Nc3cccnc3OC(C)C)c12,4.44,7.5,=,=
NC(=O)c1c(-c2cnn(Cc3ccccc3)c2)nn([C@H]2C[C@@]3(CCN(C(=O)C#CC4CC4)C3)C2)c1N,BTK,C=CC(=O)N1CCc2[nH]c3c(C(N)=O)c(-c4ccc(Oc5ccccc5)cc4)nn3c2C1,9.52,9.85,=,=
O=C(CCCCCn1c(=O)c(-c2ccc(Cl)cc2Cl)cc2cnc(NC3CC3)nc21)NO,PAK2,CNc1ncc2cc(-c3ccc(-c4ncccc4F)cc3Cl)c(=O)n(C[C@H]3OC[C@H](N)CO3)c2n1,6.71,7.39,=,=
CC(C)c1cc(CNc2nc(Cl)cc(Nc3cc(C(C)C)[nH]n3)n2)on1,IGF1R,COc1cc(N2CCN(C3CCN(C)CC3)CC2)ccc1Nc1ncc(Cl)c(Nc2ccccc2P(C)(C)=O)n1,6.3,7.36,=,=
Brc1ccc(Br)c(CN2CCCC(Nc3ccc4[nH]ncc4c3)C2)c1,ROCK2,Cc1nn(-c2ccc(-c3cn[nH]c3)cc2)c(=O)n1Cc1ccccc1,5.25,7.56,=,=
CCn1ncnc1-c1cn2c(n1)-c1ccc(O[C@@H](C)C(N)=O)cc1OCC2,PIK3CD,CCN(CC)CCN(C)c1ccc([N+](=O)[O-])cc1S(=O)(=O)N(C)/N=C/c1cnn2ccc(C#N)cc12,7.95,7.18,=,=
COc1cc(-c2nc(CSc3nc(N)nc(N)n3)cs2)ccc1OCCF,DCK,CCc1sc(-c2ccc(F)cc2)nc1CSc1nc(N)cc(N)n1,6.27,7.08,=,=
COc1cc2c(Nc3ccc(Br)c(Cl)c3)ncnc2cc1O[C@@H]1C[C@H]2OCC3(OCCO3)[C@H]2O1,EPHB4,COc1cc2c(Nc3ccc(Cl)c(Cl)c3)ncnc2cc1OCC1CN(C)CCN1C,7.3,6.79,=,=
CC(C)(C)c1cc(NC(=O)Nc2ccc(-c3cn4c(n3)sc3cc(OCCN5CCOCC5)ccc34)cc2)no1,MYLK3,CCn1cc(-c2ccnc3[nH]c(-c4cccc(CN(C)C)c4)cc23)c(-c2ccc(NC(=O)N(C)C)cc2)n1,5.82,6.98,=,=
Cc1n[nH]c2ccc(-c3cncc(OCC(N)Cc4cccc(Cl)c4)c3)cc12,PRKG1,Cc1cc(NC(=O)Cc2ccc(-c3cccc4[nH]nc(N)c34)cc2)ccc1F,8.0,6.4,=,=
NC(=O)c1c(-c2cnn(Cc3ccccc3)c2)nn([C@H]2C[C@@]3(CCN(C(=O)C#CC4CC4)C3)C2)c1N,BTK,O=C(NCc1cccc(C2CCCN(c3ncnc4[nH]ccc34)C2)c1)Nc1ccccc1,9.52,5.26,=,=
c1cc(-c2c[nH]c3nccc(N4CCC[C@]5(CCCCN5)C4)c23)ncn1,ROCK1,O=C(NCc1cccnc1)Nc1nc(-c2ccncc2)cs1,4.3,6.04,=,=
Cc1n[nH]c2ccc(-c3cncc(OCC(N)Cc4cccc(OC(F)(F)F)c4)c3)cc12,NEK4,CC1=NN(c2ccc(Cl)c(Cl)c2)C(=O)C1=Cc1c(C)c(C#N)c2nc3ccccc3n2c1O,6.6,5.6,=,=
NCC(NC(=O)c1ccc(-c2ccncc2)cc1)c1ccccc1,RPS6KA5,Clc1ncc(Cl)c(-n2ccc3ncccc32)n1,8.1,6.4,=,=
N#Cc1n[nH]c2ccc(NCc3cc(F)ccc3OCC(F)F)cc12,NTRK1,C[C@H](CO)n1cc(C(=O)c2cncc(NC(=O)Cc3ccc4cccnc4c3)c2)c2cncnc21,7.51,6.73,=,=
CN1CCN(C[C@@H]2CCn3cc(c4ccccc43)C3=C(C(=O)NC3=O)c3cn(c4ccccc34)CCO2)CC1,PRKCA,CCCC(CCC)C(=O)OCC1(CO)C/C(=C\c2ccc3c(ccn3C)c2)C(=O)O1,5.75,8.08,=,=
O=C(Cc1ccccc1)Nc1cccc(-c2nc3sccn3c2-c2ccnc(Nc3cccc(N4CCCC4=O)c3)n2)c1,CDC42BPA,NC(=O)c1cccc(-c2cnc3[nH]cc(-c4ccccc4)c3c2)c1,5.1,6.1,=,=
COc1cc(Nc2ncc(F)c(Nc3ccc4c(n3)NC(=O)C(C)(C)O4)n2)cc(OC)c1OC,NEK3,CC[C@@H]1C(=O)N(C)c2cnc(Nc3ccc(C(=O)N[C@H]4CC[C@H](N5CCN(CC6CC6)CC5)CC4)cc3OC)nc2N1C(C)C,6.77,5.53,=,=
CC(C)(C)c1nc(-c2cccc(NS(=O)(=O)c3c(F)cccc3F)c2F)c(-c2ccnc(N)n2)s1,DSTYK,COc1cc(N2CCC(N3CCN(C)CC3)CC2)ccc1Nc1ncc(Cl)c(Nc2ccccc2S(=O)(=O)C(C)C)n1,4.53,7.24,=,=
CCN1CCN(Cc2ccc(NC(=O)Nc3ccc(Oc4cc(NC)ncn4)cc3)cc2C(F)(F)F)CC1,MYO3B,CNC(=O)c1cc(Oc2ccc(NC(=O)Nc3ccc(Cl)c(C(F)(F)F)c3)cc2)ccn1,7.08,5.15,=,=
COc1ccc(F)c(F)c1C(=O)c1cnc(NC2CCN(S(C)(=O)=O)CC2)nc1N,MAK,CCN1CCN(Cc2ccc(NC(=O)Nc3ccc(Oc4cc(NC)ncn4)cc3)cc2C(F)(F)F)CC1,7.96,6.0,=,=
CCCNC(=O)c1ccc(Nc2nc(NCC(F)(F)F)c3sccc3n2)cc1,TYRO3,O=c1[nH]n2ccccc2c1Br,6.8,5.6,=,=
COc1cc2c(N3CCN(c4ncc(Cc5ccccc5)cn4)CC3)ncnc2cc1OCCCN1CCCCC1,KIT,COc1cc2ncnc(N3CCN(c4ncc(Cc5ccccc5)cn4)CC3)c2cc1OC[C@@H]1CCCN(C)C1,6.76,8.26,=,=
CCOc1cc2ncc(C#N)c(Nc3ccc(F)c(Cl)c3)c2cc1NC(=O)/C=C/CN(C)C,STK33,O=C(Nc1ccc(F)cc1-c1nc2ccccc2[nH]c1=O)c1cccs1,5.35,6.39,=,=
Cc1ccccc1NC(=O)Nc1ccc(-c2coc3ncnc(N)c23)cc1,PBK,Cc1ccc2c(=O)[nH]c3c(C)cc(O)c(-c4ccc([C@@H](C)N)cc4)c3c2c1,5.2,8.81,=,=
O=[N+]([O-])c1cc(S(=O)(=O)C(Cl)(Cl)Br)ccc1NCCCCc1ccccc1,WNK1,COc1cccc(-c2cc(-n3cc(CNCC4CCCCC4)c4ccccc43)ccn2)c1,4.66,7.22,=,=
C[C@H](N(C)c1nc(-c2ccncc2)nc2cnccc12)C(F)(F)F,LATS2,CN[C@@H]1C[C@H]2O[C@@](C)([C@@H]1OC)n1c3ccccc3c3c4c(c5c6ccccc6n2c5c31)C(=O)NC4,8.7,8.06,=,=
CC(C)COc1ncnc2[nH]cc(C/C=C/C(N)=O)c12,TAB1,CC(=O)c1c[nH]c2ncnc(OCC(C)C)c12,6.38,5.77,=,=
O=C(O)c1ccc(NC(=O)[C@H](CC2CCOCC2)n2cnc(S(=O)(=O)C3CC3)c2)nc1,GCK,Cc1ccc(NC(=O)[C@H](CCO)Oc2ncnc3c2cnn3-c2ncccc2Cl)nc1,5.87,6.7,=,=
N#Cc1cc(F)ccc1Cn1c2c(c(-c3ccc(C(F)(F)F)cc3)c1-c1ccncc1)C(=O)NCC2,RIPK3,O=C1NCCc2c1c(-c1cccc3ccncc13)c(-c1ccncc1)n2CC1CCOCC1,7.19,5.12,=,=
CC(C)Cn1cc(-c2cncc(-c3ccc4c(c3)CC(=O)N4C)c2)ccc1=O,BMPR1A,Nc1ncc(-c2ccc([C@]34C[C@H]3CN(CC(F)(F)F)C4)cc2)cc1C(=O)N[C@H]1CC[C@H](O)CC1,5.0,5.72,=,=
CCCOc1nc(NC(C)=O)cc(N)c1C#N,PRKD3,CCC1C(=O)N(C)c2cnc(Nc3ccc(C(=O)NC4CCN(C)CC4)cc3OC)nc2N1C1CCCC1,5.7,6.9,=,=
CCc1cccc(NC(=O)Nc2ccc3c(c2)CCc2sc4ncnc(N)c4c2-3)c1,TAOK1,COc1cc(Nc2ncc(F)c(Nc3ccc4c(n3)NC(=O)C(C)(C)O4)n2)cc(OC)c1OC,5.7,6.25,=,=
Cc1cc(OCc2ccc(F)cc2)c(Br)c(=O)n1-c1ccncc1,MAPK14,COc1c(NC(=O)C(=O)c2ccc(OCCN3CCOCC3)c3ccccc23)cc(C(C)(C)C)cc1NS(C)(=O)=O,6.41,7.33,=,=
COc1cc(N2CCN(C)CC2)ccc1Nc1ncc2c(n1)N(C)c1ccccc1C(=O)N2,MAPK7,COc1cc(N2CCC(O)CC2)ccc1Nc1ncc2c(n1)N(C)c1ccccc1C(=O)N2C,5.92,6.62,=,=
CN1CCC(c2c(O)cc(O)c3c2O/C(=C\c2ccccc2)C3=O)CC1,CDK4,Cc1nc(C)c(-c2ccnc(Nc3cccc(N)c3)n2)s1,5.36,4.97,=,=
CC(=O)N1CCN(C2CCC(n3nc(-c4ccc(NC(=O)c5cc6ccccc6n5C)cc4)c4c(N)ncnc43)CC2)CC1,CAMK1,CS(=O)(=O)CCCOc1cccc2c1ccn2-c1ccnc(N[C@H]2CC[C@H](C(=O)N3CCC(O)CC3)CC2)n1,5.9,5.37,=,=
CCCS(=O)(=O)Nc1ccc(F)c(C(=O)c2c[nH]c3ncc(Cl)cc23)c1F,PAK1,CCCCCSc1ncnc2[nH]cnc12,5.85,4.42,=,=
O=C(O)CSc1ncnc2cc(-c3cc4ccccc4s3)sc12,STK17B,NCCCNc1nc(Nc2ccc(S(=O)(=O)c3ccc([N+](=O)[O-])cc3)cc2)ncc1Cl,7.47,6.96,=,=
CO[C@@H]1[C@H](NCCOCCOCCOCCNC(=O)CCC2=[N+]3C(=Cc4c(C)cc(C)n4[B-]3(F)F)C=C2)C[C@H]2O[C@]1(C)n1c3ccccc3c3c4c(c5c6ccccc6n2c5c31)C(=O)NC4,STK32A,CN1CC[C@H](c2c(O)cc(O)c3c(=O)cc(-c4ccccc4Cl)oc23)[C@H](O)C1,5.81,5.26,=,=
FC(F)(F)c1cnc(Nc2ccc3ncccc3c2)nc1NC1CC1,ULK2,CN(C)CC(=O)N1CCC(c2ccc(NC(=O)c3nc(C#N)c[nH]3)c(C3=CCCCC3)c2)CC1.Cl,5.96,6.35,=,=
O=C(/C=C/c1nc2ccccc2[nH]1)c1c(-c2ccccc2)c2cc(Br)ccc2[nH]c1=O,AKT3,CC(NC(=O)C1(N)CCN(c2ncnc3[nH]ccc23)CC1)c1ccccc1,5.79,6.24,=,=
CCN1CCN(Cc2ccc(NC(=O)Nc3ccc(Oc4cc(NC)ncn4)cc3)cc2C(F)(F)F)CC1,MAP2K3,Nc1nc(N)c2nc(-c3cccc(O)c3)c(-c3cccc(O)c3)nc2n1,5.66,5.18,=,=
COc1cc(F)ccc1-c1ccnc2[nH]c(C3CNC(C)(C)CO3)cc12,CDK9,CC(C)N1c2cc(Nc3nccc(-c4cccc5[nH]ccc45)n3)ccc2N(C)C(=O)[C@H]1C,6.44,7.86,=,=
Nc1ncnc2c1c(-c1cccc(OCc3ccccc3)c1)cn2C1CC(CN2CCCC2)C1,NEK2,Cc1cc(=O)[nH]c2[nH]n(-c3ccccc3)c(=O)c12,5.7,4.3,=,=
COc1cc(Nc2ncc(F)c(Nc3ccc4c(n3)NC(=O)C(C)(C)O4)n2)cc(OC)c1OC,ULK2,O=C(NCCCNc1nc(Nc2cccc(NC(=O)N3CCCC3)c2)ncc1I)C1CC1,7.72,6.7,=,=
CCN1CCN(Cc2ccc(NC(=O)Nc3ccc(Oc4cc(NC)ncn4)cc3)cc2C(F)(F)F)CC1,ACVR2B,CN1CCN(CCOc2cc(OC3CCOCC3)c3c(Nc4c(Cl)ccc5c4OCO5)ncnc3c2)CC1,5.85,5.41,=,=
Cc1[nH]c(/C=C2\C(=O)Nc3ccc(F)cc32)c(C)c1C(=O)NC[C@H](O)CN1CCOCC1,MYLK3,CC(C)(C)c1cnc(CSc2cnc(NC(=O)C3CCNCC3)s2)o1,7.54,5.77,=,=
Cn1cc2c(n1)C(=O)NCCCCCCn1cc(cn1)-c1cccc(n1)C(=O)N2,IRAK1,O=C(NC(CO)Cc1ccc(Cl)cc1)c1ccc(-c2ccncc2)cc1,6.26,5.1,=,=
C[C@H](Nc1cc(Nc2nccc(-c3ccc(N(C)C)cc3)n2)ccn1)c1ccccc1,CAMK2D,CN(C)CCNC(=O)c1cccc(-c2cnc3ccc(-n4cccc4)nn23)c1,5.65,7.24,=,=
CN(C)c1ccnc(-c2ccc3nc(Nc4cc(CN5CCN(C(=O)C6CC6)CC5)ccn4)[nH]c3c2)n1,TBK1,Cc1nccc(-c2ccc3nc(Nc4cc(C(C)N5CCN(C(=O)CC(F)(F)F)CC5)ccn4)[nH]c3c2)n1,6.44,7.91,=,=
COc1cc2nc(N3CCC(F)(F)CC3)nc(NC3CCN(C(C)C)CC3)c2cc1OC.O=C(O)C(F)(F)F,STK19,COc1cc2nc(N3CCC(F)(F)CC3)nc(NCCN(C)C)c2cc1OC,6.83,7.16,=,=
CC[C@@H]1C(=O)N(C)c2cnc(Nc3cc(N4CCC(NC(=O)OC(C)(C)C)CC4)ccc3OC)nc2N1C1CCCC1,PLK3,Cc1cccc(C2(c3cccc(C)c3)CC2C(=O)Nc2ccncc2)c1,5.19,6.8,=,=
N#Cc1cnc2c(Cl)cc(N[C@H](C3=CNNN3)c3cscn3)cc2c1Nc1ccc(F)c(Cl)c1,EGFR,C#Cc1cccc(Nc2ncnc3cc4c(cc23)OCCO4)c1,8.22,7.26,=,=
CCc1sc(-c2ccc(OC)c(OCCF)c2)nc1CSc1nc(N)cc(N)n1,DCK,Nc1nc(Oc2cc(-c3cc4ccccc4s3)ncn2)ncc1F,8.15,5.51,=,=
CCc1nc(C(N)=O)c(Nc2ccc(N3CCC(N4CCN(C)CC4)CC3)c(OC)c2)nc1NC1CCOCC1,CAMK4,COc1cc(N2CCC(N3CCN(C)CC3)CC2)ccc1Nc1ncc(Cl)c(Nc2ccccc2S(=O)(=O)C(C)C)n1,6.38,7.52,=,=
CC(C)[C@H](NC(=O)c1cc(C2C=C3N=C(c4ccc(OCCN5CCCCC5)cc4)C=CN3N2)cs1)C(F)(F)F,ULK1,N#CC[C@H](C1CCCC1)n1cc(-c2ncnc3[nH]ccc23)cn1,8.8,6.52,=,=
CCN(CC)CCNC(=O)c1c(C)[nH]c(/C=C2\C(=O)Nc3ccc(F)cc32)c1C,SNRK,CN[C@@H]1C[C@H]2O[C@@](C)([C@@H]1OC)n1c3ccccc3c3c4c(c5c6ccccc6n2c5c31)C(=O)NC4,6.19,8.05,=,=
